t_s,qsd_phase_rad,pid_phase_rad,open_phase_rad
0.0,0.049736634593410045,0.03508225174117863,0.05430689124021493
5e-05,0.022877039446582703,0.025618759754954645,0.029458924051481095
0.0001,0.21048809221444653,0.1572881412446998,0.24177536809117672
0.00015000000000000001,0.2305738840843179,0.21583667118557637,0.28968745882395197
0.0002,0.07468778505068796,0.11516358142449512,0.1409459892364855
0.00025,0.1810312991710763,0.17973812862237626,0.26766291564951006
0.00030000000000000003,0.4893557812018621,0.4695265757185618,0.683696300920988
0.00035,0.6757426578479717,0.7098073167659238,0.9901562374362882
0.0004,0.41343794379539656,0.6007128743440409,0.7898188820669421
0.00045000000000000004,0.03730494539226559,0.3255630554064841,0.41704496889578335
0.0005,-0.12534968016614956,0.17663147679925117,0.24140891099509254
0.00055,-0.08832084036459253,0.18492152522398664,0.269803867782465
0.0006000000000000001,-0.6679858052225311,-0.2597358666273677,-0.42826799549521555
0.0006500000000000001,-0.5843261987879029,-0.38063556333491766,-0.47972863818073463
0.0007,-0.8054181932908273,-0.591751959034275,-0.8465128593268765
0.00075,-0.8597055745465259,-0.7789451319216534,-1.0556095184865377
0.0008,-0.8567437601823249,-0.8812860584878806,-1.2069879811778912
0.0008500000000000001,-0.7944226865972333,-0.9475055811086803,-1.2883835372320043
0.0009000000000000001,-0.5583355206003131,-0.8572449635136161,-1.1463058174606586
0.00095,-0.19951978929424818,-0.6187806557592928,-0.8105483218901166
0.001,-0.19119295083403376,-0.5975966595153674,-0.8343002446684267
0.0010500000000000002,0.21813840127311757,-0.3297884863966942,-0.39909071194645485
0.0011,0.027222012221286285,-0.39165339624412887,-0.5875961912872842
0.00115,0.13646816921192562,-0.3545519089286775,-0.4639753351678366
0.0012000000000000001,0.3754272346091998,-0.1335277246306057,-0.17090382188461906
0.00125,0.36748264916266615,-0.07898511811144271,-0.12633427006443387
0.0013000000000000002,0.1400992196801787,-0.21946370598987563,-0.33887909855706067
0.00135,-0.1103059107445854,-0.41645892768475523,-0.6061389937642918
0.0014,-0.21042332057715374,-0.5200148969102956,-0.7309519491930168
0.0014500000000000001,-0.11535235915362918,-0.4715581836763789,-0.6476445206831247
0.0015,-0.35880779593709367,-0.6475550573700382,-0.9418873330282582
0.0015500000000000002,-0.35690505528098315,-0.7176874211757553,-0.9903958554851946
0.0016,-0.3424860969677539,-0.7286786007192347,-1.0235696537828045
0.00165,-0.1452370931894409,-0.6161195750088644,-0.8418231710096791
0.0017000000000000001,-0.05566153805505447,-0.5367207915943744,-0.7602152837922014
0.00175,0.06320891669684414,-0.4531756077221889,-0.635408605193498
0.0018000000000000002,-0.1106099266388112,-0.5564417958270722,-0.8204247254567392
0.00185,-0.12210993791030367,-0.5983862292654099,-0.8445078901103313
0.0019,0.12173914573461708,-0.42411531945356984,-0.5881210157757839
0.0019500000000000001,0.5123099187831754,-0.08735259230478754,-0.11393265929278051
0.002,0.12815781048637165,-0.27845564521534305,-0.4847553118419321
0.00205,0.49833887904740326,-0.02985389126117699,-0.004275758828289344
0.0021000000000000003,0.785200034411639,0.32848507593712917,0.4246132844572288
0.00215,0.8824688856379703,0.5169612429408947,0.6801822947931262
0.0022,0.8294947317545951,0.6009702673636186,0.777077610935915
0.0022500000000000003,0.637148858384434,0.5509665353196733,0.6964118940992066
0.0023,0.9349094465303533,0.8373340246739245,1.1597293092276848
0.00235,1.3665955280828506,1.2948243397306722,1.7772326794048743
0.0024000000000000002,1.4515513615809823,1.7130984732974692,2.3460389667633343
0.00245,1.4032451750257717,2.029891997738911,2.76548117188338
0.0025,1.3424589304417882,2.138722751182831,2.8909042108885874
0.00255,0.8362172142191362,1.9064878880852687,2.5356607557194204
0.0026000000000000003,0.7210171820711162,1.865072926709427,2.55000130897261
0.00265,0.7945262205436898,2.017466988554257,2.7672457724888746
0.0027,0.3630753685606445,1.7867333374984788,2.3874293271536384
0.0027500000000000003,0.41378252731727416,1.8159156603044728,2.524438977546514
0.0028,0.4841396828427533,1.9417897823293213,2.672114240720907
0.00285,0.6082697394605296,2.0898400582563657,2.901505936779764
0.0029000000000000002,0.23234749299443758,1.8852624163447853,2.5536920378251367
0.00295,0.04118226951625914,1.706506693119593,2.366258626687756
0.003,-0.07040552813165091,1.6202366691478503,2.2479818365484396
0.00305,-0.3623369262122478,1.3807047466559883,1.904562939247171
0.0031000000000000003,0.16121181820269337,1.6939215135370658,2.454253383598555
0.00315,0.02268230996207965,1.6817095881318762,2.3177177389148884
0.0032,0.12628609870410124,1.7068582847597886,2.4344187245618034
0.0032500000000000003,0.05728419868524259,1.6909412046921561,2.3707454303121995
0.0033,0.4822228866493177,1.991645584271458,2.8725764200362853
0.00335,0.7650396358053619,2.3260755960927177,-2.9895527252119214
0.0034000000000000002,0.8259226780567799,2.4828447361571175,-2.779406765598564
0.0034500000000000004,0.1425378891197675,2.064740931082735,2.843013351222062
0.0035,0.15714363101388562,1.9920162502078647,2.8746941061741715
0.00355,0.3363342333244468,2.1663265668917067,3.100292371104868
0.0036000000000000003,0.5647876630476638,2.384865765339171,-2.8589707645133684
0.00365,0.3430897738049823,2.299813919610896,-3.032959035808691
0.0037,0.825288101721604,2.630976857390543,-2.457897205457982
0.0037500000000000003,0.4356263817052657,2.454096091230298,-2.8475589254743205
0.0038,0.24824655713965837,2.2487590063463614,-3.0349387500399274
0.00385,0.551013008238245,2.441636138842078,-2.7321722989413413
0.0039000000000000003,0.5817806404488266,2.49020674620575,-2.7014046667307596
0.00395,1.2122191469082244,2.8812781530901166,-2.070966160271362
0.004,1.285802127573727,3.0010661308389324,-1.9973831796058592
0.00405,1.1071207636994007,2.8574619562736023,-2.1760645434801855
0.0041,1.0069174813121613,2.769023771768202,-2.276267825867425
0.00415,0.6876457552505575,2.547580357386689,-2.595539551929029
0.004200000000000001,0.3111084469754277,2.2599070257233764,-2.972076860204158
0.00425,0.5203514848932245,2.3549360083012445,-2.762833822286362
0.0043,0.7144761974374063,2.5108957479405563,-2.56870910974218
0.004350000000000001,1.1276111451878865,2.7810950817123086,-2.1555741619916997
0.0044,0.9116566304056217,2.6804915497286705,-2.3715286767739645
0.00445,1.4459172242766893,-1.0844086252470664,-1.837268082902897
0.0045000000000000005,1.3733977324637996,-1.821327170873679,-1.9097875747157866
0.00455,1.872445908017867,-1.259117071947454,-1.41073939916172
0.0046,1.7552894764128562,-1.3518703316567553,-1.52789583076673
0.0046500000000000005,1.5452055307901258,-1.4907181893659107,-1.7379797763894604
0.0047,1.6375971066491708,-1.450002989373255,-1.6455882005304154
0.00475,1.9699591168393376,-1.2114103872796775,-1.3132261903402487
0.0048000000000000004,2.0350967001336775,-1.1316665740886087,-1.2480886070459078
0.00485,1.871048478202253,-1.2382272396238108,-1.4121368289773333
0.0049,1.4750046550784992,-1.5092392851419385,-1.808180652101087
0.00495,1.0604486980508767,-1.8147665984031836,-2.2227366091287095
0.005,1.2304792970899072,-1.7358277903485888,-2.052706010089679
0.005050000000000001,1.5500271944070851,-1.4905744106757446,-1.733158112772501
0.0051,1.5152970442936393,-1.4810447088308116,-1.767888262885947
0.00515,1.2011771315102981,-1.693532941838959,-2.082008175669288
0.005200000000000001,1.484907300360513,-1.539040208915682,-1.7982780068190731
0.00525,1.1075368675326471,-1.7314322451123925,-2.175648439646939
0.0053,0.9043343429229926,-1.9205177858506843,-2.3788509642565936
0.005350000000000001,1.1106935528826964,-1.7844686094282896,-2.17249175429689
0.0054,0.4356126482799647,-2.188824487625883,-2.8475726588996215
0.00545,0.5699353100463549,-2.1880505094160903,-2.7132499971332313
0.0055000000000000005,0.40708069261525015,-2.23776035099411,-2.876104614564336
0.00555,0.45633730580280707,-2.2365902090195515,-2.8268480013767796
0.0056,0.448805050986532,-2.215679419870238,-2.834380256193054
0.0056500000000000005,0.5265617318071603,-2.166540951768587,-2.7566235753724264
0.0057,0.7553790998968752,-2.0000423937239145,-2.527806207282711
0.00575,0.5382690569869037,-2.1104837283530955,-2.7449162501926825
0.0058000000000000005,0.9902156767379324,-1.847418324978796,-2.292969630441654
0.00585,1.2288329900171737,-1.6197734415686353,-2.0543523171624125
0.0059,1.5035652035956417,-1.4319769873764923,-1.7796201035839445
0.00595,1.8768840937623272,-1.1546575605940923,-1.4063012134172581
0.006,2.134380075670985,-0.950096713854224,-1.1488052315086001
0.006050000000000001,2.409218516172226,-0.7502233971259287,-0.8739667910073603
0.0061,2.448133567687166,-0.695845586938244,-0.8350517394924211
0.00615,2.0258247945798784,-0.9712856375532599,-1.257360512599707
0.006200000000000001,2.0000741805542726,-1.035439444535882,-1.2831111266253146
0.00625,1.7795426787876254,-1.1603199193640386,-1.5036426283919608
0.0063,1.358471746985721,-1.4611683210590831,-1.9247135601938652
0.006350000000000001,1.4535242033590405,-1.4359976464950837,-1.8296611038205457
0.0064,1.2946886142616858,-1.508402822832732,-1.9884966929179004
0.00645,0.9942486619159485,-1.7267040652226449,-2.2889366452636377
0.006500000000000001,0.6897573666876173,-1.9452471741637947,-2.593427940491969
0.00655,0.7878688399161065,-1.904168038962049,-2.49531646726348
0.0066,0.913688378677227,-1.7953106264571561,-2.3694969285023593
0.0066500000000000005,1.3353881566258972,-1.5097745832068075,-1.947797150553689
0.0067,1.3468243443139682,-1.4486904004830734,-1.936360962865618
0.00675,1.682375042882823,-1.2435066858681445,-1.6008102642967632
0.0068000000000000005,2.128575520805856,-0.9046587060025182,-1.1546097863737295
0.00685,2.497382048284078,-0.6252176801074842,-0.7858032588955091
0.006900000000000001,1.7869464136410116,-1.0503803038123571,-1.4962388935385746
0.0069500000000000004,2.1798578365529258,-0.8922035572243807,-1.1033274706266596
0.007,2.2998284673190277,-0.7289765788072025,-0.9833568398605586
0.007050000000000001,2.44563339361821,-0.6470104117805775,-0.8375519135613771
0.0071,2.575307436273615,-0.5383093728326696,-0.7078778709059712
0.00715,2.7085210869704115,-0.442759565693585,-0.5746642202091756
0.007200000000000001,2.8222885809830096,-0.3543123810534734,-0.4608967261965766
0.00725,2.7278108719114558,-0.4050656233091132,-0.5553744352681314
0.0073,2.1597205782988214,-0.7857352538752078,-1.1234647288807658
0.007350000000000001,2.1419919365798528,-0.8596422474764491,-1.1411933705997335
0.0074,1.910955819862279,-0.9857905867273011,-1.3722294873173073
0.00745,2.2582718038292198,-0.7941920208510993,-1.0249135033503656
0.007500000000000001,2.185329023713531,-0.7836351923906726,-1.0978562834660544
0.00755,2.2266637553893744,-0.7830232779601545,-1.0565215517902118
0.0076,1.981544378975446,-0.9239853159758482,-1.3016409282041401
0.0076500000000000005,1.8404922595200848,-1.0478641123194912,-1.4426930476595015
0.0077,1.8526595957735505,-1.041823219739575,-1.4305257114060357
0.00775,1.4123603298281528,-1.3199449973756003,-1.8708249773514334
0.0078000000000000005,1.520378025537986,-1.3016479068658278,-1.7628072816416003
0.007850000000000001,1.5035220178283888,-1.2759280843987426,-1.7796632893511974
0.0079,1.1552163577154504,-1.5107313690559447,-2.127968949464136
0.00795,0.43467159807242695,-2.009886189718622,-2.8485137091071593
0.008,0.6078855466909721,-1.9674369127952884,-2.675299760488614
0.00805,0.5322358014861317,-1.9626692654531102,-2.7509495056934545
0.0081,0.3852322353493367,-2.0779289795071234,-2.8979530718302495
0.008150000000000001,0.32844119663716587,-2.1174146228261312,-2.9547441105424204
0.0082,0.9018036632988853,-1.7446096992589633,-2.381381643880701
0.00825,0.9022228280507294,-1.6671653399491424,-2.380962479128857
0.0083,0.9445227328903236,-1.6601297581582601,-2.3386625742892626
0.00835,0.5037022808978335,-1.9259167380457267,-2.7794830262817527
0.008400000000000001,1.0251400632595313,-1.6426259789246451,-2.258045243920055
0.008450000000000001,1.3225150138310342,-1.3605997988055396,-1.960670293348552
0.0085,1.6657698606127038,-1.1280426989310204,-1.6174154465668824
0.00855,1.6961132576075526,-1.06518448225912,-1.5870720495720336
0.0086,1.9932324190868789,-0.8803649529014077,-1.2899528880927065
0.00865,2.122820323428927,-0.7538248356422734,-1.160364983750659
0.008700000000000001,2.326776114815136,-0.6179873695851938,-0.9564091923644504
0.00875,2.295761142352907,-0.6117096784522573,-0.9874241648266793
0.0088,1.8589884350953207,-0.9044704408851576,-1.4241968720842664
0.00885,2.190552638171429,-0.7370662646230919,-1.0926326690081574
0.0089,1.612231838957034,-1.0502572264721834,-1.6709534682225522
0.00895,1.5542797210507455,-1.1762887088116116,-1.7289055861288407
0.009000000000000001,1.5071996868921795,-1.178169478491201,-1.7759856202874067
0.00905,1.202751659683443,-1.3859499687217216,-2.080433647496143
0.0091,1.4066872071533334,-1.2824974431236615,-1.8764981000262528
0.00915,1.3608943502670758,-1.271780581244549,-1.9222909569125104
0.0092,1.2424846059031562,-1.362964555346542,-2.04070070127643
0.009250000000000001,1.4177829473354713,-1.253798988151555,-1.865402359844115
0.009300000000000001,1.2871820924081394,-1.31000547349894,-1.9960032147714468
0.00935,1.7293041471925532,-1.0451926335671935,-1.553881159987033
0.0094,1.8529081202922564,-0.8991054712120832,-1.4302771868873299
0.00945,1.7229967993938917,-0.9873008788669715,-1.5601885077856945
0.0095,1.1418192794865574,-1.3733929228468575,-2.141366027693029
0.009550000000000001,0.7560496106171022,-1.6853864738197455,-2.5271356965624836
0.009600000000000001,1.1054124646066237,-1.4787781655110344,-2.1777728425729626
0.00965,1.1055850810808385,-1.4227874516183636,-2.1776002260987477
0.0097,1.0343742119290962,-1.4826348573803756,-2.24881109525049
0.00975,1.5545571546162646,-1.144643349161349,-1.7286281525633216
0.0098,1.176494349367755,-1.3205263458913912,-2.106690957811831
0.009850000000000001,1.012406532147252,-1.4920079034137341,-2.2707787750323343
0.0099,0.8830310179731988,-1.5670286448508737,-2.4001542892063874
0.00995,1.0787433612578639,-1.4533545269674963,-2.2044419459217224
0.01,0.8907473374996826,-1.5402731613169607,-2.3924379696799036
0.01005,0.7181372404822883,-1.6809952776379804,-2.5650480666972975
0.010100000000000001,0.24106752932721687,-1.9936191231773357,-3.0421177778523694
0.010150000000000001,0.4806843099620637,-1.8884082593600162,-2.802500997217523
0.0102,0.7438754539985939,-1.6637910763888426,-2.539309853180992
0.01025,0.6133367026684566,-1.7279630590696815,-2.669848604511129
0.0103,0.6791897045604864,-1.7017385366384055,-2.6039956026191
0.01035,0.2980578774255025,-1.9272727750097882,-2.9851274297540833
0.010400000000000001,0.16892013997139532,-2.0574458183723623,-3.114265167208191
0.010450000000000001,0.6076563068877237,-1.7654301142029611,-2.6755290002918626
0.0105,0.665033335733697,-1.669950671150226,-2.618151971445889
0.01055,1.3900182973324284,-1.2082664282452118,-1.8931670098471578
0.0106,1.1640596533950616,-1.2572473949729677,-2.1191256537845247
0.01065,1.3579137792147504,-1.1889308271369217,-1.9252715279648358
0.010700000000000001,1.3136018419284587,-1.1688624700210433,-1.9695834652511275
0.010750000000000001,1.5030147595439969,-1.0643593784020808,-1.7801705476355894
0.0108,1.5165088497301218,-1.0216663195294338,-1.7666764574494644
0.01085,1.3599301085488325,-1.128949160094713,-1.9232551986307538
0.0109,1.1092814496590275,-1.3036059623127514,-2.1739038575205587
0.01095,2.0662565977111447,-0.7067827426569515,-1.2169287094684407
0.011000000000000001,2.0582197813760414,-0.5830942201000884,-1.224965525803544
0.01105,1.454816921089547,-1.0166639595769524,-1.8283683860900393
0.0111,1.2714057869001527,-1.190522488708364,-2.0117795202794335
0.01115,1.4952705987125219,-1.0444871420930326,-1.7879147084670644
0.0112,1.3574769668175417,-1.1020835669098545,-1.9257083403620445
0.011250000000000001,1.7908392102037531,-0.8457922458920777,-1.492346096975833
0.011300000000000001,2.114281450851898,-0.5714905666208558,-1.1689038563276881
0.01135,2.0832217557125245,-0.5720699709324855,-1.1999635514670608
0.0114,1.953960363132217,-0.6639526524453441,-1.3292249440473682
0.01145,1.6611964144012754,-0.8635049015893586,-1.6219888927783108
0.0115,1.4620160404437703,-1.0213454984149735,-1.821169266735816
0.011550000000000001,1.0254720078321968,-1.3137364834845506,-2.2577132993473894
0.011600000000000001,1.4109272387233993,-1.1099310250345944,-1.872258068456187
0.01165,1.9149771819366288,-0.7162976172642743,-1.3682081252429583
0.0117,1.5450532545183568,-0.9137574965024022,-1.7381320526612294
0.01175,1.1979868929826143,-1.1946697529315333,-2.085198414196972
0.0118,0.6707652312474375,-1.553630204188046,-2.6124200759321488
0.011850000000000001,0.39057186145275136,-1.7873120239261926,-2.892613445726835
0.0119,-0.4725985321128596,-2.402345412646925,2.4526406009316233
0.01195,-0.6854306024388475,-2.7221405224063897,2.117671194925565
0.012,-0.2419230654886353,-2.449210429052073,2.5315296081624066
0.01205,-0.29381760096161136,-2.44849535465082,2.4411167919490335
0.012100000000000001,-0.014496802737096193,-2.2909670333377754,2.719180416731634
0.012150000000000001,-0.13474525570221596,-2.3264411595620036,2.5847758492828365
0.0122,0.3518623431393526,-1.9924369061037472,3.1410051731970903
0.01225,0.3747535349215694,-1.8570319865172484,-3.065312645898155
0.0123,0.24331236408716572,-1.9357035834173866,3.116306680135221
0.01235,0.9156037459531232,-1.419627899051477,-2.367581561226463
0.012400000000000001,0.8316994942669127,-1.3690240505363658,-2.451485812912674
0.012450000000000001,0.47249431649207274,-1.64267233424723,-2.8106909906875135
0.0125,0.5501882490422143,-1.615856277405241,-2.7329970581373715
0.01255,0.5539739326619788,-1.5891400441793984,-2.7292113745176074
0.0126,0.8970414143081689,-1.36918758322137,-2.3861438928714174
0.01265,0.6298095946096733,-1.4932523311728563,-2.653375712569913
0.012700000000000001,0.8925640563735371,-1.367648414660163,-2.390621250806049
0.012750000000000001,1.1700641051712433,-1.1349100986402938,-2.113121202008343
0.0128,0.980793396921106,-1.2369727293030781,-2.3023919102584802
0.01285,1.04661694547951,-1.2200256531727103,-2.2365683617000762
0.0129,0.8072857092091033,-1.3526467638408892,-2.475899597970483
0.012950000000000001,1.5431520885803511,-0.9092150396724783,-1.740033218599235
0.013000000000000001,1.3426906057873866,-0.9327241680770513,-1.9404947013921996
0.01305,1.2193056153870776,-1.0706332992392795,-2.0638796917925086
0.0131,0.9078034243890336,-1.2624977321603872,-2.3753818827905526
0.01315,0.8172528441350213,-1.3578166314027662,-2.465932463044565
0.0132,0.8311568788863055,-1.3417344467818957,-2.4520284282932803
0.013250000000000001,1.082574580635062,-1.1747140261194282,-2.2006107265445243
0.013300000000000001,0.9108643569738994,-1.2514009261198602,-2.372320950205687
0.01335,0.8695400841769736,-1.3063489659234513,-2.4136452230026126
0.0134,0.45038862739281615,-1.5671270926899892,-2.83279667978677
0.01345,0.21208575160150422,-1.7702329075865837,-3.0710995555780816
0.0135,1.0738211577728274,-1.218789874882713,-2.209364149406759
0.013550000000000001,1.4091887112993948,-0.8886649450914117,-1.8739965958801914
0.013600000000000001,1.1850010469433778,-1.0281005981776907,-2.0981842602362084
0.01365,0.7901307152943686,-1.3087376339746477,-2.493054591885217
0.0137,0.5063366886523184,-1.5268152781977316,-2.776848618527268
0.01375,0.5153856011626514,-1.5378631534499032,-2.767799706016935
0.013800000000000002,0.5417549264313624,-1.5076432409956402,-2.7414303807482234
0.013850000000000001,0.3289456647166187,-1.6404351566143252,-2.9542396424629676
0.013900000000000001,-0.04611008929900429,-1.906886512281159,2.9496778239121753
0.01395,0.40205316114904566,-1.646510268175179,-2.8811321460305406
0.014,0.5564276601873348,-1.4729986181279324,-2.726757646992251
0.01405,0.45714398594533634,-1.537941880068887,-2.82604132123425
0.014100000000000001,0.40510939700350557,-1.5774236013103993,-2.878075910176081
0.014150000000000001,0.2582525618231153,-1.670376926126801,-3.0249327453564714
0.0142,-0.5379912580814881,-2.254692937841334,2.372600408894873
0.01425,-0.4228206114113906,-2.318056334880791,2.4238163231889533
0.0143,-0.5970226633298843,-2.470845140144128,2.110869280511557
0.01435,-0.7531846301407703,-2.705722866513554,1.81875515692784
0.014400000000000001,-0.7909515645060488,-2.831762668466326,1.6379038343367798
0.014450000000000001,-0.47511201642328293,-2.6842417053551735,1.878426968486453
0.0145,-0.6946675572631422,-2.86294714242268,1.5347843001390684
0.01455,-0.9516438488587933,0.875413941880022,1.1101707060879171
0.0146,-0.6295105451247185,1.7510292721548941,1.3223119846535294
0.014650000000000002,-0.32060176405504404,1.6715635625354022,1.5696097022500757
0.014700000000000001,-0.5150506330190532,1.5992154325556553,1.2909269232172296
0.014750000000000001,-0.2890245312873878,1.6422838979654362,1.479289855583466
0.0148,-0.3196072285625937,1.638878417670746,1.4054672423673864
0.01485,-0.18977446157814892,1.6775767319279815,1.5136713049841113
0.0149,-0.48391141949694116,1.4552662356069916,1.1422669685768367
0.014950000000000001,-0.19073790938558366,1.5725898944551506,1.4136718723241835
0.015000000000000001,0.16708990456930728,1.8690064921769718,1.7987779428890835
0.015050000000000001,0.33267103429277345,2.029063946208277,2.010066123237281
0.0151,0.4499860930793673,2.1597561698802608,2.197183344980168
0.01515,-0.5910015896379717,1.4328929288852663,1.054810333153096
0.0152,-0.4298300810013478,1.3435685600954574,1.1505311113527217
0.015250000000000001,-0.3690962966999498,1.4080610981471597,1.1584274129715801
0.015300000000000001,-0.3495621445982908,1.3636053450718189,1.128992697907715
0.01535,-0.43517053797950833,1.2484989528017314,0.9511144716014961
0.0154,-0.35285227080238757,1.2426621808151532,0.9838193721235937
0.01545,-0.1890948735826905,1.3430598806021488,1.126046559634771
0.0155,-0.2270934827821791,1.3101606491835511,1.0607720819263307
0.015550000000000001,-0.3118301557707017,1.2118492395291085,0.934240455213847
0.015600000000000001,0.07430600967066692,1.451157767161014,1.3274803941617357
0.01565,-0.2227386939129854,1.2901592781675646,1.003842852543471
0.015700000000000002,0.09497441952594166,1.4425234333308872,1.3358064139903405
0.01575,0.1489726863953189,1.5448260504726665,1.4057954521882694
0.0158,-0.07505555472421399,1.377973866456247,1.1745831810053255
0.01585,-0.13427485111848636,1.3025738674977205,1.1012672785526672
0.0159,-0.35162958171477765,1.1257865600507166,0.8345390343513257
0.015950000000000002,-0.11674672749981418,1.2338307088547662,1.0574904630018986
0.016,0.005312651533606605,1.3482564047683816,1.1800035756996552
0.016050000000000002,-0.12964802407398324,1.2454171031723957,1.024776219892594
0.0161,-0.39433949886426944,1.0136542378001563,0.702105356137682
0.01615,-0.25431701757473846,1.0477657173779793,0.8104395604147085
0.0162,0.05064575001435756,1.269569351461298,1.1200630020681288
0.01625,0.028844719861215395,1.2827992446598397,1.100823432338796
0.016300000000000002,0.1560565912580394,1.3594190474442929,1.2449647818555896
0.01635,0.051571918768939184,1.3131872831494542,1.1452331573023686
0.0164,0.07675466555079513,1.3127573005128603,1.181684732513573
0.01645,0.002801120813134439,1.2727947252824636,1.1079694209422506
0.0165,0.09894388834479617,1.3243520812620861,1.213947737660634
0.016550000000000002,-0.30779327691330316,1.04883018768429,0.7661585402746991
0.0166,-0.0859495136783579,1.122244980671212,0.9796317137584571
0.01665,-0.12757353594318932,1.1313234038102822,0.9247508621916802
0.0167,-0.001634837469562278,1.1856791170587027,1.0505507894528385
0.01675,-0.07880338510443963,1.1485986716248613,0.9617842199945335
0.016800000000000002,0.03236415304237639,1.1995957382561873,1.07584243164529
0.01685,-0.2501976056145012,1.0143046770612116,0.7622757458887075
0.016900000000000002,0.1184419904534213,1.2113322885468056,1.1430517502082136
0.01695,-0.34144365281290545,0.9430980587973785,0.6357749110640829
0.017,-0.5521661183887145,0.6597055117031076,0.3324386238025734
0.01705,-0.4041013121682586,0.7069711885168699,0.42049560200552705
0.0171,0.053116258674116956,1.0186795329130387,0.8852932392563311
0.017150000000000002,0.13945275597314755,1.1334916188646131,0.9863854243710435
0.0172,0.07217658175729058,1.0851376490139382,0.9259859846151386
0.01725,-0.30844386559558457,0.8041036306495584,0.5041941064394515
0.0173,-0.309999933928633,0.7238351844202162,0.46118051391191894
0.01735,-0.26663036481377045,0.7401843636874554,0.47078627429781106
0.017400000000000002,0.2389167016875362,1.0802855580862385,1.0054954514835757
0.01745,0.37095705009758495,1.2776048734909677,1.2121946212384227
0.0175,-0.07552867938978025,0.9826739535042872,0.7584741111528839
0.01755,0.4849076211417138,1.3352665267692867,1.396399228201826
0.0176,0.3334857892943357,1.3616005539216811,1.2908399448196155
0.017650000000000002,0.07231040733453664,1.1457237569766363,1.0365555237015869
0.0177,0.4672127611829904,1.4303334220942183,1.505031109779038
0.017750000000000002,0.40702612884252654,1.48924490700567,1.5054641535311655
0.0178,0.26238045316046454,1.400104270674043,1.4083802490453428
0.01785,0.30475850991124087,1.4452608479848825,1.4912550760538643
0.0179,0.4991743131487043,1.6303874841227302,1.7663422155826547
0.01795,0.6955600006770086,1.8624986019393708,2.0870024192456595
0.018000000000000002,0.25695480343823984,1.6234570072255172,1.6805259790717848
0.01805,0.7507210726848283,1.9648486036537838,2.309763781499301
0.0181,0.8967304479722094,2.255664993694219,2.6161563702846147
0.01815,0.644073603884256,2.1870379214248246,2.515450361220644
0.0182,0.3578555862933621,2.014852278217914,2.2798313772529823
0.018250000000000002,0.06948668161561322,1.8025633050289773,1.998054450302825
0.0183,0.111740034087362,1.8056481123426025,2.051639348677699
0.01835,-0.06533480866018948,1.6977328405923924,1.868407597637022
0.0184,-0.25297635987594713,1.5230381333040501,1.6493007738377807
0.01845,0.010849866204452496,1.672437638709317,1.9140622269605334
0.018500000000000003,0.11994238969118154,1.7885731707845602,2.0416916401632585
0.01855,0.013361245422674362,1.7173374262835122,1.9362670113512959
0.018600000000000002,0.227190589883687,1.854265820337437,2.1773875272458447
0.01865,0.5667651955117452,2.164642852183478,2.6128780109659253
0.0187,0.22025833244733573,1.9928600408216504,2.292577781695015
0.01875,0.04650590277350286,1.823409570241182,2.123076335643928
0.0188,0.3101176928268794,2.0131868730862674,2.428167330289077
0.018850000000000002,0.4500649524135132,2.1982220697689474,2.664588618284437
0.0189,0.46277205288439616,2.262520737245575,2.749892679888564
0.01895,0.7083923538398058,2.5015020887225097,3.1224616372899456
0.019,0.3424380242912304,2.3325841574337423,2.8040907626654343
0.01905,-0.0874134647181588,1.9877489606513734,2.365706350923758
0.019100000000000002,-0.29838227572236153,1.7853567243296578,2.115398277791633
0.01915,-0.2190363909029669,1.7958951315880745,2.1687270348185343
0.019200000000000002,-0.3726224956276516,1.6559550185167717,1.9400379404471408
0.01925,-0.4390558627289831,1.5317909456284085,1.8061708980953393
0.0193,-0.6157402230045967,1.3390523650847008,1.5225557627253838
0.019350000000000003,-0.6713679799078407,1.1889927535229239,1.347793211777626
0.0194,-0.8164889432311901,0.9864679772964644,1.0550334959459322
0.019450000000000002,-0.5873961835558461,1.033963381825826,1.183552853996055
0.0195,-0.2898485689684547,1.2259766220463435,1.4432907951966047
0.01955,-0.35198326155772364,1.1596413224477065,1.3115028099745256
0.0196,-0.3507117552726946,1.1011365605007448,1.2635805859977989
0.01965,-0.44472089808160575,0.9953524510195173,1.1009127043742577
0.019700000000000002,-0.23705744930864325,1.0869671866975796,1.2797137349190724
0.01975,-0.17454997189175625,1.1409435227921367,1.32276172507075
0.0198,0.2923120744547276,1.4588565097835176,1.8278726881706842
0.01985,-0.02599052423293724,1.311432920989505,1.5072729135687162
0.0199,0.0879229777718975,1.3276146237352267,1.6342684235725295
0.019950000000000002,0.2146018306939057,1.4592890343274956,1.7862808640475727
0.02,0.1086857533674701,1.3992347801341634,1.6913344112379862
0.020050000000000002,0.2693147409326304,1.5072998217220315,1.886186191770638
0.0201,-0.14157277526290724,1.2565044836068697,1.4602705610292332
0.02015,0.4539397972639563,1.6205362416416236,2.1264468433641657
0.020200000000000003,0.05276986251092053,1.4637968075715797,1.7301498269422773
0.02025,0.2954583768542278,1.5666606452865164,2.0282367909799994
0.020300000000000002,-0.030317331755598698,1.4165275887783437,1.6997623201750418
0.02035,0.2992189890403032,1.586833274476616,2.068789086517551
0.0204,0.1769989407048005,1.5838770034199747,1.9663721883995677
0.02045,0.215821492727573,1.5842961645851368,2.0307156692824027
0.0205,0.22150534092334517,1.6210590079249672,2.062800059525414
0.020550000000000002,0.495325644981635,1.8413830314314374,2.4164312021292176
0.0206,0.34458840891875475,1.8270528147205436,2.333424737316161
0.02065,-0.4752714494284591,1.2174012630293607,1.4382131992410159
0.0207,-0.5914204246586294,0.9719976035662565,1.2205846246642356
0.02075,-0.4495958772484112,1.0244121965863293,1.2926919059709299
0.020800000000000003,-0.4903993261279451,0.9500003632062786,1.1731770058253828
0.02085,-0.21323383615722236,1.093233055082318,1.4252184403405348
0.020900000000000002,0.10378252465647764,1.3384509038725882,1.7526297732924085
0.02095,0.06475378118822306,1.342705952840804,1.7229720846347378
0.021,-0.33139292803307185,1.0401854739313894,1.281361872670356
0.021050000000000003,0.09936682777446171,1.2719992854161486,1.722005773521321
0.0211,0.3904026193687655,1.564941109431274,2.0702090086275398
0.021150000000000002,0.2784563367282269,1.5288343831778288,1.9940658883526137
0.0212,0.797187375776014,1.93697091929067,2.657014203450246
0.02125,0.6019464071758049,1.9593652714888625,2.5656180939002127
0.0213,0.22858927885238423,1.6963340959309967,2.2322325631571314
0.02135,0.1766853731648994,1.6441591485166605,2.2000876920800607
0.021400000000000002,0.45285833864075675,1.8684971370998085,2.5466884636886853
0.02145,0.16291554595311686,1.728046028939696,2.2746000833935938
0.021500000000000002,0.6607936507978236,2.072176498343083,2.8893302672424923
0.02155,0.3518526129150743,1.9909453158900092,2.629806464586716
0.0216,0.5650404213301337,2.120008171044904,2.938520169678668
0.021650000000000003,0.606469573667455,2.29253144799684,3.121376999644837
0.0217,0.4951178971857355,2.2665727036696044,3.089789751827144
0.021750000000000002,0.7143670646304296,2.4799758549053106,-2.8459661153028364
0.0218,0.24026037240555098,2.229671327177332,2.992491907986312
0.02185,0.574970118648654,2.432086630288887,-2.858213595668314
0.0219,0.4920480809244703,2.5003983409603734,-2.8620565027148306
0.02195,0.3013525722207686,2.367713828529739,-3.012875083001969
0.022000000000000002,0.5160131311235063,2.5106201273528876,-2.7671721760560803
0.02205,0.8571079848941285,2.7569037352222576,-2.426077322285458
0.0221,1.1091416153057718,2.9418737815927285,-2.1740436918738144
0.02215,1.7386932773886379,-0.6986687938517129,-1.5444920297909484
0.0222,2.086181997935469,-1.1759782795813507,-1.197003309244117
0.022250000000000002,2.4959239462380953,-0.6179016956627645,-0.7872613609414909
0.0223,2.3458947538350827,-0.7642660696380474,-0.9372905533445035
0.022350000000000002,2.394305304932705,-0.7312184758001354,-0.8888800022468821
0.0224,2.582847801981371,-0.6011181137625989,-0.700337505198215
0.02245,2.593108933846164,-0.571630202868997,-0.6900763733334223
0.022500000000000003,2.7014183141632646,-0.506105195032756,-0.5817669930163216
0.02255,2.8479395937018523,-0.394453497302397,-0.4352457134777339
0.022600000000000002,3.122828761665269,-0.2030929271759394,-0.16035654551431833
0.02265,3.107342997426283,-0.18304934992268507,-0.17584230975330328
0.0227,3.01566329683546,-0.25397750862694934,-0.2675220103441269
0.02275,2.777080001860412,-0.414349446806618,-0.5061053053191742
0.0228,2.5190279134241704,-0.606767673027587,-0.7641573937554149
0.022850000000000002,2.8946760731045593,-0.38464374295729087,-0.3885092340750269
0.0229,2.8844361075520215,-0.3359867053688692,-0.3987491996275647
0.02295,-2.3560881566310776,-0.18904199226555818,-0.1414508755081041
0.023,-2.05400123664686,-0.3968088430889942,-0.5240310344061712
0.02305,-1.974980272613621,-0.8306378081467543,-1.1033368279108071
0.023100000000000002,-1.7110059240540663,-1.0761413266807445,-1.409697787369275
0.02315,-1.1591777087145694,-0.8555896402450642,-1.0419776241300749
0.023200000000000002,-0.6920381108124136,-0.5786890879207061,-0.6983720097614263
0.02325,-0.4947195121222556,-0.47703008113354883,-0.5807288538481536
0.0233,-0.6178704693016819,-0.6184671228773535,-0.811285532273045
0.023350000000000003,-0.5501588955110925,-0.6629786564831655,-0.8357337199803823
0.0234,-0.5117032398826495,-0.7022092980719066,-0.9114376321771971
0.023450000000000002,-0.5171867898299354,-0.7704341223198998,-1.0016358004859498
0.0235,-1.0903394940284628,-1.2619012764633037,-1.7552862961692597
0.02355,-1.1541124873331405,-1.5086150717646634,-2.0029600281634474
0.0236,-1.0216691485240599,-1.5304717733922608,-2.045615111866492
0.02365,-0.4669135105195821,-1.2207429307161277,-1.5643668312024488
0.023700000000000002,-0.35234411418716505,-1.113802132847356,-1.4993110682765387
0.02375,0.0814140408153996,-0.8360341743071782,-1.0535331855539543
0.0238,-0.021829076519118473,-0.8418194559143437,-1.158692460736983
0.02385,-0.07637072625820096,-0.9131991119292397,-1.2205593896642313
0.0239,-1.0781063427035402,-1.6694056262202022,-2.401966146969734
0.023950000000000003,-0.7792360761194335,-1.7095127398832428,-2.24401669048805
0.024,-0.5120187065865309,-1.5147071418246352,-2.060351446605045
0.024050000000000002,0.041406298451612145,-1.1526101314211417,-1.5031729546582095
0.0241,-0.08045580960313714,-1.166108659929666,-1.6368997156092622
0.02415,-0.032901449685073914,-1.174704042702361,-1.5922866135311322
0.024200000000000003,-0.20926886803128752,-1.2811557217009906,-1.7931743300438665
0.02425,-0.47858430961754017,-1.5322125109881108,-2.138574947759019
0.024300000000000002,-0.5823608125134108,-1.6903807391714736,-2.3417897128944736
0.02435,-0.5748286137996992,-1.7576585141925714,-2.431995610796257
0.0244,-0.12950635593444026,-1.4796939385334795,-2.0001708668170597
0.02445,-0.09830987303429595,-1.4093381529903546,-1.9837839459549
0.0245,-0.2878439494202567,-1.5692239714290759,-2.2107716679554343
0.024550000000000002,-0.20474229736456095,-1.548148085037469,-2.151507493415922
0.0246,-0.11099712690970343,-1.4752933405586939,-2.069005556439362
0.024650000000000002,-0.2687628254332619,-1.5899791310742657,-2.260899490266036
0.0247,0.08918527787920816,-1.3737678090492693,-1.894221075932311
0.02475,-0.41295959664439685,-1.6799606153502724,-2.458232468881623
0.024800000000000003,-0.3845136742239035,-1.7956802574840616,-2.5080822819904203
0.02485,-0.14867947188895414,-1.6233993737013686,-2.288200358470281
0.024900000000000002,-0.4697380239695974,-1.8555369636077357,-2.683388518391764
0.02495,-0.30295734036431377,-1.823391068898851,-2.556776372324049
0.025,0.09973923667034157,-1.516479496950672,-2.1441528124215843
0.025050000000000003,0.22739930349099602,-1.3732946289516939,-1.9891686727510338
0.0251,-0.24553095919930357,-1.6887180911254944,-2.492336452587965
0.025150000000000002,-0.3770815475138569,-1.881942544900614,-2.7001829153705117
0.0252,0.015586952588236613,-1.6249938404885977,-2.30616025687978
0.02525,0.11157172108385893,-1.501204577518604,-2.1988639663527074
0.0253,0.11279566606561886,-1.492780187032789,-2.1861826776053963
0.02535,0.23536131745501088,-1.3876725897784254,-2.0350270086971767
0.025400000000000002,0.4109801391997685,-1.2128587860331308,-1.7979584509458917
0.02545,0.187841692355164,-1.316574175699051,-1.9997479071566486
0.025500000000000002,0.09940360518016611,-1.3930788098223879,-2.0731921912672355
0.02555,0.14368477419685632,-1.347945290479439,-2.013610021609037
0.0256,-0.0070015414235751194,-1.4352272222946958,-2.1648959977506967
0.025650000000000003,-0.02962848532257034,-1.468206593289091,-2.190157397703225
0.0257,0.3378289085675412,-1.192090275826354,-1.7760053834231524
0.025750000000000002,0.051656590966729254,-1.3208008050906663,-2.0574161949613643
0.0258,0.5636375232761992,-0.9767182284288349,-1.4502266094546572
0.02585,0.9386205731768023,-0.49786363561529257,-0.8575636577454926
0.025900000000000003,0.37440094924530953,-0.7857024473480401,-1.3678781962728532
0.02595,0.3060774793323304,-0.8782465135831146,-1.395463910895689
0.026000000000000002,0.3733067776460448,-0.7738879227340973,-1.2745503168857812
0.02605,0.14053434263576925,-0.9057472745237511,-1.4924282651627179
0.0261,-0.06513212809262825,-1.0690550660295273,-1.704230543542475
0.02615,-0.11105965262024498,-1.1186890228662492,-1.7614087272807817
0.0262,0.1140673362030924,-0.9601130744317494,-1.5187745604718188
0.026250000000000002,-0.024997390899057947,-1.018112994486895,-1.6600450694252809
0.0263,0.47599105049607005,-0.6707666797189393,-1.0835457367559016
0.026350000000000002,0.49988914765898507,-0.5202248606982991,-0.9788163311270033
0.0264,0.42061973027013266,-0.5443737654548322,-0.9945987761923547
0.02645,0.7465866233012264,-0.24170244680475506,-0.5339709701608637
0.026500000000000003,0.8083497863006421,-0.05109898714122352,-0.32599592481594364
0.02655,0.7563236470533532,0.03857002583062474,-0.19691765541223205
0.026600000000000002,0.5730384610398005,-0.0033156680578265707,-0.2828691314745875
0.02665,0.9752586542522739,0.35117284088559586,0.2897288097515087
0.0267,1.0617210790452667,0.5972548340336026,0.5546643874800097
0.026750000000000003,0.8601092311277903,0.5712712317846567,0.5079254749165685
0.0268,0.3437773468428542,0.25907786768050656,0.0394364337912787
0.026850000000000002,0.4122612968103603,0.2874494303190218,0.1696397790956663
0.0269,0.06710461110829335,0.10526074681837017,-0.16577819259540405
0.02695,-0.3874239131327162,-0.2789508325345196,-0.6768622258755386
0.027,-0.3985609455611119,-0.367454570244675,-0.7468532199401814
0.02705,-0.26325238480601243,-0.29353639681758104,-0.644734187633393
0.027100000000000003,0.13232415086541494,-0.01800200983067768,-0.23530703470500214
0.02715,0.21009812750018853,0.09509585878534921,-0.1328869224802638
0.027200000000000002,0.4116597459962694,0.26097597462285904,0.13026743357175619
0.02725,0.04470826935595262,0.06100746323863149,-0.23036815707965985
0.0273,0.04900156480258033,0.010208702344851162,-0.22157752750893422
0.027350000000000003,0.09361405322790262,0.06580517624892224,-0.1677369360989136
0.0274,0.3290177373549845,0.2460760216442175,0.11267889203298864
0.027450000000000002,0.3343318715465724,0.313307041640833,0.16401725136020318
0.0275,0.513096140182185,0.47610424120596484,0.4265758565707074
0.02755,0.3290060159398571,0.4192705046622791,0.2874956529255961
0.027600000000000003,0.37804981914445435,0.46994437672514167,0.41309506092406423
0.02765,0.45108053826596617,0.5867124828079326,0.5561661847820041
0.027700000000000002,0.07584146702294703,0.3558626168296186,0.1881954846761431
0.02775,0.13167091566775113,0.3514071651919508,0.257793458010962
0.027800000000000002,0.0449316561553843,0.3225330538180664,0.17515076226253257
0.02785,-0.45337180742013317,-0.06504882395376121,-0.39369249009886786
0.0279,-0.12988952351741645,0.07198913353165182,-0.08375558097201363
0.027950000000000003,-0.19285364586695053,0.07059908177435048,-0.1791375133213613
0.028,-0.3831471571814422,-0.12147973512769639,-0.4251116036738889
0.028050000000000002,-0.4199333866646846,-0.20453954439191335,-0.5252391307591235
0.0281,-0.3187234042182219,-0.17213976010881105,-0.46710394911378117
0.02815,0.14450269202713173,0.14675322087846254,0.01152922870364037
0.028200000000000003,0.09938343713827535,0.17931462952822663,-0.023703971539816848
0.02825,0.23205741649611333,0.25870479520917655,0.13703215432967042
0.028300000000000002,0.5455094207601121,0.5686976518746611,0.5744262561568121
0.02835,0.6176579712953831,0.7269747647292526,0.753933172032216
0.0284,0.8141771444668624,0.9535630497899756,1.0976882077324603
0.028450000000000003,0.583828310725437,0.9064027281775164,0.967108591421109
0.0285,0.7091430080951202,1.036642762888949,1.21952716536655
0.028550000000000002,0.6029765564150384,1.073908182995753,1.217436611847134
0.0286,0.8032251144697398,1.2790633096630195,1.5629866895072375
0.028650000000000002,0.4222015212695833,1.134205980676791,1.270603858864714
0.0287,0.1785630984645028,0.9335801236590022,1.0469891413486465
0.02875,0.50238004334987,1.1835628001718383,1.4521951756859064
0.028800000000000003,0.3989548445921649,1.2044165546447054,1.4077057491147116
0.02885,0.2701043576570896,1.1156867868615343,1.3132135073203308
0.028900000000000002,0.27450935049549585,1.1347387358286554,1.3527360491446174
0.02895,0.07171523120083734,1.010770203234026,1.1567696634614535
0.029,0.41083829449640774,1.2558267839882369,1.5813809794802403
0.029050000000000003,0.039487472736681184,1.076060146985121,1.2135984915394253
0.0291,0.008253764830357113,0.9862309999770744,1.1830731686417302
0.029150000000000002,0.1183502521547446,1.0819976835655805,1.3052949475113778
0.0292,0.09285125713926234,1.0763623029294287,1.2889378681765624
0.02925,-0.12482479158869353,0.9193413630090088,1.0583451496561764
0.029300000000000003,-0.3304302216611372,0.7278416520514277,0.8074593555454097
0.02935,-0.15850432376686463,0.7986570277219105,0.9537625620195627
0.029400000000000003,-0.3999990045465829,0.627664863962309,0.6531150752858181
0.02945,-0.1674247255117578,0.7180855018438095,0.8672182647259099
0.029500000000000002,-0.5316512241169384,0.46637920238462804,0.41501570977650815
0.02955,-0.5860515606953509,0.2944226953158413,0.26034496544574814
0.0296,-0.4822904231704044,0.31664260211546313,0.2871988054187753
0.029650000000000003,-0.7213767951072185,0.07881758262402272,-0.08150138915346794
0.0297,-0.41802407589450574,0.17215060658073256,0.13437261326988548
0.029750000000000002,-0.35748223854786687,0.2208220601594988,0.14438919769986036
0.0298,-0.5644536293116005,0.011082037626254149,-0.1579753999634974
0.02985,-0.8601603423853916,-0.3124605487968122,-0.6085631042622914
0.029900000000000003,-1.1417293748043207,-0.6560179586796924,-1.0734879662151755
0.02995,-0.9436911860326465,-0.6756040622598256,-1.0421126832281047
0.030000000000000002,-1.101901215406759,-0.8743411915649979,-1.38154926349549
0.03005,-1.2585370046817665,-1.1806251900355118,-1.7848566247957987
0.030100000000000002,-1.130976736342486,-1.2455704150792943,-1.8401345641355773
0.03015,-0.36421852947322364,-0.7753817043721849,-1.125238466534352
0.0302,-0.2348052990970615,-0.6214432447119336,-1.0243261640114092
0.030250000000000003,0.013911945750116672,-0.47606667315030293,-0.7744036352484969
0.0303,0.08649321897145512,-0.3852375224278184,-0.6933915624784746
0.030350000000000002,0.30249136815093536,-0.22170362155246615,-0.43730963048311366
0.0304,-0.08200988888116001,-0.44463995471488005,-0.8339272133633422
0.03045,-0.17845921341516657,-0.5788819302013373,-0.9503855692520133
0.030500000000000003,-0.07530615742262725,-0.5083635045216148,-0.8544434158469194
0.03055,-0.05953995624714281,-0.49083767731701755,-0.8442358794960949
0.030600000000000002,-0.09355240002942722,-0.5193646170152562,-0.8874694531937521
0.03065,-0.25111108831616136,-0.644344157077807,-1.076184122900898
0.0307,-0.2788537538022169,-0.7051694534846167,-1.139799258596737
0.030750000000000003,-0.4143604492545343,-0.8467173419105372,-1.3617684884554038
0.0308,-0.9721233295311347,-1.3416302553127633,-2.0895584470752286
0.030850000000000002,-1.1398583339343968,-1.6445191252737086,-2.44056220118674
0.0309,-0.8284357307090282,-1.5503020825491198,-2.278829731099755
0.030950000000000002,-0.29582872935595894,-1.20152231533433,-1.7851019303137576
0.031,0.24628389206520573,-0.7761665519516043,-1.2126284591504994
0.03105,0.2591905700770738,-0.6922354686669205,-1.1672179028754357
0.031100000000000003,0.45211118070896106,-0.5156248871103841,-0.8772429429137691
0.03115,0.6352953377633028,-0.2836666814846893,-0.5827875657690988
0.031200000000000002,0.3828592672405051,-0.38779999745832683,-0.7796017960031829
0.03125,-0.11140520190473069,-0.745276416090471,-1.285157985834175
0.0313,-0.0786441572711194,-0.7778502907848424,-1.2599676769164283
0.03135,-0.518841273918035,-1.0938550445950774,-1.7852519172223342
0.031400000000000004,-0.5167375624455488,-1.216028770329899,-1.8677617092342826
0.03145,-0.2659503631017408,-1.06653271811056,-1.665363009025282
0.0315,-0.585952767924308,-1.3152325138204297,-2.085613556051122
0.03155,-0.48321708109826034,-1.3534621587898243,-2.0599909741069844
0.0316,-0.07919551045703699,-1.069631405982733,-1.6635999141190645
0.031650000000000005,0.04353579193898405,-0.9441140158836383,-1.5369083398746763
0.0317,0.19692150932842978,-0.8261920374231266,-1.3608486526515726
0.03175,0.42630068470874605,-0.6125663188411306,-1.0667731845936856
0.0318,0.7859701481513603,-0.2281288197114435,-0.5190490026466872
0.03185,0.7190295140741725,-0.12988828718916956,-0.45685445426066806
0.031900000000000005,0.9453264186254096,0.11199800694506301,-0.06369217030839991
0.03195,0.7971280073778786,0.16191787069549157,-0.0676840289122751
0.032,0.5524786972278601,0.044231850126141836,-0.21964880640850026
0.03205,0.5685228440927688,0.1046402221787055,-0.10729143121117346
0.032100000000000004,0.349324950351356,0.012405918886027933,-0.277566808153324
0.032150000000000005,0.16266244182222955,-0.11847413272709773,-0.4378083749648809
0.0322,-0.007556933469693661,-0.23865697921616125,-0.60867557728767
0.03225,-0.5943916100603897,-0.7005247015519345,-1.2976582796264218
0.0323,-0.4717270763843313,-0.7461427695283955,-1.2495621864091255
0.032350000000000004,-0.7155840116288701,-0.9508556309841794,-1.621849166210537
0.0324,-0.6240309829214326,-1.0168294944257443,-1.639072609777923
0.03245,-0.14740074001963777,-0.6979933384975432,-1.1782271128823574
0.0325,-0.2474774125260204,-0.7386759086487658,-1.3224652132597399
0.03255,-0.3492561150971305,-0.8693099407041078,-1.4731529843290625
0.032600000000000004,0.0777006493859922,-0.5922126796315332,-1.0387275509472502
0.03265,0.23292326264381735,-0.4162878737718554,-0.8553048035278721
0.0327,0.47346976254284634,-0.2081855453193704,-0.5398049623335961
0.03275,0.33412025467547224,-0.2300779413202072,-0.6331707017170949
0.0328,0.49888228158826564,-0.09566555706359736,-0.38780267899997334
0.032850000000000004,0.2574989496442903,-0.18238252300137603,-0.5827471087634599
0.0329,0.060063447112479906,-0.34345040721986386,-0.7745703316295511
0.03295,0.2309337729527563,-0.2244460376820019,-0.5758165600573477
0.033,0.05758333826130624,-0.304158414310173,-0.743807971034002
0.03305,0.27380026665543333,-0.17155659965076708,-0.49259613972729177
0.033100000000000004,0.8676933655939756,0.3551110663580239,0.25735422216687454
0.03315,0.3220570598159398,0.10758793151091695,-0.2445832919841422
0.0332,0.09292998772647465,-0.12091781915112065,-0.45980057709192224
0.03325,0.3945066591983526,0.11651235214830713,-0.10020996241880553
0.0333,0.32198975204222435,0.14017779574172984,-0.1290407088255776
0.033350000000000005,0.5924407792713318,0.3616589326810207,0.24311953052786706
0.0334,0.2646366076535358,0.2227806572125779,-0.051260230436023235
0.03345,0.33576754423806676,0.2433237735167335,0.06616973683396665
0.0335,0.2707806079553414,0.2565497837828481,0.03565720977845643
0.03355,0.27829820728247867,0.27820086312192593,0.09445870596541894
0.033600000000000005,0.34715829237079276,0.365905215815431,0.21181862895184977
0.03365,-0.010747065190420457,0.14301585345926782,-0.1470129362113486
0.0337,-0.2874188645531248,-0.10801235184486124,-0.4610630459757932
0.03375,0.14268286651896922,0.1580084485787534,-0.015789953750800834
0.033800000000000004,0.2219387916359743,0.28841241440777665,0.08993403617622242
0.033850000000000005,0.24082411382313396,0.30985879835068353,0.13829011228494892
0.0339,0.20753882422017256,0.3194441691401906,0.1404672233141646
0.03395,0.2941303084319813,0.39643060944645825,0.2656330250152976
0.034,-0.0412897961973151,0.1926088059583435,-0.07352929315580603
0.034050000000000004,-0.29377125920100156,-0.043511280898535176,-0.36452073509698124
0.0341,0.11115603476404345,0.2063161438305734,0.05166866720180785
0.03415,0.1563380660012399,0.30386592598552653,0.11381782289977593
0.0342,0.37837683574034564,0.4690398653712542,0.3905664643078488
0.03425,0.17860382266958652,0.39624647638061106,0.22033678127846912
0.034300000000000004,0.5294782584816264,0.6437392950008949,0.6586966999152573
0.03435,0.5573903630645347,0.78659102766008,0.7804044473353962
0.0344,0.6142431236877499,0.8816326284325662,0.9438539205812067
0.03445,0.677879829431367,1.0210205927016105,1.1280206998646598
0.0345,0.39151171797466056,0.884692996846022,0.8990484107937249
0.034550000000000004,-0.14949367857132145,0.48886482901866835,0.34198377733459395
0.0346,-0.3852526416357449,0.2274683165075082,0.027729458102452753
0.03465,0.11883815175024282,0.5415720156915071,0.5440046977346071
0.0347,0.4615292696755837,0.8782656873404093,0.9590200546306065
0.03475,0.3262456460316514,0.8435108646055269,0.8682238474757984
0.034800000000000005,0.22274565215803754,0.7708410156931578,0.7913177779603622
0.03485,0.48023779245989573,0.9820027384736605,1.1252616851652348
0.0349,0.3876436747274017,0.9977966697934271,1.0892681522319982
0.03495,0.0039501965742232414,0.7281570671823552,0.7061059177995741
0.035,0.35762409226193625,0.9466422742998084,1.1103330950807777
0.035050000000000005,0.4500162134297465,1.1126471362627832,1.2725339333205028
0.0351,-0.2720877526698722,0.6179701897068774,0.5157306055995754
0.03515,-0.3109043818302677,0.4717893338385757,0.43528982897153234
0.0352,-0.22425932757694866,0.5315513260916269,0.4951042590865704
0.035250000000000004,-0.05564693438587476,0.6350320336250945,0.6585540417276494
0.035300000000000005,0.005966744879199126,0.6938031588538909,0.7209721176961246
0.03535,-0.15650702504374614,0.5763709548279579,0.5415086128208824
0.0354,-0.15901092304956777,0.539544443486978,0.5216787796561597
0.03545,-0.0483654831037299,0.6119474574774237,0.6278898545829499
0.035500000000000004,-0.10446030084555957,0.5783290710964266,0.56132109625662
0.03555,-0.1823622756387948,0.5008748518892077,0.46285627777060334
0.0356,0.19529795562317176,0.7499791702133098,0.8629515215465133
0.03565,-0.06948736472642025,0.6222415077979555,0.5880528069294346
0.0357,-0.14552412162129436,0.5090876719608808,0.4964761791658461
0.035750000000000004,-0.6409044257390146,0.12190796331328535,-0.11141140718937592
0.0358,-0.39997247109593204,0.16160546901965134,0.0703732596175719
0.03585,-0.11791623001264817,0.38509889851408374,0.34035676578677965
0.0359,0.0605172723945806,0.5187536753844366,0.5244490964806445
0.03595,0.3154783267588499,0.7264726135590642,0.8218806894186237
0.036000000000000004,0.3874048553052667,0.8525147737106469,0.9728847473731861
0.03605,0.44051555653789265,0.9359166206928506,1.0937442548747427
0.0361,0.5170422452964907,1.0494240013341258,1.2549530256832124
0.03615,0.39298700498785877,1.0190563365405847,1.1885978316480355
0.0362,0.6573950628275043,1.248201852783847,1.5691200867935446
0.036250000000000004,0.4879306486010755,1.2372091867483768,1.477817118929579
0.0363,0.05009373502054082,0.9242844077917063,1.044585947769047
0.03635,0.2759536879547255,1.0571570718581853,1.3211757913743085
0.0364,0.7287215363756836,1.4804095011036438,1.9050458296008053
0.03645,0.39213974580132493,1.3504335130677418,1.6259893076583083
0.036500000000000005,0.33121711653903674,1.28284537803051,1.6104967161449153
0.03655,0.12371562827078364,1.170157430680728,1.415775344517975
0.0366,0.02076567894878778,1.0714349040691857,1.314645006450153
0.03665,0.04638499596364554,1.0855949658802189,1.3445034204393274
0.0367,-0.26984420057236846,0.8506180120596909,0.978978656941873
0.036750000000000005,-0.2997829035953714,0.7566066760098593,0.9094474949996609
0.0368,-0.625108278147783,0.48156395281453435,0.47510638442852837
0.03685,-0.6658902354438148,0.3213392936852788,0.3163695922668168
0.0369,-0.8595228562622435,0.09549985121576654,-0.032043470788000405
0.036950000000000004,-0.996315917433531,-0.14766924732728626,-0.34146503724826793
0.037000000000000005,-1.3221822744615928,-0.5012135074821398,-0.8537662344203056
0.03705,-0.7520591707815356,-0.3028029620417527,-0.46371883602019537
0.0371,-0.4993585239571239,-0.12341454521471995,-0.29173074555121303
0.03715,-0.9100526733608287,-0.49563649899068807,-0.8646804324420927
0.037200000000000004,-0.9146804201999768,-0.6721245910939988,-1.032197354282733
0.03725,-0.9387511886174771,-0.7891107020334278,-1.2223127086105041
0.0373,-0.9658485398948784,-0.9384306843545307,-1.4187232193586734
0.03735,-1.2086567912100676,-1.2279582764743306,-1.8472056185966679
0.0374,-0.7756726804900325,-1.1119229651867144,-1.5999027382977733
0.037450000000000004,-0.7467926807215086,-1.1298922692813544,-1.7057241703555652
0.0375,-0.505316601477654,-1.0531299737956452,-1.546295422374624
0.03755,-0.2900501253547034,-0.9053702707510869,-1.3688744861887976
0.0376,0.13387121232571175,-0.6084407147680881,-0.9309075460950673
0.03765,-0.3571277692563726,-0.9064232927697908,-1.4723617648249894
0.037700000000000004,0.1730742161527683,-0.6330645140055324,-0.9229064090230459
0.03775,0.4747838411846441,-0.27211875612534264,-0.5176746785880972
0.0378,0.569816326784391,-0.13173198852033607,-0.32603659470831303
0.03785,1.1342806707205781,0.369595961954829,0.4214294452683305
0.0379,1.0364944241776275,0.505064756009233,0.500065430681186
0.037950000000000005,1.1220197840669819,0.6562166450457241,0.767965788398012
0.038,0.7715576454245561,0.5581582973052583,0.5569821271001807
0.03805,0.9661618843999182,0.7515157219869977,0.9209355599423468
0.0381,0.834719334467044,0.8516489727050427,0.9881657623414846
0.03815,0.6069447077266901,0.7573913183865333,0.8653561779512806
0.038200000000000005,1.0919466635296065,1.1743488193975224,1.530960267439868
0.03825,0.859331505197563,1.2063769866498788,1.4530953395184874
0.0383,0.7436731762614759,1.1749936244995993,1.4715237127493346
0.03835,0.5962506334582471,1.1587503992667187,1.4266671212349742
0.038400000000000004,0.33400700547782236,1.004382867168772,1.2103856161229611
0.038450000000000005,0.4237438630147423,1.0942051122805179,1.3891931503881985
0.0385,0.5695880938202382,1.2775624086197865,1.6315913943273141
0.03855,0.592389944526813,1.3735432483482324,1.7560910192545265
0.0386,-0.1059472199557181,0.9200264234616391,1.0471061481821273
0.038650000000000004,0.1965888793505446,1.036986533318606,1.3722671879899373
0.038700000000000005,0.09534948059153336,1.0463967366316353,1.2804526740015643
0.03875,-0.23398219428110778,0.775707712967229,0.9227517674034367
0.0388,-0.029042234807434397,0.8719411791078251,1.1236657860091146
0.03885,0.14410403275113914,1.026863652074013,1.312167402603297
0.038900000000000004,-0.14494501506107227,0.8377931185293743,1.0076538125009105
0.03895,0.5399456929097148,1.2945194346212325,1.7823946149176102
0.039,0.16602216723387642,1.1708997680027142,1.4267496318003836
0.03905,-0.3090208306163209,0.751464315263739,0.9104292093662991
0.0391,-0.5544995181186714,0.4957999592302329,0.5718088388103215
0.039150000000000004,-0.08930007495075643,0.7567035407162273,1.0236995298409433
0.0392,-0.11576645081728643,0.7957935274101366,0.9854198278535637
0.03925,-0.192285207590988,0.7018917578064858,0.8869071274579632
0.0393,-0.17599720794207308,0.6952905455090814,0.8835327938836652
0.03935,-0.30323031034282977,0.5854652377576901,0.7160814732606902
0.039400000000000004,-0.4332482335742718,0.4362080822130494,0.5198799406158692
0.03945,-0.5273801597214813,0.30101374632842415,0.3387360217757589
0.0395,-0.24967387415133402,0.43427692789002137,0.5717849236044419
0.03955,0.07241042120561048,0.6799897084358832,0.9007708154990901
0.0396,-0.21100840233205886,0.5073159705065784,0.592567459357241
0.039650000000000005,-0.11065527095222905,0.5154425471636497,0.6817179344555182
0.0397,0.1330844107615725,0.7082043101414399,0.9394039541335708
0.03975,-0.16514488162871999,0.5237085058565807,0.6230162190106832
0.0398,-0.26947380091211137,0.3859294739443939,0.48443723743877953
0.039850000000000003,-0.4702311393517693,0.18838349001536336,0.1814615661503094
0.039900000000000005,-0.7212735691944694,-0.09516079527706012,-0.19917366721897523
0.03995,-0.5762376042011574,-0.09841312257950818,-0.15219400569677077
0.04,-0.6680912021124392,-0.2162812286824547,-0.36247721727865034
0.04005,-0.3995652454555927,-0.11244807356666442,-0.15301387808563405
0.040100000000000004,-0.34484063001288945,-0.07071534933343848,-0.14633838658109966
0.040150000000000005,-0.1819524388378806,0.00927737740540202,-0.003954645409972812
0.0402,-0.21824108248809182,-0.016741289287171668,-0.07797695537011506
0.04025,-0.3486795730540351,-0.14926139057577714,-0.2572119264260042
0.0403,-0.3178889597975534,-0.17284956623727155,-0.2693404354124578
0.040350000000000004,-0.26946606307256715,-0.1589907764986478,-0.25516627420903504
0.040400000000000005,-0.4093476961749474,-0.2880828561739701,-0.45615454478797623
0.04045,-0.23426182834661802,-0.2173441311946398,-0.3094826247091813
0.0405,0.009805529860230422,-0.03168556571475989,-0.06457152460037818
0.04055,0.06468434412903079,0.03067798324776838,-0.00033248500355753663
0.040600000000000004,0.5208834665163167,0.3811797771750314,0.5414137752723747
0.04065,0.3023978328207093,0.33133204041078024,0.36299491942471995
0.0407,0.41552085442156894,0.39839921924573574,0.5385249483346097
0.04075,0.27120129832686146,0.36385438587102215,0.4287521402479886
0.0408,0.31631417095877623,0.3927484126130736,0.5164908947908735
0.040850000000000004,0.07052745115709413,0.25732427069433683,0.2774060604277544
0.0409,0.35748257433775166,0.45131314215447205,0.6354546841095612
0.04095,0.3735044454533796,0.5519847391952872,0.7052007155830093
0.041,0.6423942526967288,0.7855469793634704,1.0869253704956137
0.04105,0.2400655290072713,0.5933159995575021,0.7139445081905631
0.041100000000000005,0.09489234806227032,0.43995333131008607,0.5781442831526267
0.04115,-0.147604243838936,0.27747342879097303,0.31983631981332117
0.0412,-0.2621914526585112,0.1474759664648353,0.17223918773296987
0.04125,-0.3816025840938533,0.013514671401638978,-0.024682649392975264
0.0413,-0.3532157087176273,-0.02233399713000317,-0.04598051336212983
0.041350000000000005,-0.3026838071677407,-0.01042500116657763,-0.035567388937927547
0.0414,-0.2659160522258759,-0.008887659641331425,-0.03244169766965044
0.04145,-0.36811253766066265,-0.10832073467158665,-0.18727845940166254
0.0415,-0.2619040805673567,-0.07996110233210629,-0.11403133905118423
0.041550000000000004,0.020793927747408958,0.11986939916657491,0.17048884095733463
0.041600000000000005,-0.2054670855533196,-0.019761282956807236,-0.09080000115591602
0.04165,-0.17057968606560792,-0.05193901680370416,-0.07481923177862271
0.0417,-0.16013393252018204,-0.039418232113046514,-0.0818508842631811
0.04175,-0.0005918743583688268,0.056927858476363724,0.07764102080227353
0.041800000000000004,-0.004135835867110416,0.0762840461250871,0.0737445254710245
0.041850000000000005,0.006230155383120106,0.07488116010373069,0.08464342517092227
0.0419,-0.25116192133489257,-0.10752022041924292,-0.20391304678727806
0.04195,-0.19577424843166114,-0.12979275636654286,-0.18154204806691787
0.042,-0.4032524006377507,-0.28632979592342167,-0.44885079066138545
0.042050000000000004,-0.20530262955353962,-0.21153239279163216,-0.27482264822910807
0.042100000000000005,-0.19839157215355385,-0.18627861314666205,-0.29080269262750846
0.04215,-0.15381635325800502,-0.181913242918192,-0.26285827437508935
0.0422,-0.360566245556047,-0.3395270905607184,-0.5207439824595799
0.04225,-0.08935682700037262,-0.20371501033758044,-0.25828403971100045
0.042300000000000004,0.12029161988397163,-0.011125864025022025,-0.03003708245511305
0.04235,0.3511969712750922,0.18240425999265497,0.2501570146523342
0.0424,0.8911327675285285,0.6638911801803999,0.9496680775722961
0.04245,0.7545078265365195,0.7372757281868054,0.94925269486464
0.0425,0.9698839253949405,0.9573037058291014,1.3344029368227908
0.042550000000000004,0.80241943383405,0.9968570085567237,1.3120960096407295
0.0426,0.7952455102535758,1.059521519002768,1.448787989437415
0.04265,0.744802313704124,1.1637943716963832,1.5766538168319997
0.0427,0.713696863640223,1.2300181075829926,1.673590925544163
0.04275,0.7887980616064478,1.3765408965483044,1.8913822272573206
0.042800000000000005,0.606363308134954,1.345849176127615,1.8137823258699495
0.04285,0.5438944966227215,1.342312979746616,1.8420564182257522
0.0429,0.6167790199959597,1.4643876656991566,2.0221033792375884
0.04295,0.9964340373292409,1.8356033924972852,2.5743990157548833
0.043000000000000003,0.6108681243202874,1.734729513880108,2.3315051559268696
0.043050000000000005,0.06588292704880772,1.3300374322065416,1.792733994635455
0.0431,-0.061284704446178395,1.1919327676729257,1.6598286742971542
0.04315,-0.016530510347692484,1.2169668225591987,1.7031444877470072
0.0432,0.048452136700877446,1.2633464974450703,1.7725700708412102
0.043250000000000004,0.08428403434574605,1.2947952209044633,1.8165887110521357
0.043300000000000005,0.40327161423903135,1.5387346391623957,2.1954108910498356
0.04335,0.5836875292090706,1.7835069052423407,2.5107642006901987
0.0434,0.5027895123147772,1.8014527409528487,2.5113470150637784
0.04345,0.3292846562528098,1.7051962952122395,2.3829049449262047
0.043500000000000004,0.21359002857804832,1.6286371566654019,2.292388869342531
0.043550000000000005,0.10891646807088762,1.5567225296136495,2.1987121658406767
0.0436,0.050699785105136286,1.5082852078299283,2.145161539048523
0.04365,-0.3644788409441926,1.1987205691336964,1.678068905748276
0.0437,-0.40612169520881025,1.0575043026324593,1.5522382770899235
0.043750000000000004,-0.4508589094366471,0.98454409290051,1.4375089183183611
0.0438,-0.42806394050290564,0.938675165306158,1.3952309785987218
0.04385,-0.4258297665093487,0.8958916941302029,1.3328693435044805
0.0439,-0.18314274471570968,1.0288760517380844,1.5548821635599008
0.04395,-0.2924642269798028,0.9605724664328257,1.4072845738463649
0.044000000000000004,-0.3603131349838016,0.8521455755258724,1.2883500544991122
0.04405,-0.15355061602289943,0.9626843493946886,1.4704321382839822
0.0441,-0.1886220667425036,0.94735330584707,1.413898911317018
0.04415,-0.09686536543524937,0.9822179291076303,1.4960580454976995
0.0442,0.11286205896084844,1.1377326154267013,1.7172507377785937
0.044250000000000005,0.23032673887284716,1.2500016236572833,1.8625024972300643
0.0443,0.28575083413298685,1.3163053201616286,1.9550098348023006
0.04435,0.21565612988974792,1.2914002871554082,1.910410630314166
0.0444,0.3670772073587969,1.4247227970208556,2.1354587278880626
0.04445,0.3813619844348253,1.4960903958472613,2.2050601741984845
0.044500000000000005,0.21646169288052164,1.399512466089222,2.065779346343909
0.04455,0.1674033810767117,1.3592071602171458,2.0351891889539235
0.0446,-0.17177889444908878,1.125737687524829,1.6769338545573618
0.04465,-0.3934674709245485,0.8970105601824176,1.3974460449662978
0.044700000000000004,-0.8094095392553342,0.5123839534096266,0.8351049834414788
0.044750000000000005,-0.8091959049278099,0.32343722427270194,0.6420753639986341
0.0448,-0.3369519685585072,0.5957281323080323,1.0677931171557447
0.04485,-0.4271972548249181,0.5468286946490295,0.9126601126319169
0.0449,-0.1531707831445317,0.6737926344658955,1.170141541421625
0.044950000000000004,-0.12551951200396871,0.7262417517800603,1.1847904063001593
0.045000000000000005,-0.28748807305271207,0.5813206965030737,0.9854312733010921
0.04505,0.12600644673628203,0.8354979824337683,1.4119883877274617
0.0451,0.27090646647681993,1.018099755497044,1.6064323893056738
0.04515,-0.22434138433706075,0.6809011383307713,1.084341060939554
0.045200000000000004,0.10100236950730057,0.8301440587169857,1.4197574291430897
0.045250000000000005,-0.1913856757962531,0.688978114605856,1.1055065396503316
0.0453,-0.20623504675810977,0.6005057942622987,1.0665952749420278
0.04535,0.013420638133627705,0.758098216986264,1.2874127307139709
0.0454,-0.057568235571569204,0.7278748364513046,1.2110663696709274
0.045450000000000004,0.25563976634218477,0.9408774244727471,1.5702879339821916
0.0455,0.43787514611652156,1.1494122747972337,1.8197023586276106
0.04555,-0.028028896049951513,0.856542720866706,1.3513126436993357
0.0456,-0.14224275939954012,0.7081383577383065,1.2219842599598287
0.04565,-0.03664283185034378,0.7780708061018231,1.3242882986724567
0.045700000000000005,-0.1775741576329697,0.6824017736031429,1.1634728096686473
0.04575,-0.2044665478929879,0.6241261394432023,1.1127843154136414
0.0458,0.04970901282752038,0.7930463943959296,1.3740246568126686
0.04585,0.1469432648469322,0.8951578789025341,1.4869838515928286
0.0459,-0.10897340553019319,0.7229434640385932,1.2200636009054087
0.045950000000000005,-0.03638985596222,0.7316800521036946,1.2893753725145025
0.046,-0.18736697275523184,0.6386762379867061,1.1171177747606755
0.04605,-0.47043690904527224,0.3775322342729428,0.7597640990812273
0.0461,-0.680553350647596,0.1283825791265265,0.4285471625156916
0.046150000000000004,-0.47357492413729574,0.16620207216244864,0.53234990531619
0.046200000000000005,-0.40607690848231215,0.19320321526043926,0.5394270167233692
0.04625,-0.34133180346223213,0.19668157574118972,0.5568025344224043
0.0463,-0.5788595035097526,-0.01641080032404929,0.22062659821702546
0.04635,-0.5316432832402533,-0.08575409894780606,0.17986855522011425
0.046400000000000004,-0.7075660736996987,-0.2709507213923601,-0.12283187559991937
0.046450000000000005,-0.826840040833801,-0.4845689955380621,-0.3915249779216694
0.0465,-0.6959147876492757,-0.524507621783874,-0.4265106007797925
0.04655,-0.9388481277873169,-0.7848836806534365,-0.8355007564181669
0.0466,-0.6116572636963813,-0.6908821720675036,-0.614329072621878
0.046650000000000004,0.15123063826005279,-0.14026135011187613,0.1648469830185757
0.046700000000000005,0.2729486168266604,0.04143552662648986,0.32141277179292516
0.04675,-0.02894209152340821,-0.16420804924059418,0.01695154428027479
0.0468,-0.08790046539065166,-0.2417717561838426,-0.050593906283600276
0.04685,-0.4525344042224937,-0.5356265018200759,-0.5124023000819715
0.046900000000000004,-0.47701612117797865,-0.657009579509662,-0.6126218153143519
0.046950000000000006,-0.2710440806438523,-0.5362160871215931,-0.44116948217192586
0.047,-0.06796433884343678,-0.3893060754085127,-0.24452156715556583
0.04705,-0.3247871233979822,-0.5648092023526843,-0.5455565786136951
0.0471,-0.19486988311322762,-0.5370120006642978,-0.43801149431205744
0.047150000000000004,0.1585845131886643,-0.267465181968646,-0.06728856586259013
0.0472,0.5793948831418785,0.1272346812466374,0.48722902558257175
0.04725,0.33399951836675434,0.05382714876723682,0.2877943527731759
0.0473,0.07700608331425762,-0.151739079835032,0.03819463003060264
0.04735,0.09951807302522298,-0.14560470806798165,0.07060815696065781
0.047400000000000005,-0.6657642051685109,-0.7063781801939744,-0.8126017428308536
0.04745,-0.6899821954552969,-0.9115731162136385,-0.9599201624245204
0.0475,-0.6442258862727233,-0.9312626486606561,-1.0274009761411946
0.04755,-0.6233498570155334,-1.0252142340966905,-1.152710090051869
0.0476,-0.9290823387625728,-1.3360560405178017,-1.6232480596979588
0.047650000000000005,-0.8375397201582988,-1.4251560007129234,-1.6829237984416894
0.0477,-0.8994743768567126,-1.5530271325122271,-1.9056331379310745
0.04775,-0.557418591728494,-1.419636469891305,-1.6573793813019693
0.0478,-0.6987398404513776,-1.5457610802570585,-1.9236413614075163
0.047850000000000004,-0.6542759861682459,-1.6344736593672335,-1.994612791782556
0.047900000000000005,-0.5770485704770607,-1.6577774177015758,-2.0504193785149214
0.04795,-0.33998721432665846,-1.5398137830407492,-1.8604681170144133
0.048,-0.9397024720699942,-2.003217137455972,-2.6263478057779963
0.04805,-0.8718663111373228,-2.1584766228115058,-2.7152110207678284
0.048100000000000004,-0.5343682949677397,-1.9658092571327446,-2.466302716496126
0.048150000000000005,-0.5398658548408832,-1.9998446175011502,-2.5616323231593867
0.0482,-0.841114484963688,-2.3059741134242193,-3.0146909736081087
0.04825,-0.5887546891222648,-2.2732568933522543,-2.898718020508656
0.0483,-0.40871144808537885,-2.1581050266340824,-2.779647846228249
0.048350000000000004,-0.41396472614526125,-2.1915975044930587,-2.8469795886621423
0.048400000000000006,-0.641642203717538,-2.4145390278890684,3.095858704875398
0.04845,-0.7233125635135131,-2.5827166742768872,2.884180870644342
0.0485,-0.6824276879402369,-2.6396879445557593,2.8035662092962816
0.04855,-0.792195196213406,-2.8008933382161914,2.5504873260695966
0.048600000000000004,-1.3064809542090856,0.866428421604482,1.9767043529705006
0.048650000000000006,-1.5269425091662123,1.4352727444066957,1.756242798013374
0.0487,-1.5301898110578627,1.1511768391912938,1.7529954961217236
0.04875,-1.670148280607691,1.1544559716686518,1.6130370265718952
0.0488,-1.6776410287454437,1.0948646717754738,1.6055442784341425
0.048850000000000005,-1.6362502322158194,1.1354581607609084,1.6469350749637668
0.0489,-1.345295372383882,1.3191522252097636,1.9378899347957041
0.04895,-0.653017783572512,1.7986282170651489,2.6301675236070743
0.049,-0.412655170881127,2.0211885109301173,2.870530136298459
0.04905,-0.8280732801377049,1.7509744698958931,2.4551120270418814
0.049100000000000005,-1.6280421347051313,1.176369268087928,1.655143172474455
0.04915,-1.6413338694641393,1.0842000518954462,1.641851437715447
0.0492,-1.603709798464795,1.1317755200551565,1.6794755087147912
0.04925,-1.9446946307300266,0.9034892273254682,1.3384906764495597
0.049300000000000004,-1.8454733420364837,0.9245277340747551,1.4377119651431025
0.049350000000000005,-2.065214307862818,0.8062409328951334,1.2179709993167682
0.0494,-1.9258875369837316,0.8575121055250925,1.3572977701958546
0.04945,-2.010113005812988,0.8304918636264875,1.2730723013665983
0.0495,-1.8723848171956003,0.8961204765930857,1.4108004899839859
0.049550000000000004,-2.3918343137152673,0.5822064714127846,0.8913509934643189
0.049600000000000005,-2.510734809599004,0.43113050321746194,0.7724504975805826
0.04965,-2.540645524966318,0.4213450743863625,0.7425397822132682
0.0497,-2.9623712702001708,0.14018101238007308,0.3208140369794159
0.04975,-2.368789203022355,0.4738777145977746,0.9143961041572313
0.049800000000000004,-2.5190976024178173,0.4658428554659553,0.7640877047617693
0.049850000000000005,-2.0766710810744193,0.6999912777396515,1.206514226105167
0.0499,-2.2649148193233186,0.6484831923942993,1.0182704878562676
0.04995,-2.3198075436936767,0.5625710811652289,0.9633777634859095
0.05,-1.9406440466731976,0.8161172013163469,1.3425412605063887
0.050050000000000004,-1.8316618458728309,0.9272213161323952,1.4515234613067554
0.050100000000000006,-1.7569935787962043,0.9710054614938777,1.526191728383382
0.05015,-1.6596415055316234,1.0408203215771215,1.6235438016479629
0.0502,-2.063341294872295,0.7855050009902076,1.2198440123072913
0.05025,-2.1672254737285144,0.6633192373813142,1.1159598334510719
0.050300000000000004,-2.44514442515551,0.48753587247338537,0.8380408820240763
0.050350000000000006,-2.3688308630096104,0.49913683484806937,0.9143544441699758
0.0504,-2.52012924451612,0.42205094297539736,0.7630560626634666
0.05045,-2.517947343975976,0.3957978755805853,0.7652379632036097
0.0505,-2.525968044001197,0.3989855506392046,0.7572172631783891
0.050550000000000005,-2.521425716608727,0.3964010206528399,0.7617595905708598
0.0506,-2.516385050703679,0.4005660868274812,0.7668002564759067
0.05065,-2.700955869418298,0.28003753349616956,0.582229437761288
0.0507,-3.008824669433329,0.05761934566831828,0.27436063774625774
0.05075,2.3145844008959315,-0.09412712065892093,0.08611253452790946
0.050800000000000005,1.9944393787010046,0.1161294101208532,0.4307806385666506
0.05085,1.593760704647738,0.24706032475007778,0.5613555327292961
0.0509,1.3422470977316543,0.3725002279315337,0.7572576250570968
0.05095,1.33620185134399,0.6794955627106702,1.196612995784097
0.051000000000000004,0.8384563397476712,0.49934535017318993,0.8502380068237412
0.051050000000000005,0.8159997745074516,0.5504507706498094,1.0225003498969896
0.0511,0.4350840232128599,0.38759176845022614,0.7081626997022461
0.05115,0.3072078430191354,0.27686613845978236,0.6212312196429011
0.0512,0.41027500911588666,0.390268762986941,0.7855998521585561
0.051250000000000004,0.780438760959945,0.7368512442518163,1.296908603738819
0.051300000000000005,0.47969275065712047,0.6465858667344886,1.0724934843104812
0.05135,0.40591205059202684,0.5883943969829408,1.0590991861436754
0.0514,0.6288565621018383,0.8411728845466886,1.4297695500709509
0.05145,0.168567879491611,0.5937578810716335,0.9881093818602658
0.051500000000000004,0.2623987926262443,0.6053588786784343,1.1149852902016857
0.051550000000000006,0.16528796356726216,0.5922930626778595,1.0360524740360848
0.0516,-0.0817716006406366,0.402159406604917,0.7810818335338068
0.05165,-0.019356119008711925,0.41708509851895625,0.8418051680395755
0.0517,0.16135087649447044,0.5595794001914776,1.0401541884103054
0.051750000000000004,-0.08959634828475727,0.4061493004781891,0.7758493375482383
0.051800000000000006,0.039224661772427005,0.4512257302538396,0.9082134085693463
0.05185,0.09838539987503969,0.5245017065142048,0.9771456140576902
0.0519,-0.23810906599756043,0.28475342020421346,0.6116193606308689
0.05195,0.2272007820523303,0.5578134143188249,1.1042219864610834
0.052000000000000005,0.4972628933446197,0.8587197038821808,1.4545279030557738
0.05205,0.22243034022541774,0.7121807504497673,1.2062400639259723
0.0521,0.05081256285971225,0.567526205034067,1.041853512192512
0.05215,0.26898264193511245,0.7213589301092975,1.2941894752057976
0.0522,0.12023454917186438,0.6648391621197707,1.1577955656896854
0.052250000000000005,-0.37485137948282876,0.2795168891817563,0.6087135738085241
0.0523,-0.03408564298836492,0.43924531579695847,0.946426260808571
0.05235,-0.014430513190485161,0.5116717080296329,0.9648301034729148
0.0524,0.5047993611705897,0.8790672727426649,1.565991316931222
0.052450000000000004,0.515105399100162,1.038409460796979,1.6914409765046576
0.052500000000000005,0.5070185355312447,1.070418549501646,1.7657832543934529
0.05255,1.2192864858957346,1.6611738294016938,2.6639571520460983
0.0526,1.0083938017692837,1.738188139462478,2.6269021817132536
0.05265,0.6232854124019154,1.512693699047455,2.3504045970082945
0.052700000000000004,0.6048588663448302,1.5443938754348157,2.43647588444642
0.052750000000000005,0.8208480880023665,1.7926372586396209,2.800858345497158
0.0528,0.39714103946176804,1.6051952699011238,2.458876740311376
0.05285,0.12150433238497049,1.3747051805407615,2.1957491203048622
0.0529,0.24512231307501642,1.4571306845539702,2.349537758790193
0.052950000000000004,-0.6141683762319587,0.8523267757740003,1.383667041906298
0.053000000000000005,-0.790845570864402,0.515990616296623,1.0639248289993208
0.05305,-0.4591277112475103,0.6876428521987092,1.3238448244600525
0.0531,-0.5348493507954881,0.6095706606292559,1.159424799682677
0.05315,-0.8223836122979478,0.26449268119780056,0.6758056740384579
0.053200000000000004,-0.1933770719433019,0.6069724119751214,1.2826587741570012
0.053250000000000006,-0.5243680290414847,0.4274842035340951,0.8653352477443796
0.0533,-0.5721901936678622,0.24888501969815957,0.7203710283454008
0.05335,-0.5734772254764557,0.19588868362830159,0.6216511621782179
0.0534,-0.46020927992453897,0.20573849337586614,0.662884289138189
0.053450000000000004,-0.48126009787327906,0.15276650849047346,0.565154889856097
0.053500000000000006,-0.4061991593433234,0.1305806393363338,0.556006734931433
0.05355,-0.3280178537911804,0.1561712271188549,0.5893654196985381
0.0536,-0.29939678345909915,0.1512229890127963,0.5784638916146561
0.05365,-0.2276848300037959,0.17717992470595867,0.6228067385828471
0.053700000000000005,-0.7979478030072231,-0.278736627494113,-0.09181075591793908
0.05375,-0.553841115480616,-0.2705473998546921,0.059303192897377954
0.0538,-0.8208969152064971,-0.487827071507251,-0.35615425859417194
0.05385,-1.2249502205035094,-0.974781330998971,-1.0056021608141443
0.0539,-0.6669809643780091,-0.7436577304982905,-0.5658231358426691
0.053950000000000005,-0.8869589343587059,-0.9124506673401687,-0.9447658081780395
0.054,-0.6924176030342166,-0.9365341579433113,-0.8738383868928712
0.05405,-0.773953862078101,-1.0426018051482884,-1.0953052645982257
0.0541,-0.8185392125732482,-1.20322769004499,-1.2878850810721618
0.054150000000000004,-0.5599708412472002,-1.1035325510637048,-1.1236960651694723
0.054200000000000005,-0.699276507080997,-1.274282944101825,-1.42979108090456
0.05425,-0.49043817126080924,-1.2325000568631699,-1.299672855817584
0.0543,-0.3154020093009757,-1.1110061396533721,-1.1670930590135085
0.05435,0.052902892145532565,-0.8616005689291089,-0.7939019006425294
0.054400000000000004,-0.031771004058959385,-0.8713599133235981,-0.881410727804381
0.054450000000000005,0.27076406500461747,-0.6773805065276708,-0.5444040929573073
0.0545,0.6913358825088354,-0.2732147041540167,-0.0004462747999665062
0.05455,0.9715096618240358,0.10162467017721033,0.5023699945348952
0.0546,0.9946817580919554,0.2723886307208563,0.6980024186418343
0.054650000000000004,0.9776412775395968,0.379229319704101,0.8516034732222924
0.054700000000000006,1.4010946875959895,0.9693318226764092,1.7420884458106816
0.05475,1.5765571751295138,1.5234224384092103,2.4430699917207104
0.0548,1.1723110412025592,1.4268518298062478,2.2234279725080865
0.05485,1.2849830138661735,1.5713875784235443,2.522682074133323
0.054900000000000004,1.2395026465044108,1.7487817818393987,2.723190325180954
0.054950000000000006,1.0965039195510755,1.77435605036211,2.761084255488921
0.055,0.9875634327438281,1.8121228567917909,2.823858789554386
0.05505,0.9819119304073007,1.9205123070659242,2.989315812818745
0.0551,1.1040317558748987,2.1288488570280384,-2.990394341661463
0.055150000000000005,1.0126517722157207,2.2071659124310434,-2.9075244656969517
0.055200000000000006,0.9636200127865999,2.277466213012744,-2.7875005074385957
0.05525,1.1645081970623377,2.5719972364918915,-2.3444082347692934
0.0553,1.0968417629045497,2.6868635351977925,-2.231160788274998
0.05535,1.2350533007630187,2.793786075863486,-2.0481320064165676
0.055400000000000005,1.5547599354836175,3.0157786020069963,-1.7284253716959688
0.05545,2.071876214182904,-0.6869651667973251,-1.2113090929966823
0.0555,2.4642833038291254,-1.1528861671052688,-0.8189020033504608
0.05555,2.595795507856435,-0.762902907151247,-0.6873897993231513
0.055600000000000004,2.675302402437703,-0.7989547111974922,-0.6078829047418832
0.055650000000000005,2.3153664993593823,-0.9878319412216676,-0.9678188078202048
0.0557,2.4207370831589206,-0.97568175189123,-0.8624482240206657
0.05575,2.1180359916187665,-1.1346967919544184,-1.1651493155608197
0.0558,1.8193658817386114,-1.3733890137861202,-1.4638194254409749
0.055850000000000004,2.034778792777572,-1.2497309780167658,-1.2484065144020136
0.055900000000000005,2.0196097605965884,-1.222417042549253,-1.2635755465829988
0.05595,2.1802851005743786,-1.1286001434303756,-1.1029002066052076
0.056,2.003516632969239,-1.214877718628955,-1.2796686742103471
0.05605,2.3879918390000014,-0.9933190370008624,-0.8951934681795848
0.056100000000000004,2.447837575781321,-0.8936646313511929,-0.8353477313982651
0.056150000000000005,2.828175774700701,-0.6583245304277909,-0.4550095324788863
0.0562,3.0506286299133407,-0.4612373535401222,-0.23255667726624552
0.05625,3.1170677195794374,-0.4075947647879232,-0.16611758760014794
0.0563,2.9858687187651594,-0.48624016493493194,-0.2973165884144269
0.056350000000000004,3.0112494457463423,-0.48629301487889265,-0.2719358614332439
0.056400000000000006,-2.251522743665877,-0.3010871142872418,-0.002030324887837054
0.05645,-1.5162264320162802,-0.12173056761481149,0.2278571760896675
0.0565,-1.4006704355277986,-0.33051967138966987,-0.12347697259778556
0.05655,-0.9080952080844487,-0.1655270150634678,0.2071133422010547
0.056600000000000004,-0.8113210642501372,-0.13918075837813149,0.15715199260300494
0.056650000000000006,-0.44912195762356255,0.0064993316056281,0.42314429778788565
0.0567,-0.5544182139112248,-0.07959641753386748,0.22472475114165746
0.05675,-0.3027577235932526,0.018055900632464983,0.4362530199087651
0.0568,-0.4596824975415714,-0.08999306855060141,0.2074088584678826
0.056850000000000005,-0.35435377871982787,-0.09610992982138455,0.26282911194350334
0.056900000000000006,-0.375926877529114,-0.12314564032775621,0.18704251691734797
0.05695,-0.3906672218126701,-0.18620347900679945,0.11508026976807528
0.057,-0.45190466415797914,-0.2907938516096884,-0.04315292458848319
0.057050000000000003,-0.4199915410843005,-0.3287162358769766,-0.0745934386131637
0.057100000000000005,-0.7948591314357039,-0.6601892901259667,-0.5932568655131796
0.05715,-0.4419729877660217,-0.5390699402814523,-0.3084345387146179
0.0572,-0.11884399816457147,-0.27874790179632214,0.0025092953257654926
0.05725,-0.2138485949812754,-0.33757916896282225,-0.11771344030585063
0.057300000000000004,-0.5333604916032115,-0.621202447293081,-0.525587404769194
0.057350000000000005,-0.5817955463173412,-0.780313878814006,-0.7084179019263424
0.0574,-0.24501822997837763,-0.5874153996427633,-0.40179422293459943
0.05745,-0.0342116618095023,-0.41106084618595595,-0.19405262553357616
0.0575,-0.10067663505741642,-0.4478501264042123,-0.2705526084801324
0.057550000000000004,0.17146364176859485,-0.27186195073615593,0.020616928853218752
0.057600000000000005,-0.12020975344955431,-0.4268608913753802,-0.28340763000904445
0.05765,-0.25994851052016266,-0.5886635457464422,-0.45577780270022394
0.0577,-0.08580278892569027,-0.4857357297233307,-0.2943663580374256
0.05775,-0.09064620512842936,-0.47219777273038765,-0.3081035963498735
0.057800000000000004,-0.22835452249652022,-0.5865636182673359,-0.4732867515681125
0.057850000000000006,-0.8333465054646805,-1.0900630481101743,-1.2287970084217577
0.0579,-0.5250827226666956,-1.0306431370292515,-1.0070269645482828
0.05795,-0.35913972124158633,-0.8953499319148612,-0.8919370480020312
0.058,-0.7442958233208437,-1.2343499430457108,-1.411302775338969
0.058050000000000004,-0.44831175447388105,-1.1633361797723119,-1.2112960196526732
0.058100000000000006,-0.38164011976824064,-1.1062365743590696,-1.1999977017739738
0.05815,-0.2494490800267517,-1.0523960217330455,-1.0986880160685892
0.0582,0.05166861193233174,-0.8339735033107267,-0.7928076170629996
0.05825,-0.14437650260850354,-0.9366148877387683,-1.0042434323036034
0.058300000000000005,0.0824129964771867,-0.8192845688212103,-0.7694726735559279
0.058350000000000006,0.2731757997206987,-0.6291334872733394,-0.5438228448685507
0.0584,0.4314437880388091,-0.4530207008989535,-0.29433106324863445
0.05845,0.8039551577428199,-0.09093470419026062,0.2236120723073416
0.0585,0.8660853837701818,0.10476714316342317,0.44155032298903407
0.058550000000000005,0.6048911733305964,0.01090963283686186,0.2848611853439724
0.058600000000000006,0.9997238574990277,0.355679154860308,0.8526695910967117
0.05865,0.5772126128889319,0.22286437493706046,0.5284348037761859
0.0587,0.3931348009555631,0.07335558457616997,0.4020875432930673
0.058750000000000004,0.09799575008108263,-0.09995828168054999,0.12170522227814828
0.058800000000000005,0.0749803793793049,-0.14726465878997885,0.10586582433576552
0.05885,0.36992392917614225,0.08911168994005791,0.45381295651287346
0.0589,0.6660584494713859,0.39533020183327494,0.8679386290306788
0.05895,0.6990580623204963,0.5335888372963566,1.0259455176557708
0.059000000000000004,0.4564682276259333,0.42765884277151756,0.8545716356397364
0.059050000000000005,0.26818621617182714,0.3033957576320301,0.7003191756606597
0.0591,0.0859549815497953,0.18220694796836057,0.5308471238970611
0.05915,0.3459235965722858,0.36369437606499844,0.8390752827569461
0.0592,0.07603646133497932,0.23696067046174818,0.5764774749146451
0.059250000000000004,0.31480645288224096,0.37006120620791094,0.8575932863878304
0.059300000000000005,0.2837735085334536,0.42406957253675515,0.8632949344516341
0.05935,0.31071210470383903,0.44973457900217895,0.9318222349908503
0.0594,0.6713777199694881,0.7728898601686804,1.4116247374005795
0.05945,0.44587216748608327,0.7405035904272133,1.2814061031344472
0.059500000000000004,0.8229695568330548,1.043002797738641,1.8072614425412112
0.059550000000000006,0.3557875417660892,0.8476291164770178,1.3902702408321765
0.0596,0.10746846171272573,0.6132520858132935,1.1527773893751778
0.05965,-0.31837653629661133,0.3068281712720822,0.6839223291270145
0.0597,-0.45995092548246497,0.11079498392003018,0.47036973830730844
0.059750000000000004,-0.23652285758914715,0.22996495190439603,0.6650213468734449
0.059800000000000006,0.004993995667165407,0.41191796694911176,0.9072106667630955
0.05985,0.10441294867167983,0.5023402438842268,1.0170980384460417
0.0599,0.18165544386393861,0.5702608794168498,1.1148027030689818
0.05995,-0.14710019330967938,0.3558565442291126,0.7703016166112722
0.060000000000000005,-0.4655250852759387,0.05590836026123114,0.3786748444031076
0.060050000000000006,-0.31427603869344267,0.09401224907725947,0.487676435952908
0.0601,0.10470365697078954,0.3958957850780269,0.9171584623310132
0.06015,0.0075968038307738794,0.3769035514448458,0.821077777927087
0.060200000000000004,-0.3223809271503555,0.10698067228948815,0.4473404603112705
0.060250000000000005,-0.6605810453391072,-0.22371624176594906,-0.007665635517085434
0.0603,-0.7237379559981445,-0.39116958153719494,-0.20091639576133957
0.06035,-0.19998578547553336,-0.07523039433951162,0.2997083813858552
0.0604,-0.22163302173749955,-0.04134122583367272,0.251640719537793
0.060450000000000004,-0.45391361489603455,-0.2655590803934693,-0.05129786999667374
0.060500000000000005,-0.5112759786262551,-0.40277245123776595,-0.2226962444931715
0.06055,-0.551542590909694,-0.49887575336704515,-0.3554356263135432
0.0606,-0.39597424995469765,-0.44687889128838343,-0.258184872510018
0.06065,-0.5016618209390842,-0.5500001049933303,-0.44510064863045784
0.060700000000000004,-0.6456204623952004,-0.743474310793232,-0.7026023659283709
0.060750000000000005,-0.58712176648873,-0.7900503612979985,-0.744615243209541
0.0608,-0.3737576961248621,-0.6821986706115624,-0.5850264218272123
0.06085,-0.11946584237208668,-0.5090099024554497,-0.34918744701280957
0.0609,0.05968123020616467,-0.36571704259708326,-0.16446724899710574
0.060950000000000004,-0.05950624001562055,-0.43033838046062556,-0.28920993380979887
0.061000000000000006,-0.4863695719024115,-0.7756810419901612,-0.7938872459137833
0.06105,-0.6101273047078273,-0.9765603944451087,-1.0233221513655657
0.0611,-0.43964590456974406,-0.9161620268283315,-0.9204017650066056
0.06115,-0.7067522764970953,-1.1519548325953899,-1.3141171836352967
0.061200000000000004,-0.5021050320202942,-1.1423729583181625,-1.2208556210216486
0.061250000000000006,-0.57071076650017,-1.2153726839596963,-1.3862691015054764
0.0613,-0.6247825685550445,-1.3481638352357042,-1.549284314844554
0.06135,-0.23659941544482166,-1.1211808259477287,-1.1898899252638948
0.0614,-0.13903835779414564,-1.0168255635003138,-1.1070314793797085
0.061450000000000005,0.2640164281904269,-0.7383846174739404,-0.6706575945971966
0.061500000000000006,-0.00794304427604331,-0.8562805312462345,-0.9432984317594837
0.06155,0.2987103685435937,-0.6726193852025357,-0.5804551699867098
0.0616,0.5103312670990352,-0.41677834502463895,-0.28566132767724994
0.06165,-0.3452852046299224,-0.9853015023522502,-1.1894132649121687
0.061700000000000005,-0.3144048408389857,-1.1060489357992704,-1.2008042347091852
0.061750000000000006,0.1576235578938494,-0.7473475844970263,-0.7116364432516846
0.0618,0.3609763876250014,-0.5342426989112603,-0.45706641044450436
0.06185,0.21569773601912345,-0.594968710073541,-0.5768431650659007
0.061900000000000004,0.1381314325484837,-0.6492764081288058,-0.6326013890362852
0.061950000000000005,-0.22002377202969114,-0.8954612095734138,-1.0169268116474797
0.062,-0.12771057140928121,-0.8891691635381562,-0.9378874639613048
0.06205,-0.5666198549095185,-1.2056267580949829,-1.4726797654919546
0.0621,-0.7310400174525178,-1.4684304146593385,-1.7686689545877705
0.062150000000000004,-0.3271016146975523,-1.2420708078263871,-1.4093797571259685
0.062200000000000005,-0.281390952963692,-1.1845082978298151,-1.3999852214523312
0.06225,-0.31663679375912146,-1.2585566256073228,-1.4958483328390182
0.0623,-0.29475668110000086,-1.272014598852941,-1.5126548738372136
0.06235,0.4851619313729856,-0.7141768111471798,-0.6551908985682502
0.062400000000000004,0.6945980292178291,-0.3910043704625821,-0.3216822796938068
0.062450000000000006,0.4107783397481626,-0.5295010991122417,-0.5440946767494665
0.0625,0.7944530258056179,-0.21605523047667852,-0.01669785293954007
0.06255000000000001,0.6651139508734865,-0.14777070663585334,-0.028249759119272966
0.0626,0.7326159542005808,-0.01827383818391759,0.2145498324172408
0.06265,0.4896786993431821,-0.0847384169005867,0.05016341268193614
0.0627,0.19506581943179668,-0.2945210344265554,-0.22204854836612675
0.06275,0.3981837275689486,-0.14600998310075397,0.039845008012864724
0.06280000000000001,0.160339771620297,-0.24808089278593393,-0.18049373252304868
0.06285,-0.05837565011076862,-0.43328653383083804,-0.40464887775260294
0.0629,0.208553699362783,-0.25697922883040825,-0.11330756919264218
0.06295,-0.11484797278531644,-0.4360044284086513,-0.4543524882938783
0.063,-0.4623444517822186,-0.7622870414280563,-0.8743520686344262
0.06305000000000001,-0.24856949316756882,-0.6737959094105541,-0.6913134890458963
0.0631,-0.7077297611410387,-1.0165469019363371,-1.2772852890664623
0.06315,-0.7814642874222741,-1.236543423146653,-1.492355608253594
0.0632,-0.743881175892863,-1.2922409332094293,-1.5889002746057255
0.06325,-0.9712509901321944,-1.5580233753909294,-1.986198883294679
0.06330000000000001,-1.064561377152705,-1.809276284152645,-2.31352758915485
0.06335,-0.7159306303622124,-1.6864619677971424,-2.093397960357093
0.0634,-0.5241555082649203,-1.5775089148303385,-1.9879074870740805
0.06345,-0.6781840348891386,-1.7498176133120138,-2.262531064863042
0.0635,-0.4336542499629523,-1.6634732497774607,-2.0842720852363312
0.06355000000000001,0.04442240312222978,-1.313197508650358,-1.602148660320327
0.0636,-0.29486352476176947,-1.5059807032958341,-1.9801404157478713
0.06365,-0.22184232333314924,-1.542484139393049,-1.9456270452164084
0.0637,0.35137086211314283,-1.1093000657192302,-1.3230910470798616
0.06375,0.47861231428129614,-0.9072366808367214,-1.1197582126252534
0.06380000000000001,0.6332159828758819,-0.7317049622966252,-0.8543426329557242
0.06385,0.5054093431237057,-0.7268658677039497,-0.9000811417046606
0.0639,0.24585366486047633,-0.8897659645908895,-1.1293464655253906
0.06395,0.5258970577228759,-0.6725330927060114,-0.7626256645140259
0.064,0.6021068554343199,-0.4777276418765286,-0.5462254427425286
0.06405000000000001,0.5172650649788544,-0.46832933219467066,-0.5463349949334759
0.0641,0.34251712500147136,-0.5519221363776339,-0.673484174277533
0.06415,-0.16076092447899804,-0.9014219535388044,-1.1943243823275296
0.06420000000000001,-0.08853257849173701,-0.9167186232768962,-1.1307535166017697
0.06425,-0.25360867981579105,-1.0124817378349888,-1.3273999971954957
0.06430000000000001,-0.24777419904215314,-1.0597430776380143,-1.3521710322448683
0.06435,-0.02292374639546324,-0.9044168357690552,-1.1304749596525667
0.0644,0.21857735140846302,-0.7047988596846153,-0.8630277955841521
0.06445000000000001,0.3965751323271842,-0.5254993171944875,-0.6265879639169754
0.0645,0.9385625825348747,-0.04602490145357052,0.08142026713592543
0.06455,1.129210437545325,0.2753605187144412,0.45481730305388623
0.0646,0.7756283888491904,0.15464772841192342,0.24148074927657603
0.06465,0.4666663332986083,-0.030528058828924287,0.00597164848552012
0.06470000000000001,0.9740999662124068,0.42384525659138816,0.7364172567325298
0.06475,0.6678010438311048,0.3973712036712609,0.548485407842275
0.0648,0.5727018785730849,0.34066588180604285,0.5506439086766584
0.06485,0.9559267924064994,0.7160946040977727,1.102020143775876
0.0649,1.3117212069499402,1.125141871831282,1.6443266711246025
0.06495000000000001,1.1279712038734075,1.1665947263403016,1.643262710027109
0.065,1.041136587030703,1.2051771314057973,1.73324671843754
0.06505,0.45655305945386004,0.9042182807950514,1.2469793759362222
0.0651,0.17401508196479298,0.6657464151160291,0.9838260935923486
0.06515,0.07085289535261552,0.5921538256850631,0.8874002299115382
0.06520000000000001,0.0773882604150451,0.5908183798002966,0.9013705323967098
0.06525,-0.005677344296390885,0.5398383141725596,0.8178197521521042
0.0653,0.051989760063483104,0.5666296065396548,0.8802816650618404
0.06535,0.6306159366341326,1.0218532837846048,1.5691446348469533
0.0654,0.6384737607662991,1.201775379311183,1.7274043194795539
0.06545000000000001,0.6372514415887629,1.2607568087620251,1.8378847757968568
0.0655,0.5592938660028715,1.2842479894093888,1.854153426693376
0.06555,0.4519883681011194,1.2526376170006444,1.8170860969127105
0.0656,0.717404816076229,1.5003829316255324,2.211305601824572
0.06565,0.3748098228523311,1.3592070340878557,1.9226982761099976
0.06570000000000001,0.31042864754731525,1.2874115290346424,1.8998535747865475
0.06575,-0.009041386680369357,1.0922266834498249,1.5791601060959977
0.0658,0.030682328780514467,1.0713567277704286,1.6216167146740332
0.06585,0.07568675205179431,1.122993087765952,1.673872890241375
0.0659,0.32898285611586786,1.3114209049077914,1.9721745218865223
0.06595000000000001,0.6073212193528725,1.5922995108014941,2.3555622222536687
0.066,0.7011454236779429,1.7634552334292568,2.5748296179274526
0.06605,1.0383058313571958,2.1051154656861986,3.088567957903539
0.0661,1.2940031107133247,2.4821027912690035,-2.6912420400750428
0.06615,1.2205935733292321,2.5890996794533176,-2.5787195863861587
0.06620000000000001,1.1665253712171566,2.66486699004542,-2.44839487836245
0.06625,0.5056717234010044,2.299445183981346,-3.0271215458623786
0.0663,0.5317054199778504,2.2892489076696787,-2.9130995552636048
0.06635,0.4713623516695762,2.3327058891181434,-2.898954688916099
0.0664,-0.02874241340942163,1.9883995901640752,2.881573907563393
0.06645000000000001,-0.12587850632502118,1.8496179052561281,2.7648472164857125
0.0665,0.16554370275195396,2.0499630323526183,3.0744824345614443
0.06655,-0.17896857555948031,1.8444874449794302,2.709889141857863
0.0666,0.209167841829192,2.0479846433383138,3.122530542793527
0.06665,0.3261658982619071,2.217303060786371,-2.9991843539842993
0.06670000000000001,0.24208390836954408,2.1705403007651363,-3.053591080473284
0.06675,0.20160799570238552,2.1411036460698334,-3.0815773114772007
0.0668,0.47210193039851056,2.307785961591236,-2.8110833767810757
0.06685,0.04837469491894275,2.0611610903362223,3.0483746949189428
0.0669,0.6905925174840597,2.405803331873349,-2.5925927896955265
0.06695000000000001,0.45658230195063965,2.349160972671063,-2.8266030052289466
0.067,0.23734983103008922,2.1360614028498066,-3.045835476149497
0.06705,0.6278312044166814,2.377621609061393,-2.655354102762905
0.0671,0.8860836642125278,2.587064620164517,-2.3971016429670584
0.06715,1.3086842436751578,2.8667996430591707,-1.9745010635044284
0.06720000000000001,1.645506317610728,-0.9360152593899098,-1.6376789895688582
0.06725,1.7767670828891085,-1.5977186597607442,-1.5064182242904778
0.0673,1.40062765010539,-1.5567764007227574,-1.8825576570741962
0.06735000000000001,1.2711747008156635,-1.7801544924986263,-2.0120106063639227
0.0674,1.3478031546012161,-1.690658093513015,-1.93538215257837
0.06745000000000001,1.358236102890194,-1.6816595573643038,-1.9249492042893923
0.0675,0.7437438203526661,-2.071392889404997,-2.53944148682692
0.06755,1.0800821530657387,-1.9244983875886241,-2.2031031541138475
0.06760000000000001,1.6272474113123785,-1.4970262963970953,-1.6559378958672077
0.06765,2.092429690519639,-1.1486378303743283,-1.1907556166599473
0.06770000000000001,1.79565677157332,-1.2948807500775796,-1.4875285356062662
0.06775,1.9452056696864322,-1.2457781386312732,-1.337979637493154
0.0678,1.3080829476485398,-1.6172201041798449,-1.9751023595310464
0.06785000000000001,1.842623121398093,-1.3584265362921748,-1.4405621857814932
0.0679,1.2627927290944339,-1.6310519515235118,-2.0203925780851524
0.06795,1.4045260667454667,-1.640489749570163,-1.8786592404341196
0.068,1.7771436836586574,-1.340306912551771,-1.5060416235209289
0.06805,2.189284851670539,-1.0433503174027088,-1.093900455509047
0.06810000000000001,2.310591079274035,-0.9204984925992541,-0.9725942279055513
0.06815,1.8886273111111382,-1.1899460518820728,-1.394557996068448
0.0682,1.8732745070131216,-1.2484848522298915,-1.4099108001664646
0.06825,1.8066092320203975,-1.2714415817788414,-1.4765760751591888
0.0683,1.9354027249591805,-1.1984532099185916,-1.3477825822204057
0.06835000000000001,2.2543467420601893,-0.9680897696541795,-1.028838565119397
0.0684,2.4732999403136997,-0.7917704426109857,-0.8098853668658865
0.06845,3.1403399698270675,-0.3427736468512954,-0.1428453373525187
0.0685,-2.193147056608005,-0.12383999727873807,0.07580392452265983
0.06855,-1.7226039716775308,-0.19040739535318174,-0.02785431443937547
0.06860000000000001,-1.030589941695407,0.13077849603848435,0.4882541315682225
0.06865,-0.9446586412714328,0.14624818939907236,0.40740260405919315
0.0687,-0.7142607134560279,0.1779974869149612,0.5096421049537021
0.06875,-0.5507588167306405,0.2479564202143436,0.580848532298166
0.0688,-1.0606751995412527,-0.1972467232134445,-0.10746097337166383
0.06885000000000001,-0.8129609201871268,-0.21649848746801226,-0.006769834614242853
0.0689,-0.5757377986745151,-0.10610319437559745,0.09779561908288947
0.06895,-0.5355517875159972,-0.13916073776629645,0.04912454728745175
0.069,-0.48558025226600776,-0.1619416195806771,0.02145768997508668
0.06905,-0.7323495470529267,-0.407580420723745,-0.3571436663671683
0.06910000000000001,-0.5901352174790109,-0.4259854666369858,-0.31611963119134856
0.06915,-0.10275641418005144,-0.0952727435602636,0.16098346916314732
0.0692,-0.12814232636327816,-0.06866390392066002,0.12227002739556347
0.06925,-0.23200636282073184,-0.18465305540306964,-0.02231357725703198
0.0693,-0.35319022808043954,-0.30430038707257445,-0.19317717676407753
0.06935000000000001,0.25067575378136553,0.08916878319038446,0.4417727651210761
0.0694,-0.13543041802078193,-0.0852951366719914,0.0414236710074789
0.06945,0.1265460585941689,0.013704620000167367,0.316529533412119
0.0695,0.1591169999561437,0.10752955176517709,0.3664406994162057
0.06955,0.650028209224331,0.4828305138747737,0.9718600466808844
0.06960000000000001,0.8637936174897511,0.831639068030448,1.3901238878680289
0.06965,0.7225380360084976,0.8452539123459424,1.3787183927079667
0.0697,0.23628064682872107,0.5375579582555083,0.9211985480878404
0.06975,0.5897758245682674,0.7766439063480455,1.3758031016651593
0.0698,0.8932220121432088,1.148276451039962,1.8391275728689287
0.06985000000000001,0.4909034216168635,0.966797909123283,1.5156328199406524
0.0699,0.6261496873912336,1.0711676286567524,1.7601259856125147
0.06995,0.3316234729626224,0.9672649132429889,1.5300002099970733
0.07,0.0991798955991392,0.7754305094800138,1.3074192919794037
0.07005,-0.3333345016271174,0.45255466211303386,0.8290712341776718
0.07010000000000001,-0.02868031589092368,0.5914909467613505,1.1311792480305023
0.07015,0.06422229092117604,0.7101528160589545,1.2301230992117276
0.0702,0.20748960808766803,0.8086277833809774,1.3976414969315307
0.07025,0.572004412905553,1.1277616865815183,1.8592563788120948
0.0703,0.6416872173881067,1.3158684433087764,2.080230776545182
0.07035000000000001,0.7096468095398798,1.4481868926413703,2.275398344275505
0.0704,0.8090455864972945,1.623135212957724,2.521131899148127
0.07045,0.43201348815307483,1.4404381980954035,2.2100184222051134
0.07050000000000001,0.38174586484310424,1.3930428776718493,2.2151456576495008
0.07055,0.024933972789980885,1.176774289785282,1.860533721225881
0.07060000000000001,-0.21086663935617977,0.9553229524756439,1.599970148218869
0.07065,-0.19125479194198292,0.9297506081258469,1.58749062802411
0.0707,0.13612009924395885,1.1513557511666725,1.9291959794468134
0.07075000000000001,0.6657673690425518,1.607119222284492,2.5767715540425264
0.0708,0.3073520577563187,1.4627560408205298,2.259327373249821
0.07085000000000001,0.33090202988766393,1.4408490234400801,2.328247429825506
0.0709,0.2874557797645725,1.4629594390217875,2.322186030120889
0.07095,0.40485807260721884,1.561956556326212,2.499754281530681
0.07100000000000001,0.49114149028718757,1.7088599161738856,2.6942609210602484
0.07105,0.5304150729812172,1.8007085934656821,2.821231461412925
0.0711,0.2226264442755692,1.6241346110376078,2.5400181485251174
0.07115,0.31678542173808566,1.6694339636712634,2.6768906821763814
0.0712,0.5208877984039191,1.8819210580873715,2.9665411727563047
0.07125000000000001,0.33318136942141763,1.8097318693048088,2.8246391708870355
0.0713,0.8097270552390157,2.1805518855309565,-2.8355454733146637
0.07135,0.6106942230614791,2.223652098181482,-2.891955389987203
0.0714,0.37731401009279253,2.0643686805262362,-3.07084124757149
0.07145,0.42053975591711534,2.1181757992045256,-2.964145508600037
0.07150000000000001,0.3148199377648382,2.087276126452764,-3.0275170049739515
0.07155,-0.08132874169652382,1.8065705365611215,2.8516569289578335
0.0716,-0.06728976621589666,1.761147141879821,2.8593348107528804
0.07165,0.38270525059704497,2.0992961949520854,-2.918265055446735
0.0717,0.995401656189447,2.556792733218934,-2.2877836509901393
0.07175000000000001,0.8370290181474545,2.5048015412773417,-2.446156289032132
0.0718,1.1306544853951053,2.6472308808190768,-2.152530821784481
0.07185,1.18704872788528,2.725991282641523,-2.0961365792943063
0.0719,1.289909322198863,2.7737071056712352,-1.9932759849807233
0.07195,1.6946977288760614,-1.0155314505266375,-1.5884875783035248
0.07200000000000001,1.9719899577376978,-1.5635439653864935,-1.3111953494418884
0.07205,2.035073981914689,-1.2276808496040879,-1.2481113252648974
0.0721,1.7656592954642214,-1.4922846957145701,-1.5175260117153648
0.07215,1.4363073744138184,-1.7007606920492648,-1.8468779327657678
0.0722,1.432361905017867,-1.73881299616135,-1.8508234021617191
0.07225000000000001,1.5474185165991052,-1.64559378094458,-1.735766790580481
0.0723,1.7175992506780595,-1.5214315628782344,-1.5655860565015267
0.07235,1.9733702511774958,-1.3340112896996708,-1.3098150560020905
0.0724,2.2898089019473318,-1.1003331215812544,-0.9933764052322545
0.07245,1.5677770957054484,-1.5333981669991879,-1.7154082114741378
0.07250000000000001,1.860839445520984,-1.439084662638738,-1.4223458616586022
0.07255,1.5549830233027286,-1.5613494768318965,-1.7282022838768576
0.0726,1.912707824680485,-1.3882709200433219,-1.3704774824991013
0.07265,2.031764927507048,-1.2411807623309734,-1.2514203796725383
0.0727,2.2410535015247994,-1.1108271896762076,-1.0421318056547868
0.07275000000000001,2.090698335246799,-1.175886067856048,-1.1924869719327873
0.0728,2.1931796923718174,-1.1348332677162176,-1.0900056148077688
0.07285,1.635657105068642,-1.4689535310983857,-1.6475282021109443
0.0729,1.9876036027351383,-1.3139110928537896,-1.295581704444448
0.07295,1.9017447308207451,-1.2952038589414059,-1.381440576358841
0.07300000000000001,1.1226101896733525,-1.8299420941262312,-2.1605751175062338
0.07305,1.4641914940929333,-1.6874995101815742,-1.818993813086653
0.0731,1.9946656586607894,-1.2683646496637877,-1.2885196485187969
0.07315,1.7414036018017995,-1.387929723378516,-1.5417817053777867
0.0732,2.129411089606485,-1.1785191114636682,-1.1537742175731012
0.07325000000000001,1.9149456196089005,-1.249840822074809,-1.3682396875706857
0.0733,1.2348362544602978,-1.734292424457763,-2.0483490527192885
0.07335,1.140671939477322,-1.856665619206911,-2.1425133677022643
0.0734,1.2565031452730544,-1.7645388898678789,-2.026682161906532
0.07345,1.3132110398116197,-1.7125508676766508,-1.9699742673679665
0.07350000000000001,1.3607233676614747,-1.673355745093371,-1.9224619395181115
0.07355,1.467432559087623,-1.594817162608404,-1.8157527480919633
0.0736,1.5496226806582847,-1.5254833622939081,-1.7335626265213016
0.07365000000000001,1.499007314165869,-1.5475792431591735,-1.7841779930137172
0.0737,1.3300923911910232,-1.6604897863977932,-1.953092915988563
0.07375000000000001,1.2642000225721617,-1.7160158302876631,-2.0189852846074245
0.0738,1.1719452070196326,-1.7723765914685927,-2.1112401001599537
0.07385,1.0946565269869346,-1.8277784914339037,-2.1885287801926516
0.07390000000000001,0.7717599790981957,-2.0367189204278766,-2.5114253280813905
0.07395,0.6208925447886813,-2.16591704892328,-2.662292762390905
0.07400000000000001,0.6618437845795668,-2.138383136857616,-2.6213415226000194
0.07405,0.7725427383454964,-2.0536220154735645,-2.51064256883409
0.0741,0.7685939419901722,-2.0388802085235547,-2.514591365189414
0.07415000000000001,0.7279186766332693,-2.0635426202668867,-2.555266630546317
0.0742,0.9077016888067249,-1.9447531226865173,-2.3754836183728614
0.07425000000000001,1.1734499120325061,-1.7439530278843343,-2.10973539514708
0.0743,1.3979410463238189,-1.5692240980723504,-1.8852442608557674
0.07435,0.8764303985124862,-1.882426308598415,-2.4067549086671
0.07440000000000001,0.7523299039358164,-2.0279734759103967,-2.53085540324377
0.07445,0.984672422853226,-1.8622619793287463,-2.2985128843263603
0.0745,1.158606340078041,-1.719130763066687,-2.124578967101545
0.07455,1.3830148067440824,-1.556505425211192,-1.9001705004355038
0.0746,1.4952280581638924,-1.4561655480094586,-1.7879572490156939
0.07465000000000001,1.248901919625684,-1.605311890336779,-2.034283387553902
0.0747,1.6399347643333684,-1.3802963537680775,-1.6432505428462179
0.07475,1.2382516455585169,-1.576156405232915,-2.0449336616210694
0.0748,1.5565852917925405,-1.4362463177033078,-1.7266000153870458
0.07485,1.5672661223171005,-1.3611532703670832,-1.7159191848624857
0.07490000000000001,1.1308721658002199,-1.6601634290796028,-2.1523131413793664
0.07495,1.0249601647097961,-1.7700262572992251,-2.25822514246979
0.075,1.4102175215621884,-1.5126871102481623,-1.8729677856173979
0.07505,1.2452873417087744,-1.568409884562012,-2.037897965470812
0.0751,0.889342775367485,-1.830299026819084,-2.3938425318121013
0.07515000000000001,0.8163926955256855,-1.9030229807190864,-2.4667926116539007
0.0752,0.5809532725402988,-2.0475839001243976,-2.7022320346392874
0.07525,0.21272952789766464,-2.3090735798160686,-3.0704557792819216
0.0753,0.3627607114422311,-2.24027406365985,-2.920424595737355
0.07535,0.6235059866826163,-2.0344404360139983,-2.65967932049697
0.07540000000000001,0.4698335015031141,-2.106356023037815,-2.813351805676472
0.07545,0.6462926615687152,-2.0125528958977768,-2.636892645610871
0.0755,0.5431841005174789,-2.0421812032293367,-2.7400012066621073
0.07555,0.5282800243276888,-2.0693586004369102,-2.7549052828518974
0.0756,0.5818722824937446,-2.0221649049036685,-2.7013130246858417
0.07565000000000001,1.0560153248947017,-1.705540342971549,-2.2271699822848845
0.0757,1.2275428509383168,-1.532779931611394,-2.0556424562412694
0.07575,0.936525075737773,-1.71507780452529,-2.3466602314418132
0.0758,1.110591589110502,-1.633822491468731,-2.172593718069084
0.07585,1.05839519305313,-1.6285221532452603,-2.2247901141264563
0.07590000000000001,0.9309314377318785,-1.7244735075681028,-2.3522538694477078
0.07595,0.6888343333643441,-1.884999683308699,-2.594350973815242
0.076,0.6964804482227898,-1.901070119396337,-2.5867048589567965
0.07605,0.6937278733779202,-1.8869432094374083,-2.589457433801666
0.0761,0.5859666501148375,-1.9549170065089392,-2.6972186570647487
0.07615000000000001,0.1745951438114126,-2.22676893072196,-3.1085901633681736
0.0762,-0.295055165883932,-2.595113995956577,2.6662046063100746
0.07625,-0.20510431426164644,-2.598220134901762,2.7212035542424893
0.0763,-0.12210526452660986,-2.5220014353838494,2.7916200226188828
0.07635,0.4860712559807858,-2.070837221874889,-2.805641153497305
0.07640000000000001,0.4384029281892232,-2.005673133511852,-2.844782378990363
0.07645,0.7676860535639598,-1.821440401835357,-2.5154992536156264
0.0765,1.1503191839778069,-1.516206000186287,-2.1328661232017794
0.07655,1.1472797747179087,-1.4850150794997639,-2.1359055324616776
0.0766,1.1865654933902867,-1.4656770604006546,-2.0966198137892995
0.07665000000000001,1.0703122836782768,-1.5279322307823655,-2.2128730235013094
0.0767,1.6309905963220608,-1.1785216256569555,-1.6521947108575255
0.07675,1.1836128811985454,-1.3888698454926889,-2.099572425981041
0.07680000000000001,1.18714955563604,-1.4639899977748208,-2.096035751543546
0.07685,1.627780526988726,-1.1459565409380161,-1.6554047801908602
0.07690000000000001,1.6104309248398891,-1.1096714276818567,-1.672754382339697
0.07695,1.450862210480338,-1.2270862818391457,-1.8323230966992483
0.077,1.538064680409196,-1.180598992208541,-1.7451206267703903
0.07705000000000001,1.7155569161208568,-1.0469662988655841,-1.5676283910587294
0.0771,1.9054687751515935,-0.9047445329072197,-1.3777165320279927
0.07715000000000001,2.0076406763059538,-0.818430974054543,-1.2755446308736325
0.0772,2.253625122427959,-0.6507008781579202,-1.0295601847516274
0.07725,2.559661430196897,-0.4230095972476704,-0.7235238769826893
0.07730000000000001,2.2355585394226907,-0.6032672668982784,-1.0476267677568956
0.07735,2.134947465431086,-0.7161947790225192,-1.1482378417485002
0.07740000000000001,2.417648937243918,-0.5263940957689179,-0.8655363699356684
0.07745,2.5833622768383933,-0.38472242601207896,-0.699823030341193
0.0775,2.6710920070743427,-0.3180955461324366,-0.6120933001052435
0.07755000000000001,2.8932496535927505,-0.16592332667230636,-0.3899356535868357
0.0776,-2.311438789711328,0.05821442078385175,-0.08191838628177095
0.07765,-1.9193621760815773,-0.07268176779691515,-0.3296291646792149
0.0777,-1.710242781485519,-0.34645729719905916,-0.6905906972449962
0.07775,-1.536534550179006,-0.5942381581654068,-1.0290606493314804
0.07780000000000001,-0.8046599858342987,-0.24484145905267596,-0.4427434227492597
0.07785,-0.9457438382342964,-0.3599083872313358,-0.7507441636613201
0.0779,-0.8489616621554283,-0.46237172997551923,-0.8070539807455575
0.07795,-0.7540706047062464,-0.471005353880507,-0.8482874866370018
0.078,-0.3521360369637243,-0.26590335668578646,-0.5160461020016136
0.07805000000000001,-0.7372725139963414,-0.5549386983557127,-1.0339992609813429
0.0781,-0.6246956948159657,-0.6304805350619453,-1.0303465604259614
0.07815,-0.21133818225956347,-0.349254814159913,-0.6418237884132374
0.0782,0.13273897055308126,-0.07904876363753388,-0.28384381414543824
0.07825,0.24410108883827064,0.04331069680305433,-0.14247788214057522
0.07830000000000001,0.16197467106621488,0.00818743669285027,-0.20687770005154604
0.07835,0.5826482214195678,0.35664027562496514,0.348435587733519
0.0784,0.0776125696810368,0.10618045473061599,-0.14914090900082044
0.07845,0.34617301180450255,0.22396194280429071,0.16772758393508624
0.0785,0.4484273853805121,0.4036760937375803,0.33944514895478406
0.07855000000000001,0.5528205661368553,0.5266247469979817,0.536600199581887
0.0786,0.556530240934233,0.6133532288919845,0.633910945407969
0.07865,0.5443762541457247,0.665442426374419,0.7126088061227911
0.0787,0.6832613258233309,0.8668355748430798,1.0140668340528585
0.07875,0.30453148611828595,0.6798656165609991,0.6757923390153984
0.07880000000000001,-0.05713597618632704,0.387119836129731,0.30881133266765204
0.07885,0.0077778010379567775,0.40195421393544706,0.3743921162914958
0.0789,0.036238584123172046,0.4385975657335379,0.4061102689501439
0.07895,0.0930280206530476,0.4777239006187841,0.47206157676281535
0.079,0.5131820874856565,0.8107648978508166,0.9760293047967323
0.07905000000000001,0.29560836167171445,0.7626044925277071,0.8138904479664433
0.0791,0.46818283109353587,0.8788110354548699,1.0602517775713771
0.07915,0.5171982722252366,1.0072412547916834,1.1939844217531324
0.0792,1.0796570710735907,1.484553832830258,1.9362223387221889
0.07925,0.5685721463154714,1.3034041697047485,1.5214617869886666
0.07930000000000001,0.3646990798077141,1.1182895636355568,1.369546650181281
0.07935,0.21480816489104626,1.0449926372826681,1.2450209809243518
0.0794,0.5195181607387482,1.2949328629944645,1.6661514085982532
0.07945,0.25217971521548677,1.1972102084704268,1.4301460003029014
0.0795,0.6601585446656024,1.4829741908389948,1.9548391690682436
0.07955000000000001,0.9940840415246797,1.8877528384920765,2.4611632080428016
0.0796,1.094751493426891,2.0975589790756857,2.742612534629586
0.07965,1.0659413074705633,2.211131931990664,2.8925940729115815
0.07970000000000001,0.5188227154648288,1.916555380758716,2.4305584252607417
0.07975,0.48421930261167034,1.8965498403833294,2.5021859250970593
0.07980000000000001,0.055560082188240045,1.647450721645047,2.0786805327582876
0.07985,-0.036751302444518075,1.5180497420411285,1.9830629151775376
0.0799,0.03789287111226969,1.5742281468996353,2.0611223998811923
0.07995000000000001,-0.03781427628788592,1.524481363499845,1.9820074637233098
0.08,0.24038889841173372,1.7068163806249714,2.2896108631729355
0.08005000000000001,0.19417045397098676,1.728362087198267,2.265662006024666
0.0801,-0.2261030627920526,1.408556951108924,1.8059583056562438
0.08015,-0.46315050631094934,1.1538742620104934,1.496230807519531
0.08020000000000001,-0.7110353273468952,0.8874980020237793,1.1208514270624512
0.08025,-0.6729881483670006,0.7931895630394514,1.0394158932983544
0.08030000000000001,-0.24424655518063076,1.052091588000426,1.4381299279516888
0.08035,-0.06695003559812562,1.2072646876944688,1.6091009227716846
0.0804,0.04853547892651733,1.2854439980013481,1.7290376190001275
0.08045000000000001,-0.2789320727452633,1.0501468931298348,1.3501360494149033
0.0805,0.4040974608309682,1.4756863588250155,2.093172606562735
0.08055000000000001,0.36008776590653824,1.5854497691076084,2.1002038352151544
0.0806,0.9503077097878858,2.0326229019223696,2.8578991842271577
0.08065,0.5969874787382992,1.971294887950318,2.6073104875810316
0.08070000000000001,0.38276507479048405,1.7947000931356847,2.448690709985204
0.08075,1.0214827350506077,2.3195266211682757,-3.0206957235433762
0.08080000000000001,0.5747855260946153,2.208342604259421,2.9481765319479365
0.08085,0.612768007546169,2.2215994540936777,3.0924263499418814
0.0809,0.4539760112818456,2.2016348272148107,3.0043059661672977
0.08095000000000001,0.19724614611478586,2.0178045996527665,2.77029795790153
0.081,0.7425387854526235,2.4309053552132767,-2.8337322452448923
0.08105,0.3924013050106119,2.325308111074321,-3.12629051874881
0.0811,0.5838466722847713,2.4386978147036373,-2.8350717937467174
0.08115,0.8028432491789026,2.7203385902172315,-2.4803420580006836
0.08120000000000001,0.5079301766886957,2.5445245271090435,-2.7752551304908906
0.08125,-0.05382717082547828,2.126550041892397,2.9411937466198026
0.0813,-0.5031994293722377,1.7229867259340814,2.410248800656241
0.08135,-0.6241574371154641,1.5230845869621916,2.1804862285721605
0.0814,-0.4666438552530714,1.560847457831077,2.2645518025752587
0.08145000000000001,-0.3070415866610432,1.6474824818659144,2.383239833177715
0.0815,-0.2942622573767757,1.6247665965621927,2.340910873928607
0.08155,-0.2755801444745245,1.6006658212986906,2.324289925017819
0.0816,0.03593038627710854,1.8002022110398848,2.639028491276239
0.08165,0.2555636237961565,1.995810156922321,2.8905578921207713
0.08170000000000001,0.340365359395026,2.0926615789205982,3.022542649689239
0.08175,0.1504769445658347,1.9843775837141457,2.8488429339921275
0.0818,0.3548851602965257,2.117900705742148,3.1032641948815822
0.08185,0.35561953169828797,2.197828428764179,-3.1085821382368692
0.0819,0.12838576910594668,2.047867195339048,2.960727228426059
0.08195000000000001,-0.03031372967031487,1.9130425199536525,2.7993293040885874
0.082,0.3193877598192145,2.149903360176804,-3.090955620062836
0.08205,0.774466244986975,2.5720424031020173,-2.508719062192611
0.0821,0.6275491542921259,2.522879923131491,-2.6556361528874604
0.08215,0.005294324581711862,2.0765976696925215,3.005294324581712
0.08220000000000001,0.20135248131430927,2.1333544465680063,-3.081832825865277
0.08225,-0.05512915995294776,2.004588125573921,2.939760552277466
0.0823,0.18034399499394738,2.1054977142515092,-3.102841312185639
0.08235,0.08063382126621477,2.08154880008,3.0806338212662148
0.0824,0.780824086254011,2.4990290752171163,-2.5023612209255752
0.08245000000000001,0.830990889562603,2.6203892103013366,-2.452194417616983
0.0825,1.1238722235518779,2.774191329095732,-2.1593130836277084
0.08255,0.766561106375967,2.5809493074019194,-2.5166242008036193
0.0826,-0.07596604048485389,1.964224774342327,2.9167522017145906
0.08265,-0.017212294655987392,1.9117746537540796,2.974006549345777
0.08270000000000001,0.07205409788757677,2.0046241708815415,3.0701366605929508
0.08275,0.3069751803137102,2.150751565879524,-2.976210126865876
0.0828,0.15266412807414653,2.0742125135222196,-3.1305211791054397
0.08285000000000001,-0.20442925185408,1.7926444705830704,2.7717802380954026
0.0829,-0.5537473493741949,1.443449301614983,2.2961393021481946
0.08295000000000001,-0.32413654712961204,1.5132661324900667,2.4816604267987117
0.083,-0.08239174875770772,1.6987223200838528,2.7154262925918147
0.08305,-0.2965338188941189,1.5453021437138368,2.462278189713423
0.08310000000000001,-0.3865542017994912,1.4096433011645892,2.3158805740842254
0.08315,-0.511060857495373,1.265979243365571,2.1080370539350355
0.08320000000000001,-0.9143355681831764,0.8727409538671154,1.5419200869034064
0.08325,-0.676681204298184,0.8583785472735741,1.618756146281946
0.0833,-0.35183432509222,1.0647943624402956,1.8941893757952393
0.08335000000000001,-0.35471477519835304,1.0505437497322525,1.841329421802076
0.0834,-0.659197256410053,0.760869923606105,1.4203412148710761
0.08345000000000001,-0.6007886234549851,0.6826824169767498,1.375164754107562
0.0835,-0.15007046548741343,0.9722461825641098,1.8097477714484604
0.08355,0.4497611950141156,1.4516657753943534,2.4793326622329204
0.08360000000000001,0.4512666768951554,1.5759318481796996,2.577652912392285
0.08365,0.2014292355375069,1.4142310774462246,2.3511575479624653
0.08370000000000001,-0.3444560441389477,1.002262642627798,1.7572977914378214
0.08375,-0.6819495731777252,0.6381478206321916,1.2984064465029626
0.0838,-0.5919345979827213,0.5949425479955011,1.286826108537909
0.08385000000000001,-0.43940753343845174,0.6585528109754861,1.3718436101430065
0.0839,-0.3044678820014006,0.7244554910852834,1.4663395201041673
0.08395000000000001,-0.31042313272068256,0.6895587646007435,1.4013139241782007
0.084,-0.6532661526917245,0.3803498567456778,0.9432557686175755
0.08405,-0.9536482304979081,0.024234696166402614,0.47499489484768986
0.08410000000000001,-0.7561782275058953,0.024251575453142493,0.5359311451388926
0.08415,-0.8417038561153767,-0.10790519947100208,0.2984984075632049
0.08420000000000001,-0.37199415421114423,0.12460309753121379,0.7147882885730716
0.08425,-0.682627477450211,-0.09075703804196777,0.28261293627317485
0.0843,-0.12885907507820704,0.1784544767114511,0.816256608805066
0.08435000000000001,-0.28143948310669487,0.14825925822789898,0.6273515688682672
0.0844,-0.1773590810426242,0.14652813051142743,0.7115781119411402
0.08445,-0.08488758469227875,0.23043218064026405,0.7957963439451845
0.0845,-0.1576467497308407,0.17154393624770137,0.7058946731613993
0.08455,-0.6463672301650085,-0.229164953863485,0.10346740515943509
0.08460000000000001,-0.661704247981227,-0.38437138046820607,-0.028919056386079944
0.08465,-0.15386422434534097,-0.062764166745513,0.454181160997976
0.0847,-0.45948182493373935,-0.24985105388414652,0.07668813454736423
0.08475,-0.8552027762736465,-0.6706748592002292,-0.4731277490012822
0.0848,-0.7679031378484353,-0.746399191504846,-0.5246135142644732
0.08485000000000001,-0.7445394853002867,-0.8065676500844141,-0.6355075604101152
0.0849,-0.9574044552762402,-1.0673452939956185,-1.0166994471955917
0.08495,-0.9997558599381158,-1.2443243131891677,-1.2320298115354298
0.085,-0.9175105334993887,-1.3380305906472607,-1.3640121705286923
0.08505,-0.8718563574909339,-1.4178093117634383,-1.4750558469086599
0.08510000000000001,-0.6842832800509591,-1.3806520435908638,-1.4093766437076596
0.08515,-0.3937694934405549,-1.2148534517139176,-1.1767244665518781
0.0852,-0.23129021579161702,-1.0996829664489134,-1.042185276752253
0.08525,-0.1006357750600202,-1.0105819898616275,-0.921561131033414
0.0853,0.37653597220668544,-0.6521520545119479,-0.39005261989689544
0.08535000000000001,0.5913669812951738,-0.36159728067721986,-0.0380887435945958
0.0854,-0.2553077422389407,-0.9061869062540246,-0.9166169178409795
0.08545,-0.30968937537568664,-1.0813158232443953,-1.0123989187404128
0.0855,-0.6610676957219468,-1.3517343576417993,-1.4806887303846992
0.08555,-0.7263084820937991,-1.5421050599659587,-1.6765442918681615
0.08560000000000001,-0.4121800836022729,-1.3747890751961656,-1.4241181846921798
0.08565,-0.39924069677424256,-1.3692534079580945,-1.4701739616347176
0.0857,-0.42548955315176684,-1.4566445209430796,-1.5859806507269845
0.08575,-0.005043403075966069,-1.1894333135354351,-1.1659650455235457
0.0858,-0.39324000935926406,-1.4192770148673688,-1.6119139213975444
0.08585000000000001,-0.356083667886832,-1.4976947027133392,-1.62500677714943
0.0859,-0.1551053732799197,-1.3498626386013193,-1.4408309349385355
0.08595,-0.1196990839491292,-1.3168091095487178,-1.4177136653354552
0.08600000000000001,-0.4016233767791775,-1.5355737924277157,-1.7591288797470064
0.08605,-0.3290882442544074,-1.5666874543378562,-1.7503491135604072
0.08610000000000001,-0.05988196513463606,-1.3761642676175043,-1.4867365174781462
0.08615,0.059904988175620844,-1.2640809025167563,-1.3613535225035172
0.0862,0.15619553025612376,-1.1812175731589463,-1.2481149229804736
0.08625000000000001,0.23737577896377005,-1.0947407006871792,-1.138021025733881
0.0863,0.26166618702402644,-1.0451371218249257,-1.080809481789121
0.08635000000000001,-0.09437606065576887,-1.2743141723591513,-1.4461661177030543
0.0864,-0.14962196027584795,-1.368033793205889,-1.5253519112839804
0.08645,-0.0015187862334222757,-1.2618834344615948,-1.3773776326021867
0.08650000000000001,-0.7976569138666889,-1.8497218795130763,-2.317817804068831
0.08655,-0.4743491126436794,-1.8054221756428461,-2.0696577102646785
0.08660000000000001,-0.31303489634952797,-1.6497837452676727,-1.9503611077945102
0.08665,-0.540249236564577,-1.86077220232346,-2.2674941608442083
0.0867,-0.6411155494880738,-2.02834906404858,-2.4809141948017093
0.08675000000000001,-0.5598904963915992,-2.066559385639909,-2.5277851043468935
0.0868,-0.3652007894562246,-1.9691842924873448,-2.3851534303625996
0.08685000000000001,-0.4042742993981925,-2.009497640166945,-2.4842709042645446
0.0869,-0.027831350498079388,-1.7804528575674219,-2.1102953064059093
0.08695,0.10425531316932535,-1.630526549262921,-1.967758601245631
0.08700000000000001,-0.11034653823560348,-1.7724368642946686,-2.1935264961811107
0.08705,-0.21404262750247582,-1.877995061075854,-2.3224704455186647
0.08710000000000001,-0.11142061901283995,-1.8233869960765112,-2.236895990178464
0.08715,0.11604934824279312,-1.6506562077386064,-1.9975786469365175
0.0872,0.3007526032833461,-1.4757397884258765,-1.7731072842966356
0.08725000000000001,0.2547406182081211,-1.46170011754511,-1.7873604088127983
0.0873,0.2802303366032426,-1.4259604863257316,-1.7257577630881507
0.08735000000000001,0.2562255729314522,-1.4060353015330236,-1.7177557696352714
0.0874,0.45367654160823534,-1.2314193025014433,-1.449698533111448
0.08745,0.14376287435204915,-1.3792345665230101,-1.736765676074075
0.08750000000000001,0.30415556265875665,-1.2927522471460549,-1.5359862043399701
0.08755,-0.22229667027162847,-1.6047997923495174,-2.088962299567598
0.0876,-0.062282037783916167,-1.583109062015442,-1.9347881143150687
0.08765,0.02946366061213368,-1.4694477632246006,-1.8404233258919724
0.0877,0.04131236307670605,-1.46025060860417,-1.8248302265169833
0.08775000000000001,-0.5137460279707682,-1.8649642905741608,-2.463829088852126
0.0878,-0.015010979610309505,-1.6186430629122697,-1.9671399501100204
0.08785,0.2461659081750227,-1.3362188359609384,-1.6756215510053707
0.0879,0.2403005449222988,-1.3124967244538297,-1.652101000061709
0.08795,0.3481396260136336,-1.2061987732169825,-1.4955707979932278
0.08800000000000001,0.0689262050888999,-1.3599442868813725,-1.7682512880061232
0.08805,0.21630558429130886,-1.2843900286051841,-1.5952764848317607
0.0881,0.606166439410984,-0.925610333465805,-1.100624868251888
0.08815,0.22172248016926588,-1.0978441530175793,-1.446586839443544
0.0882,0.902849569517997,-0.6100806931525256,-0.6042076810427055
0.08825000000000001,0.6663640848332122,-0.5600295958484622,-0.7226360401078296
0.0883,0.7926841456664278,-0.44251782113727245,-0.4529155044158628
0.08835,0.4786729260326652,-0.5411622209846136,-0.6908219091761758
0.0884,0.5272516461721395,-0.500166404921103,-0.5552601926140817
0.08845,0.1373728754467045,-0.7075689016209736,-0.9306490896637065
0.08850000000000001,-0.04314538789488509,-0.8840786864825425,-1.1172509787436447
0.08855,-0.08891055547645621,-0.9192588737671947,-1.1717157861030145
0.0886,-0.24447384890924795,-1.0422471223726042,-1.3573437537103317
0.08865,-0.2687571433214728,-1.0977352551805417,-1.4157543104390662
0.0887,0.04268857153728334,-0.8906681475406621,-1.1004307578207424
0.08875000000000001,-0.2949455411730284,-1.0923408302794009,-1.4767854189219136
0.0888,-0.5534313778356932,-1.376105440639403,-1.8281713032164468
0.08885,-0.4319192173923234,-1.3747882953562396,-1.7980162422293056
0.0889,-0.5069929596488159,-1.4609390269540157,-1.9555133866187688
0.08895,-0.6787236873561078,-1.6689834025395243,-2.2479543885014834
0.08900000000000001,-0.5339799353403585,-1.6555141064262884,-2.191712621153034
0.08905,-0.5903033317567719,-1.735699979697312,-2.3492641608264897
0.0891,-0.4101300069393723,-1.679024254342167,-2.2303618254128565
0.08915000000000001,-0.3563304385291346,-1.6482667453802655,-2.226860125066011
0.0892,-0.3366974655333337,-1.6809709506662038,-2.2729247369115058
0.08925000000000001,-0.3019530770628833,-1.6823092621801834,-2.2781663050551586
0.0893,0.025624226612951162,-1.4638690489876822,-1.948325568268526
0.08935,0.3880713248893244,-1.148261900496891,-1.529190136322871
0.08940000000000001,0.31280584198016825,-1.128939446343466,-1.5624803726351963
0.08945,0.011337735795130754,-1.3369546918168318,-1.8629704060651164
0.08950000000000001,-0.3815606828612559,-1.6535461371850957,-2.3112259607876204
0.08955,-0.8498115556564336,-2.125831865259819,-2.9812220511118923
0.0896,-1.0201609449362081,-2.409596246521744,2.9566550796967626
0.08965000000000001,-1.0859084341375578,-2.580383499064979,2.7107025886113654
0.0897,-0.9224017222487291,-2.5966413419559515,2.710282242794836
0.08975000000000001,-1.2974426346342902,1.1154235933875647,2.148668523849981
0.0898,-0.7145951914670334,2.1079739545038407,2.60328884424921
0.08985,-0.33767899965027937,2.132339025713801,2.945506307529307
0.08990000000000001,0.05276676531106972,2.492148428136719,-2.93970621125829
0.08995,-0.0814545244904572,2.403967609165367,-3.081454524490457
0.09000000000000001,0.00843700808328407,2.434140964810762,-2.990838659051853
0.09005,-0.265969658600234,2.2678246536708855,3.017215648579352
0.0901,0.20208667148844484,2.5381749010980954,-2.7744732391190112
0.09015000000000001,-0.13980127771505835,2.375002707054744,-3.1311615590228286
0.0902,-0.27313554888497293,2.206056854724416,3.010049758294617
0.09025000000000001,0.15466641266235115,2.499112978955317,-2.820441741166807
0.0903,0.7915483649584409,-1.0100193270011246,-2.040366408075709
0.09035,0.6619859997302022,-1.7119153502440945,-2.052818291519607
0.09040000000000001,0.475190995692401,-1.5357661238702036,-2.164279412195704
0.09045,-0.24812272357056386,-2.1173555374197086,-2.9182559703651982
0.09050000000000001,0.26004324029887016,-1.8198562030150818,-2.3774426377460856
0.09055,0.32593396253881934,-1.656150624358915,-2.2671233583822534
0.0906,-0.20234756286420819,-2.0316883747664,-2.829781482457488
0.09065000000000001,0.07381404172795314,-1.9060982847740497,-2.5465686848150817
0.0907,0.24743291599802575,-1.7114132242932847,-2.3424003881213515
0.09075000000000001,0.1395701636050113,-1.7613858814647934,-2.43549240475172
0.0908,-0.01470119843889961,-1.8699152775720016,-2.5910390979753544
0.09085,0.20176210451519339,-1.7239453489900534,-2.3511841111914364
0.09090000000000001,0.25713233589712203,-1.6276462468453552,-2.2636553954359435
0.09095,0.35250714861860644,-1.5175087563612948,-2.0984904717008064
0.091,0.6338045739855218,-1.2387924618854278,-1.7062510633222523
0.09105,0.8608326227542271,-0.9473225720160272,-1.3242361559601505
0.0911,0.943390982126747,-0.7508696777297104,-1.0750521809201992
0.09115000000000001,0.9690955752006083,-0.6031888949056352,-0.8796629768189881
0.0912,0.5094323394437303,-0.8274213572081415,-1.2563551832108217
0.09125,0.16461106527241753,-1.0885438986116007,-1.5830909671133426
0.0913,0.35987981914815137,-0.9346770021238768,-1.3160981563270404
0.09135,0.49462370424751256,-0.7528431614209374,-1.101700226466452
0.09140000000000001,0.5722555989856986,-0.625520839418563,-0.9269114986777325
0.09145,0.7171894903651079,-0.42959991339061787,-0.6532186184222333
0.0915,0.4852537473646663,-0.5003843258722434,-0.807588581448293
0.09155,0.5763176928953015,-0.4054543674244151,-0.6184502473385507
0.0916,0.25640447895439067,-0.5568278645729663,-0.9063267892888902
0.09165000000000001,0.24717070369564098,-0.579858000463009,-0.8714682469788428
0.0917,0.47327056165159576,-0.3628255990329734,-0.5704590642262843
0.09175,0.2501803948852306,-0.4560713248080184,-0.7625471472511478
0.0918,0.7333870818370833,-0.09139242062195052,-0.1473003300309088
0.09185,0.9320635785243283,0.2317307201228047,0.21656778374665464
0.09190000000000001,1.184009332772277,0.5273291553682213,0.6535099161993259
0.09195,0.9656073098324214,0.5429607883582612,0.6043932839841126
0.092,0.4565852240145496,0.2528169497230799,0.19369653064060088
0.09205,0.23007961401938815,0.08121467062763443,-0.005061195595679635
0.0921,0.3634410353232269,0.19093973852712764,0.1800074314651532
0.09215000000000001,0.2607321487747285,0.1713614882045178,0.11006201803640536
0.0922,0.4319852256518253,0.3062565361220244,0.34722765419348534
0.09225,0.4286782839536549,0.3808118870726922,0.40912497804999504
0.09230000000000001,0.23482839135546385,0.268045287713953,0.24377971128916798
0.09235,0.4428933825608361,0.4439921622679144,0.546289911437075
0.09240000000000001,0.740187725025983,0.7647396785887288,0.9769808108364622
0.09245,0.4592932216539687,0.6651078922133955,0.7679204211484176
0.0925,0.5418705495881291,0.7358166798812391,0.9407830069009613
0.09255000000000001,0.5202485253591931,0.809830456493696,1.0045650719200587
0.0926,0.533738530110238,0.8688616350851035,1.1065025324077666
0.09265000000000001,0.4480947944016158,0.8699040643683276,1.0902497106738025
0.0927,0.06916885677325979,0.6220857762371743,0.7213869645164301
0.09275,0.44818688668433637,0.866916977911071,1.1698159197610458
0.09280000000000001,0.12996003363152298,0.7378899817291611,0.8651432540953827
0.09285,-0.11043591847276346,0.510946543003346,0.6135706620217221
0.09290000000000001,0.09711925115182041,0.6405819512098887,0.8307523927497442
0.09295,0.15169844156514856,0.7144810796536696,0.9016815620471164
0.093,-0.07029778221571448,0.5628603777840055,0.6730077356542274
0.09305000000000001,-0.21863701862379514,0.41338242045324236,0.4868499612943218
0.0931,-0.22474252485987023,0.37756529907210634,0.453838110304968
0.09315000000000001,-0.30277547375813185,0.30070009661773156,0.33566971108637844
0.0932,-0.08078214966966257,0.4234080851333317,0.5498599707915588
0.09325,-0.36955718384326985,0.23299182286665854,0.2081549787753154
0.09330000000000001,-0.21666041653429247,0.261310161660667,0.3354016684004293
0.09335,0.23963972953808366,0.6085739490212028,0.8209807786423653
0.09340000000000001,0.2682434771336375,0.7046316547093205,0.89850653479672
0.09345,0.01035526912006901,0.5293073053024457,0.641510187349013
0.0935,-0.1762151965460177,0.36535871163683353,0.43524677383490484
0.09355000000000001,-0.1331479760548575,0.3678940042727632,0.46435964446873257
0.0936,-0.27403671474285574,0.2620773401119898,0.288435123659216
0.09365000000000001,0.10961256569450128,0.4914858317545132,0.6831635305168504
0.0937,-0.38384962052849403,0.19254299042825807,0.133877356639875
0.09375,0.11699755063766659,0.4393402759127838,0.6527436474123043
0.09380000000000001,-0.42462368224266456,0.14135698122071005,0.04678376283151664
0.09385,-0.36873944302097783,0.03501418199397577,0.04990208351139458
0.09390000000000001,-0.5853822443629539,-0.13144296150628065,-0.2668602674786946
0.09395,-0.2815377922327187,-0.010717340845570078,0.0006423198837346433
0.094,-0.43656075329055355,-0.10266210181240254,-0.22127651707573648
0.09405000000000001,-0.6534476516219989,-0.36230586258534103,-0.5534181309809441
0.0941,-0.6019739850116714,-0.44351754137789,-0.6420971613936324
0.09415,-0.6073819453570088,-0.5157212404210121,-0.7525680532536683
0.0942,-1.0115777879313654,-0.9006610899906278,-1.3309104945003867
0.09425,-0.7258186317254385,-0.8644620413795181,-1.175666978497084
0.09430000000000001,-1.2581838958976128,-1.2836984859190181,-1.8944902854510879
0.09435,-0.7466661612025831,-1.1399796915289322,-1.517649105433307
0.0944,-0.70586285462268,-1.1091382958393226,-1.6032704027184437
0.09445,-0.33286629298583037,-0.9463153540995357,-1.2949912524125793
0.0945,-0.4349740475549133,-1.0005762046868583,-1.4636534582977916
0.09455000000000001,-0.5668200886392363,-1.1837565913056949,-1.691427788148136
0.0946,-0.3096361639449512,-1.0552269427385141,-1.4756344408834536
0.09465,-0.4116642579339249,-1.1261634111182843,-1.6392562221448301
0.0947,-0.7380889605664862,-1.4508736187812872,-2.098660249697325
0.09475,-0.6373818888344012,-1.4993347653268074,-2.1096847141854447
0.09480000000000001,-0.8438812395080575,-1.7431886734623028,-2.5167343827874475
0.09485,-0.7057372303816116,-1.7857468602021953,-2.5049889110698977
0.0949,-0.23772731855935092,-1.4759779788154184,-2.0659492617109763
0.09495,0.06716943171061018,-1.2237648723517935,-1.7547040205993483
0.095,0.07614488748364678,-1.18769398481842,-1.7384275795511002
0.09505000000000001,0.0375910928869061,-1.2125893776499836,-1.773594936363864
0.0951,-0.040306228899506635,-1.2640119698796575,-1.8551394601206006
0.09515,-0.18874292187513575,-1.3857897131355088,-2.0351566661591427
0.0952,-0.05856857893651224,-1.3200645153115218,-1.9104417266152005
0.09525,-0.08325719268031762,-1.3153023886759314,-1.943204174026409
0.09530000000000001,-0.16639979161836038,-1.3887262848799722,-2.04467709173905
0.09535,-0.061978562532345904,-1.3292851319149968,-1.946065009148544
0.0954,-0.5693973449625176,-1.7003967402910831,-2.549994690685203
0.09545000000000001,0.04303465918374627,-1.3769235845542873,-1.933651200930047
0.0955,0.21512470787659765,-1.1337953342154847,-1.7244934004746888
0.09555000000000001,-0.1772161671463124,-1.4074146058819963,-2.1366680065802157
0.0956,-0.11452494601344654,-1.4173158637540304,-2.085640993022796
0.09565,-0.38863899891941145,-1.604095336170424,-2.4165599262607493
0.09570000000000001,-0.4653270200808777,-1.7449285052500407,-2.566406271673678
0.09575,-0.6171669494151395,-1.9084748004245107,-2.8254951222600724
0.09580000000000001,-0.237350328595479,-1.7075948288079132,-2.4745880528961806
0.09585,-0.6560614138679455,-2.019028857458725,-3.048541446359952
0.0959,-0.6374131030353496,-2.1629707288873803,3.141553753739206
0.09595000000000001,-0.9594013960935399,-2.4534167318848574,2.651002664830685
0.096,-0.8044512571687115,-2.5075480842937488,2.660432635004735
0.09605000000000001,-0.7507933620337184,-2.528132166408902,2.578604868199225
0.0961,-1.1207326943855414,-2.808289284376638,2.162452612794045
0.09615,-0.6630291274213356,-2.5489779210833596,2.6201561797582507
0.09620000000000001,-0.16734729604876009,-2.149134275047519,3.1158380111308226
0.09625,-0.3248422396943056,-2.2087361066744933,2.9583430674852806
0.09630000000000001,-0.1489033588550157,-2.120507234432111,3.1342819483245705
0.09635,-0.17887875016610622,-2.1006908052724285,3.1043065570134836
0.0964,-0.08843497342898843,-2.0512884994439347,-3.088434973428992
0.09645000000000001,0.34881184732396875,-1.7147181765502424,-2.6023658494693933
0.0965,0.25092284511281093,-1.6986643780732322,-2.6691300206803206
0.09655000000000001,0.6603982697263611,-1.3552847271474953,-2.103230202097933
0.0966,0.5055347319951622,-1.3189891949678376,-2.1759974860124203
0.09665,0.4275572087169799,-1.3602915627934244,-2.1890103946385935
0.09670000000000001,0.8672874322477391,-0.9601109545850619,-1.5932857332803998
0.09675,0.8193515431123721,-0.8231014762647177,-1.4930866374606424
0.09680000000000001,0.189647213464621,-1.2255214796308884,-2.1011807170210517
0.09685,0.2443283064607371,-1.237874908999359,-2.0164587179792726
0.0969,-0.11569838398979826,-1.4430177154926618,-2.394277148432657
0.09695000000000001,-0.5241278027542862,-1.8172633650802759,-2.8889849689644755
0.097,-0.6773849879563727,-2.0289543348100025,3.1205188159866672
0.09705000000000001,-0.4842323027813329,-1.967719371982497,-3.046852499145217
0.0971,-0.6877065314122781,-2.1514023599940373,2.9102391149592286
0.09715,-0.9364313685370362,-2.4603917438280902,2.4957635011794004
0.09720000000000001,-0.8882998782856006,-2.5526375920301767,2.394885428893982
0.09725,-0.7483772502099484,-2.455058302354349,2.534808056969638
0.09730000000000001,-0.9464560360110212,-2.5583767963324853,2.336729271168565
0.09735,-1.3318214463348852,-2.8302554463544,1.9513638608447046
0.0974,-1.9831257970899614,0.7795403071755693,1.3000595100896284
0.09745000000000001,-2.205710454821439,1.3403622780654239,1.0774748523581472
0.0975,-1.9308014781261775,1.2383997078808306,1.3523838290534052
0.09755,-1.6074538087349097,1.5742337448840154,1.6757314984446765
0.0976,-1.3492752996864539,1.7303498980856098,1.9339100074931324
0.09765,-1.387381399366351,1.734533782646455,1.8958039078132352
0.09770000000000001,-1.3319628183971588,1.7485945563377108,1.951222488782431
0.09775,-0.9270724170562588,2.01763460992586,2.356112890123331
0.0978,-1.178046697340605,1.8949823081359334,2.105138609838985
0.09785,-1.0505682558611653,1.9248407596260577,2.2326170513184174
0.0979,-1.6092217675517375,1.5904182245317031,1.6739635396278487
0.09795000000000001,-1.3840497781599232,1.651036814972013,1.899135529019663
0.098,-1.5068111312855912,1.6227225232259705,1.776374175893995
0.09805,-1.8458797216182674,1.3641368522952888,1.4373055855613153
0.0981,-1.5929132723294899,1.4939276093359588,1.6902720348500964
0.09815,-1.9183522306677574,1.320829824098933,1.3648330765118288
0.09820000000000001,-2.1688980187584477,1.10037451511052,1.114287288421142
0.09825,-1.6813898546891046,1.4003716233530739,1.6017954524904816
0.0983,-1.9868095132202441,1.2630979069879196,1.296375793959342
0.09835,-2.1724937892734353,1.0792423932715103,1.110691517906151
0.0984,-2.366543597619934,0.9489291806887152,0.9166417095596522
0.09845000000000001,-2.1099033018707907,1.0886152865026126,1.1732820053087956
0.0985,-2.6578165805922502,0.7712428137798746,0.625368726587336
0.09855,-2.258239627953575,0.9455952718297844,1.0249456792260112
0.09860000000000001,-2.3172408172488943,0.9825266955637595,0.9659444899306919
0.09865,-2.3988101950970986,0.89232635613131,0.8843751120824912
0.09870000000000001,-2.6583816445612634,0.7240947309074208,0.6248036626183229
0.09875,-2.6873269497858345,0.6705307463246193,0.5958583573937517
0.0988,-2.220211097689763,0.9782220015687635,1.0629742094898198
0.09885000000000001,-2.1391578748515876,1.0824681044141222,1.1440274323279986
0.0989,-2.409737896955207,0.8952260297150154,0.873447410224383
0.09895000000000001,-2.5006672782120276,0.8037364637126707,0.7825180289675586
0.099,-2.3208832857916555,0.9168580416223158,0.9623020213879308
0.09905,-2.278980694955642,0.9635915282146463,1.004204612223944
0.09910000000000001,-2.3422665718569533,0.9171636721088241,0.9409187353226294
0.09915,-2.140955925912259,1.0376413874222443,1.1422293812673239
0.09920000000000001,-2.0143950680169667,1.1435406617938604,1.2687902391626196
0.09925,-2.329543779197259,0.9426119859575017,0.9536415279823238
0.0993,-2.9017113299633372,0.5292442878484103,0.381473977216249
0.09935000000000001,-2.732354483081963,0.5809518853524409,0.550830824097627
0.0994,-2.1464148664520835,0.9983223074360019,1.1367704407274992
0.09945000000000001,-2.382669809924934,0.9007075428140041,0.9005154972546485
0.0995,-2.410252163577436,0.8307624495854355,0.8729331436021504
0.09955,-1.9788439072742747,1.1209560922105588,1.304341399905308
0.09960000000000001,-1.4290717743410895,1.5210501805038703,1.8541135328385003
0.09965,-1.3933365232203307,1.5904382676298177,1.8898487839592555
0.09970000000000001,-0.9939653847884564,1.830291777384474,2.28921992239113
0.09975,-0.7478142844834252,2.0378153911090138,2.5353710226961645
0.0998,-0.9027406456904004,1.9431013205080419,2.3804446614891823
0.09985000000000001,-1.5068038365016747,1.5240297922498236,1.7763814706779115
0.0999,-1.7702883270511833,1.2829756102922723,1.512896980128403
0.09995000000000001,-1.64122769292781,1.3533662694876192,1.6419576142517762
0.1,-1.4968093288747468,1.4617815588127563,1.786375978304843
0.10005,-1.6352894447127504,1.3790773539009287,1.6478958624668358
0.10010000000000001,-1.8828936641989706,1.1940871498730665,1.4002916429806156
0.10015,-2.358476228834199,0.8601695591087903,0.9247090783453871
0.10020000000000001,-2.858627364662638,0.48404850627235163,0.4245579425169481
0.10025,-2.880410035533888,0.42463017781723167,0.40277527164569804
0.1003,2.201282287798019,0.13394912233389178,-0.06495694960264053
0.10035000000000001,1.6592645566831195,0.07859693139901403,-0.05388649515650101
0.1004,1.1864888497969837,-0.04657832404381956,-0.2831570734855937
0.10045000000000001,0.9092239872187768,-0.15719528672427963,-0.39828077776801507
0.1005,1.183061706106109,0.27350792197799834,0.2699108431546904
0.10055,1.0371108091062595,0.37525363827056424,0.30043530709173183
0.10060000000000001,0.8022257796350942,0.29083886890150623,0.2106732072596209
0.10065,0.6501789071581818,0.2635752055365135,0.17316741433807792
0.10070000000000001,0.19158514371575563,-0.02317324991201275,-0.2635344576148455
0.10075,0.5059211951578675,0.20016413233076769,0.16328966780260146
0.1008,0.6642965988966658,0.4488707394800606,0.4392755866377165
0.10085000000000001,0.4474354361483073,0.361264704451127,0.29166210186828145
0.1009,0.46126757232289606,0.39443697632912134,0.3777610772629849
0.10095,0.2412609069462377,0.28834314349309054,0.18729601354539582
0.101,0.3328795850437736,0.3463979615692345,0.32466152663930004
0.10105,-0.058273135826061306,0.11657914615733844,-0.07192046534496477
0.10110000000000001,0.03470401164917902,0.12093804332493541,0.025900472042888367
0.10115,0.44301053596528206,0.46104625875854666,0.5024952917484988
0.1012,0.5121453679248766,0.605626551348319,0.6552107191937075
0.10125,0.3059775780604248,0.4991717368560096,0.4897624134873304
0.1013,0.5264588921709965,0.6750337346120183,0.7970478726643471
0.10135000000000001,0.971071181285506,1.1153122390649877,1.4115686588780711
0.1014,1.0348911166030241,1.3269424938046974,1.6516719175153902
0.10145,0.8739989421071321,1.3610311385185163,1.6972305294733978
0.1015,0.5510631584252046,1.210652333834414,1.4666590609509633
0.10155,0.5976345305051503,1.2742858806273105,1.6161073403188446
0.10160000000000001,1.0278164910683394,1.6905965549607949,2.2219473735305293
0.10165,0.3711052800231549,1.3603276696733388,1.6184771340955706
0.1017,0.5864736275589735,1.4632299671907383,1.9342110073892549
0.10175000000000001,0.5544279170078887,1.5713256333961425,1.9952907822382748
0.1018,0.8358308118553666,1.858862093120802,2.4755962377072827
0.10185000000000001,0.6893054620121504,1.9036709735311668,2.4520284053115056
0.1019,0.03738790557465066,1.4531607889508287,1.8034778616519596
0.10195,0.56821871131012,1.7831246536066345,2.4305531456911744
0.10200000000000001,0.20423678120300615,1.6601988503546394,2.0903328648525346
0.10205,0.40536872789639844,1.7463724114924055,2.3517375454941885
0.10210000000000001,0.33563855154893574,1.785565327896368,2.328281685159162
0.10215,0.2860612500420743,1.7587925565074727,2.3318367343562763
0.1022,0.30371328777679807,1.799813129544095,2.3897949480676495
0.10225000000000001,0.13735398690624834,1.7004328461088996,2.237923113465204
0.1023,0.18884831037378014,1.722409860215123,2.3109119499964663
0.10235000000000001,0.26544929345627466,1.8045400331081964,2.421075532790848
0.1024,0.4561094947469364,1.976254908059797,2.682873275234467
0.10245,0.44210618804059365,2.034820591736743,2.7369625936353614
0.10250000000000001,0.45716248444177765,2.0984651828447056,2.8505084161145042
0.10255,0.7460626347303112,2.381090602637613,-3.0092189196341614
0.10260000000000001,0.42123421980549125,2.2521153664442544,3.012755448139675
0.10265,0.399439698758318,2.220882740982038,3.0499974483376597
0.1027,0.48457400575617626,2.340971953565962,-3.0706389044041806
0.10275000000000001,0.694175213949972,2.5619648083770166,-2.7370540236356327
0.1028,0.5893500780897867,2.588661846390057,-2.7408656518687238
0.10285000000000001,0.5885275291715324,2.597479452332344,-2.694657778008054
0.1029,0.49833746989812866,2.541913350003828,-2.7848478372814576
0.10295,0.8948015684678694,2.775743119349155,-2.388383738711717
0.10300000000000001,0.8119103505682759,2.768014435337168,-2.4712749566113104
0.10305,1.038001779891669,2.8766905540780705,-2.2451835272879173
0.10310000000000001,1.0224342902146297,2.89622255223426,-2.2607510169649565
0.10315,1.0476115192954119,2.888617331269881,-2.2355737878841744
0.1032,0.6878430413967713,2.6561262827380823,-2.595342265782815
0.10325000000000001,0.7209615001552585,2.6223492016867205,-2.5622238070243277
0.1033,0.7275681743310223,2.6395411553309636,-2.555617132848564
0.10335000000000001,0.28781373745629324,2.3411967766745967,-2.995371569723293
0.1034,0.07620797113864164,2.145641144150268,3.07620797113864
0.10345,-0.043462667026210156,2.051580066721506,2.952584184723012
0.10350000000000001,-0.43129863796201917,1.7400003540295295,2.4989828777885066
0.10355,-0.6387727831626773,1.452091348964661,2.1410239835719977
0.10360000000000001,-0.1551088851988247,1.7233577136007021,2.6078849607159214
0.10365,-0.39706077490113145,1.5908028896493,2.3073903671017426
0.1037,-0.5518165145780163,1.3659111118197238,2.060099892041368
0.10375000000000001,-0.8168950996576214,1.0859469246560032,1.647311968379352
0.1038,-0.37113614792110994,1.2886774342662655,2.0398237409540947
0.10385000000000001,-0.06718951013021446,1.5421932112595407,2.3374197853701553
0.1039,0.04051559412961403,1.6247088238742329,2.4508196179734973
0.10395,0.07491619137739036,1.655873486439102,2.4923893097139533
0.10400000000000001,-0.05525691832329116,1.5654903427847806,2.3570930095281604
0.10405,-0.11512570034156511,1.497251892524563,2.285487925777293
0.1041,-0.27174208195305205,1.36653305673671,2.0942317237710633
0.10415,-0.049409541484262576,1.4805742570734317,2.3120264772387102
0.1042,0.16118161989108515,1.6583895320713253,2.5402367379668256
0.10425000000000001,0.37998835537223385,1.8605346856149083,2.8361198133016394
0.1043,0.8685182857529696,2.302386493950415,-2.802350827545073
0.10435,0.935671548060057,2.5145724820621886,-2.5695434996991047
0.1044,0.975746523670658,2.6477191356562955,-2.3590365730498988
0.10445,1.2479899813907664,2.873405800413611,-2.03519532578882
0.10450000000000001,0.7903039832234846,2.6006011262722097,-2.4928813239561016
0.10455,0.8074648036579859,2.5365761483587512,-2.4757205035216003
0.1046,0.35883738355482464,2.265031559800459,-2.9243479236247616
0.10465,0.8587586257432349,2.5169415649742675,-2.4244266814363513
0.1047,0.7231136165586705,2.506051055736254,-2.5600716906209158
0.10475000000000001,1.2831661318343528,2.8141567014001048,-2.0000191753452334
0.1048,1.6247595770185796,-0.9471868638903587,-1.6584257301610066
0.10485,1.4709321227595211,-1.8058575557328602,-1.812253184420065
0.10490000000000001,0.9770950714832978,-1.8709577274801639,-2.3060902356962885
0.10495,0.6477319474053331,-2.2263003825597316,-2.635453359774253
0.10500000000000001,0.9823252554939153,-1.992155068153707,-2.300860051685671
0.10505,0.8993939577363044,-2.0026032684436146,-2.383791349443282
0.1051,0.46035034073167935,-2.3035841160685244,-2.822834966447907
0.10515000000000001,0.4070722554679911,-2.377109391967494,-2.876113051711595
0.1052,0.9424375958509934,-2.0146684277898537,-2.340747711328593
0.10525000000000001,1.4521780776419142,-1.6167938711698824,-1.831007229537672
0.1053,1.3226495324714662,-1.6548490620554794,-1.96053577470812
0.10535,1.4329482498336823,-1.6089923683909646,-1.850237057345904
0.10540000000000001,1.63676793738777,-1.448334172463266,-1.6464173697918163
0.10545,1.1983751385516648,-1.7106360617523002,-2.0848101686279215
0.10550000000000001,1.0504769580586775,-1.8609675604452356,-2.2327083491209088
0.10555,0.9417238199320757,-1.9229265560632562,-2.3414614872475106
0.1056,1.0814750014115795,-1.8413335364812475,-2.2017103057680067
0.10565000000000001,0.9405214725963944,-1.9046688252858068,-2.342663834583192
0.1057,0.527234405401078,-2.1911999793965578,-2.755950901778508
0.10575000000000001,0.6424732159015356,-2.1523554774752753,-2.6407120912780506
0.1058,0.4610861960212489,-2.234184062405326,-2.8220991111583373
0.10585,0.09983246950714708,-2.4934626857163984,3.0998324695071453
0.10590000000000001,-0.2325183722479114,-2.7520543475048775,2.7393460509153726
0.10595,-0.25368177465794695,-2.8107831723725525,2.6866001107040134
0.10600000000000001,0.17806218638805582,-2.4995240178151548,-3.1354056109675277
0.10605,0.1269993180114657,-2.4615225102202416,3.1099023907800536
0.1061,0.45505762189225507,-2.255263725440301,-2.828127685287331
0.10615000000000001,-0.19622150436806507,-2.632935988061906,2.7812076625429434
0.1062,-0.38244372716377306,-2.882242955351561,2.539448347702063
0.10625000000000001,-0.6405146197838558,0.9515273022854842,2.1689559313252147
0.1063,-0.6046447096332308,1.6310414778269404,2.100375998109431
0.10635,-0.2967710201810405,1.5255773040003469,2.3525322367313386
0.10640000000000001,-0.3914451720769634,1.5464137929226247,2.200475973234905
0.10645,-0.6444970447098939,1.243054538827895,1.8341274661505516
0.10650000000000001,-0.2984783530919213,1.4141397861060199,2.140789546614645
0.10655,-0.4474850921904441,1.3149357983078467,1.9225243449600988
0.1066,-0.30716540786350066,1.3322058933044367,2.021907105083244
0.10665000000000001,-0.4301014484807357,1.2338811131261131,1.8334622298519783
0.1067,-0.21796265198866394,1.3101078017627863,2.0079270074954856
0.10675000000000001,-0.28334389821934636,1.2733326997713554,1.905886756819367
0.1068,-0.021626338025114933,1.4132401801567376,2.165706591531606
0.10685,0.16639859369995058,1.5828619291207247,2.372061677708409
0.10690000000000001,0.7322248323979856,2.0400582418179845,3.0696949476608246
0.10695,0.6162703924785937,2.1102980441188386,3.0607895300583756
0.10700000000000001,0.29400221562720574,1.8908749611434779,2.777072712979841
0.10705,-0.040986344149448684,1.6406823927983893,2.4363199860999636
0.1071,-0.1873722898596064,1.494110600678244,2.268652792505886
0.10715000000000001,-0.051679758729605396,1.565330714675401,2.3995815029017784
0.1072,-0.22773727518227282,1.4485484566948763,2.1961466052835448
0.10725000000000001,0.22702553995111785,1.7238159131241915,2.6781745838118596
0.1073,0.26990649689781776,1.839161418497934,2.755379825749305
0.10735,-0.01318728854015383,1.634839926162968,2.4711449117272117
0.10740000000000001,-0.12089922252248542,1.5186649930967278,2.344727147375675
0.10745,-0.26729547363769157,1.392548618195704,2.164453580845052
0.1075,-0.1770495439489146,1.413524841094297,2.234889237875599
0.10755,-0.4140357867837281,1.2319760579472323,1.9358095386049037
0.1076,-0.0043927354431048116,1.4502997577405914,2.3450779978439407
0.10765000000000001,-0.08932510292937401,1.4508130436877416,2.2513996993487737
0.1077,-0.132578864624886,1.3751326048670869,2.194263271963184
0.10775,0.14369952481938775,1.569349582544163,2.493376436195806
0.1078,-0.06432048495328502,1.4614956944625028,2.279304988756291
0.10785,-0.0449364442996103,1.428348973308406,2.2945919971138764
0.10790000000000001,0.45096282179443037,1.8051678505313404,2.8605060339359873
0.10795,0.5098304823061284,1.955816045563619,3.0024341462807094
0.108,0.5284810836747837,2.0133592731792795,3.1083451690958164
0.10805000000000001,0.3490649026225583,1.9379028414050445,2.977800706245471
0.1081,0.05211493690629965,1.723839364884796,2.6882789503971907
0.10815000000000001,0.5194741450085836,2.047506015877584,-3.0423174926691807
0.1082,0.4222054047385022,2.097833389624949,-3.0757623483677463
0.10825,0.8649599556767278,2.4466801241589557,-2.4773748121470334
0.10830000000000001,0.6115641295229324,2.3987495321334507,-2.671621177656654
0.10835,1.0125401030404646,2.5969744921778037,-2.2706452041391216
0.10840000000000001,0.9652162265741637,2.6269782247274733,-2.3179690806054225
0.10845,1.1088753641599816,2.682209451553412,-2.1743099430196047
0.1085,1.4981104621141768,2.9538762557915668,-1.7850748450654095
0.10855000000000001,1.6493686733208683,3.080922458008537,-1.633816633858718
0.1086,1.9114661860481448,-0.8125497438932889,-1.3717191211314415
0.10865000000000001,1.4473578581218582,-1.8537789821507644,-1.835827449057728
0.1087,1.3216313680535166,-1.725590860190394,-1.9615539391260697
0.10875,1.9650547641184701,-1.391907097101722,-1.318130543061116
0.10880000000000001,1.9104183038749092,-1.3132257504889573,-1.372767003304677
0.10885,2.023944930345248,-1.2812958791868745,-1.259240376834338
0.10890000000000001,1.9895846595414248,-1.269808566300508,-1.2936006476381614
0.10895,1.8144694052703372,-1.3939004405859947,-1.468715901909249
0.109,1.371504266754279,-1.6923385012999859,-1.9116810404253073
0.10905000000000001,1.0366997812293413,-1.9524373221746174,-2.246485525950245
0.1091,1.5689534751634255,-1.626938669232107,-1.7142318320161607
0.10915000000000001,1.560389980051923,-1.5535986680501601,-1.7227953271276633
0.1092,1.2111360551160395,-1.8016685325892468,-2.0720492520635467
0.10925,0.9492977362392203,-1.9990238335921937,-2.333887570940366
0.10930000000000001,1.2331465496972633,-1.8302304610197844,-2.050038757482323
0.10935,0.9580813654791633,-1.9603322438706279,-2.325103941700423
0.10940000000000001,0.7818075596663476,-2.117100983928765,-2.5013777475132386
0.10945,0.454711227115812,-2.3267635838348326,-2.828474080063774
0.1095,0.08386871521179096,-2.5981225986150562,3.083868715211789
0.10955000000000001,0.6058352013541608,-2.2853589821659526,-2.6773501058254254
0.1096,0.5782903500905014,-2.220790515760971,-2.704894957089085
0.10965000000000001,0.49529632850861205,-2.297761152823849,-2.787888978670974
0.1097,0.326360451769407,-2.399810869167734,-2.9568248554101793
0.10975,0.5607900346894006,-2.2621802712631123,-2.7223952724901856
0.10980000000000001,0.5953695730634685,-2.196913523633029,-2.6878157341161177
0.10985,0.700825813435749,-2.130741661497609,-2.582359493743837
0.10990000000000001,0.7585513208372028,-2.0711784846873798,-2.5246339863423835
0.10995,0.6645622389175188,-2.1242539019618185,-2.6186230682620675
0.11,0.532638397336811,-2.215299470640943,-2.7505469098427753
0.11005000000000001,0.01573485752421533,-2.5546653549928706,3.0157348575242153
0.1101,-0.10857550049377807,-2.693967338790973,2.880467882591031
0.11015000000000001,0.5603838245342558,-2.242553517837763,-2.7228014826453304
0.1102,0.19558720902973725,-2.389266175035825,-3.0875980981498508
0.11025,0.21263732058955043,-2.445024123675303,-3.070547986590036
0.11030000000000001,0.33141232206680016,-2.333032555156546,-2.951772985112786
0.11035,0.7136836225118053,-2.0743789633129737,-2.569501684667781
0.11040000000000001,1.5454772180747298,-1.4854765867155706,-1.7377080891048564
0.11045,1.439369618854819,-1.4630682628268374,-1.8438156883247672
0.1105,1.185808616144726,-1.6659969706142768,-2.09737669103486
0.11055000000000001,1.5269873377843552,-1.4566528317755463,-1.756197969395231
0.1106,1.6080886099859022,-1.3522926946259304,-1.675096697193684
0.11065000000000001,2.239750629311125,-0.9469704620951589,-1.0434346778684613
0.1107,2.4781356291941847,-0.7099669449442629,-0.8050496779854015
0.11075,2.288524204206091,-0.8291325387505353,-0.9946611029734953
0.11080000000000001,2.2438655775837724,-0.8793215223071904,-1.0393197295958139
0.11085,2.389445628802452,-0.7798238982036771,-0.8937396783771341
0.1109,2.558864076684692,-0.6511314357886242,-0.724321230494894
0.11095000000000001,2.226400892482758,-0.8490440321264039,-1.0567844146968284
0.111,1.6513812612592744,-1.2642032435207256,-1.6318040459203118
0.11105000000000001,1.1747329416553427,-1.6230123919509865,-2.1084523655242435
0.1111,1.3799078323290423,-1.5252210729187574,-1.9032774748505439
0.11115,1.3485719541799597,-1.5017789158368764,-1.9346133529996266
0.11120000000000001,0.8009872274957885,-1.8686838459423392,-2.4821980796837977
0.11125,0.6475883294364486,-2.0235427275074542,-2.6355969777431376
0.11130000000000001,0.06863645534940943,-2.3889404730306296,3.0686364553494094
0.11135,0.0035491296521747984,-2.496175068536271,3.003549129652175
0.1114,-0.22020779975422045,-2.632910216616761,2.753593413262738
0.11145000000000001,-0.33050050309469015,-2.7625146073093774,2.598006985010489
0.1115,-0.3008953337999447,-2.7671402374309295,2.587818168594211
0.11155000000000001,-0.20521228077028653,-2.711652141576124,2.6595931687617558
0.1116,-0.14765042878687495,-2.673146708647291,2.6935845121875595
0.11165,0.23592032222223658,-2.3977202688870136,3.105834952205747
0.11170000000000001,0.858653853113907,-1.8539199777345274,-2.4245314540656793
0.11175,1.1359131878904911,-1.594238254143427,-2.147272119289095
0.11180000000000001,1.0934043866831722,-1.6091698227918627,-2.189780920496414
0.11185,1.339964966280629,-1.4531070404763469,-1.9432203408989572
0.1119,1.1324035615155381,-1.5497050507440129,-2.150781745664048
0.11195000000000001,0.89458114924442,-1.7359766969422772,-2.3886041579351662
0.112,0.6428187531835832,-1.909714066135308,-2.640366553996003
0.11205000000000001,0.7482804880227363,-1.8612556885684057,-2.53490481915685
0.1121,1.144207264457755,-1.5780907931918229,-2.1389780427218312
0.11215,1.842720484667538,-1.0810722313930832,-1.4404648225120482
0.11220000000000001,2.2649771766995954,-0.7334469889709361,-1.0182081304799908
0.11225,2.4948737747845016,-0.5558789912887327,-0.7883115323950847
0.11230000000000001,2.2992668105320533,-0.6617025640897154,-0.983918496647533
0.11235,2.338505621709018,-0.6651316688210507,-0.9446796854705681
0.1124,2.521054505383038,-0.5296107927244442,-0.7621308017965482
0.11245000000000001,2.4992310154818647,-0.5251305213776085,-0.7839542916977216
0.1125,3.086833810958499,-0.152644909850995,-0.19635149622108727
0.11255000000000001,2.850818525700138,-0.22920919010598695,-0.4323667814794483
0.1126,2.647287600988875,-0.41558118246021536,-0.6358977061907112
0.11265,2.7796686208066177,-0.33440634525307544,-0.5035166863729685
0.11270000000000001,-2.1537937311667363,0.09299088966029956,0.12827502511101585
0.11275,-2.0209455602668136,-0.18520003267472873,-0.4125253240779969
0.11280000000000001,-1.6987276949359291,-0.4340124879153784,-0.6565500237257567
0.11285,-1.1061541519509213,-0.16503553175157037,-0.24545839562260952
0.1129,-1.1167917742199336,-0.23913795995405351,-0.4381870419202194
0.11295000000000001,-0.4081008434420177,0.13880791239581924,0.20965892842552591
0.113,-0.5262336562482908,0.07994069107830626,-0.026838012699066383
0.11305000000000001,-0.16340299479757547,0.2402623314091734,0.31807190220443005
0.1131,-0.15762566607832085,0.29656710203632386,0.3067095552266679
0.11315,-0.0007688525307258942,0.3729847449775292,0.463501199980648
0.11320000000000001,-0.26892034316441027,0.20433357656045814,0.16119449708338252
0.11325,-0.6350891830894199,-0.15166007289815298,-0.3162000510347269
0.11330000000000001,-0.33511499240693965,-0.029588857394486467,-0.06239991211383611
0.11335,-0.3995258963706796,-0.07819069545505286,-0.20918832803670284
0.1134,-0.5693538139225431,-0.28429175433931775,-0.4755173054581867
0.11345000000000001,-0.7563931532843107,-0.5132894836427297,-0.7991320497813206
0.1135,-0.9005778328795699,-0.7414571771163381,-1.1042479880959881
0.11355000000000001,-0.40850271049591313,-0.4869030097000113,-0.6731021298881998
0.1136,-0.5776656589497691,-0.5959802374649961,-0.9406438196417533
0.11365,-0.6205036480878121,-0.7464951369772663,-1.0914739415707508
0.11370000000000001,-0.0009060745001967518,-0.3434378804421989,-0.471997774646578
0.11375,-0.10713160017935408,-0.3419073641120569,-0.5890099322747773
0.11380000000000001,-0.0849049512201887,-0.37300410169758536,-0.5750384634768757
0.11385,0.04004873190561753,-0.27267807866694227,-0.4464624040501697
0.1139,-0.03223583172885114,-0.31025526075405807,-0.5216255729981683
0.11395000000000001,-0.20404802133921152,-0.4484917582313912,-0.7171711196220656
0.114,0.1835435699683785,-0.20297925973472175,-0.3088480566730851
0.11405,0.2522072648769651,-0.07160724707536303,-0.19495270363576367
0.11410000000000001,0.06820486120575353,-0.1921319270784423,-0.3724980258086248
0.11415,-0.30147228388398517,-0.47590659071656916,-0.7820738254789283
0.11420000000000001,-0.5492199705022074,-0.737476370244444,-1.1217688847350864
0.11425,-0.7189304559449532,-0.9549115452872421,-1.420594322225611
0.1143,-1.1802305748453712,-1.3970074369206884,-2.066769161169713
0.11435000000000001,-0.6825914794246373,-1.2198833883361075,-1.6906644391950572
0.1144,-0.5192081017002756,-1.1149645922382057,-1.6436117660402125
0.11445000000000001,-0.29925204584665366,-1.0141809540134545,-1.4631521330899488
0.1145,-0.6128500215318411,-1.2534824574114332,-1.8830357636905077
0.11455,-0.6348878926397212,-1.397731833813964,-2.0162548994664746
0.11460000000000001,-0.5914122457265485,-1.4257496863825558,-2.074257011112209
0.11465,-0.4768068959260603,-1.4054028147040114,-2.0353431355549105
0.11470000000000001,-0.4537959839304122,-1.424046187237792,-2.082964552196028
0.11475,-0.6631149160188805,-1.6652392643214426,-2.449445893364814
0.1148,-0.276711880824287,-1.4757455351419573,-2.098542387866363
0.11485000000000001,-0.039389248719849945,-1.262337751179441,-1.8647786415655752
0.1149,-0.0006447673770750839,-1.2251701757650402,-1.8260888000929931
0.11495000000000001,0.2934962028394743,-1.0048760112203858,-1.493487111670035
0.115,0.5809659289201328,-0.7118095919885441,-1.1068937961444085
0.11505,0.8684293762737489,-0.38964008065357447,-0.6632593390790973
0.11510000000000001,0.7537108404191812,-0.3030901320733612,-0.5975029037045161
0.11515,0.575000445903175,-0.3614385341107109,-0.6784363912334221
0.11520000000000001,0.38694896820906166,-0.4529068618162384,-0.8100297378586916
0.11525,0.5778445571129573,-0.27824168331906307,-0.5207150201004573
0.1153,0.3325249930960865,-0.36596905407898106,-0.7203553857886362
0.11535000000000001,0.06197361570356463,-0.5746985366964523,-0.985098126669282
0.1154,0.22148322967751,-0.4719086461991253,-0.7991914134453602
0.11545000000000001,0.33300071179613155,-0.32706021705054056,-0.6229222081675303
0.1155,0.4699514731407497,-0.1783663807257625,-0.41179477192706315
0.11555,0.20158578334769928,-0.31407134092678035,-0.6567950593797178
0.11560000000000001,0.2745030173256495,-0.2812786584008009,-0.5487613725370757
0.11565,0.4921120101493379,-0.062149451231469754,-0.2520589870496188
0.11570000000000001,0.3176399596651862,-0.11976341674289159,-0.38365833028134233
0.11575,0.2242074785928736,-0.18820929069627823,-0.45026830770897774
0.1158,0.12840160936228528,-0.23575700699099045,-0.5260316470921182
0.11585000000000001,0.5242097226484503,0.06675037422540342,-0.04392666060700989
0.1159,0.6927749886922854,0.31813888833096726,0.248327756975673
0.11595000000000001,0.2636702913917439,0.07545396729821263,-0.1475165645358132
0.116,-0.1688253992822908,-0.2699028237036707,-0.5986762935840098
0.11605,0.042596379030616305,-0.16677647506416093,-0.383385634666201
0.11610000000000001,-0.00655673532148171,-0.15896727425894852,-0.43309989734801135
0.11615,0.1488540743818696,-0.06269711842565684,-0.25389324261625745
0.11620000000000001,0.21996838516673023,0.02942169714284759,-0.1566173099841528
0.11625,0.47117518302420436,0.24148111416485563,0.16903611546216624
0.1163,-0.011238759538048981,-0.031992530426489196,-0.31434720200407895
0.11635000000000001,-0.14787662060393103,-0.20383818513763785,-0.4668320926025942
0.1164,-0.05047072891757409,-0.13632189675522355,-0.37406944832637024
0.11645000000000001,0.034158932736204406,-0.07029287476366619,-0.2863798046085613
0.1165,-0.20605832315398942,-0.2403188175954476,-0.5617487394925007
0.11655,-0.3106160958356021,-0.3706267837239814,-0.7078775230538952
0.11660000000000001,-0.4129055789909124,-0.48071898534670865,-0.8720221401686352
0.11665,-0.3369545261549476,-0.4787063061927448,-0.8425977614770233
0.11670000000000001,-0.09660668353042823,-0.3181136380479437,-0.6118179656846756
0.11675,-0.14941774808254138,-0.33675945392079143,-0.6806782831795424
0.1168,-0.162851387863995,-0.3731939370502637,-0.7119576103892129
0.11685000000000001,-0.6393946808045854,-0.7750682946122893,-1.3391579786278456
0.1169,-0.8040030586563489,-1.0511235745072511,-1.6492066618114372
0.11695000000000001,-0.19678069243460428,-0.6811850958041106,-1.0646375046038017
0.117,-0.6033295219134693,-0.9332543179939385,-1.5753413746496499
0.11705,-0.15232330031069807,-0.7393089163389988,-1.1407678280048046
0.11710000000000001,-0.20429686700083494,-0.7010625989068515,-1.2165120524315434
0.11715,-0.6720142933983198,-1.1173512703052744,-1.8035031238610166
0.11720000000000001,-0.17914833774957017,-0.8733913107974622,-1.3402888909856934
0.11725000000000001,0.20664288582794654,-0.5283539434060707,-0.930374329887286
0.1173,0.06203924232619684,-0.5931907133417731,-1.0691625706098584
0.11735000000000001,0.30369641576288586,-0.434554627253096,-0.787202295051479
0.1174,0.1886758996772322,-0.45008685737525056,-0.8807532469795945
0.11745,0.19728982513856508,-0.45534598319305886,-0.8494110188297839
0.11750000000000001,0.23543962203646984,-0.3975920948482212,-0.7826586495985133
0.11755,0.1552291530955614,-0.42851909221108997,-0.8378704670172681
0.11760000000000001,0.2934635899831406,-0.32116340478576433,-0.6611811511100818
0.11765,0.37380994083896013,-0.20896261796055882,-0.5270490098756966
0.1177,0.20510182334004057,-0.29400235465542934,-0.6718656680953963
0.11775000000000001,0.2762583501127338,-0.24489934797979984,-0.5652883928776014
0.1178,0.11984072884705554,-0.31689970369879816,-0.7093997660984606
0.11785000000000001,0.1592699223564864,-0.3041846050023622,-0.6526097413193668
0.1179,0.01973477816312652,-0.37593383285881643,-0.7894397574267877
0.11795,0.059732418466666104,-0.36776627300323383,-0.7438637505970895
0.11800000000000001,0.48853864386223833,-0.025613668196395878,-0.2367606805136795
0.11805,0.2692854651457317,-0.08731142160865701,-0.4217960844329447
0.11810000000000001,-0.1482833454385606,-0.4101514132027049,-0.8552652169453765
0.11815,0.3145296330871439,-0.12093159288662747,-0.35015776495667694
0.1182,0.3674998641257119,0.02325793264578735,-0.24466995059839292
0.11825000000000001,0.15795317809428866,-0.1092636246426899,-0.4286992488134871
0.1183,0.08837877070752498,-0.16621768851241825,-0.48963331854101355
0.11835000000000001,-0.1590956741444245,-0.33801424029469374,-0.7544451149591183
0.1184,0.13086148583121116,-0.17307631204187857,-0.4508209556492453
0.11845,0.3218947682946016,0.027773421216046756,-0.21611933468982514
0.11850000000000001,0.458838634658278,0.17431675249587286,-0.007440907028573918
0.11855,0.4683294524627861,0.24918501494151712,0.07586907086945871
0.11860000000000001,-0.12575309607656493,-0.1452755071530909,-0.5377816759466079
0.11865,-0.41264493114091394,-0.44666604473385974,-0.8864737207714839
0.1187,-0.274509128319238,-0.3948850912713837,-0.7834554284820427
0.11875000000000001,-0.9114213620633507,-0.8917565076544491,-1.5828115048560178
0.1188,-0.7791415459698214,-0.9996297985994076,-1.5914348577643125
0.11885000000000001,-0.9152375662001546,-1.1540871396578112,-1.8904957533767508
0.1189,-0.6013897234024732,-1.064339430814158,-1.6803678828211233
0.11895,-0.527350559894213,-1.046791798755656,-1.7250161525795562
0.11900000000000001,-0.16800578707166736,-0.844220454308303,-1.3842224329382908
0.11905,-0.04457666503397206,-0.715354481100821,-1.264855157284451
0.11910000000000001,0.005575543987493603,-0.6831115291035275,-1.2142265532338854
0.11915,-0.2470442128101098,-0.8568301533948031,-1.4973318916647465
0.1192,-0.035448703989217734,-0.7570532151965885,-1.288918629229002
0.11925000000000001,0.6059516397998834,-0.23399391407877346,-0.542775634222977
0.1193,0.08410030758147968,-0.4840478683954963,-1.0521707160092149
0.11935000000000001,-0.19245712291831296,-0.7657614649613969,-1.3507471764196666
0.1194,0.29533373442436783,-0.42842902475100786,-0.8241660669829223
0.11945,0.4074517270881053,-0.2488321266389093,-0.6513392128283257
0.11950000000000001,0.29379555424564074,-0.2987479432558722,-0.7264810545286231
0.11955,0.47440850252792544,-0.14115219424863312,-0.47070726813019803
0.11960000000000001,0.5092588198609356,-0.03013785621203624,-0.3529248901539006
0.11965,0.27427800027475513,-0.1469295975943723,-0.5375705662933434
0.1197,0.07738716296051251,-0.29247934421608335,-0.7270265846325117
0.11975000000000001,0.31354998848101445,-0.12691047386840282,-0.44875081362333447
0.1198,0.37967777002608827,-0.008723634811666159,-0.32764898401073594
0.11985000000000001,0.6186522176722384,0.2162056119646074,0.018905358934272698
0.1199,0.7081674472916006,0.39771518340287315,0.2353227122269459
0.11995,0.4627811186587856,0.29672140061433083,0.06253533497621078
0.12000000000000001,0.7635568097251877,0.582817909763051,0.5461439306618843
0.12005,0.43030348962841103,0.4766808827008404,0.2784427143908452
0.12010000000000001,0.27214204802259445,0.3384762330990547,0.1549899901681009
0.12015,0.043573498098595564,0.19719092771870095,-0.06961461405887093
0.1202,-0.3263676102836506,-0.10049530137149176,-0.4840661787384377
0.12025000000000001,-0.10856880290267767,-0.007340622207774317,-0.2772231982206179
0.1203,-0.36422190542623056,-0.16617561578637563,-0.5847390829595795
0.12035000000000001,-0.45943364160147127,-0.34309784163525947,-0.7790867863742896
0.12040000000000001,-0.139530600162729,-0.150705621893092,-0.4739494094026675
0.12045,0.1284324476783354,0.07109504125828181,-0.1926227288554685
0.12050000000000001,-0.04275162241776087,-0.021449183543232664,-0.36769076403351875
0.12055,-0.3746531479251942,-0.2995106936907881,-0.7535483077640741
0.1206,-0.3432166552173683,-0.3465695769516266,-0.7698460078903189
0.12065000000000001,-0.6940855232466738,-0.6411594471765945,-1.2446796961718682
0.1207,-0.7978403753203338,-0.8919208539272034,-1.5391699565735877
0.12075000000000001,-0.7632769217937749,-0.9704149981511137,-1.6425085461428317
0.1208,-0.6759888674154269,-0.996442048914119,-1.675346247202807
0.12085,-0.7045777108947888,-1.0948063171748714,-1.830092855333561
0.12090000000000001,-0.6245897532364104,-1.1288384715102993,-1.8590054879181217
0.12095,-0.16628375470450862,-0.8382967148190872,-1.4190138931930996
0.12100000000000001,0.03847920531154969,-0.6481166309347728,-1.2107794447206466
0.12105,0.3961515876838462,-0.3555286536495359,-0.7716517618171643
0.1211,0.5865549448541927,-0.11496910589986342,-0.48086455412569507
0.12115000000000001,0.5755743064829524,-0.040775433546560436,-0.39393867958997575
0.1212,0.19608498082978443,-0.2667383891067878,-0.7508772679154525
0.12125000000000001,-0.17838463510875968,-0.5663393094547295,-1.1453453831422848
0.1213,-0.15253552070954157,-0.5912126133312015,-1.1359570594684136
0.12135,-0.2339113721931092,-0.6477442036373979,-1.2456908217008262
0.12140000000000001,-0.4177137486850704,-0.8389658989337647,-1.5168857318196203
0.12145,-0.24592521021920888,-0.7722004040660373,-1.3753992667115078
0.12150000000000001,0.13178924326419406,-0.4900516595202262,-0.9839014287155123
0.12155,0.11488685885508687,-0.45317508466498424,-0.9890961879885865
0.1216,0.1418786273932433,-0.4389170374331961,-0.9470368786417751
0.12165000000000001,-0.009512415493919235,-0.5257580475239436,-1.0992460426986455
0.1217,-0.1841786244335104,-0.6728194583111815,-1.2947345707004914
0.12175000000000001,0.36449443058323894,-0.28551404382888634,-0.6731190479850682
0.1218,-0.005079628089369237,-0.4413884383054132,-1.0431267701730498
0.12185,-0.03566455943564506,-0.5363963960383842,-1.0769144586980985
0.12190000000000001,-0.1421280205961466,-0.5913535262534495,-1.1984776321067585
0.12195,-0.14472112176283503,-0.6239466706026491,-1.2165061821631902
0.12200000000000001,0.17297023035297343,-0.39869634952876254,-0.8795759555548166
0.12205,0.4285784356298663,-0.15078253577755163,-0.5587848388117429
0.1221,0.33580376618618857,-0.14231211699182467,-0.5860909803048315
0.12215000000000001,0.5942961243819873,0.07869515223288914,-0.22547206876562242
0.1222,0.3295604888088093,-0.014630393353360915,-0.44509256379254225
0.12225000000000001,0.3961140759199999,0.0219103797440674,-0.3201924340274509
0.1223,0.8113824209245166,0.41580995638505414,0.24182218412468615
0.12235,0.5562372444868444,0.36858667168292314,0.08021179804807232
0.12240000000000001,0.5441215869936009,0.3779032148801562,0.15889039768434898
0.12245,0.8235567102366019,0.7080151117399573,0.6346594223989825
0.12250000000000001,0.4998117530104018,0.5992296387712237,0.3917284513912982
0.12255,0.46268873709927405,0.5727861490938899,0.42718410648632243
0.1226,0.33550489813061546,0.5398756140002803,0.3462489808399454
0.12265000000000001,0.007657033412524328,0.30954189463000503,0.019057633748914782
0.1227,0.13347656645246886,0.3647242543638711,0.15887295420503023
0.12275000000000001,-0.10000395334362722,0.235625958476831,-0.08456502586056303
0.1228,0.353870731919816,0.5331823175429307,0.4394562626262797
0.12285,0.33060756020819326,0.6245572001689865,0.4615071706742171
0.12290000000000001,0.25071034971748674,0.5662659163941406,0.41269964146086124
0.12295,0.24827755607895696,0.5855732352775966,0.44095516538115476
0.12300000000000001,0.2624819720882563,0.6168950254672119,0.4882186504706816
0.12305,0.19468366288261407,0.5906440919057268,0.44276517264624715
0.1231,0.20420394160318267,0.6030575702552454,0.47604217761400847
0.12315000000000001,0.0381054768157334,0.5040978785428294,0.3152841346607893
0.1232,-0.0906223475684449,0.3915502089654943,0.1776651638730442
0.12325000000000001,0.07925045292204302,0.4958800430719812,0.35517443688541306
0.1233,-0.48368076178261177,0.10597414627927293,-0.2849729009435009
0.12335,-0.6081726412917625,-0.13044099079596805,-0.5147046906144759
0.12340000000000001,-0.5073375202000001,-0.11573603666617416,-0.4963702965353498
0.12345,-0.33950272165210293,-0.03595430724972459,-0.3755522140469303
0.12350000000000001,-0.3694363131884053,-0.08875288968020101,-0.4797397113142132
0.12355000000000001,-0.27645324447065533,-0.06922060419765685,-0.4222112374493463
0.1236,-0.32397161962994403,-0.11480380099880705,-0.5137882423282178
0.12365000000000001,-0.7451257305431298,-0.4893131210330175,-1.069315645441229
0.1237,-0.3846977868787249,-0.35405000143017773,-0.7648850011745303
0.12375000000000001,-0.2549258430229244,-0.23012866572794977,-0.6669027998368264
0.12380000000000001,-0.4609314522718435,-0.41800323391574423,-0.9451015395011026
0.12385,0.006688416177535572,-0.14527924783863355,-0.47657919715092234
0.12390000000000001,0.2063123120591186,0.06833983097182994,-0.2528817712630982
0.12395,0.02755034033934578,-0.04230925552507614,-0.42920243480813625
0.124,0.3365273814086862,0.16447738009801327,-0.07378068470312726
0.12405000000000001,0.4482838257388302,0.33288949011040003,0.10740775099982258
0.1241,0.6122933834244897,0.5105600287490546,0.3775786219091124
0.12415000000000001,0.38682013502852186,0.4316920812015326,0.2085370991115134
0.1242,0.19813878629338788,0.29815995410967133,0.05335968822989301
0.12425,-0.035464374986712954,0.13642712997754813,-0.18342720803832435
0.12430000000000001,-0.16739349337985487,0.01245673631391142,-0.333823121190175
0.12435,-0.7303656664678186,-0.445428018090837,-1.0282286871942254
0.12440000000000001,-0.3356644041997896,-0.30134798238686145,-0.679806693863938
0.12445,-0.5828117248248361,-0.45258289150093134,-1.0264939790231118
0.1245,-0.34426565160469025,-0.39604777732982654,-0.8358854430774656
0.12455000000000001,-0.5902845782893884,-0.5948543261988029,-1.2187282257390493
0.1246,-0.4655170430735609,-0.6235750350633111,-1.1671608021196853
0.12465000000000001,-0.692274831238521,-0.8193005829159894,-1.5175024342594483
0.1247,-0.5830711930669814,-0.8639340796134469,-1.5078972787310327
0.12475,-0.8979143133755265,-1.148600374518491,-1.9832928816761601
0.12480000000000001,-0.9026946763330983,-1.318004094060253,-2.1493035058647187
0.12485,-0.5845470457900781,-1.170576725715435,-1.9310871458106043
0.12490000000000001,-0.41620073738928554,-1.0885508743359686,-1.8497134656583576
0.12495,-0.30706372741257226,-1.0403556403912155,-1.7814947499045886
0.125,-0.47876800160019783,-1.1892842827481651,-2.0293249102012894
0.12505,-0.9678485907949472,-1.6446131740877945,-2.6879479708695726
0.12510000000000002,-1.0488402754717256,-1.8761458429213427,-2.946397138462249
0.12515,-1.0154741801032294,-1.9692468085499897,-3.087550040063853
0.1252,-0.4711898533020893,-1.6746749366289606,-2.6177155783341917
0.12525,-0.2384885313296614,-1.4835385976014166,-2.4271649082908375
0.1253,-0.11402316863396322,-1.4049010399832156,-2.3143036275288225
0.12535000000000002,-0.24654280442803866,-1.4925513514511124,-2.4772265667365048
0.1254,-0.39632569995089284,-1.6474064983248482,-2.685399836969655
0.12545,-0.1657120712386444,-1.5222823067949207,-2.473022269303364
0.1255,-0.23559552655039795,-1.5492926215247032,-2.571533299651186
0.12555,-0.2861582607496942,-1.6247865089508835,-2.659251267833792
0.12560000000000002,0.2691854910189342,-1.232068168834516,-2.0547657843271168
0.12565,-0.015203163396403596,-1.3375891707692489,-2.340474414043335
0.1257,-0.07840297494803394,-1.441005385460123,-2.4112188438427644
0.12575,-0.1262558751262901,-1.4631775852944102,-2.4721652000163488
0.1258,-0.2752585716886742,-1.5899213349505317,-2.656415208187468
0.12585000000000002,-0.5914193780656376,-1.8734843900226181,-3.0740553783602884
0.1259,-0.16672705411034272,-1.650436599178974,-2.6677382830525325
0.12595,-0.4797037979828147,-1.8496606119952546,-3.085648524190976
0.126,-0.6320725515522092,-2.0886535407078917,2.9346089327597227
0.12605,-0.46467638992641724,-2.0277061023561274,3.0289898100346804
0.12610000000000002,-0.7046251863336259,-2.244404785233197,2.6628733844780044
0.12615,-0.6524341735256414,-2.3084743500624683,2.630751133653945
0.1262,-0.7155003818703491,-2.3287996633510737,2.567684925309237
0.12625,-0.7724742120137336,-2.371248872239935,2.510711095165849
0.1263,-0.79976645376167,-2.384478282359222,2.48341885341792
0.12635000000000002,-1.2164408425710747,-2.6490340154706864,2.0667444646085116
0.1264,-1.3694292066265135,-2.7905098920828983,1.9137561005530728
0.12645,-0.9593783328471801,-2.518484358658249,2.3238069743324026
0.1265,-0.5863420163910575,-2.2191200916688203,2.6968432907885322
0.12655,-0.7489318922863291,-2.2894914538171456,2.5342534148932607
0.12660000000000002,-0.40016305768070737,-2.087305300658077,2.8830222494988824
0.12665,-0.67299184062934,-2.2038995347339707,2.610193466550246
0.1267,-1.0760164241950818,-2.5101199096839615,2.207168882984508
0.12675,-1.6796042297972527,-2.923878625479741,1.6035810773823336
0.1268,-2.0055845144384,0.8697311521497717,1.277600792741186
0.12685000000000002,-1.8486950244715352,1.7248611737778923,1.434490282708051
0.1269,-1.9329296287443896,1.4191619886410791,1.3502556784352002
0.12695,-1.40710329239473,1.8306817572707814,1.8760820147848598
0.127,-1.1336900280124453,2.039991297734641,2.149495279167141
0.12705,-1.2267252825091823,1.994166861510255,2.056460024670404
0.12710000000000002,-1.2795640043197736,1.9355325933792464,2.003621302859809
0.12715,-1.3301405217289286,1.8971464739715636,1.9530447854506612
0.1272,-1.0077090325166829,2.0935819908062747,2.2754762746629034
0.12725,-1.1099465881217583,2.063260792254308,2.1732387190578315
0.1273,-1.098690751217184,2.037108294757058,2.184494555962406
0.12735000000000002,-1.3087627264148196,1.906346282640996,1.9744225807647702
0.1274,-0.8943397907581669,2.138679626866079,2.3888455164214193
0.12745,-0.985807977890488,2.1347678164721806,2.297377329289098
0.1275,-1.1686652822153718,1.9774581947539716,2.114520024964218
0.12755,-1.619637507526157,1.6692786155118533,1.6635477996534256
0.12760000000000002,-1.3072934918019854,1.8143983090835896,1.9758918153776044
0.12765,-1.4732370009666482,1.7584697216802319,1.8099483062129345
0.1277,-1.4791380880990275,1.7091185178895358,1.8040472190805588
0.12775,-1.5894364519642181,1.6462368415914774,1.6937488552153717
0.1278,-1.6309892326650584,1.5962129572438712,1.6521960745145243
0.12785000000000002,-2.2239195973925874,1.2097599760772795,1.0592657097869953
0.1279,-2.449075880564351,0.9872028929976828,0.8341094266152389
0.12795,-2.766034475897822,0.7775891088080122,0.5171508312817643
0.128,-2.081563460721007,1.1790763442766732,1.201621846458579
0.12805,-1.65237033416512,1.550663121552521,1.6308149730144628
0.12810000000000002,-1.5021736720477783,1.661649735042129,1.781011635131808
0.12815000000000001,-0.7230341769288344,2.172050766968507,2.560151130250752
0.1282,-0.3151907882852427,2.520887855081792,2.9679945188943435
0.12825,-0.7123102431233903,2.2749173410216272,2.5708750640561924
0.1283,-1.0911637121175097,1.9681762014150443,2.1920215950620765
0.12835000000000002,-0.9932217319263508,1.9983347005272343,2.2899635752532355
0.12840000000000001,-0.9988116078722982,2.0104545202416837,2.284373699307288
0.12845,-0.9181805311860316,2.048301984218906,2.3650047759935546
0.1285,-1.1557247948990756,1.9016294463715688,2.1274605122805106
0.12855,-0.5734507098073109,2.2383668835023656,2.7097345973722717
0.12860000000000002,-0.6655338860583129,2.2558655108965446,2.61765142112127
0.12865000000000001,-0.30591743251707015,2.4408006465647922,2.9772678746625125
0.1287,0.14265330121921593,2.7917508305249044,-2.8421791580730726
0.12875,-0.018739258160117345,2.714142700194035,-3.0061372984416934
0.1288,0.15687725180457335,2.797519287540215,-2.8134814754383335
0.12885,0.565905025423703,-0.9082928020395151,-2.308732305889677
0.12890000000000001,0.8724957675352307,-1.3307304424351898,-1.8453459201093594
0.12895,0.9513888238496051,-0.8561304251727826,-1.5988464056649825
0.129,0.9363455841863484,-0.8351910564461384,-1.4481497756150397
0.12905,0.8268411539206184,-0.7606502290503059,-1.4082348813319214
0.1291,1.0048898587488964,-0.5079565982888106,-1.0030179983059995
0.12915000000000001,1.024260114372204,-0.32676128907194624,-0.8083115826230909
0.1292,0.9151696033955687,-0.2859284782021909,-0.7544464457030422
0.12925,0.6674632153250037,-0.3638236984858132,-0.8838585947959707
0.1293,0.238769752342062,-0.638511910877515,-1.2834136754498218
0.12935,0.18085756001167752,-0.7039272645052606,-1.3209771388855884
0.12940000000000002,0.6536511462256911,-0.31145552773020313,-0.7328844668270058
0.12945,0.4300562033712687,-0.32750532485266604,-0.8656444460570647
0.1295,0.22237409588981905,-0.4840642918127287,-1.0467906140474916
0.12955,0.14829714653083315,-0.5283144875175125,-1.1049654321766056
0.1296,0.08985017448460297,-0.5631437918369215,-1.1546077610016212
0.12965000000000002,-0.0604550268747559,-0.6668244115743178,-1.3105654023759001
0.1297,0.13813810200882415,-0.5447393825360187,-1.0973847693032823
0.12975,0.226656841734588,-0.4359180724859968,-0.9816589316750068
0.1298,0.4959069179523752,-0.1870226815110989,-0.6028119749682475
0.12985,0.594177493987015,-0.011352231148123337,-0.4024415235274148
0.12990000000000002,0.5703985926314985,0.04446923625872756,-0.32948322924721296
0.12995,-0.054485270642103956,-0.3566450139687305,-0.9594124284547902
0.13,0.019996543219416907,-0.3860579223764411,-0.883180627093406
0.13005,-0.1488326485482041,-0.4669198601492859,-1.0679822027614172
0.1301,0.17781719860144918,-0.27754794927157533,-0.7214139292313497
0.13015000000000002,0.1852057811022405,-0.19670702869944634,-0.6831600564036151
0.1302,-0.03049321086507817,-0.35192123771240347,-0.9015742520959016
0.13025,-0.1636100759172514,-0.47022206540764344,-1.0526400683626562
0.1303,-0.4474955151763851,-0.7079413461164528,-1.405786233951524
0.13035,-0.5155395292445917,-0.8439515850897337,-1.5581741513659608
0.13040000000000002,-0.3533572856395999,-0.7736525455079288,-1.4457044598863185
0.13045,0.022289139545375036,-0.5118657290143105,-1.0681000045498728
0.1305,0.1697875147425627,-0.3560365427943779,-0.8927972960221879
0.13055,0.3791945990996055,-0.1770698663807586,-0.6285143278569727
0.1306,0.5714869788820316,0.040371111280741445,-0.33923879212489894
0.13065000000000002,0.4237002843313391,0.011317222292920093,-0.42288352876174073
0.1307,0.7501594301370886,0.29050142902372045,0.03893732618737644
0.13075,0.30952582058996825,0.09533813810083558,-0.3603260052107693
0.1308,0.31983031681113516,0.05813840854818153,-0.30673987956666693
0.13085,0.15010233476326462,-0.004439912216462005,-0.45243773784733676
0.13090000000000002,-0.38210874219032576,-0.413155193227702,-1.0401176179239613
0.13095,0.12942048993883049,-0.13497982849701629,-0.5151015906319181
0.131,-0.4074502901123296,-0.43408193115530835,-1.112680930986027
0.13105,-0.1623373405460491,-0.38995285817698644,-0.8853438126466493
0.1311,0.35402750680745143,0.041500871919545546,-0.3191346752047721
0.13115000000000002,0.27259089038876994,0.058363023907187284,-0.3657851970245076
0.1312,0.21569141579194095,0.02316689140804229,-0.38549610193307515
0.13125,-0.3100555110958716,-0.3379266315793146,-0.9527107847170164
0.1313,-0.3265019597151628,-0.44811188990290773,-1.013693074068577
0.13135,0.12205822644197895,-0.13120389445745317,-0.5525560636264188
0.13140000000000002,-0.020708970687714157,-0.1735986818800086,-0.6971377327428812
0.13145,-0.2698286307915332,-0.391765852921381,-0.9805683166066927
0.1315,-0.8172758471768233,-0.8621548298625505,-1.675790988224346
0.13155,-0.3402552086142947,-0.6722739605096031,-1.265382252666658
0.1316,-0.1781619606977003,-0.5005865966902121,-1.1232560687569162
0.13165000000000002,-0.22778801367977408,-0.5586800537843537,-1.2002675091787793
0.1317,0.09829178711051867,-0.3461136409736163,-0.8644269723981246
0.13175,-0.04483160205346337,-0.39668100894648717,-1.0116371363706271
0.1318,-0.1194124859265564,-0.4850147153579094,-1.0984722011497894
0.13185,0.4734227243614413,-0.05116544229767328,-0.4306940438316538
0.13190000000000002,0.18346402339440004,-0.13668637724256172,-0.6901378614854359
0.13195,0.2562865045883598,-0.12928637179144786,-0.5852984359587268
0.132,0.30083304349082596,-0.0401887466026416,-0.500969205811387
0.13205,0.3057733734592283,-0.01222481027465605,-0.45534672964096856
0.1321,0.28623803039708307,0.005396136868569101,-0.4377127374470433
0.13215000000000002,-0.09033707879817854,-0.24361142413897952,-0.8231470133415009
0.1322,-0.1061680482563716,-0.3075082641420046,-0.8496515574423711
0.13225,-0.14231906622394064,-0.33113059850029813,-0.9083816982792392
0.1323,-0.29350693687007734,-0.46460803835386955,-1.0980322090843053
0.13235,-0.4613985263165503,-0.6375710801943235,-1.3382193594880931
0.13240000000000002,-0.6407450777850592,-0.8470641652966542,-1.6300381387852134
0.13245,-0.7401420655777322,-1.0228686762655528,-1.8628226196859998
0.1325,-0.5146897308444167,-0.9474406418673773,-1.7215230079688588
0.13255,-0.42365702595487775,-0.9032184547463906,-1.6946230505510904
0.1326,0.08730490917389133,-0.5672015689064054,-1.1706806474286005
0.13265000000000002,0.2562277496566736,-0.3693580764432802,-0.9697506859137057
0.1327,0.08138507607085543,-0.4746654733161577,-1.1367245146238787
0.13275,-0.0625466308086402,-0.5911205188150568,-1.286523982501759
0.1328,-0.09100642618455268,-0.6245831342240891,-1.3239180222101936
0.13285,-0.1646618297998259,-0.6827298966591329,-1.4156658495587173
0.13290000000000002,-0.13378507893648006,-0.6808794014949342,-1.39882382433073
0.13295,0.3963554531395701,-0.27778199647883284,-0.7871723508202102
0.133,0.32176268954223985,-0.223670129835849,-0.8181215540957218
0.13305,0.3323480127198408,-0.21622174198174804,-0.76189077730589
0.1331,-0.016351756021581565,-0.42446194318473474,-1.1120129511424537
0.13315000000000002,-0.40178419171811086,-0.7598649192825278,-1.5569698140662602
0.1332,-0.3739116212414473,-0.8119225146621041,-1.5829035519418042
0.13325,-0.4224365462145272,-0.872140558013065,-1.6953015140718684
0.1333,-0.29058614237526115,-0.8367654979816095,-1.6176707565299324
0.13335,0.12835984905938247,-0.5393627624982003,-1.1853701692809935
0.13340000000000002,-0.011639182691485672,-0.5810793970202894,-1.3263737818042394
0.13345,-0.18513859283586953,-0.7391262392614237,-1.520833096864319
0.1335,0.11878799943087515,-0.5447102993417055,-1.204728142608431
0.13355,0.000685180578173572,-0.5761972118232421,-1.322772892912706
0.1336,0.03126286585793281,-0.5826339109568259,-1.2894079466943147
0.13365000000000002,0.012789031291855935,-0.5771838910643261,-1.3061433826455833
0.1337,0.5200448122702603,-0.19981143426603154,-0.7135294031109751
0.13375,0.017507448671363335,-0.44733108976383207,-1.2145409111490189
0.1338,-0.19622907007081025,-0.6869191826091026,-1.4508493768072839
0.13385,0.01772550900939507,-0.5438106378457874,-1.2353493791022885
0.13390000000000002,0.34206866055525964,-0.2760799541207888,-0.8634942202106046
0.13395,0.03839154948762058,-0.4324703298195338,-1.1637082478012672
0.134,0.34751236476657255,-0.23714279524844883,-0.7860984468508398
0.13405,0.19606545219492233,-0.25566421666558625,-0.9149974961246805
0.1341,-0.010300341962331316,-0.42715906615033106,-1.1222503391611518
0.13415000000000002,-0.1693087410783214,-0.5527852334445136,-1.2999895122504377
0.1342,-0.04123832397382543,-0.4884944083361411,-1.1756563292738456
0.13425,0.11189304438380177,-0.35927079828515573,-1.0111752036333428
0.1343,-0.12768401772040505,-0.508833144470497,-1.2640228194767076
0.13435,-0.04272436577290861,-0.49195341819225646,-1.1850843704354261
0.13440000000000002,-0.1306742228477411,-0.5338943874883206,-1.2866777697169987
0.13445000000000001,-0.4181775001756094,-0.7790422795384586,-1.6371500903132308
0.1345,0.10622523369477221,-0.46712603604046876,-1.1020670804510466
0.13455,-0.1579147651223778,-0.5688809102346184,-1.3833855735869278
0.1346,-0.10069046718518848,-0.598969404141382,-1.3361978815096798
0.13465000000000002,-0.38627357368591575,-0.7903961047110428,-1.6781007348852661
0.13470000000000001,-0.4160670916776894,-0.9153081583862459,-1.7948298132319778
0.13475,-0.3276993186596897,-0.880613751735531,-1.7512243447301188
0.1348,-0.23406136945712674,-0.8318170107850555,-1.6859682854489542
0.13485,-0.4605378186466318,-1.0156137797795282,-1.9845515647885144
0.13490000000000002,-0.4185769723221604,-1.0653525728592932,-2.005644396952757
0.13495000000000001,-0.26239235790341553,-0.9715161789655582,-1.882503689086093
0.135,0.18763593648883514,-0.6528830665032679,-1.4111561072658105
0.13505,0.3731351993697736,-0.428383985611152,-1.1504169674038813
0.1351,0.6120981257917464,-0.19106435113777565,-0.8053363514727714
0.13515000000000002,0.6974686030802353,-0.01689458669185484,-0.5952912066876905
0.13520000000000001,0.440605480007914,-0.1264259249808326,-0.7843860979484525
0.13525,0.3134169917666334,-0.20874217138454298,-0.8694862629074436
0.1353,0.5216974397056404,-0.018950467306808605,-0.575475261535086
0.13535,0.28875215853135217,-0.108581407801843,-0.7708057513452715
0.13540000000000002,-0.03491725803091228,-0.35738149353185733,-1.0993499759596972
0.13545000000000001,-0.029981487222219272,-0.38239704367959604,-1.097081597495798
0.1355,-0.4930841660724141,-0.7217168784039529,-1.6394945973613524
0.13555,-0.6115767611754279,-0.9349356040311712,-1.8639883827195796
0.1356,-0.8008342145002381,-1.1509908376364137,-2.1981195051894176
0.13565,-0.772168000537917,-1.2593726680183046,-2.309047109879554
0.13570000000000002,-0.3117867266307073,-0.9848142555889439,-1.8904527712337718
0.13575,0.3474369939276265,-0.4603726628108262,-1.1627596418529471
0.1358,0.47083812570229355,-0.25963152811952384,-0.9649862575973565
0.13585,0.17246614407804373,-0.4399970635828865,-1.244189584104074
0.1359,0.361332613613925,-0.317690561909604,-1.0040351873794222
0.13595000000000002,0.4387607380311245,-0.18163344386125857,-0.8592370565238099
0.136,0.2401769699708396,-0.28716229632061996,-1.0284549214113454
0.13605,0.45539288940631195,-0.12342161426481724,-0.7422580371692682
0.1361,0.2726865646254417,-0.16582161770318393,-0.8750031775107914
0.13615,0.10049240980823981,-0.3015476662033123,-1.037183575428493
0.13620000000000002,0.1213258475436838,-0.2880753133964262,-1.0038628564838774
0.13625,0.3066304671133935,-0.1338873400303271,-0.7777192899756606
0.1363,0.18790709163172536,-0.1710650847809312,-0.875084230703937
0.13635,0.2770999739034252,-0.11085146171191695,-0.750324352496385
0.1364,-0.23955579307234487,-0.44048193381497924,-1.2962455092276564
0.13645000000000002,-0.11623345980844846,-0.446309429597779,-1.1908084873982219
0.1365,-0.22107254361818107,-0.49031889553564767,-1.3219807549222793
0.13655,-0.3221784572026962,-0.6124231589320281,-1.466808244741717
0.1366,-0.9184799944281963,-1.1086956824234662,-2.2265127135948077
0.13665,-1.1634002685968632,-1.473721607459776,-2.655707027665123
0.13670000000000002,-1.2626786303714645,-1.8263162773048833,3.107307040949376
0.13675,-0.9002173923379679,-1.7474414396316398,-2.9742971956171793
0.1368,-0.9483413349066367,-1.8701952528494346,3.041564952885551
0.13685,-0.719494723833396,-1.8489615137289057,3.1411814064765764
0.1369,-0.43495298708698016,-1.6733090056730227,-2.92401208656014
0.13695000000000002,-0.5050140609093674,-1.7500152124589192,-3.07605264374131
0.137,-0.6830928614121241,-1.9630011505399132,2.9074128858957344
0.13705,-0.26266983582783965,-1.7352894131444607,-2.98844025935686
0.1371,-0.15037157984855298,-1.6103853612906178,-2.892316814132055
0.13715,-0.4239631583574166,-1.8483363613230317,3.028145073299214
0.13720000000000002,-0.2326173244420815,-1.7791897256126,-3.0918457491037366
0.13725,-0.368068894883109,-1.8606579045497895,3.0032564543408498
0.1373,-0.1882343401806459,-1.788185465140515,-3.121500011553433
0.13735,0.07403318178483076,-1.576952968713389,-2.8521578847578404
0.1374,-0.1455183060806391,-1.7021753149129317,-3.0872484864658247
0.13745000000000002,0.019424014406144607,-1.6261706793906328,-2.920607892517527
0.1375,-0.8294091167794875,-2.1750290020971974,2.4537761904000988
0.13755,-0.6457339269570888,-2.1736547290079287,2.6374513802224975
0.1376,-1.2317596022372932,-2.4797273754663145,2.051425704942293
0.13765,-0.4407113211438727,-2.0567748364657383,2.84247398603571
0.13770000000000002,-0.31627619344205016,-1.839329134892001,2.966909113737536
0.13775,-0.48892608615662425,-1.9760573499012146,2.7942592210229655
0.1378,-0.1253033433290902,-1.7458254158319022,-3.12530334332909
0.13785,-0.35041847721417696,-1.8375797075929619,2.932766829965413
0.1379,-0.2981239797611863,-1.8431234381513661,2.9850613274184
0.13795000000000002,-0.3698817717942262,-1.8618630982481186,2.9133035353853565
0.138,-0.35381227518533365,-1.8625910972234827,2.929373031994249
0.13805,-0.5098834170537145,-1.9500835670270718,2.7733018901258717
0.1381,-0.35966740594000157,-1.8692462248021826,2.9235179012395847
0.13815,-0.5710918682809449,-1.9740669084641347,2.712093438898645
0.13820000000000002,-0.5208403170944997,-1.9710194613014806,2.7623449900850865
0.13825,-0.31218610603753305,-1.8118233267051487,2.970999201142053
0.1383,-0.4792967675769333,-1.895219193991558,2.8038885396026565
0.13835,-0.20705369229337123,-1.7410694685709593,3.076131614886215
0.1384,-0.042229622637229625,-1.5862961692467685,-3.0422296226372296
0.13845000000000002,-0.11724672073388831,-1.6248942603240408,-3.1172467207338883
0.1385,-0.25933434335148675,-1.7229299399504967,3.0238509638280995
0.13855,-0.25860632141621664,-1.7309860980674117,3.024578985763366
0.1386,-0.38192188433041707,-1.80064954429945,2.9012634228491727
0.13865,-0.5239589411589556,-1.9039811256722459,2.7592263660206306
0.13870000000000002,-0.5489870007675215,-1.9260802440862008,2.7341983064120647
0.13875,-0.5984356935766897,-1.9513449080826923,2.6847496136029
0.1388,-0.5499473291452404,-1.920680455112084,2.7332379780343423
0.13885,-0.09836758313606353,-1.615038848358413,-3.0983675831360635
0.1389,0.16950360719604518,-1.3665298084594824,-2.8027475587303847
0.13895000000000002,0.3891209171105672,-1.1659421558000496,-2.526226368562842
0.139,0.4859281161461837,-1.0219598122963305,-2.351703401453431
0.13905,0.2801715607689026,-1.1167791787634016,-2.5213573085405017
0.1391,-0.027321346483837772,-1.3387079560610253,-2.8312703190601276
0.13915,-0.07436487521712465,-1.3991308306732044,-2.8854239178352437
0.13920000000000002,0.2709823010616219,-1.1459529167999918,-2.505567657761638
0.13925,0.5341777210424539,-0.849058753657129,-2.1217086325208854
0.1393,0.09310536439176786,-1.0942333477535833,-2.5536103830554744
0.13935,-0.38067015361009027,-1.4969135002671585,-3.0825617470666877
0.1394,0.135025028646794,-1.1928139464469822,-2.55267502285108
0.13945000000000002,0.5060070967386245,-0.816260137945509,-2.0994907456416634
0.1395,0.2912945650370915,-0.900287275137913,-2.276136011573495
0.13955,0.2519945311942031,-0.9342689889496079,-2.284133717228986
0.1396,0.24045993225471918,-0.9013763419975511,-2.253079277381328
0.13965,0.5114248203030343,-0.6694824424021739,-1.8986957375764888
0.13970000000000002,0.3317865524446688,-0.7105616146989604,-2.0327955458422906
0.13975,0.4576898059331853,-0.6127649999613354,-1.8354091822695615
0.1398,0.4808578214021999,-0.5110142920747762,-1.735651851318437
0.13985,0.5065377369872692,-0.4398991594514676,-1.6276506788998404
0.1399,0.7170883974682205,-0.20604878340511945,-1.2883617230481512
0.13995000000000002,0.6298243104217107,-0.12908827130116052,-1.2276298127718803
0.14,0.2251921343451997,-0.37821725537094864,-1.6052851169751357
0.14005,0.44846514318351893,-0.2325757115977325,-1.3125407101663953
0.1401,0.27878917502198064,-0.2666037439899611,-1.446355473790316
0.14015,0.4912274617017047,-0.11226067450357391,-1.1550210923018938
0.14020000000000002,0.5060100250393447,-0.0012120852437007557,-1.058035662950278
0.14025,0.19855100228440747,-0.18994497940108346,-1.3425799919448096
0.1403,0.24822814234953228,-0.16199011267577745,-1.2485721142347401
0.14035,0.06306083502602178,-0.2540167747554456,-1.4278185172920743
0.1404,0.1461088237477739,-0.21979065382996055,-1.3291544876192454
0.14045000000000002,0.034598180979262594,-0.2663904875182439,-1.4375635655839147
0.1405,0.31753626060355344,-0.0764968764772398,-1.1117721033739016
0.14055,0.10429123664975748,-0.15962949476366006,-1.3145628985774351
0.1406,0.006574050474320359,-0.26363317136808107,-1.4117174383026487
0.14065,-0.16559277921394155,-0.3888351442849398,-1.6108717781014938
0.14070000000000002,-0.3454437150271161,-0.5604622427036787,-1.8388889771528625
0.14075000000000001,-0.36127332104283383,-0.621307249345044,-1.9059947362716798
0.1408,-0.24899717655976517,-0.5683841122673634,-1.8245254306255383
0.14085,-0.055954794129231544,-0.43476920670687846,-1.6366768081604377
0.1409,-0.02259239941741953,-0.3937789616574108,-1.6053000785845484
0.14095000000000002,-0.13269615341192065,-0.47567334132216743,-1.729301262943114
0.14100000000000001,-0.4882369770306205,-0.7875592687289696,-2.1922288776942906
0.14105,-0.16513979941176515,-0.6402827505192299,-1.887289447809838
0.1411,-0.27079335508555147,-0.673063681187255,-2.0274196037792684
0.14115,-0.11976432725676744,-0.6183227359302954,-1.8886875304236916
0.14120000000000002,-0.3766769332724138,-0.7875380803028804,-2.1999654408738785
0.14125000000000001,0.09455900225194114,-0.5236609169323074,-1.719394374037158
0.1413,0.2855290252051823,-0.29842630241720514,-1.4913802801761342
0.14135,0.024976924446374227,-0.46235068421288616,-1.7484869439167277
0.1414,0.1335368102143626,-0.4139392050014976,-1.6259236696825852
0.14145000000000002,0.48414312152858585,-0.10989065156350364,-1.1979984864627333
0.14150000000000001,0.38879242958060445,-0.09097450532489049,-1.2365127849012616
0.14155,-0.10702198963247511,-0.4379672239138941,-1.743100959782538
0.1416,0.04483922697423637,-0.3913308804217479,-1.5871522224779184
0.14165,0.5382347994435683,0.025020661287161516,-1.0042932745632775
0.14170000000000002,0.05563311489935785,-0.2234182082164864,-1.4789316321956392
0.14175000000000001,0.3390343111385157,-0.0883026647487064,-1.1486039364062215
0.1418,0.2519595534417505,-0.055657936456448454,-1.204382165011964
0.14185,0.21437975247428653,-0.09431639482126641,-1.2166624362137348
0.1419,0.2568403458006223,-0.036534420850980354,-1.1420922459909235
0.14195000000000002,0.24601370916222365,-0.01792190952736661,-1.1226023110809784
0.14200000000000002,0.4555750544557249,0.1637129163555784,-0.8420202058338901
0.14205,0.09886102847449862,-0.023120730608621187,-1.1838318824224743
0.1421,0.08039414957539748,-0.08418668897424197,-1.1945379674372134
0.14215,-0.17201488135460252,-0.241622610389296,-1.4660528650281712
0.1422,-0.27746416553256026,-0.37172120572545353,-1.6071324998828906
0.14225000000000002,0.5570904080699499,0.22559272161525357,-0.6788501371130771
0.1423,0.2774623440583248,0.18290657555311185,-0.922848167416273
0.14235,0.3766151196188616,0.2108803840472504,-0.7693426035142323
0.1424,0.4030264391255294,0.3248704076889837,-0.6595942586455692
0.14245,-0.1540278672548041,-0.04853241131602459,-1.2333074936357846
0.14250000000000002,-0.4259020996220144,-0.33581654281480056,-1.5697929666221846
0.14255,-0.8195909327049051,-0.7017386543780297,-2.1116581496157174
0.1426,-0.7212318034933709,-0.7806832339974683,-2.142883318712226
0.14265,-0.9425931161405785,-1.0114341235761444,-2.5307709598851247
0.1427,-1.0267755954675017,-1.2301827220694932,-2.7905178204573744
0.14275000000000002,-1.2364788012271788,-1.533911943443293,3.0370938636038503
0.1428,-0.8593485293586198,-1.43726606624546,-3.0237140905809134
0.14285,-0.564908245048187,-1.2589929832938793,-2.8247698147950757
0.1429,-0.08466326333446972,-0.9417994638949025,-2.352753359727256
0.14295,-0.11162989866746997,-0.908576398678921,-2.391038437318109
0.14300000000000002,0.11852347646667383,-0.7734443626702863,-2.148738777261901
0.14305,0.41807016968483524,-0.4986714374440808,-1.7862457751583811
0.1431,0.8702845623892728,-0.040932435451537685,-1.1282855749483112
0.14315,0.4356770011253026,-0.20835591718318014,-1.4961874802882207
0.1432,0.18208793432465598,-0.42825013695771474,-1.729252797904902
0.14325000000000002,-0.0940755582127224,-0.6155437356764111,-2.0146966292079576
0.1433,-0.43705698389891623,-0.9122839172688302,-2.4246808012367467
0.14335,-0.18156730357630124,-0.7964343040579323,-2.1896407483040043
0.1434,0.052800199504904555,-0.5969806359971308,-1.950397285545609
0.14345,-0.3033039537089728,-0.8477343849801784,-2.363815396491731
0.14350000000000002,-0.532698678480898,-1.1064503029178674,-2.6814227166009132
0.14355,-0.36805662142707973,-1.050276105818714,-2.5694097341744353
0.1436,-0.43643271529031225,-1.113899310254638,-2.7046541362236063
0.14365,-0.30912229691048765,-1.0789458665106366,-2.618639793084874
0.1437,-0.3048135240056453,-1.0801427009766407,-2.6548378313514434
0.14375000000000002,0.03333522065372918,-0.8677019880255621,-2.3137069281357014
0.1438,0.3307600471770016,-0.5855925620879923,-1.95210158542233
0.14385,-0.19316905947708918,-0.908176296959919,-2.4981537154406155
0.1439,0.2137176177902269,-0.7036307747465358,-2.0660689548728612
0.14395,0.07439675138664015,-0.7065834897607992,-2.198276341153477
0.14400000000000002,-0.23026389044959217,-0.9637510780442966,-2.5307140923908094
0.14405,-0.02706814500335497,-0.8565244311318878,-2.32991502174983
0.1441,-0.2766388174018317,-1.004495134029682,-2.6149725278292735
0.14415,-0.5280196508734676,-1.287646752173437,-2.985234474526326
0.1442,-0.5305008897004484,-1.3712524105911363,-3.0754320448556456
0.14425000000000002,-0.08827914588907504,-1.0879738113944981,-2.641839539091958
0.1443,-0.5406562129992238,-1.3813945569390995,3.098957984668669
0.14435,-0.716097172959234,-1.6593760777405464,2.794981768301515
0.1444,-1.0427373237141389,-1.9871580969809024,2.29138830064932
0.14445,-1.3459388037387185,-2.2695190725337824,1.9372465034408677
0.14450000000000002,-1.3758387445681848,-2.304879645598934,1.907346562611398
0.14455,-1.7653033287308588,-2.5453430271031365,1.517881978448731
0.1446,-1.6543100837147051,-2.5156104396447496,1.6288752234648847
0.14465,-1.6061156680731017,-2.445973175236478,1.677069639106488
0.1447,-1.3686922630720382,-2.2903187599731787,1.914493044107548
0.14475000000000002,-0.7635372376406622,-1.8616081920964014,2.519648069538924
0.1448,-1.0512887168620253,-1.978293654760904,2.2318965903175645
0.14485,-1.1832273663322255,-2.115485953494513,2.099957940847357
0.1449,-1.3530397176019449,-2.2148840113585813,1.9301455895776378
0.14495,-1.4761458563624146,-2.310196043644389,1.807039450817168
0.14500000000000002,-1.3366064431975104,-2.2205407358314133,1.9465788639820758
0.14505,-1.1367495013535986,-2.0650915515837482,2.146435805825984
0.1451,-1.2763704088347048,-2.1314835764515223,2.0068148983448815
0.14515,-0.8518320435121538,-1.874335967062013,2.4313532636674324
0.1452,-0.9195162026299748,-1.8519758254073118,2.3636691045496114
0.14525000000000002,-0.9393855571528356,-1.8889190303978332,2.3437997500267507
0.1453,-1.1968789034505996,-2.041728208320915,2.0863064037289867
0.14535,-0.9761038398496105,-1.927580063332531,2.3070814673299758
0.1454,-0.7314638906701489,-1.7245129143948574,2.551721416509441
0.14545,-0.7148952985661374,-1.69236107215346,2.568290008613449
0.14550000000000002,-1.3601570653821824,-2.1078848667760965,1.9230282417974038
0.14555,-1.4193109849896821,-2.2180750496431294,1.8638743221899041
0.1456,-1.2214690645485078,-2.063534176698724,2.0617162426310784
0.14565,-1.3338668761607408,-2.112733659669562,1.9493184310188454
0.1457,-1.3478542322485048,-2.1354379720880665,1.9353310749310815
0.14575000000000002,-1.17479253644602,-2.012047429995551,2.1083927707335626
0.1458,-1.7176343212736143,-2.3372901294757042,1.5655509859059755
0.14585,-1.4579531432566846,-2.2363466078304697,1.8252321639229017
0.1459,-2.023606847709601,-2.537255334745641,1.2595784594699815
0.14595,-1.978568367887764,-2.5906721975799627,1.3046169392918223
0.14600000000000002,-1.7863489142489186,-2.4216763718092906,1.4968363929306676
0.14605,-1.924738021499234,-2.4932607598518963,1.3584472856803522
0.1461,-1.7656161513089614,-2.4038766403922693,1.5175691558706284
0.14615,-1.598294162265347,-2.261762916152801,1.6848911449142392
0.1462,-1.7458268925753728,-2.3391991155870144,1.5373584146042099
0.14625000000000002,-1.8604023124625613,-2.428391826178327,1.4227829947170214
0.1463,-1.597900931819133,-2.2579863152315127,1.6852843753604567
0.14635,-1.488106264742001,-2.1457934606449456,1.7950790424375853
0.1464,-1.2880493389314438,-2.008812878357052,1.9951359682481389
0.14645,-1.1462154920546368,-1.8870762415282698,2.136969815124953
0.14650000000000002,-1.3052903568038339,-1.9752562756733312,1.9778949503757524
0.14655,-1.6140699182978224,-2.191640038007204,1.6691153888817638
0.1466,-1.9119246651005142,-2.407626173995755,1.3712606420790685
0.14665,-2.3063507505301004,-2.6814489342722325,0.9768345566494823
0.1467,-2.907344611507373,0.9577613719079636,0.37584069567221334
0.14675000000000002,-3.072773010164994,1.5621069798952512,0.2104122970145923
0.1468,2.212179095595257,1.1179349001179055,-0.05042787253965919
0.14685,1.685727906368129,1.2005352700260623,-0.01496975964407632
0.1469,1.2235149535673813,1.1441073248171172,-0.06934439458903086
0.14695,1.1151327443042724,1.2244000914413995,0.060919595087680634
0.14700000000000002,1.2898849570887805,1.4704152286187941,0.42225521346973593
0.14705000000000001,0.8510240324174028,1.3205041637267882,0.13681934288279862
0.1471,0.6708783021718183,1.228307406886369,0.07570315373065384
0.14715,0.4908819990012354,1.168911877491709,-0.025474088464410016
0.1472,0.2132756559256297,0.9865132045963705,-0.2779499799585743
0.14725000000000002,-0.12440299071685068,0.7315891281888014,-0.628493319091076
0.14730000000000001,-0.07878752739421202,0.7171729467708126,-0.5944733236599671
0.14735,0.016405568913347324,0.7936736369900608,-0.4978530138934847
0.1474,-0.048557053711530074,0.7526981125434595,-0.567268953119763
0.14745,0.12665087483441617,0.8614074682455346,-0.37891865385484635
0.14750000000000002,0.21299602145972862,0.9578217836822525,-0.2674858132005049
0.14755000000000001,0.46598052046470784,1.1700280938821912,0.05880074021822601
0.1476,0.4295740854361334,1.2240032805500611,0.08779023544550313
0.14765,0.4076915636282159,1.25089073888984,0.15052779499068514
0.1477,0.652445461735919,1.490859049201461,0.5103177916552184
0.14775000000000002,0.46300102216918404,1.451382206716353,0.39352058343258633
0.14780000000000001,0.5324094206692145,1.520295511993929,0.5510762523374986
0.14785,0.7236170043037191,1.752784021072877,0.8723531313736537
0.1479,0.8613690170533062,1.9660126113989094,1.1651763464283
0.14795,0.963418920297098,2.1611258390953836,1.4362586366559391
0.14800000000000002,0.9513621975866648,2.313183746612399,1.6438642697635082
0.14805000000000001,0.7459312218184415,2.2775719474500633,1.5729652478864473
0.1481,0.9026379779341589,2.4614932865221526,1.890894280103236
0.14815,0.6495601202168331,2.408967852889077,1.7522222165000905
0.1482,0.463519143335013,2.296001803919463,1.6389422519977188
0.14825000000000002,0.3625183303660684,2.2547456305545346,1.5894650140522337
0.14830000000000002,0.47036853330004647,2.36049805895372,1.7715838739974252
0.14835,0.7909950878046565,2.707130216906048,2.2814072472900584
0.1484,1.0359595653711402,3.025604574342019,2.7027477317087722
0.14845,1.2564598458120564,-0.746546984337769,3.109691111912543
0.14850000000000002,1.2979861130354742,-1.3326412914309564,-2.945396464813374
0.14855000000000002,1.1767056655883508,-1.001337724137219,-2.881920011273724
0.1486,0.7842430189659773,-1.2529669696354837,-3.132531631367968
0.14865,0.5327074939897578,-1.3531042592850895,2.9873327370816547
0.1487,0.4849201492788957,-1.3319213832232215,3.0459778395628483
0.14875,0.8685408141905349,-0.964765382987256,-2.697398589201402
0.14880000000000002,0.9009046650396719,-0.7755792749324613,-2.504057197312754
0.14885,0.9093141949591939,-0.6869223975212186,-2.3738711122203924
0.1489,1.1035713969712901,-0.5441493327429292,-2.179613910208296
0.14895,0.7078342345803215,-0.7795994942846889,-2.5753510725992648
0.149,0.5208686034928363,-0.9533613442872877,-2.76231670368675
0.14905000000000002,0.6951395872610995,-0.8415901667755499,-2.5880457199184868
0.1491,1.0250974483750888,-0.6031960956390279,-2.2580878588044975
0.14915,0.8587329677210498,-0.676207439266868,-2.4244523394585364
0.1492,1.046046414031082,-0.5851717211526903,-2.2371388931485043
0.14925,0.48386564709023716,-0.9123026048433154,-2.799319660089349
0.14930000000000002,0.654436236051616,-0.8807322530924679,-2.62874907112797
0.14935,1.108434758828519,-0.5352761953425329,-2.174750548351067
0.1494,1.062730319827999,-0.52467029539606,-2.2204549873515873
0.14945,0.889630847837708,-0.6541024917516509,-2.3935544593418783
0.1495,1.7266953906902316,-0.12602593357405922,-1.5564899164893546
0.14955000000000002,1.7576443741453573,0.0026170081084728736,-1.5255409330342289
0.1496,2.1981028283185395,0.2529498160923218,-1.0850824788610467
0.14965,2.0144321890354497,0.19983076001734545,-1.2687531181441365
0.1497,1.6653358709435935,-0.0721778386329035,-1.6178494362359928
0.14975,1.211500709221351,-0.39204734355550386,-2.0716845979582352
0.14980000000000002,1.5330041833101227,-0.22967588979981102,-1.7501811238694636
0.14985,1.0398337315469988,-0.491649090963012,-2.2433515756325875
0.1499,0.44291892812489664,-0.9562084953198102,-2.8402663790546896
0.14995,0.27033145751286725,-1.1101995570267569,-3.012853849666719
