t_s,qsd_err_urad,pid_err_urad,open_err_urad,qsd_iss_bound_urad,qsd_snr_db,pid_snr_db,qsd_ber
0.0,45.780725118166345,34.6309469775479,51.38262503998834,150.80953986934594,-170.3061532572881,-67.93373605863994,0.499999999138833
0.002,41.01965133671914,32.450710876058714,52.57143490930096,146.90726215581037,-123.11863429459427,-51.23818409359578,0.49999980300130314
0.004,34.24368043471258,29.068155992421847,50.175107676869466,143.30953986934594,-64.88845350567854,-27.546776024422307,0.4998393160937462
0.006,33.51213616183838,28.176878963125038,53.476331027472746,139.9926038128407,-59.22974693232134,-21.790428028423815,0.4996917467400782
0.008,27.1093746370552,23.320790879584326,50.435430445557095,136.93453986934594,-15.213658715545439,4.125125136928063,0.4511770856322108
0.01,22.079667147007672,19.744366528724644,47.82087479895803,134.1151442213165,8.743066150657985,15.57341386546751,0.026506811490804832
0.012,12.716612942743843,12.734109086831602,40.22890568294657,131.51578986934595,29.161785199426518,29.136177450948352,5.9681655635191476e-92
0.014,8.45026008840113,8.742256431039468,36.321856324142615,129.1193035685209,34.33946237256283,34.052193775790926,1.3708661916358754e-297
0.016,6.678951039833182,6.758038843762043,34.59530613865046,126.90985236934593,35.8723052348478,35.81153817186144,0.0
0.018000000000000002,5.793904647192552,6.200152049683491,35.30697167555983,124.87283901364466,36.50346146842792,36.224890363779295,0.0
0.02,6.217975675098265,5.829523913237256,34.83962886752843,122.99480549434594,36.21223565617291,36.47979241202941,0.0
0.022,5.243500067535877,4.890396606801345,32.76801349665805,121.26334414199985,36.850746647968705,37.05528786113587,0.0
0.024,6.301385872257784,5.715565555382887,35.31605584373921,119.66701565059594,36.152531230421076,36.5550069398892,0.0
0.026000000000000002,1.9848150146866976,2.8088020846313,32.54245193435765,118.19527350110177,38.19697377102707,37.971256655916996,0.0
0.028,1.530953092363599,2.1090694003276744,31.02901492258684,116.83839428340843,38.288155962757095,38.167905523284176,0.0
0.03,2.7152871261241738,0.9053985502520496,27.83209242255884,115.5874134563384,38.00077770744068,38.375244940687615,0.0
0.032,3.7035065500515376,2.192641871836645,27.469538842192872,114.43406612129907,37.638273267530835,38.1473618384484,0.0
0.034,3.7424582828347694,2.318973081750706,28.226215043467374,113.37073241828952,37.621697503549754,38.11479174599177,0.0
0.036000000000000004,4.4170627516142815,2.556161484266188,26.14480409808341,112.39038718350609,37.30709844794217,38.048713121812966,0.0
0.038,6.779897550630772,4.798842288485695,29.507616598528664,111.48655353594799,35.79461663479177,37.105993409233626,0.0
0.04,11.196374380825516,8.479447241906088,27.801920865663604,110.65326008638206,31.249278225580987,34.31118864436545,2.6737622624926617e-147
0.042,11.216734664347374,8.551294200402872,32.399887430361005,109.88500148595767,31.223107047340896,34.241173042094374,1.986803629733684e-146
0.044,8.709939898212898,6.79231623124049,32.222359737105,109.17670205382666,34.08446947016679,35.784978541292965,9.244742901774475e-281
0.046,14.235323821020343,10.999091593536079,38.833393495454025,108.52368224346593,26.802440653015683,31.5003685352559,2.5923487034165145e-54
0.048,17.799910657889928,13.551617236421132,45.07087375835708,107.92162772615454,20.099207504631316,27.898987421568584,4.2669673468543736e-13
0.05,12.490918553926297,9.720401489299405,43.08591680900255,107.36656088734792,29.488867618422887,33.01839851895788,5.719985655338882e-99
0.052000000000000005,12.197036484335143,9.630277679706683,43.22497086159001,106.85481454763325,29.90575574403088,33.11826074915007,1.028867799385724e-108
0.054,9.595442915597397,7.524586946628526,39.64453343483576,106.38300773464762,33.156608570261284,35.185413152200034,3.205417196957089e-227
0.056,10.279722465452311,8.123792395245392,41.21241461873657,105.94802334589016,32.37766885532788,34.64904326270201,2.632691937539563e-190
0.058,6.34722696492751,4.948520842534385,36.147156320039386,105.54698755485236,36.119379221692945,37.02259924605232,0.0
0.06,3.0164165009389516,2.2665946956684473,32.40683414811326,105.17725082440852,37.90214288824758,38.128517064017366,0.0
0.062,2.286240432955355,1.8164977749824311,36.07357159504467,104.8363704020264,38.12340581499907,38.23353583855556,0.0
0.064,3.1553200896992015,2.3733262423145285,36.12677861678035,104.52209418114914,37.8531513049723,38.100217401814064,0.0
0.066,6.42903791447426,4.980655817390726,41.47239198062181,104.23234582212434,36.0596159721684,37.00436086829697,0.0
0.068,8.555067910611507,6.745206537518827,40.49628136381863,103.96521103437865,34.23747912277121,35.82144657396277,9.690302964025373e-291
0.07,6.2394257253802685,5.09128369493716,40.32174488097355,103.71892492920757,36.19695796457192,36.940669929215055,0.0
0.07200000000000001,8.82824524268871,7.112896283097715,42.104184532543464,103.49186035962374,33.96572865321873,35.53006048546968,2.963880565792648e-273
0.074,14.172103147111988,10.877378506751493,46.272071494657126,103.28251717022833,26.906229891583763,31.653021485534882,1.4156772932868454e-55
0.076,8.944460671573953,6.8920305853631705,43.502289212781555,103.08951228608207,33.847517907508646,35.706949950649204,5.5383703807608014e-266
0.078,5.87098021522527,4.536946558350141,43.97881498983985,102.91157057509598,36.452061742368116,37.245744522167456,0.0
0.08,5.099712099278496,3.605340128221272,43.05283417308525,102.74751642357165,36.935760102923815,37.67927805884878,0.0
0.082,5.520120591728618,4.255773610196971,40.40217264314654,102.59626596923347,36.680543135516345,37.38704921440604,0.0
0.084,3.2482350856058484,2.362432829289814,36.10490376585405,102.4568199404378,37.81914873749881,38.10316543674608,0.0
0.08600000000000001,1.704328145353057,1.1246934826344905,38.14472801068408,102.32825705425033,38.25610345457544,38.349805964786476,0.0
0.088,7.202645140886439,5.1963984027462375,37.30910780488011,102.20972792977402,35.45658363230388,36.878855670442874,0.0
0.09,11.073121156919415,8.15839902479122,38.37508670095037,102.10044947651468,31.406678483844637,34.616806755456736,1.1926107543537366e-152
0.092,8.46878132605826,6.325744463732762,35.05501436349777,101.99969972070981,34.32153211642542,36.13494520577201,2.2536734076062588e-296
0.094,9.652442032317984,7.121910805293133,36.78022655747583,101.90681303543937,33.09378828435059,35.5227220662801,5.423388227194204e-224
0.096,6.489840606580783,4.899742842612165,35.278191232768194,101.82117574300523,36.014702739652265,37.05005768975971,0.0
0.098,8.313310701079729,6.455670444345898,28.723063979050323,101.74222206052535,34.4708186876547,36.03999539388551,1.187807911469315e-306
0.1,6.811617671801443,5.065100197734181,31.078361318349753,101.66943036195633,35.76996368471307,36.95587084222206,0.0
0.10200000000000001,7.145228449091371,5.415048135210487,28.423729637500696,101.60231973184844,35.50369674432416,36.74622519733066,0.0
0.10400000000000001,7.671184482188271,5.688283943529375,29.15498204769402,101.54044678806477,35.05799556800703,36.57279274410902,0.0
0.106,7.498672440998466,5.5913501816156455,27.100739278309085,101.48340275247307,35.2076807437949,36.635298031726656,0.0
0.108,12.565350781412235,9.207482680971319,20.81634852848327,101.43081075025695,29.38166426633519,33.5742403641239,1.3064058062531758e-96
0.11,12.485362114794096,9.458191899442001,19.174956172439526,101.382323320004,29.496844200790658,33.30633950926617,3.798057771773812e-99
0.112,11.470193989008783,9.115707649879488,19.10099897878105,101.3376201181203,30.893267202888968,33.67049841593589,6.890348062759913e-136
0.114,9.604240732724849,7.586428141413169,19.77445850676333,101.29640580240529,33.146936709812984,35.131963534736165,1.0138481739234004e-226
0.116,4.414471024523983,3.3857204909669614,24.409658190324386,101.25840808080414,37.30840668410541,37.76702467978325,0.0
0.11800000000000001,2.294426136676247,1.8024882189266043,27.89824739748263,101.22337591244639,38.12126311275367,38.236433035471705,0.0
0.12,3.7383608033942886,2.6585205110695043,30.74537797016794,101.19107784908542,37.62344933573734,38.0182103374215,0.0
0.122,1.683026747845021,1.2110196936796607,28.32379951476811,101.16130050598132,38.26022664537192,38.33828419673974,0.0
0.124,4.194332118858664,3.1331458159596317,26.647404372041418,101.13384715212449,37.41672308238445,37.86112017548254,0.0
0.126,5.8679641797328905,4.456180795267578,22.283454326567067,101.10853641048601,36.45408584473462,37.287259370704476,0.0
0.128,8.972873504212025,6.631417008925687,19.481939074864453,101.08520105970771,33.81838085049432,35.90848317695585,3.2027316983152824e-264
0.13,10.163454060425327,7.624759654494814,16.374968649397363,101.063686929315,32.51383636847297,35.09861319979032,2.722135900157018e-196
0.132,7.13788234449342,5.289470317810787,18.79555530667408,101.04385188115344,35.50969729998643,36.82306802839414,0.0
0.134,7.159158793480857,5.426406039209744,20.27962508557089,101.02556487031964,35.49230096194532,36.73918614227914,0.0
0.136,6.056060889327101,4.568395525054546,25.613362337368812,101.00870507938232,36.325858757436286,37.22937743640937,0.0
0.138,11.838046813102597,9.040609173792646,22.90074429083755,100.99316112017358,30.40122308750998,33.74854390106484,1.407460057386654e-121
0.14,10.42225601854081,7.820195129215513,24.079966036152495,100.97883029787685,32.208607118594216,34.92595366767078,3.941434001862854e-183
0.14200000000000002,9.24852131973742,7.027208446322611,25.16149339359962,100.96561793254943,33.53088324669676,35.599350966975514,1.8784625420811336e-247
0.14400000000000002,6.521442745958158,5.19549509095064,24.183497082719015,100.95343673359723,35.99119188178453,36.87939226195275,0.0
0.146,9.851091795626958,7.488006220777358,19.771932379935716,100.94220622306892,32.871921381746716,35.21682354413577,5.8884727839888e-213
0.148,12.165340878709554,9.200236724919629,21.407058788291245,100.93185220395952,29.950110168523096,33.581875534183645,8.308719375570958e-110
0.15,11.437581944345835,8.653810609739233,20.690910902230275,100.92230627001047,30.93612675131414,34.140242404511426,3.2614600099231987e-137
0.152,11.251087602342968,8.737389201763627,17.550752762275625,100.91350535376749,31.178840255112252,34.05706253623634,5.74870429443721e-145
0.154,10.247170751866708,7.966098093788835,12.281563220880175,100.9053913099108,32.41594932057132,34.79419650514549,5.709668624262899e-192
0.156,8.634590625475115,6.640379480658428,12.150752679394035,100.89791053110426,34.15925710913056,35.90168168201367,1.3551928998947562e-285
0.158,15.163730173712723,11.487980955264893,3.584479495544954,100.89101359382606,25.220990848136353,30.8698388431168,2.2988454714428758e-38
0.16,13.399704012111656,9.913716335425399,5.080927436936085,100.88465493184052,28.134939394735948,32.8010333215566,4.743430903652903e-73
0.162,13.486160973520857,10.243812346057782,3.723064267986326,100.87879253515405,28.000994818059443,32.4198917945417,6.745163901916669e-71
0.164,10.19515608650011,7.743399848204475,9.453463781884727,100.87338767246632,32.47686362346602,34.99432198714035,1.1986629163591597e-194
0.166,13.280875840255787,10.250381663743802,11.210284905976264,100.86840463528283,28.317570565770115,32.41217877162863,4.2846891549566255e-76
0.168,9.365993531236274,7.490908076722282,14.898499182009612,100.86381050199827,33.40570201028934,35.21433744252596,1.7197816510991524e-240
0.17,9.67844494034963,7.408125052640346,17.88213708098532,100.85957492039229,33.065005294010625,35.284880766132915,1.5773911371047648e-222
0.17200000000000001,9.490642471807723,7.1275360221845485,20.252134130337282,100.85566990710042,33.27113431686634,35.51813804627888,3.1543019820274675e-233
0.17400000000000002,10.021189263653453,7.609506711328901,21.72355425276295,100.85206966273535,32.678323375949034,35.111904215442514,8.91413560488724e-204
0.176,3.6283542201575125,2.8873668186374792,17.029313358719637,100.84875040143724,37.669763795736166,37.9456823875093,0.0
0.178,4.000957752950107,3.2018177533032066,10.911381223535136,100.84569019372694,37.507297786061706,37.836258699091914,0.0
0.18,6.504249949048188,5.075547508059135,10.359924198486233,100.84286882162355,36.00399689496956,36.94981502798627,0.0
0.182,5.9171232148378365,4.737934630424629,12.272946749884236,100.84026764506977,36.420964705257745,37.139194745105414,0.0
0.184,4.273323251103525,3.509868543448805,10.620283221363945,100.83786947878191,37.37849414260915,37.71810028546285,0.0
0.186,3.624788067820125,2.7283617568852376,9.975711820478908,100.83565847871121,37.67124204497473,37.996710387211216,0.0
0.188,2.241912845393393,1.6548260526416063,10.443248597467825,100.83362003736652,38.13487603383521,38.2656055172545,0.0
0.19,8.838911881551207,6.775145564966585,4.9366992324656245,100.83174068730642,33.95494363744413,35.79829995902732,1.3915869178694238e-272
0.192,5.707730224176934,4.175712321751384,8.164601763903985,100.83000801216342,36.560123777462124,37.4256304803487,0.0
0.194,3.9214831379761503,2.987254484767332,7.750625052297687,100.82841056461234,37.54328301818648,37.91214823515128,0.0
0.196,6.907471549512108,5.107227781593727,3.4584347815044563,100.8269377907408,35.69476518653925,36.93137511215695,0.0
0.198,7.382870269839681,5.482054129475085,3.7520869195092756,100.82557996032239,35.30624509915749,36.704484899769,0.0
0.2,8.328642805968975,6.141192274630784,0.9754082433528982,100.82432810253158,34.456219868907915,36.2664923753992,1.2459421041057276e-305
0.202,11.650246488624227,8.602870891251857,5.332423765008787,100.82317394667592,30.654403020029278,34.1905451786664,9.713329875940732e-129
0.20400000000000001,7.885561711356898,5.857488307777718,2.0197278478629648,100.82210986755372,34.86722672213532,36.46110825427188,0.0
0.20600000000000002,7.858287924617062,5.710600017824461,2.895692131066642,100.82112883507642,34.891789782560146,36.558250483631966,0.0
0.20800000000000002,6.577193050357935,4.940940359512015,2.412763172655754,100.82022436782256,35.94943672327232,37.02688436775185,0.0
0.21,9.131273322838357,6.719106611855885,9.798624628342681,100.81939049021685,33.654240684608276,35.841541289000574,1.6391122044292808e-254
0.212,10.56937685680796,7.822913639727151,11.682609820480192,100.81862169305107,32.031637372953284,34.92352106396658,6.510066373851959e-176
0.214,10.81918075511967,8.180785029476786,13.171879682646614,100.81791289708622,31.72540532381511,34.59588065514154,4.2681174539769335e-164
0.216,7.8930602775011645,5.972358516720614,10.71873550869907,100.8172594194953,34.86045847081663,36.38341957284449,0.0
0.218,16.119322254019522,12.000268351870313,21.032792846430272,100.81665694292516,23.477550136450766,30.17920231531958,2.4685893497542262e-26
0.22,8.473407805299043,6.026843800448022,13.537801642593731,100.8161014869729,34.31704710688581,36.3460420267463,4.5315554830290716e-296
0.222,9.518076849026034,7.480640533375007,15.751455296676001,100.81558938188829,33.24127643362732,35.22312959856777,1.2029842782569358e-231
0.224,12.1776003302791,9.41984904218087,19.910923905959713,100.81511724432886,29.932968458082247,33.347780727888036,2.2039451403215025e-109
0.226,8.597656103788356,6.51181359805495,17.758675583412508,100.81468195500693,34.19567792853387,35.99836774069294,5.593148089012687e-288
0.228,5.034290479559316,3.910843892721775,13.99538695884114,100.81428063808141,36.97365706794713,37.54804553282644,0.0
0.23,5.051344123062791,3.62344080540058,9.748860613439485,100.8139106421578,36.96382554432094,37.6718001366753,0.0
0.232,3.1628040416898506,2.294439014204306,13.033694246324048,100.81356952277109,37.850449074846594,38.12125973587837,0.0
0.234,3.8616882536962462,2.7956572322812603,9.837406821771994,100.813255026236,37.56988133491264,37.97546664245492,0.0
0.23600000000000002,8.647240670221196,6.479333196946801,11.059735841137423,100.81296507475732,34.1467469511999,36.02249453362853,8.838904439824056e-285
0.23800000000000002,16.47428603849532,12.442650547367856,18.63725834322347,100.81269775270249,22.798563916705223,29.558037366858926,8.425852400749045e-23
0.24,11.95173468467025,9.391038471347272,13.760904931050982,100.81245129394561,30.245950216119883,33.37880790030532,2.180180314916789e-117
0.242,10.166277928242064,7.812327507200988,10.623884739387384,100.81222407019901,32.51054772419949,34.932989069662014,3.8167006447560664e-196
0.244,7.508446411921729,5.742084057281826,4.684743442973744,100.81201458025566,35.19929129836967,36.53763697752928,0.0
0.246,1.3555809586691387,0.7420018864325951,8.981543716983797,100.81182144007106,38.31708259692582,38.390626340574805,0.0
0.248,2.9805981491528355,2.3177978389940215,6.373529348238967,100.8116433736192,37.91441836354344,38.11510314773305,0.0
0.25,2.9322183869092187,2.1485225116011084,5.30960593362399,100.81147920446229,37.930765976307555,38.15830668614441,0.0
0.252,6.882398947933986,5.170781418926306,1.1729039656835776,100.8113278479782,35.714536624876935,36.89403662730208,0.0
0.254,6.602701172681772,4.853136982632571,2.8721103340400136,100.81118830419483,35.930213247447426,37.07603908506295,0.0
0.256,4.28113234649736,3.076291452386094,2.7893377421976964,100.81105965118337,37.37467605256116,37.881295350330376,0.0
0.258,5.958367783943115,4.532669975324659,10.961835712877576,100.8109410389675,36.39296253647432,37.247961459832595,0.0
0.26,3.4302059315072677,2.502390516573313,9.670897372273831,100.81083168390775,37.749696403759366,38.06425692862256,0.0
0.262,3.244831806352107,2.464812562759374,10.013712060878454,100.81073086352426,37.820411593523716,38.07492355596474,0.0
0.264,4.150072435988513,3.198280547591365,11.53607807272716,100.81063791172349,37.43783127891767,37.837552452863214,0.0
0.266,3.8726938698793156,3.058702290850689,11.580305300544449,100.81055221439752,37.565016452329154,37.88746214120833,0.0
0.268,6.2532800909376265,4.5975126521361895,12.723840928611507,100.81047320536685,36.187062254851476,37.21412305692887,0.0
0.27,3.6054997570037397,2.67384155493816,9.109530604264728,100.81040036263977,37.67921227523546,38.0135416459745,0.0
0.272,2.3529710081025836,1.7956671523195697,6.001641173457153,100.81033320496373,38.10571503895238,38.23783552215423,0.0
0.274,2.9423416195440995,1.9373534437349362,8.010849678219907,100.8102712886457,37.927367453905475,38.20761123437361,0.0
0.276,4.685755530547548,3.48418428998471,6.631286149402581,100.81021420462105,37.16730055006947,37.72836653941989,0.0
0.278,4.208567693185808,3.332112096607824,11.486365511350359,100.81016157575074,37.40988627742463,37.78760597133199,0.0
0.28,2.2717873227249448,1.8330989670949676,9.05539027475913,100.81011305432978,38.12717038283802,38.23007364627521,0.0
0.28200000000000003,3.426695882970135,2.4959862923254006,8.45952954259507,100.81006831979002,37.75107188423662,38.06608619949574,0.0
0.28400000000000003,9.723373494766209,7.170847108747802,16.620520801211008,100.8100270765822,33.01508941032108,35.482722117760986,5.168828520757334e-220
0.28600000000000003,11.964823710372862,8.769601589119018,18.8124166328013,100.80998905222341,30.227976207407266,34.02478936497306,6.515343480918052e-117
0.28800000000000003,10.910916774785274,8.150787984643355,19.835214392136095,100.80995399549677,31.611129431464647,34.62390833169359,6.775687254085387e-160
0.29,13.77075121112075,10.302732188177409,22.567785920812785,100.8099216747918,27.553723062786062,32.35053571942059,3.6044140724954956e-64
0.292,8.558281979824736,6.555215860528025,19.345089648827884,100.80989187657414,34.23433172068049,35.96593943500149,1.5673840802587173e-290
0.294,8.957626551415755,6.935030414287506,21.296280472258392,100.80986440397491,33.834027987737564,35.6729500477949,3.6365388387482065e-265
0.296,7.974191213580824,6.067018524026779,21.233895849703938,100.80983907548992,34.78681651310595,36.31826398183381,0.0
0.298,10.030690197834595,7.419413117553041,24.39853048414122,100.80981572378057,32.66741125148014,35.27530795231937,2.8539293621376484e-203
0.3,5.98136183099509,4.503475169239296,20.39924294985262,100.80979419456833,36.37726663515998,37.26303986664885,0.0
0.302,8.910524206448361,6.661423403877443,17.68539824175963,100.80977434561537,33.88219765600602,35.88567556989359,4.271492522495503e-268
0.304,7.824941270417244,5.804615638291393,16.134804098151918,100.80975604578495,34.92170612777563,36.49635926922787,0.0
0.306,8.585415326608581,6.757327846891905,16.666810815749663,100.80973917417495,34.207713855872875,35.81208765834062,9.022007947225605e-289
0.308,6.225033074755045,4.805690859200318,15.085242985777768,100.8097236193191,36.20721487443964,37.10223364674511,0.0
0.31,6.940164615698146,5.390414204884423,15.760313594699706,100.80970927845061,35.66887628090576,36.761441329413906,0.0
0.312,10.543622073688725,7.72621218538595,14.535914329820228,100.80969605682313,32.062798509931774,35.00953091802352,3.663149507806789e-177
0.314,10.759879284860634,8.04243226028271,11.587121494723961,100.8096838670849,31.798757550213523,34.72428954106026,7.500614634541131e-167
0.316,8.966997013637439,6.601590085947926,13.198332507066429,100.80967262870156,33.82441474871522,35.9310521392935,1.3853968897029288e-264
0.318,4.982143672711954,3.9712261544287824,12.839125446951616,100.80966226742406,37.00351356626785,37.52084448996398,0.0
0.32,6.4328903042686605,5.069597680287316,12.760288632545945,100.80965271479822,36.056782885673016,36.95326539405589,0.0
0.322,3.476982835935491,2.493312472984668,13.928301143742322,100.80964390771234,37.731231493929734,38.06684854868796,0.0
0.324,5.0931360420939775,3.7890734058425215,11.341805138633669,100.80963578798037,36.93959157216745,37.601632564132615,0.0
0.326,6.514160571223387,4.9857870993738,11.013543516061251,100.80962830195737,35.99661970208197,37.001437642622726,0.0
0.328,6.808675293792388,5.217660020428695,11.242960008587415,100.80962140018521,35.772255358951874,36.86619873507213,0.0
0.33,10.143029690143527,7.361265264281989,15.175036051478616,100.80961503706567,32.537594908770885,35.32446384502853,2.3508090275615127e-197
0.332,10.7749800001995,8.037936129981796,14.906778048053766,100.80960917055933,31.78011763167047,34.72842564585555,3.798657086638714e-166
0.334,10.640970940539946,8.221351783803595,15.365090468419105,100.8096037619077,31.944610654968052,34.557812816873025,1.8062101530766738e-172
0.336,12.333141680167252,9.435085033153438,18.414695837888733,100.80959877537731,29.713948206109187,33.33133385408796,4.093104510136237e-104
0.338,16.87511935655042,12.65484141571678,23.857608074398755,100.80959417802343,22.010375430820638,29.25190529304347,2.4927743986492125e-19
0.34,12.247397568687125,9.300880530983644,21.80678727526977,100.8095899394726,29.835038053169573,33.47528437498935,5.393397167133129e-107
0.342,12.88058717568707,10.018190421631413,20.6901871921046,100.8095860317218,28.920364010584414,32.68176547573732,4.248393898631136e-87
0.34400000000000003,13.787596129377174,10.490807457194311,24.499316129549545,100.8095824289536,27.52694184930943,32.12645940883994,8.673262386642178e-64
0.34600000000000003,11.559435763162229,8.777603665808085,23.52788584162552,100.80957910736544,30.775348990569636,34.01675368407129,2.609507827156892e-132
0.34800000000000003,12.049659840982663,9.431538641469071,22.061233719512888,100.80957604501246,30.11099092899017,33.33516448472483,7.25902591413039e-114
0.35000000000000003,5.958313483643866,4.636082205021482,13.11414256296788,100.8095732216625,36.39299953060324,37.19376726564562,0.0
0.352,3.80650933701203,3.0694620003084028,15.244012577904277,100.80957061866248,37.59406361811511,37.88369396862236,0.0
0.354,7.546096394842383,5.652860785605837,16.298868671236843,100.80956821881502,35.16687219734228,36.59575917245845,0.0
0.356,5.9123762754776985,4.538734581472751,14.560671327808134,100.809566006265,36.42417504667523,37.24481700877696,0.0
0.358,8.958323967944233,6.686579540130741,12.608409282184049,100.80956396639466,33.833312850050476,35.86647511077937,4.0174003945038084e-265
0.36,11.40606188926225,8.114011434472404,4.678053056765599,100.80956208572714,30.977433291824575,34.65812942212235,1.6756206808326594e-138
0.362,9.708107260842773,7.198779988473577,7.715457905166155,100.80956035183735,33.03207640688533,35.45976703763482,7.254247429083653e-221
0.364,5.057713237658673,4.121539824019122,7.829604033170314,100.80955875326995,36.96014517871664,37.45132020229482,0.0
0.366,3.2214759048223436,2.7513846274258564,9.669291916960912,100.80955727946365,37.82904254918394,37.98950081824198,0.0
0.368,5.282277497641868,4.063603925891034,5.836790944711585,100.80955592068136,36.827414773318544,37.47842320673587,0.0
0.37,3.820867865840254,2.8279122062810726,7.345704190648826,100.80955466794599,37.58780447242728,37.96510090201715,0.0
0.372,8.389849054056791,6.150555622716588,5.812319721345424,100.80955351298104,34.39767182255532,36.25991218671587,1.4285976655478534e-301
0.374,5.449450694728117,3.9557334512272604,4.19847835585718,100.80955244815598,36.724858863931075,37.52786341838371,0.0
0.376,7.301632347142642,5.638272569309236,5.144808086743465,100.80955146643578,35.37447243521169,36.60517561534203,0.0
0.378,10.266390830492186,7.580259300755087,6.408208460709941,100.80955056133446,32.393361535125024,35.13731498890162,5.4969036399458765e-191
0.38,4.571604057892728,3.6816362200169968,3.112853856121231,100.8095497268723,37.227701249643324,37.647504053404205,0.0
0.382,5.675062048018115,4.116350645268165,1.6611205560480118,100.8095489575362,36.58138189433106,37.453763404239375,0.0
0.384,5.873598492264083,4.231847098066373,4.137501777610707,100.80954824824335,36.45030373667187,37.3986561245356,0.0
0.386,7.300419395979891,5.1482033865991275,7.443148602476395,100.80954759430766,35.375485393283725,36.90735440683027,0.0
0.388,9.227695757940605,6.504120040080509,8.83930256011096,100.80954699140874,33.552909589178434,36.00409352090297,1.0665488874672804e-248
0.39,5.407198924297221,3.996369622809829,7.40334079063277,100.8095464355634,36.75108111496578,37.509394886770686,0.0
0.392,5.401782641163158,4.0467743308992405,8.953290162987773,100.80954592309932,36.754427789501634,37.48622431426571,0.0
0.394,3.1265088664436176,2.341236584123277,7.410527723973209,100.80954545063078,37.863494395879414,38.10886280609405,0.0
0.396,4.468366807374393,3.4567621709232546,10.052751451915714,100.8095450150363,37.281043367547646,37.73924418172744,0.0
0.398,3.446657160793954,2.761300330363006,8.428881331224112,100.80954461343805,37.74323089788774,37.986377066228926,0.0
0.4,1.603645380855594,1.2857823856461525,5.909491884313038,100.80954424318276,38.27513530947384,38.327617573112086,0.0
0.402,7.540419767717428,5.324651662896876,3.3376166244145127,100.80954390182423,35.17177055466639,36.80172203896192,0.0
0.404,10.527751973531077,8.063258517120712,8.222268167740124,100.80954358710723,32.08196173667516,34.705100662314734,6.177973344668276e-178
0.406,13.907994677360445,10.867609833951029,12.916619094356752,100.80954329695248,27.334520484595757,31.665198798561192,4.0767190064458845e-61
0.40800000000000003,13.099601594057386,9.92564388581417,13.569800945558342,100.80954302944305,28.59291972151962,32.787480551099,6.224107378982896e-81
0.41000000000000003,14.243933560988303,10.940993608084005,15.581545389800914,100.8095427828115,26.788268036956786,31.57344988582315,3.835314839744615e-54
0.41200000000000003,6.498732915475683,4.932530806772616,10.32108720046522,100.80954255542846,36.00809874712793,37.03163045665467,0.0
0.41400000000000003,7.696934134149382,5.900417141407163,12.180654139932573,100.80954234579168,35.035360280254125,36.432251538069586,0.0
0.41600000000000004,8.571120773396913,6.2002305250554866,13.589607158695124,100.80954215251609,34.22174738777839,36.22483472629248,1.0682382649887982e-289
0.418,4.654401716637712,3.8527815547518514,9.972364937832817,100.80954197432482,37.18403919908479,37.57380827943418,0.0
0.42,9.845966426548896,7.415616496207135,15.702159204027923,100.80954181004057,32.87770301494536,35.27852929802255,3.086823651694962e-213
0.422,5.914091035157492,4.382136574382609,11.784871669038083,100.80954165857798,36.423015657274874,37.32466368612967,0.0
0.424,5.284425702949429,3.8311040917276356,6.283159873034596,100.80954151893637,36.826117195952904,37.58332791985951,0.0
0.426,2.580952471745576,1.8107833166082576,7.638109831733129,100.80954139019317,38.04143536687809,38.23472030592808,0.0
0.428,3.86026291810971,2.7677595629162104,2.759812519046825,100.8095412714978,37.57051037201667,37.984336163380505,0.0
0.43,9.600219278464039,6.781356147446316,4.04554396643245,100.8095411620661,33.15135879408014,35.79348553893901,5.990525359877726e-227
0.432,10.260934499850698,7.786981444393298,6.5283267934042835,100.80954106117504,32.39977825752908,34.95560577621071,2.89230076021589e-191
0.434,8.850615538746311,7.038344007128554,7.135129152094338,100.80954096815806,33.94309503621403,35.59039390425647,7.57665169756253e-272
0.436,7.008464523603541,5.178748100941872,8.623000171775875,100.80954088240067,35.61439583759852,36.889323513105275,0.0
0.438,4.652797956820777,3.484465497067195,6.432927151345399,100.80954080333625,37.18489236437432,37.72825454651175,0.0
0.44,8.004939098500689,5.990038005630323,10.276390579439726,100.80954073044245,34.758709437070124,36.37132848633425,0.0
0.442,13.401570310542905,9.956442394230866,17.112864247367877,100.80954066323771,28.132057497098945,32.75240952454702,5.2858365488011845e-73
0.444,16.55073158615439,12.394841691120266,21.734205582149386,100.80954060127797,22.65002549735463,29.626278099594998,4.248949641689505e-22
0.446,13.274656671598768,10.400080794857875,20.659074140848908,100.80954054415395,28.327082395486023,32.2350640274285,2.9501777238681285e-76
0.448,12.013387113038469,9.523878392066768,20.434011486135592,100.80954049148816,30.16111276558992,33.234951277516814,3.6766574179567723e-115
0.45,11.829938681854687,9.163674883905033,21.359236600883833,100.80954044293274,30.41223918239473,33.6203090602653,7.005612220269314e-122
0.452,11.376404176688924,8.86424945358471,21.431375686654125,100.80954039816683,31.01619347822623,33.92927240255385,1.0074649613904654e-139
0.454,7.327978940647636,5.683179075225632,17.670945920651178,100.80954035689471,35.35242827539691,36.57611131793803,0.0
0.456,7.267387530295872,5.554528321835378,19.39569710846302,100.8095403188437,35.403006066910606,36.65875981633084,0.0
0.458,8.178732949805177,6.042003696638232,21.122747618648027,100.8095402837624,34.59780130435491,36.33558171645977,1.121966526e-315
0.46,1.5653840875493696,1.1895340058955497,12.937759431296534,100.80954025141904,38.282063960903685,38.34123145371415,0.0
0.462,5.590625142099579,4.237959194226478,16.197692034039488,100.80954022159993,36.635761502904955,37.39569733248712,0.0
0.464,3.7929444397437893,2.6126573881941386,16.83481405433001,100.80954019410808,37.5999551487179,38.032025550880505,0.0
0.466,3.872254687584174,2.767966859740941,15.570559757270994,100.80954016876183,37.5652108522054,37.984270585483266,0.0
0.468,3.5965306835647555,2.5456542794408983,13.810554459335155,100.80954014539377,37.68290394645981,38.05177646659825,0.0
0.47000000000000003,10.475715480142682,7.809169962571921,13.24891510445859,100.80954012384944,32.14459139656733,34.935810618488524,1.74016337896591e-180
0.47200000000000003,9.53111146101236,6.917046532940046,17.323936391793254,100.80954010398659,33.22705995955476,35.687195656235545,6.751426176908992e-231
0.47400000000000003,9.142889377142886,6.980523016670361,20.747214071478947,100.80954008567393,33.642089997958074,35.63674842193749,8.295956991300454e-254
0.47600000000000003,8.186733112019981,6.301998820665802,19.5912069944165,100.80954006879048,34.590310799591634,36.15208953723639,3.88764505e-315
0.47800000000000004,17.53999553280538,13.134109180585199,27.100170060184034,100.80954005322474,20.65003851927736,28.54080661627192,1.2628805417264618e-14
0.48,15.575149503778473,11.655822828445261,29.465756582931544,100.80954003887379,24.485132569874104,30.646944789299503,1.0678284995730082e-32
0.482,14.40553945866191,11.087987188985952,29.40973488590146,100.80954002564292,26.52055025922236,31.387787565223,4.9590455604602044e-51
0.484,12.80119125225956,9.579323991895297,26.65205931006881,100.80954001344462,29.03765807090036,33.17430571423853,2.0151119273793148e-89
0.486,12.729063225100344,9.612684136664472,26.40789711750853,100.80954000219837,29.143566410740842,33.13764607834142,1.4173762218052307e-91
0.488,6.827241739612548,5.422468150094406,22.307946172944266,100.80953999182982,35.7577782425049,36.74162831895943,0.0
0.49,7.74773636793907,5.951100000448694,23.448704324884744,100.80953998227051,34.99047935459988,36.39791098724265,0.0
0.492,6.730226146399379,5.120527198830323,20.502343928387553,100.80953997345723,35.83298973948716,36.923599790137864,0.0
0.494,9.616818625836945,6.9774863264371465,13.292566400063833,100.80953996533182,33.13309372772715,35.63917231561318,5.245635509457663e-226
0.496,6.8892316253951025,5.034702294946,14.402217067377546,100.80953995784054,35.7091557388422,36.97342004607044,0.0
0.498,7.013770502257129,5.302635967801172,17.86668466291709,100.80953995093392,35.61014106281469,36.81509646382159,0.0
0.5,3.8017311299718513,2.872245755031368,14.874298372459855,100.80953994456635,37.596141298053254,37.950659406825665,0.0
0.502,7.083371949570145,5.127736384876738,17.157284816105815,100.80953993869574,35.55403003517808,36.919376579768205,0.0
0.504,4.563212118368768,3.3485277262123847,13.727401832373339,100.80953993328329,37.23208283973512,37.781338598545,0.0
0.506,3.134505611188819,2.280822374737379,14.090820848913069,100.80953992829326,37.86063311753755,38.1248198416941,0.0
0.508,6.235439942909294,4.649089085376441,10.305438460795447,100.80953992369268,36.19980080404788,37.18686427622595,0.0
0.51,5.262778047580785,3.742409606383965,10.854521230201224,100.80953991945117,36.83916884629701,37.621718325897774,0.0
0.512,5.044474741645762,3.7218946115175613,11.502026658594941,100.80953991554068,36.967789784464216,37.63046991546878,0.0
0.514,9.207090882010966,6.609182904908022,6.059786392612987,100.80953991193537,33.574653363058026,35.925316595925445,6.193464593575952e-250
0.516,9.819508158002666,7.387748055705854,8.585560297516773,100.80953990861146,32.90750082771953,35.30212442596425,1.0913567880102948e-214
0.518,4.433918470527313,3.3716481399581912,9.07315156743253,100.80953990554697,37.298571374547876,37.77245913087493,0.0
0.52,6.531437901228626,4.853609664582036,5.955081070920817,100.80953990272164,35.98373203133261,37.075776826151,0.0
0.522,5.520251057266764,3.9607501649491836,6.709268517360753,100.80953990011682,36.6804607945127,37.52559361442521,0.0
0.524,7.742169006063668,5.6551326837777065,3.6011907154907012,100.80953989771528,34.995412255241355,36.594290509040604,0.0
0.526,10.51134057266405,7.6421250778848275,3.865127413398358,100.80953989550117,32.101747898960284,35.08344893257047,9.752741072863476e-179
0.528,8.190189002595023,6.220920890355483,8.024063789144458,100.80953989345988,34.58707279617379,36.210141061909475,6.64819551e-315
0.53,8.82007893601223,6.789216038005488,9.569757893303175,100.8095398915779,33.97397674305024,35.78738624529891,9.058896285603326e-274
0.532,9.306551724852415,7.306868723525541,14.829410381583303,100.8095398898428,33.46924332821978,35.37009750373361,5.3311756936177735e-244
0.534,9.630517559880824,7.420744676365537,14.285217761897012,100.8095398882431,33.11799619206622,35.274177763795635,3.131326560740854e-225
0.536,5.804446974156248,4.687717435240914,14.030665410175663,100.80953988676826,36.496471208112396,37.16624942278736,0.0
0.538,1.5507872968682836,0.8366468025215938,8.175956416688834,100.80953988540853,38.2846631691488,38.38208873702505,0.0
0.54,1.080264159868647,0.7226309951185926,9.05278810230386,100.80953988415492,38.355403877506575,38.39224752020575,0.0
0.542,3.010326547993035,2.1527983025873416,8.918117614956214,100.80953988299913,37.904240353241434,38.157255711763625,0.0
0.544,6.296285985494552,4.713565762150235,5.172235977476262,100.80953988193357,36.15620456179184,37.15235958054291,0.0
0.546,5.39340701091751,3.969411514562273,5.316866112768112,100.80953988095116,36.75959640914236,37.52166802698393,0.0
0.548,6.804078503913715,5.174390228094896,7.057492768896665,100.80953988004543,35.775833588030366,36.89190254418134,0.0
0.55,8.864842972126178,6.638984334712221,7.934445671280707,100.80953987921038,33.92867018290301,35.902741043605936,5.926010947517964e-271
0.552,8.235413874547449,6.072448395610135,9.218086256976404,100.8095398784405,34.544572837598636,36.31449542425868,7.32990679144e-312
0.554,4.070152899503576,3.332791489692939,6.251067702114914,100.80953987773071,37.475378773171514,37.787347194962386,0.0
0.556,8.564095106878307,6.365123858089283,3.685149575166175,100.80953987707632,34.22863615517814,36.10637097075053,3.738577070327373e-290
0.558,9.386565789916384,7.152679980675439,6.666121089383105,100.809539876473,33.38361611937408,35.49760375184958,2.773696053154589e-239
0.56,8.703278519671638,6.692782082881823,5.349445594418175,100.80953987591676,34.09110750192467,35.861729868280406,3.468980883418092e-281
0.562,3.320571098045178,2.6074066266769864,3.5622565432964755,100.80953987540393,37.791993799557545,38.033591882415124,0.0
0.5640000000000001,1.5274122690565486,1.279120372684557,3.807031871330506,100.80953987493115,38.28877477019232,38.328593988764034,0.0
0.5660000000000001,4.561579309836981,3.2675750818595914,8.079836049248968,100.80953987449524,37.232934423740154,37.81194709415097,0.0
0.5680000000000001,6.968594184079694,4.992916672691601,10.12233147685842,100.80953987409336,35.646263967015315,36.99737101533012,0.0
0.5700000000000001,8.141210950709915,5.9010734704866,11.966778606652396,100.80953987372284,34.63283485128824,36.431808716896946,3.26101e-318
0.5720000000000001,10.402959159718101,7.911672561201599,14.609886986896104,100.80953987338124,32.23163311093589,34.843631020187395,4.3124840061503956e-184
0.5740000000000001,5.92427262014874,4.873734647077605,12.067642665457893,100.80953987306631,36.416124714408525,37.06458713698409,0.0
0.5760000000000001,4.69979223953296,3.8521903236291073,10.794125734158815,100.80953987277594,37.159770425367896,37.57406863090338,0.0
0.578,5.219312989087439,3.966449698820139,10.52466460790134,100.80953987250825,36.865212563960846,37.52301137730696,0.0
0.58,9.816840509686571,7.217204097166207,14.948976377800722,100.80953987226145,32.910500700251944,35.444577251548694,7.78541111557484e-215
0.582,7.430449101798742,5.66324587717708,13.604704471026425,100.80953987203391,35.26593478745711,36.58904093149192,0.0
0.584,8.226569722736219,6.288639390735046,13.789423792015473,100.80953987182413,34.55290258431751,36.16170664723749,1.86701794467e-312
0.586,4.893875485572029,3.9644907881569575,10.298428311302295,100.8095398716307,37.05334224155652,37.523899302513,0.0
0.588,3.0545524536070134,2.1706898587208205,6.214550926263367,100.8095398714524,37.88891192467247,38.15283536368126,0.0
0.59,7.32874923160461,5.329288589680404,4.064024357678107,100.809539871288,35.35178257638938,36.79889805779451,0.0
0.592,9.113104773120831,6.785034463156898,8.131753601040463,100.80953987113644,33.673214295779495,35.79063203849291,1.2910619833919926e-255
0.594,7.099651528533931,5.2362970780500255,8.390280798270519,100.80953987099669,35.540825696366085,36.85506164349827,0.0
0.596,11.839118799439545,8.773518817601001,12.68450151619514,100.80953987086785,30.399766059397727,34.0208566064955,1.543310121853796e-121
0.598,13.010430039697619,9.50333093897519,12.916386728066104,100.80953987074908,28.726928010715337,33.25733575704842,2.1212141206866807e-83
0.6,15.85210433959633,12.172071962909946,18.076093019454557,100.80953987063957,23.977284223433927,29.940700654791122,2.6240225583112735e-29
0.602,10.739170331963765,8.480940938773626,11.41766916903353,100.8095398705386,31.82427710826674,34.30973906014346,8.046800639432526e-168
0.604,8.561025146366593,6.750502382096672,8.668318303886423,100.80953987044552,34.23164451446611,35.81735970022606,2.3624286779706238e-290
0.606,7.670872832881618,5.935739921345888,6.54386902636777,100.80953987035971,35.058269058075005,36.40834938205869,0.0
0.608,9.986188983365633,7.653216537601953,10.543597225277965,100.80953987028059,32.71843233513122,35.07374526659226,1.206727736959673e-205
0.61,8.011498351600286,5.956320232672657,9.39353005308504,100.80953987020764,34.75269948476469,36.3943572744475,0.0
0.612,7.415698410461386,5.705078267934805,10.526716795161578,100.80953987014038,35.278459813114466,36.56185403709725,0.0
0.614,7.3627056638023625,5.7681235727929705,12.275449526367412,100.80953987007838,35.32325087186458,36.52050242657293,0.0
0.616,13.811840683409777,10.575371428024146,20.011245680089246,100.80953987002123,27.488335743701843,32.02437341547943,3.04650432732588e-63
0.618,9.477218734217757,7.221322879873107,15.3451187515021,100.80953986996852,33.28571227108433,35.44117619192137,5.282737868786805e-234
0.62,3.1841725912325836,2.6386520031510248,9.751927169621288,100.80953986991993,37.84269829060791,38.02422478918351,0.0
0.622,3.588070923217149,2.437963270242366,5.531588254888611,100.80953986987512,37.68637755492948,38.082445950412605,0.0
0.624,2.7612478056043126,2.261578108002564,10.440635867954835,100.80953986983383,37.98639364275776,38.129815163221366,0.0
0.626,7.308162608160181,5.4555503760345925,15.006531789876435,100.80953986979574,35.369015993763554,36.72105640946689,0.0
0.628,4.3573277450611965,3.4841737483637036,13.08237190120312,100.80953986976064,37.337055909675286,37.72837073752664,0.0
0.63,6.056929379316461,4.5243488635783615,15.258760862043761,100.80953986972828,36.325257305578326,37.25226904529001,0.0
0.632,1.5937441084679043,1.3241442395640766,11.194601462322789,100.80953986969844,38.276944355312835,38.321896380908626,0.0
0.634,2.1974198052527685,1.5056306065090312,7.387211544745935,100.80953986967093,38.14616320728887,38.29254989469692,0.0
0.636,6.290629244064894,4.430209642564325,4.523852848967718,100.80953986964556,36.160275498502415,37.300450407467984,0.0
0.638,8.95903221018536,6.64640785798753,5.997350227444544,100.80953986962218,33.83258655429303,35.89710165370849,4.4449783019090826e-265
0.64,7.059545498240511,5.269270042810652,3.929977192303559,100.80953986960061,35.57330086037661,36.835260368209966,0.0
0.642,4.077258170219737,3.1952811069130225,5.142610641508133,100.80953986958075,37.4720701852581,37.838648395144205,0.0
0.644,6.35228146314757,4.73723944393501,12.882310193180585,100.80953986956241,36.11570910680615,37.13957124823065,0.0
0.646,9.298815125078411,6.925025053165433,16.64998177932959,100.80953986954553,33.47748355813293,35.68088018919515,1.8537116686948403e-244
0.648,3.528684613098807,2.748344116760328,11.089857855794055,100.80953986952994,37.7105314447138,37.99045642117156,0.0
0.65,4.212620376225267,3.3073181174178394,12.757314496844188,100.80953986951559,37.4079356896405,37.797013730214346,0.0
0.652,4.37289252263875,3.055024422421947,10.148577157354753,100.80953986950234,37.32928939771177,37.88874713728871,0.0
0.654,6.7006038010750775,4.654069082844605,11.66356450290358,100.80953986949014,35.85573959493666,37.18421617720064,0.0
0.656,8.275068590588504,6.337389040940435,14.262521317877967,100.8095398694789,34.50711411996761,36.12651423340458,3.32701569910128e-309
0.658,4.717825732890356,3.629798217528765,11.025789015224635,100.80953986946851,37.150063108979474,37.669164813185645,0.0
0.66,3.1180046223042392,2.4903849819302804,7.534644944338635,100.80953986945894,37.866529238686375,38.06768228658824,0.0
0.662,9.422096049210188,6.893936347251145,15.690701696775966,100.80953986945012,33.34535682146362,35.7054475550749,3.3150414373605123e-237
0.664,5.6977242529080625,4.196278799455303,10.669272725154789,100.80953986944199,36.56664792719458,37.41578953370139,0.0
0.666,6.651026912395956,4.875712122379069,7.189559673094186,100.80953986943449,35.8935895338779,37.06348514104591,0.0
0.668,5.826729254810271,4.486884844441263,3.8691131094140983,100.80953986942758,36.48165471747631,37.27156492366907,0.0
0.67,5.55352540316151,4.201742242294714,3.069517826501209,100.80953986942122,36.65939667509876,37.413167174104565,0.0
0.672,1.8611125815501357,1.5455287637460449,6.996061052124981,100.80953986941535,38.22415995887042,38.28559357428892,0.0
0.674,6.054328503073768,4.480257896600035,1.2876508141161664,100.80953986940992,36.32705822192589,37.27496142883578,0.0
0.676,5.771911099472422,4.47929659183698,1.0609429618599118,100.80953986940493,36.5180036880883,37.27545370854208,0.0
0.678,6.434949345646662,4.749010628038417,0.6407910013879712,100.80953986940033,36.055267948685895,37.1331886848312,0.0
0.68,4.879562575963344,3.793802217001815,4.239758068471523,100.80953986939609,37.06133809903423,37.59958322055052,0.0
0.682,3.004773434325906,2.2535149931841008,2.618111124055932,100.80953986939217,37.90614922751831,38.131895558608726,0.0
0.684,2.424918350708838,1.8867604463980783,5.649922714972257,100.80953986938856,38.08607101539473,38.218667028912236,0.0
0.686,6.144534577853438,4.634882026749825,8.153112088175686,100.80953986938523,36.2641446898074,37.19440324698398,0.0
0.6880000000000001,7.356400275380056,5.295127788916215,8.790297788429463,100.80953986938216,35.328558936306884,36.81964496167379,0.0
0.6900000000000001,4.108223823928974,3.2554017238106643,9.509265841872176,100.80953986937934,37.45758353764772,37.81648508028566,0.0
0.6920000000000001,3.226655504864898,2.2446445887576645,2.981328542589564,100.80953986937674,37.827133858068784,38.13417566128776,0.0
0.6940000000000001,3.852135569902724,2.580651155327402,6.900583617522378,100.80953986937433,37.5740927399479,38.041524244451864,0.0
0.6960000000000001,5.521861073828729,4.015939348116443,5.340415938989746,100.80953986937212,36.679444500841576,37.500433371037374,0.0
0.6980000000000001,1.2963182018024717,1.0540419882089118,5.712443415671064,100.80953986937008,38.326063040606385,38.35860189739744,0.0
0.7000000000000001,5.006541506018301,3.8380376968879046,8.339115534563355,100.8095398693682,36.98958338937111,37.580288877673034,0.0
0.7020000000000001,3.3586803803220033,2.511077439467828,2.7179170417314675,100.80953986936645,37.777446966149164,38.06176814631741,0.0
0.704,3.5991173859484236,2.4368218317890227,1.2117851509039812,100.80953986936484,37.68184020343444,38.08276392237281,0.0
0.706,1.893665347878536,1.4691323317869056,3.3069684886006536,100.80953986936336,38.21717538040251,38.29875409705099,0.0
0.708,2.489805016259336,1.8089823628610462,2.1167390119612297,100.80953986936201,38.0678473422591,38.235092826072766,0.0
0.71,2.6195871291963813,1.8804562680219994,3.1498323414047635,100.80953986936075,38.02995354598439,38.22002414582113,0.0
0.712,2.790228937593006,2.2086459558710185,7.300596546210841,100.8095398693596,37.97719943465595,38.14333665597097,0.0
0.714,8.493128584624943,6.308622021463218,13.21886244387092,100.80953986935853,34.29790176485149,36.14731408663613,8.865069187499632e-295
0.716,4.8412823151225215,3.8453060221555893,10.461009943525882,100.80953986935755,37.08260807074107,37.57709722370044,0.0
0.718,2.757702345424777,2.149034718900338,8.27942817124814,100.80953986935664,37.98751184162037,38.15818089756408,0.0
0.72,3.388445373330642,2.606653859111353,8.181822964429186,100.8095398693558,37.76596976998396,38.033816178889474,0.0
0.722,4.259105522868508,3.3510953594307593,9.55610465543234,100.80953986935505,37.38542768775167,37.78035550771037,0.0
0.724,7.049521630332557,5.265989783333913,12.836296752128614,100.80953986935432,35.58138871405553,36.83723583724566,0.0
0.726,2.5038538561389507,1.904762954113078,7.107651256405453,100.80953986935369,38.063838289547085,38.214766574998,0.0
0.728,6.773571401657824,4.934150991756436,13.270203348156087,100.80953986935307,35.79951954239149,37.030716704101124,0.0
0.73,6.306732926584296,4.670058389276166,13.800073454160692,100.80953986935252,36.14867667119237,37.17569473368631,0.0
0.732,4.308620099635164,3.080838461676008,12.285878622703686,100.809539869352,37.36118102076938,37.87969540736383,0.0
0.734,3.0388049289462096,2.3098861031014253,10.111620866509378,100.80953986935152,37.89439555526764,38.117195395786574,0.0
0.736,6.434109191722107,4.848991379905795,10.270786629730642,100.80953986935108,36.055886149479704,37.078338101563276,0.0
0.738,10.310183816212572,7.70239394751559,13.779255842591736,100.8095398693507,32.34173560566275,35.03055104398236,9.308918991226153e-189
0.74,11.272591044523203,8.663642992285213,11.821030338727956,100.80953986935032,31.151061241956167,34.130498615860034,4.6676077587001096e-144
0.742,11.077202287187717,8.649375567851646,16.17316952491155,100.80953986934998,31.401494971869152,34.14463384722719,1.8022147035769947e-152
0.744,12.15515160093575,9.256603982178627,18.34885693696051,100.80953986934966,29.964343824171813,33.52232109046385,3.685285443087646e-110
0.746,14.942305700710731,11.311234387039415,22.987266491275573,100.80953986934936,25.608013234179822,31.101004856073576,9.444232773911061e-42
0.748,12.539819865399688,9.618643127498421,22.550413546688727,100.80953986934911,29.41850973776971,33.13108420174432,2.0509218567672055e-97
0.75,8.54941425298752,6.571451861746515,19.541807867023156,100.80953986934885,34.2430126292793,35.953753131410785,4.157271137998282e-291
0.752,11.821425975601265,9.020425833463769,24.35192179390053,100.80953986934863,30.423796668355216,33.76940859365052,3.3631001745371724e-122
0.754,7.399827835371084,5.695179849402414,19.568363881342513,100.80953986934843,35.29190788122236,36.56830511586011,0.0
0.756,6.437607853932274,4.783105811436523,11.806846526730036,100.80953986934823,36.05331123643967,37.11461216956571,0.0
0.758,7.872422822061596,5.596606751445321,9.455118108334446,100.80953986934806,34.87907040235361,36.631936044953434,0.0
0.76,9.39247565494632,7.170890784160948,4.850448856986555,100.80953986934787,33.3772624107577,35.48268629538021,6.15636452035381e-239
0.762,7.418633272067165,5.395011686368462,6.042813515317828,100.80953986934773,35.27596976814459,36.758606782142714,0.0
0.764,9.904269505485333,7.141847565504728,11.67008600117405,100.80953986934759,32.811755695616185,35.50645913693343,4.6436130305750654e-210
0.766,8.472891453645103,6.149571967295317,11.5534159551473,100.80953986934746,34.317547791349426,36.260603932563725,4.1917716007985486e-296
0.768,6.968850954615152,5.261636794882242,8.265560885970242,100.80953986934735,35.64605931473172,36.83985543419455,0.0
0.77,8.359524675888547,6.211236261586922,9.6460595281576,100.80953986934725,34.42673300176486,36.21702489188031,1.4021570761385796e-303
0.772,9.398524024916108,7.097085772819385,2.3885184474905756,100.80953986934713,33.37075562782628,35.542908793187394,1.3912586730286136e-238
0.774,5.2897162585591095,3.853640142127525,2.9893785645169615,100.80953986934703,36.822919297493534,37.57343012518076,0.0
0.776,6.065127382957001,4.503959723680043,2.759637588945273,100.80953986934696,36.31957572005319,37.262790401702624,0.0
0.778,13.830206022452987,10.275469968475699,7.68485339719567,100.80953986934688,27.459043971768832,32.38267670665933,7.844567734886584e-63
0.78,9.301544868978079,6.924301874226624,4.412942298050577,100.8095398693468,33.474576903080255,35.68145292843299,2.6913589024194107e-244
0.782,13.188537435475615,10.208995646808829,9.721392748102165,100.80953986934674,28.458320337581288,32.46068668379454,1.5746613507670472e-78
0.784,10.989329621524172,8.482760895222459,9.017264662138418,100.80953986934668,31.51267551612092,34.30797250507594,2.3045977029163113e-156
0.786,8.687906700803095,6.839583478803679,7.9615725052074096,100.80953986934662,34.10640597309336,35.74813296156591,3.6028062199112154e-282
0.788,8.680099012861621,6.975832670126116,9.324868404575934,100.80953986934657,34.11416600125594,35.64049182369754,1.1387080836282171e-282
0.79,7.466012251948879,5.686126928746622,7.763017348243217,100.80953986934651,35.23563499434126,36.57419534063548,0.0
0.792,9.238618717688649,6.898047270738509,10.647982113430375,100.80953986934647,33.54136305159749,35.702205316734336,4.8066928722018286e-248
0.794,4.5199057533455855,3.388268725407775,6.9855696555394635,100.80953986934642,37.25456586427182,37.7660381831188,0.0
0.796,5.308323391327956,4.053902282866622,8.752762349724122,100.8095398693464,36.811646695946436,37.48292421269967,0.0
0.798,7.833669311558311,5.923064778634753,12.015111152623872,100.80953986934637,34.913888254291905,36.41694280747062,0.0
0.8,8.694605917357565,6.617379344665912,13.46873336677809,100.80953986934632,34.099742062637745,35.91911767001088,9.671615432213866e-282
0.802,7.753318273999764,5.765291089305295,13.062261222311445,100.8095398693463,34.98552999661815,36.52237002281098,0.0
0.804,7.1936187998076075,5.397604150702169,13.42439779509967,100.80953986934627,35.46401520995925,36.75700734856966,0.0
0.806,6.351317913277832,4.711528527522027,13.163719425924482,100.80953986934624,36.11640897443512,37.15345708233606,0.0
0.808,7.358513393170221,5.341473943047879,14.713536679936228,100.80953986934621,35.326780558528405,36.79146520498725,0.0
0.81,4.140417805619116,3.0389537401647377,11.92698874672912,100.8095398693462,37.442405971755335,37.894343868651546,0.0
0.812,1.784473217292513,1.0875931938175858,6.422006655906612,100.80953986934617,38.24012559454923,38.354495987143665,0.0
0.8140000000000001,3.6412811463214108,2.5369933875462327,5.197307006589062,100.80953986934615,37.6643931089388,38.054292035797936,0.0
0.8160000000000001,5.619090933278772,4.23762654051177,6.461531832734962,100.80953986934614,36.617519960147206,37.39585847607898,0.0
0.8180000000000001,7.278099692073818,5.360284560125921,4.5554718970670525,100.80953986934612,35.394094880017406,36.77995769558854,0.0
0.8200000000000001,11.423944334508839,8.44385202051633,9.369427598503876,100.80953986934611,30.954012846713155,34.345656790944666,9.050319602189128e-138
0.8220000000000001,11.021096726681382,8.11775210999717,11.567874170289855,100.8095398693461,31.472585901415258,34.6546557668914,5.99654282173398e-155
0.8240000000000001,10.246356815121722,7.830119874892449,13.341089369431494,100.8095398693461,32.4169049307228,34.91706860739602,5.186679304452555e-192
0.8260000000000001,8.666493022653402,6.595035451594562,12.876672157934841,100.80953986934608,34.12767218754876,35.935998136115856,1.526304073476674e-283
0.8280000000000001,9.070339850470013,6.989308978036029,14.273705388799756,100.80953986934607,33.71772416801576,35.629729493096804,3.1834701449956843e-258
0.8300000000000001,5.667967509943644,4.355944815757477,10.720399184596424,100.80953986934605,36.58598236809637,37.33774462334211,0.0
0.8320000000000001,3.766399690219956,2.807699562726608,10.570731775665484,100.80953986934605,37.611423238548305,37.9716105265945,0.0
0.834,1.6185356929310686,1.253287314103257,8.664712314513997,100.80953986934604,38.27239362818765,38.332332232348016,0.0
0.836,1.2335250503798694,0.9300892464234645,8.432096651907278,100.80953986934604,38.33514049395128,38.37265530227064,0.0
0.838,2.3489104638754488,1.8683551727259928,9.388547315137885,100.80953986934603,38.106806063567,38.22261645180093,0.0
0.84,4.5405713686216345,3.253260062250082,9.755619999974186,100.80953986934603,37.243863818905766,37.81728169663184,0.0
0.842,4.252385016221164,3.242494125169312,9.54933890785164,100.80953986934601,37.3886970236173,37.82127827052034,0.0
0.844,7.0573603827836795,5.111348127432959,10.594080801175958,100.80953986934601,35.57506492336359,36.92896837216868,0.0
0.846,7.138022093494752,5.2739101343599195,7.907521147774982,100.809539869346,35.509583205830126,36.83246386543926,0.0
0.848,6.8133322554841405,4.911650806457113,1.0574273139862458,100.809539869346,35.7686278219045,37.04337949275854,0.0
0.85,8.351565274550822,6.381839973269323,2.751866511241861,100.809539869346,34.434343339753866,36.0941878270899,4.156269090177711e-304
0.852,8.719156906560329,6.662464391815853,4.062301461964141,100.80953986934598,34.07527635104893,35.884882472341175,3.584027232372569e-280
0.854,9.651022147631442,7.39103778127025,5.7191604034054775,100.80953986934598,33.09535772922269,35.299343779311315,4.510062284125991e-224
0.856,8.154939805706746,6.28766485998241,4.921013990707153,100.80953986934598,34.6200352477633,36.16240738696684,2.770051e-317
0.858,12.671853087899088,9.574446174625818,10.588613106466223,100.80953986934598,29.22713161712644,33.17965521825434,2.6030916700059493e-93
0.86,5.101007321938024,3.8957397485268364,3.5808981010614547,100.80953986934597,36.93500487206772,37.55478446706798,0.0
0.862,4.191132738375117,3.3093828904134943,3.1178641263917672,100.80953986934597,37.41825643340553,37.796232961283785,0.0
0.864,4.167511466048787,2.889133477761176,3.4408928612805307,100.80953986934597,37.42954105435071,37.94509919552561,0.0
0.866,7.769876177066585,5.921730674350373,7.948663196566155,100.80953986934597,34.97082742135152,36.41784622648255,0.0
0.868,5.61406700476118,4.518774766228359,6.301368921228803,100.80953986934597,36.62074615057317,37.25515015558599,0.0
0.87,3.4442662643476605,2.600067426658568,4.46038477196408,100.80953986934597,37.744172467097826,38.03577592563811,0.0
0.872,3.4649988470920925,2.4395770452179057,3.2632771260455877,100.80953986934597,37.73598594022956,38.081996144944796,0.0
0.874,4.074278561842587,3.0387978720455067,3.7622542856790395,100.80953986934595,37.47345835061244,37.89439800627883,0.0
0.876,4.406730156332653,3.2245770208648845,4.399266292421106,100.80953986934595,37.31230949810271,37.82790015129228,0.0
0.878,5.773474524534219,4.406524433644616,6.447073907903061,100.80953986934595,36.51697177352419,37.312413126489005,0.0
0.88,3.102646433908881,2.438918996186777,4.04120551516782,100.80953986934595,37.87198904560479,38.08217959806785,0.0
0.882,2.099578489490958,1.6139361857848007,3.056154891796944,100.80953986934595,38.17018808889793,38.27324321813307,0.0
0.884,1.439311952565949,1.1845614714961412,2.5966897692900353,100.80953986934595,38.303710135494214,38.341906033206385,0.0
0.886,2.1316070893194836,1.5802752979355683,3.4984522035138115,100.80953986934595,38.162443951246374,38.279387232591134,0.0
0.888,3.580319762662407,2.6869850807618025,4.9382121078199575,100.80953986934595,37.689553026071216,38.00951511311294,0.0
0.89,1.8226656361754898,1.2837311993470155,3.5722230392536645,100.80953986934595,38.23225320358198,38.32791874498506,0.0
0.892,4.0811915688478555,2.897430986647491,5.1476646459915765,100.80953986934595,37.47023610513765,37.94235533097515,0.0
0.894,8.37430888269442,6.39055567385969,9.601120823771002,100.80953986934595,34.412577847572784,36.0878229019591,1.338407295748247e-302
0.896,6.401606616777281,5.095210490379782,9.083853199324999,100.80953986934595,36.079740080146905,36.93838345134736,0.0
0.898,5.128251456124139,3.6491888288198018,8.515711605600796,100.80953986934595,36.91907461847428,37.66109832356908,0.0
0.9,1.8122141008659365,1.4742851394557288,3.9971591609786965,100.80953986934594,38.23442408962751,38.29788742096624,0.0
0.902,5.529721151639873,3.995965033724337,9.44812964197669,100.80953986934594,36.67447871006091,37.50957969716139,0.0
0.904,8.5557478332506,6.067730440386869,13.145850103122521,100.80953986934594,34.23681340230394,36.317770074450245,1.0728084889068976e-290
0.906,5.163595515805914,3.7397610425971264,10.284944168022012,100.80953986934594,36.89828160070659,37.6228508948258,0.0
0.908,0.8528112968377146,0.41554511815853196,5.952273573878676,100.80953986934594,38.380528239111285,38.412219500005286,0.0
0.91,5.886183512825515,4.317213631264527,11.5475038744548,100.80953986934594,36.44184274751207,37.3569443202152,0.0
0.912,3.6258980143052595,2.4565378735400265,9.776527799418535,100.80953986934594,37.670782103402175,38.0772506688296,0.0
0.914,3.6319427476266477,2.5926413849869805,9.89983003952393,100.80953986934594,37.66827480365148,38.0379795447634,0.0
0.916,2.4250320637982488,1.6868134738485763,8.866685517880464,100.80953986934594,38.08603949959863,38.2594974604615,0.0
0.918,1.563203652917869,1.1541468688081338,7.49340348577571,100.80953986934594,38.28245377170638,38.345970608368056,0.0
0.92,5.24688605591204,3.748266531453737,11.515257404925121,100.80953986934594,36.84871619924705,37.61921096137934,0.0
0.922,6.05097005064081,4.61700321987489,11.214157823621079,100.80953986934594,36.329382558506,37.203857819456985,0.0
0.924,5.238215778532574,4.126127288107362,10.796103598758581,100.80953986934594,36.85391281416937,37.44915773885759,0.0
0.926,7.744147788174826,5.975315915978638,12.835880360780688,100.80953986934594,34.993659384212556,36.38139948587623,0.0
0.928,10.423294020019437,7.9518669474112365,16.758185823257243,100.80953986934594,32.207367300628405,34.807155434609314,4.438645227908235e-183
0.93,11.810237611387194,8.973801247090368,20.16399630330272,100.80953986934594,30.438973923420278,33.81742789388801,1.279168432573857e-122
0.932,5.78486576652121,4.326218939361154,11.58028419498092,100.80953986934594,36.5094447138182,37.352495546515215,0.0
0.934,4.097263401373519,3.048025334677433,12.95184642030683,100.80953986934594,37.46272368494683,37.891188249581816,0.0
0.936,7.059088087048014,5.1110162150317375,17.497638416099544,100.80953986934594,35.573670177760675,36.92916231784376,0.0
0.9380000000000001,5.263346573060189,4.136206493217778,15.82813771332457,100.80953986934594,36.838826760634106,37.44439809598626,0.0
0.9400000000000001,6.122297154660715,4.602174793030599,17.596928434402667,100.80953986934594,36.27974054360696,37.21167156760885,0.0
0.9420000000000001,1.2259407701997755,0.8706683450808452,12.903333301395268,100.80953986934594,38.33620638506379,38.37876962878021,0.0
0.9440000000000001,5.327019548562153,3.9591347290333663,13.7812569251202,100.80953986934594,36.800280256646516,37.52632482994287,0.0
0.9460000000000001,2.5546973620472424,1.7837152615701382,13.245247166016616,100.80953986934594,38.04914073909972,38.24028014059114,0.0
0.9480000000000001,7.0682261110672355,4.940677639513179,18.04378679379834,100.80953986934594,35.56628751921147,37.0270327611495,0.0
0.9500000000000001,7.004483042912731,5.530871215091744,19.078658771843973,100.80953986934594,35.61758640063872,36.67375153718266,0.0
0.9520000000000001,10.03550876380476,7.59878338070207,22.066035458178455,100.80953986934594,32.661872989389956,35.12123226734995,5.145732734475143e-203
0.9540000000000001,10.224052420592855,7.84074293366545,21.29571411688863,100.80953986934594,32.44306179637758,34.9075458616297,3.7095784554188456e-193
0.9560000000000001,11.315461447078947,8.782198218893635,23.26980970498993,100.80953986934594,31.09551880775426,34.01213650826274,2.9532948029706554e-142
0.9580000000000001,10.384295988802819,7.8431374362747235,21.953039052924414,100.80953986934594,32.253861947107836,34.905397587648075,5.0376484386849056e-185
0.96,15.554490318776704,11.414438338575575,28.46514033959687,100.80953986934594,24.522608786987288,30.96646738951186,5.785771511437094e-33
0.962,11.009673585528358,8.134365379044088,25.823391881329922,100.80953986934594,31.487015240428356,34.639208986539515,1.8620706636493051e-155
0.964,12.931487133777624,10.134892681507253,28.507283780881007,100.80953986934594,28.844773847471224,32.54704680698654,1.2389211956508183e-85
0.966,9.729409691499695,7.637631545223007,26.815288457493793,100.80953986934594,33.0083654139563,35.08737620487683,1.1221167076359938e-219
0.968,11.278999994638045,8.796962351044177,29.976687208495196,100.80953986934594,31.142771484904003,33.997283243938824,8.697397617400469e-144
0.97,10.655865702810239,8.079471063846958,31.030742938682906,100.80953986934594,31.926430552432006,34.69012828658802,9.27678946928933e-172
0.972,14.318547484971527,10.787338459213252,36.10875977197722,100.80953986934594,26.66506253329856,31.76484299307564,1.0952673039044482e-52
0.974,12.490353743411458,9.510740725344123,35.72329256111815,100.80953986934594,29.48967860230699,33.24926911684936,5.486929670839536e-99
0.976,10.111651902700206,7.592169387787368,34.3671081409309,100.80953986934594,32.57400100039191,35.12697909549234,5.369854904425657e-199
0.978,5.879872743004704,4.520752951415628,27.340871341562483,100.80953986934594,36.44608778458564,37.25412808839497,0.0
0.98,1.5205880898499713,1.3587949281677065,26.379658247222423,100.80953986934594,38.28996334701547,38.316584090111235,0.0
0.982,7.69954481120601,5.605249270977723,32.52432969298709,100.80953986934594,35.03306111137561,36.62640160452679,0.0
0.984,6.807536021442477,5.049052204949325,32.91859917519664,100.80953986934594,35.77314241600511,36.965148783792166,0.0
0.986,6.2327680487321935,4.581735941357715,32.394025961737114,100.80953986934594,36.20170550068319,37.22240046789204,0.0
0.988,5.242066058093968,3.8113638276435777,30.838929171704923,100.80953986934594,36.8516061735428,37.591950094631855,0.0
0.99,9.516569296978615,6.788344660011888,32.88368871424252,100.80953986934594,33.24291941325624,35.788062785574894,9.852019913847566e-232
0.992,7.974618997277748,6.149698760400705,32.85222226757923,100.80953986934594,34.78642621448028,36.26051477279948,0.0
0.994,2.8159918306405687,2.031456574675213,30.676242950165964,100.80953986934594,37.96894559308717,38.186269259726295,0.0
0.996,5.562061415975038,3.902418707672609,28.658399923367604,100.80953986934594,36.65397258107689,37.551807769444444,0.0
0.998,5.357533313299812,3.8656872604185883,29.670166948451556,100.80953986934594,36.781643315681535,37.568115230554135,0.0
1.0,5.0084581614536035,3.783246870985598,24.842691536091415,100.80953986934594,36.98848617133179,37.604154116286466,0.0
1.002,6.111143282316207,4.455036900921379,22.97902963213146,100.80953986934594,36.287541806282356,37.287841991514995,0.0
1.004,4.47033978460489,3.315911330491877,26.36469449861565,100.80953986934594,37.28003536744858,37.79376110363657,0.0
1.006,5.437420316592594,4.032941293003035,27.785782296439034,100.80953986934594,36.73234594946247,37.49261215920906,0.0
1.008,5.382598978165832,4.091327161516903,28.289512408429164,100.80953986934594,36.766254205732054,37.46550188848503,0.0
1.01,4.750504270524275,3.529500607546092,27.436892844035587,100.80953986934594,37.13237766976194,37.71020229178774,0.0
1.012,2.3902565715561512,1.723031161433395,27.218485188592783,100.80953986934594,38.095608700811724,38.252440460040724,0.0
1.014,2.919175655360312,2.130867920633145,29.941406880537695,100.80953986934594,37.935127347972355,38.16262399530431,0.0
1.016,2.293169747738875,1.5639691136003524,25.31648139960807,100.80953986934594,38.121592484593606,38.28231698710403,0.0
1.018,7.393083889180442,5.243368550139561,21.093968271732116,100.80953986934594,35.29761367677188,36.85082548749155,0.0
1.02,7.378181793944781,5.5597601514403205,23.391471509450067,100.80953986934594,35.31020327465987,36.655435709617564,0.0
1.022,5.82632488587333,4.347119909929907,25.827526971339367,100.80953986934594,36.48192410694461,37.34213436974724,0.0
1.024,10.498759077891803,7.946004941305667,23.058618752176702,100.80953986934594,32.11689546403463,34.81248663650355,2.3598769390339824e-179
1.026,9.202496723649231,6.916908188382732,24.474146558249043,100.80953986934594,33.57949478923432,35.68730509972606,3.280010147405445e-250
1.028,5.243348982082706,4.003170938687946,20.454862785724565,100.80953986934594,36.85083721760529,37.50628534260651,0.0
1.03,5.709961219896878,4.093827910762881,18.84482452307487,100.80953986934594,36.558667548565126,37.464332010861995,0.0
1.032,4.2145027085573945,3.252989252830473,20.547940582755405,100.80953986934594,37.40702906964964,37.817382390051414,0.0
1.034,4.870711886361264,3.6981650329393356,18.969009577019897,100.80953986934594,37.066270778918884,37.64053280341601,0.0
1.036,6.153515253205401,4.552413031013013,16.946884767117133,100.80953986934594,36.257830187939916,37.237709394202206,0.0
1.038,6.638080194269713,5.104305794546088,18.810950509140184,100.80953986934594,35.90342745603482,36.9330807001598,0.0
1.04,6.916317410881741,5.279011950333277,15.258829754373522,100.80953986934594,35.68777243532881,36.82938624565198,0.0
1.042,6.989021633823208,5.059213118540625,15.995893973881659,100.80953986934594,35.62995918658878,36.95927780376833,0.0
1.044,3.6421786753682266,2.8502327999940653,18.30346052469624,100.80953986934594,37.66401950756079,37.957858132833096,0.0
1.046,6.734631277466861,4.851241963540696,14.738064715474922,100.80953986934594,35.82959802721788,37.077090245003035,0.0
1.048,11.451171745088299,8.759207924926644,8.691449557761945,100.80953986934594,30.918281780074214,34.03521568190171,1.1657446139069907e-136
1.05,14.837587199516545,11.042442454800872,7.556475335891152,100.80953986934594,25.788879961435264,31.44558202161795,1.9352569050570953e-43
1.052,11.346842960763992,8.66034216193866,6.359071979516545,100.80953986934594,31.054725515937626,34.133770943744565,6.006743438935857e-141
1.054,13.171007100094185,10.109388926095475,7.322046484964421,100.80953986934594,28.484926297701364,32.57662222004208,5.346147230393334e-79
1.056,7.701195731758422,5.799728638163795,8.762931305159423,100.80953986934594,35.031606776425846,36.49960134992807,0.0
1.058,8.82884672794817,6.452691224237276,11.560552412571573,100.80953986934594,33.965120840952764,36.042194265187256,3.234128416054693e-273
1.06,4.169708437224623,3.334022629590775,11.676998512479974,100.80953986934594,37.428494183988946,37.78687812738901,0.0
1.062,6.974991165531875,5.603996409305438,16.106878938889526,100.80953986934594,35.641163168238386,36.62720443376995,0.0
1.064,12.545529684436177,9.551660975110076,16.669576006720334,100.80953986934594,29.41027618278296,33.20460741430465,3.1062202869276356e-97
1.066,11.25911884168455,8.721478901661234,17.740523493950263,100.80953986934594,31.16847147672184,34.0729588337149,1.2581665812475556e-144
1.068,10.94938942899809,8.32848058147341,18.145474699502362,100.80953986934594,31.562913039422202,34.45637447607514,3.719756682797601e-158
1.07,9.391126476708365,7.477178086275974,17.329390279581585,100.80953986934594,33.37871326971411,35.22609178549709,5.132154962492779e-239
1.072,7.855219518279851,5.951815921330229,16.442432976081673,100.80953986934594,34.89454787891958,36.39742380325585,0.0
1.074,4.453894412364558,3.341719968061724,18.429105418584857,100.80953986934594,37.28842374692392,37.78394149220719,0.0
1.076,10.856601440057998,8.37953317791437,26.038314707006318,100.80953986934594,31.67890823004417,34.40756983574917,2.2530628074493036e-162
1.078,11.946322609070224,9.175539037076057,26.471880077360012,100.80953986934594,30.253376273283507,33.60785442429817,1.3851147577735961e-117
1.08,12.434432456421225,9.49931494112468,27.61164318725887,100.80953986934594,29.56978678308356,33.26170511531624,8.672455527555368e-101
1.082,8.951602819189741,7.045258153640295,25.91833481272205,100.80953986934594,33.840202451919815,35.58482524988461,1.5378508280498916e-265
1.084,6.999313051683951,5.488228329755162,25.500879167098855,100.80953986934594,35.62172666618795,36.70061292677807,0.0
1.086,1.8449326493907812,1.4825408991563696,20.65962647834746,100.80953986934594,38.227586492356636,38.296492518199,0.0
1.088,3.2732721030285923,2.548664197346534,18.018994172093016,100.80953986934594,37.809817537956874,38.05090022362344,0.0
1.09,8.300163209434809,6.098673445702338,9.911536001213397,100.80953986934594,34.483315869021084,36.29624661746466,1.5783863011709316e-307
1.092,9.790817341676505,7.493037492660937,7.2068301977604285,100.80953986934594,32.93972165797482,35.21251249757658,2.8651853783083886e-216
1.094,19.301478824916746,14.515535814717188,4.705481459960087,100.80953986934594,16.675429908054905,26.33648099447466,7.094716715368836e-07
1.096,18.272733461029986,13.743588918811442,6.836893331678578,100.80953986934594,19.06763103300272,27.596835072919816,1.0671158133255004e-10
1.098,17.360413399536757,13.569436520817188,7.135133332347165,100.80953986934594,21.024222678036928,27.871128324053043,8.88272998298403e-16
1.1,17.008902791067086,13.277215425171212,8.585189989086862,100.80953986934594,21.742079287278663,28.323169502891545,2.7740685081354606e-18
1.102,17.20862777199892,13.396863283020487,10.090783799071213,100.80953986934594,21.336529082474375,28.139325183917727,8.101099267225897e-17
1.104,18.474640636082324,14.725130594583494,14.385290704755663,100.80953986934594,18.61483583393516,25.981572214256033,8.261973849122799e-10
1.106,17.888330941784513,14.410263211358899,15.912962491050404,100.80953986934594,19.909252940996463,26.51267630288348,1.3021402327566841e-12
1.108,21.295650767085803,16.92774974912526,21.607769700163182,100.80953986934594,11.264723859615557,21.905145379379753,0.004847078658812571
1.11,21.200670050180527,16.772465177398907,23.68542303805383,100.80953986934594,11.552442712175333,22.21444939856463,0.003751357762140457
1.112,15.850270780589302,12.854233334800625,19.760550109647568,100.80953986934594,23.980679958380534,28.959380379582427,2.4979232499765256e-29
1.114,12.546427931480114,10.405379295400898,17.12394126830607,100.80953986934594,29.408980560407556,32.22874764635221,3.3156627556610077e-97
1.116,9.736853325257245,8.00431007339697,15.921649590821863,100.80953986934594,33.000067820074996,34.759285525287396,2.915755521566469e-219
1.118,8.926005153398414,7.622036943164508,16.444521604935133,100.80953986934594,33.86639407911127,35.10098765616233,3.93981222454715e-267
1.12,10.04187873252602,8.218838689132115,18.612938657065026,100.80953986934594,32.65454749113624,34.56017659642534,1.1208950783251338e-202
1.122,12.213698041395661,9.832204557295212,21.85180880091987,100.80953986934594,29.882392397096652,32.893211982688356,3.832954721077202e-108
1.124,11.438406000806886,9.319135452145368,22.237074855665337,100.80953986934594,30.935045283932908,33.45582570814597,3.523725084615816e-137
1.1260000000000001,9.353211362375543,7.5991010574523346,20.951035979095952,100.80953986934594,33.41940008211604,35.12095611509189,3.0438141059974414e-241
1.1280000000000001,10.624299087060708,8.44805694025124,23.250550149911174,100.80953986934594,31.964929316409446,34.34159259848527,2.877547400631661e-173
1.1300000000000001,11.45550205025629,9.062977721479625,24.613537705632687,100.80953986934594,30.91259106545965,33.725365455006155,1.7479861330560462e-136
1.1320000000000001,11.756799485895307,9.482367737832591,26.268726824822988,100.80953986934594,30.511261759080416,33.2801229951003,1.2223060350819789e-124
1.1340000000000001,11.921658820030048,9.326440871159711,27.155103089105697,100.80953986934594,30.287174649774503,33.448027807384946,1.7401439229321602e-118
1.1360000000000001,11.100821098783056,8.845639482277546,26.4599007897714,100.80953986934594,31.37145828228773,33.94813464417395,1.952710011280166e-151
1.1380000000000001,8.923383296786339,7.00361419853989,24.47569562464504,100.80953986934594,33.86907251597749,35.61828240832837,2.705134946632147e-267
1.1400000000000001,8.10776132359012,6.114770728192185,23.143278103948827,100.80953986934594,34.663929796768585,36.28500625427244,1.757e-320
1.1420000000000001,12.234151418026157,8.979782140164787,26.30593485636904,100.80953986934594,29.853667392518677,33.81128207763637,1.9124797311289573e-107
1.1440000000000001,7.401125199909527,5.51196226044027,23.068554425901173,100.80953986934594,35.290809632380075,36.68568825145363,0.0
1.1460000000000001,9.110542056573166,6.988732283113549,21.341916465723457,100.80953986934594,33.67588750985216,35.63019047444543,9.017027159338131e-256
1.1480000000000001,5.685783861803743,4.668786712577323,21.57297778099203,100.80953986934594,36.574418370455504,37.176373539701075,0.0
1.1500000000000001,6.7588240109338065,5.173803486780289,23.924330308123327,100.80953986934594,35.810931296339746,36.89224961735145,0.0
1.1520000000000001,7.691536332144307,5.437270065714752,22.066418166023148,100.80953986934594,35.04011153204459,36.73243935311745,0.0
1.154,5.36578353689222,4.029975927231566,20.347892348585948,100.80953986934594,36.77658601420623,37.49397866279725,0.0
1.156,10.945067936731446,8.056794646037025,13.06557315332139,100.80953986934594,31.568337581848525,34.711061667840106,2.3755720501888116e-158
1.158,8.272987778322959,6.023738461106774,12.21884165197503,100.80953986934594,34.50908419135057,36.34818146005699,2.41483235739062e-309
1.16,9.024245645661319,6.844652510162697,16.58120124345561,100.80953986934594,33.76546342871487,35.744166369820896,4.7400807746501155e-261
1.162,7.539429963027324,5.617190544999893,16.663164617520316,100.80953986934594,35.17262427794969,36.61874066245839,0.0
1.164,7.16777510447736,5.68566668343768,12.248736911264054,100.80953986934594,35.48524121343484,36.57449454570797,0.0
1.166,4.253782457354611,3.2496418291103732,12.620436140393942,100.80953986934594,37.388017633521244,37.818626349891424,0.0
1.168,2.1675594550578463,1.472781706324967,16.831391681317438,100.80953986934594,38.15361141260095,38.298140604319464,0.0
1.17,4.085300127711982,2.957575957654342,14.039821004049754,100.80953986934594,37.46831846133598,37.92223097478741,0.0
1.172,10.049916615055142,7.38297244189359,10.745458484865763,100.80953986934594,32.64529719229705,35.30615881386645,2.990275645997526e-202
1.174,10.022004654303482,7.685275778713384,6.753656463604497,100.80953986934594,32.677387283034875,35.0456180074736,9.85102612067238e-204
1.176,6.449106421243154,5.103785162446682,9.837923567428627,100.80953986934594,36.04483875105933,36.93338449488233,0.0
1.178,8.466887669877389,6.37255028558387,12.477350915029412,100.80953986934594,34.32336715843433,36.10096234621055,1.6930993549851985e-296
1.18,7.0328174120065405,5.153877251071367,9.442983620544663,100.80953986934594,35.59484108414247,36.90401313319153,0.0
1.182,3.390650721913941,2.602655401348675,11.553235348324769,100.80953986934594,37.7651153707026,38.035006483374445,0.0
1.184,1.009293304393066,0.5180302593811654,13.822880268103773,100.80953986934594,38.36387790590394,38.406752344012254,0.0
1.186,0.9494353478404793,0.6800748924472033,13.872271522860574,100.80953986934594,38.37057753944767,38.395658514564374,0.0
1.188,4.323313128513533,3.1961509950313105,12.37529202552291,100.80953986934594,37.35393207953165,37.83833065939043,0.0
1.19,10.062999071560885,7.419525908122382,10.940871117222315,100.80953986934594,32.6302254431241,35.275212226836096,1.4726618665051173e-201
1.192,11.57598968865136,8.641433316868982,6.096598681153905,100.80953986934594,30.753373493317724,34.1524923699629,1.1824025289139346e-131
1.194,8.094655013170147,6.269575987289163,4.498479742280602,100.80953986934594,34.676078457411506,36.175394507870855,2.263e-321
1.196,7.36150499033368,5.549941896464415,6.733003599762066,100.80953986934594,35.32426198610575,36.66167128063217,0.0
1.198,10.356080207150164,7.5646943041247985,6.242358499646651,100.80953986934594,32.28739190028794,35.15079818216508,1.9346241443291638e-186
1.2,7.749754212080739,5.817828036885048,2.089144282236554,100.80953986934594,34.988690587519976,36.487580355167935,0.0
1.202,8.585504268788275,6.544647739577134,6.004693551827599,100.80953986934594,34.20762646426569,35.97385535573726,9.142486128873036e-289
1.204,11.96844052306807,9.112949577170157,6.223027783839914,100.80953986934594,30.223006013513526,33.67337620487464,8.811739157005908e-117
1.206,6.229290042158887,4.634189567727962,0.33092052671802735,100.80953986934594,36.204183620923544,37.19477011002657,0.0
1.208,8.954616442453643,6.786702051598391,3.9001718727547106,100.80953986934594,33.837113940627454,35.789337874682175,2.3656202451395948e-265
1.21,10.065111951348797,7.423354323739941,5.917158154891444,100.80953986934594,32.627789427937465,35.2719621809666,1.9045295817819718e-201
1.212,10.61878025923528,7.859868788957938,7.562900079741627,100.80953986934594,31.97164823660703,34.890368370307996,1.564605617834234e-173
1.214,10.91647231129237,8.15058481558891,8.834277892916331,100.80953986934594,31.604177498262615,34.624097809962926,1.2104814558994993e-159
1.216,6.750460409950791,5.151417985769671,5.662695223331323,100.80953986934594,35.817392103323115,36.9054618185771,0.0
1.218,6.797471185268012,5.1579641535690115,6.412773995929935,100.80953986934594,35.78097260966832,36.90160412099886,0.0
1.22,10.232452426555433,7.728685390338498,10.66614089035549,100.80953986934594,32.43321767460869,35.007344529006815,1.002919845811867e-192
1.222,12.35890171582996,9.304313826693143,13.932348678713778,100.80953986934594,29.67740010325238,33.471627615830826,2.9224218952694657e-103
1.224,12.316358616594108,9.225701821436317,15.075378084938656,100.80953986934594,29.73771779638171,33.55501587383968,1.1297523609554452e-104
1.226,7.995900467667801,5.915374149332647,11.56277241473868,100.80953986934594,34.76698304039773,36.422147893373584,0.0
1.228,3.440449806163612,2.7447555437625724,6.888525639261823,100.80953986934594,37.745674088592544,37.99158291504633,0.0
1.23,5.546122309610779,4.312332358762139,7.366961622825758,100.80953986934594,36.66409411819131,37.35935187461987,0.0
1.232,7.76810272932097,5.512267604954086,11.995445751542645,100.80953986934594,34.97240365705422,36.68549582074741,0.0
1.234,2.3532012423907616,1.6151478845765836,7.025421105226857,100.80953986934594,38.105653121011976,38.27301963588966,0.0
1.236,2.797937407578027,1.9620189446391254,7.038718070263261,100.80953986934594,37.974737772023154,38.202115140515,0.0
1.238,6.3789939769505315,4.472883164265351,11.255706374288382,100.80953986934594,36.09626432452099,37.27873529006977,0.0
1.24,11.141744963741706,8.180437240449882,16.772152389193906,100.80953986934594,31.319260673636503,34.59620620320632,1.1804523307672995e-149
1.242,6.37076436257652,4.673388677786397,13.090327122983455,100.80953986934594,36.102263600570154,37.17391618840297,0.0
1.244,6.179341531256851,4.507848695545789,13.763003418473117,100.80953986934594,36.239619719507495,37.26078725526421,0.0
1.246,4.169013785307586,3.1676044775800225,5.6738024409703565,100.80953986934594,37.428825249601665,37.84871241078887,0.0
1.248,1.9248176060991045,1.3357799313937866,5.797896742609595,100.80953986934594,38.2103778827934,38.320127818240465,0.0
1.25,6.207543601179286,4.621586431277034,6.710503309748855,100.80953986934594,36.21964680488448,37.20143763601071,0.0
1.252,7.451526625815243,5.121420920486375,9.358063174340886,100.80953986934594,35.24799425215918,36.923076562325726,0.0
1.254,4.494185111915315,3.267608419954249,5.145388199975999,100.80953986934594,37.26781750771644,37.811934643108216,0.0
1.256,1.449550581697316,1.13018671556244,6.937603759302309,100.80953986934594,38.30201996973919,38.34909816904513,0.0
1.258,5.116590689763586,3.713348275516649,11.021618310672947,100.80953986934594,36.92590332481592,37.6341015377676,0.0
1.26,1.3400803401581813,1.0948526155057632,8.485514109495456,100.80953986934594,38.319470262966824,38.3535906683323,0.0
1.262,6.794530567369427,5.006800054836004,12.860272183837354,100.80953986934594,35.78325814651851,36.9894354037621,0.0
1.264,9.159127609984724,6.833441519488311,16.854782413074695,100.80953986934594,33.62507835699409,35.75293518993482,7.971959462522116e-253
1.266,9.158687991019113,6.886511086284868,16.30528816727359,100.80953986934594,33.62553931434783,35.71129886515556,7.498734380365609e-253
1.268,8.681562258502035,6.446151991000927,17.666554528972796,100.80953986934594,34.1127122212943,36.04701710857776,1.4131695148406404e-282
1.27,4.1187992809222,3.0855901672906456,11.875030809950113,100.80953986934594,37.452610905842825,37.878020912805844,0.0
1.272,6.827034591639657,5.220081708467685,14.111045305301936,100.80953986934594,35.75793998325962,36.86475383481453,0.0
1.274,2.683317699062462,1.9704092110401572,7.771278002926906,100.80953986934594,38.01064060566866,38.20022972804671,0.0
1.276,2.9323543528704636,2.0362675677932685,6.8230170837285025,100.80953986934594,37.93072040809571,38.18515096191061,0.0
1.278,5.75147396138282,4.397153323131009,5.176274665055112,100.80953986934594,36.53146717048312,37.317128489751404,0.0
1.28,5.476794140127649,4.007051625362997,3.434591080750895,100.80953986934594,36.70778010988265,37.50450873235315,0.0
1.282,0.8044101521590336,0.3244070703133031,9.05668257789288,100.80953986934594,38.385111659472884,38.41607298920792,0.0
1.284,2.7120810573663654,2.0592283753403846,10.744085628030065,100.80953986934594,38.001772083596904,38.179777363519484,0.0
1.286,0.7271361253200328,0.6617897488053943,8.317804061387703,100.80953986934594,38.3918743058915,38.39706055134752,0.0
1.288,4.098922696043563,2.9603117544614275,4.882303623016624,100.80953986934594,37.4619464022769,37.92130575087778,0.0
1.29,11.007645791240815,7.967893929222072,5.931193686220983,100.80953986934594,31.48957509887698,34.79255955941061,1.5125663198871867e-155
1.292,6.708238305650526,4.877029370536418,4.834365441397452,100.80953986934594,35.849885939443254,37.06275082439631,0.0
1.294,11.71440025719476,8.757830742586176,11.664647478934379,100.80953986934594,30.568379120131134,34.03659625863392,2.9335688052581084e-126
1.296,12.098279679626298,8.873994194230118,9.753409356795437,100.80953986934594,30.043565510804797,33.91937967246375,3.8032228736820894e-112
1.298,14.682613914767972,10.732719354805068,14.489551607248465,100.80953986934594,26.054010038814415,31.832216458285107,4.805714483520994e-46
1.3,11.862767388027772,9.003272844209869,15.526938824203345,100.80953986934594,30.36758901053513,33.78710378158203,1.17161583146346e-120
1.302,7.725944670692947,6.192480822711045,12.941051716888978,100.80953986934594,35.00976736715116,36.23032570806251,0.0
1.304,6.783328838931302,5.224695241217672,12.987514191737008,100.80953986934594,35.79195539106723,36.86199931332658,0.0
1.306,8.378175684239176,6.408493363527988,10.937069813408161,100.80953986934594,34.408871431368034,36.074695937977495,2.4133055029928685e-302
1.308,8.955065499519616,6.698299926060208,12.001018397154963,100.80953986934594,33.83665363510608,35.85750474895831,2.522367418715707e-265
1.31,7.401601665218622,5.374447823612243,11.466425461079435,100.80953986934594,35.29040624510335,36.77126651071827,0.0
1.312,8.100746342371783,6.003007294473712,14.847783439422287,100.80953986934594,34.67043466175365,36.36243597294643,5.86e-321
1.314,6.4677215682609805,4.923449082781446,14.971674880392323,100.80953986934594,36.03109045381144,37.0367468111148,0.0
1.316,5.447547282602516,4.268344653968939,14.467655895300071,100.80953986934594,36.72604455226197,37.38092468043049,0.0
1.318,7.466844460940896,5.587797569186024,15.69570708919782,100.80953986934594,35.234924215611024,36.63756841372099,0.0
1.32,10.72159094112402,7.696281119610816,17.619579187122156,100.80953986934594,31.8459010790313,35.03593525428289,1.2013683393607087e-168
1.322,13.001831799447896,9.310338918680964,21.800322899624486,100.80953986934594,28.73979946210886,33.465207085269945,1.2177584881101857e-83
1.324,9.87756383295491,7.3948759282408805,21.45089061907663,100.80953986934594,32.84201151950419,35.29609800974131,1.6410124416514733e-211
1.326,9.165018426314719,6.992803907166164,21.567312967406743,100.80953986934594,33.61889946310051,35.626935004415344,1.8094454266802092e-252
1.328,2.865184335883197,2.1926732614175144,15.875683439393352,100.80953986934594,37.95297468276433,38.147353972318435,0.0
1.33,6.435645649237965,4.885680834158138,19.173592950090402,100.80953986934594,36.05475553435676,37.05792302320309,0.0
1.332,7.606063813540994,5.81360433319209,21.639840798746942,100.80953986934594,35.11490057432322,36.490388947646586,0.0
1.334,5.7402311397743055,4.17859331010652,20.249847670789794,100.80953986934594,36.5388532783119,37.42425485681392,0.0
1.336,9.12101654098049,6.769183602688861,23.493672007343086,100.80953986934594,33.66495662314757,35.80291749183334,3.907270977119111e-255
1.338,13.372765011738343,9.85194677551587,29.28257803147359,100.80953986934594,28.176491413071542,32.87095663311229,9.8777746751622e-74
1.34,7.256566305555635,5.290845674366332,24.454669397279176,100.80953986934594,35.41199462182345,36.82223620252123,0.0
1.342,7.261563913155844,5.535194601461208,24.823520322555876,100.80953986934594,35.4078450716535,36.671016551818944,0.0
1.344,8.86578106318877,6.705935861373862,26.858784444266323,100.80953986934594,33.927718256579844,35.85165201147369,6.785908477834588e-271
1.346,3.419836853292384,2.744097499737835,22.158189456547184,100.80953986934594,37.75375566195336,37.99178932282514,0.0
1.348,2.938535431367915,2.1993992542120098,21.885725475183378,100.80953986934594,37.92864662322553,38.145665862206016,0.0
1.35,5.858404880697783,4.263871815824701,14.704293008526353,100.80953986934594,36.46049433912551,37.38310589057782,0.0
1.352,8.604939278507542,6.441622703880549,20.109843049742075,100.80953986934594,34.188508464819634,36.050354696710734,1.6542343951290782e-287
1.354,9.441091187531384,7.076598682231496,16.97596551451781,100.80953986934594,33.32484300751081,35.559514871447256,4.23501666465603e-236
1.356,15.415689555930022,11.966522358870897,15.089782497241586,100.80953986934594,24.772948163401015,30.225642129845912,8.410549139342112e-35
1.358,18.094739669425767,13.978360923964143,13.580716633714486,100.80953986934594,19.46058724349841,27.22124410907853,1.5130362432100737e-11
1.36,17.124311946100413,13.391670040535807,18.201010337233303,100.80953986934594,21.508475830321583,28.147340502240358,2.0122194949307053e-17
1.362,11.02434052791102,8.949562993327351,13.426958569159854,100.80953986934594,31.468485672607702,33.84229237403528,8.354482353392217e-155
1.364,9.63047459705102,7.908197778777892,11.953411050709217,100.80953986934594,33.11804357504835,34.84677560554659,3.1138475791185354e-225
1.366,10.277589217783076,7.9123681908117085,14.978175564046662,100.80953986934594,32.38018128491367,34.84300132745962,2.0495124151425402e-190
1.368,14.228803773987782,10.544862471982235,21.804443772841974,100.80953986934594,26.813167326318283,32.06129949320204,1.925652296078731e-54
1.37,10.209788343172656,8.088934541355083,20.639407423219115,100.80953986934594,32.459759437362685,34.681374763509844,6.83004065604533e-194
1.372,7.769749966733767,6.140250656018805,21.84012396294348,100.80953986934594,34.97093960869257,36.26715355195412,0.0
1.374,7.16052568962714,5.585390624013747,22.009901710230167,100.80953986934594,35.491181567702796,36.63910580873561,0.0
1.3760000000000001,7.968874658093082,6.059083833361377,18.08611785040653,100.80953986934594,34.79166544595467,36.32376491737916,0.0
1.3780000000000001,5.900597420258299,4.4738230267132595,17.11946088206757,100.80953986934594,36.4321299099558,37.27825468148478,0.0
1.3800000000000001,4.094579773424227,3.3319370167226925,12.493951852076721,100.80953986934594,37.463980141516544,37.78767264955971,0.0
1.3820000000000001,5.477705163034271,3.9623090618471175,16.548426951263043,100.80953986934594,36.70720961075274,37.524887707946995,0.0
1.3840000000000001,4.308776949496334,3.453245126396487,14.06655210951504,100.80953986934594,37.36110376782903,37.74063308120334,0.0
1.3860000000000001,9.136607235246647,6.947069217936186,19.398206059043797,100.80953986934594,33.648663206291445,35.663393014189914,3.452435782566681e-254
1.3880000000000001,12.409180910798664,9.352826225885515,21.03775216275956,100.80953986934594,29.605839093654556,33.419812523306305,1.3081150828911933e-101
1.3900000000000001,15.21955332566709,11.50531996083279,26.787826728237082,100.80953986934594,25.122429967669277,30.84696498584244,1.5031900313958155e-37
1.3920000000000001,11.193497984126536,8.569399172748813,25.812447095115356,100.80953986934594,31.252971665781686,34.2234359668798,2.0126799621127014e-147
1.3940000000000001,15.303323477102488,11.666190479347838,29.32591839540322,100.80953986934594,24.973773982124747,30.633068625803055,2.3590237026063058e-36
1.3960000000000001,8.0456621797906,6.02286136490671,24.72264233889462,100.80953986934594,34.72131682329019,36.3487855382767,0.0
1.3980000000000001,3.416064271442505,2.8304771389739622,21.575421821095357,100.80953986934594,37.755229491992026,37.96427150797102,0.0
1.4000000000000001,4.210329348812644,2.969300593109369,14.80825407042208,100.80953986934594,37.409038609699515,37.91825977563286,0.0
1.4020000000000001,2.223166969491018,1.4613491959953409,15.988356822232552,100.80953986934594,38.13965914743005,38.30005742742115,0.0
1.4040000000000001,2.197707081130768,1.4856559131565585,20.523222183296713,100.80953986934594,38.14609105576873,38.29596417770032,0.0
1.4060000000000001,3.822374259844746,2.9790487438397704,22.335297244836745,100.80953986934594,37.587146441278,37.91494605802368,0.0
1.408,4.032731799462703,2.9812527560379523,19.37719860561465,100.80953986934594,37.49270873129796,37.91419533589853,0.0
1.41,6.304660852361341,4.624632837657732,15.331138574449366,100.80953986934594,36.15017076684464,37.19982763934797,0.0
1.412,5.455684567121845,4.024396632574119,12.781211599231703,100.80953986934594,36.7209727087855,37.4965469944579,0.0
1.414,2.87355965098201,2.0950986943771444,19.917954105706983,100.80953986934594,37.950227981752086,38.171261903548334,0.0
1.416,1.3597366458912126,0.8523916763173052,18.2357037234482,100.80953986934594,38.31643780015354,38.380569126230306,0.0
1.418,2.3873294042795474,1.8751461343830333,19.143487137276733,100.80953986934594,38.09640786431379,38.22116374757647,0.0
1.42,2.2856668662722988,1.4288782013986254,20.16509677698169,100.80953986934594,38.12355566555151,38.30542018574629,0.0
1.422,3.8916716613622317,2.875477999990984,19.785698207050082,100.80953986934594,37.55659504403978,37.949597726721834,0.0
1.424,0.3252194870193332,0.3088049579710356,18.14829363409555,100.80953986934594,38.416042831855236,38.41663751414287,0.0
1.426,4.945394076452507,3.7757588132945634,19.81976558453704,100.80953986934594,37.02436755182595,37.607389026140076,0.0
1.428,2.2512849216066546,1.854473463861927,18.739669783064922,100.80953986934594,38.13246963609206,38.22556958957489,0.0
1.43,5.575050931249507,4.169776044328044,13.79380229625534,100.80953986934594,36.64570256799961,37.428461960030994,0.0
1.432,0.5616534453258875,0.6440581948722948,17.704356699938607,100.80953986934594,38.404061023281166,38.39838364811861,0.0
1.434,6.271928276289703,4.740737972514566,19.24408814895864,100.80953986934594,36.173707773710866,37.1376759338879,0.0
1.436,7.5781160143290585,5.593350094478271,20.85332486233029,100.80953986934594,35.13917326278655,36.634019304053695,0.0
1.438,6.872329480488581,5.256932963858729,23.558114130297636,100.80953986934594,35.72245680310659,36.8426837281903,0.0
1.44,7.727979346474147,6.011996291837224,24.84788240855155,100.80953986934594,35.00796876501571,36.3562612837672,0.0
1.442,4.950903451151767,3.8984480023752917,19.26487300270221,100.80953986934594,37.021251038873274,37.553578059602515,0.0
1.444,3.636697733340323,2.8461270819305122,19.080044416429587,100.80953986934594,37.66629954344973,37.95919466449748,0.0
1.446,3.4494496780940134,2.8054428407145364,21.260304119039706,100.80953986934594,37.74213033714965,37.972334421522014,0.0
1.448,9.848567784521057,7.177347459483669,18.536741519433498,100.80953986934594,32.874768952075144,35.47738815298944,4.2845174713677425e-213
1.45,12.892596851273117,9.489069232854073,19.65604876951906,100.80953986934594,28.902556531289747,33.2728439025945,9.453640927671592e-87
1.452,12.305625314766354,9.148865709246003,22.342375657227166,100.80953986934594,29.75290180752491,33.63583255079468,4.94593154056868e-105
1.454,12.691184546350641,9.947573083587908,23.15267636039598,100.80953986934594,29.198938089926422,32.76252046053412,1.0113805257773663e-92
1.456,16.332216838137718,12.542052563559391,23.608229694764766,100.80953986934594,23.072423247212154,29.41529064738929,3.681718480837258e-24
1.458,16.597900052810022,12.813087860792722,26.12973640749507,100.80953986934594,22.5579593064569,29.0201305233956,1.1272345917345e-21
1.46,9.296672370912441,7.479269677678552,16.821018383197554,100.80953986934594,33.47976458004861,35.22430255516417,1.3832187078473419e-244
1.462,11.845385857403723,9.07848666643527,21.647078733361084,100.80953986934594,30.391245272895013,33.709261168175225,2.6436719705657726e-121
1.464,13.770214829807422,10.399886088296872,24.98071800701851,100.80953986934594,27.55457527339336,32.235296076628366,3.504783643774552e-64
1.466,12.188530181422594,9.330550083844809,18.172692883942556,100.80953986934594,29.91767095317421,33.44363887756374,5.246628330110058e-109
1.468,10.02344928603182,8.020467131031559,18.13630209176617,100.80953986934594,32.67572861388765,34.744473796185055,1.1758806052605481e-203
1.47,7.900582612909684,6.178808058456609,17.314853294875142,100.80953986934594,34.8536622806714,36.23999665116587,0.0
1.472,7.6360299298342875,5.7734619202756985,17.51349730097046,100.80953986934594,35.08877542992557,36.516980093889146,0.0
1.474,8.142250267667084,6.097198797502591,15.593762481207666,100.80953986934594,34.63186663881104,36.29727484693586,3.8347e-318
1.476,8.652665428976382,6.332017792951143,14.617000637175781,100.80953986934594,34.141376544026926,36.13040508419393,1.9737286781479697e-284
1.478,11.17282745427644,8.526071144074734,12.795015956714073,100.80953986934594,31.279485357093645,34.26582075180093,2.6015253018377545e-148
1.48,9.289940137912474,6.840620254768823,11.685479942082148,100.80953986934594,33.48692778953946,35.74732190862611,5.510068483739241e-245
1.482,8.658202756552802,6.664091432267735,11.54986972008958,100.80953986934594,34.135891206407244,35.8836426302466,4.479176483238464e-284
1.484,5.174539410826808,3.8525391204018726,10.559286633227353,100.80953986934594,36.89181429232687,37.57391504140129,0.0
1.486,7.875302859700032,5.847558402947676,15.51807445141277,100.80953986934594,34.87647596943296,36.467753081058646,0.0
1.488,5.781438295829685,4.278816734134601,12.243055995567325,100.80953986934594,36.511711066617664,37.375808949104936,0.0
1.49,2.9313618351825035,2.2424237929828785,11.633872397963442,100.80953986934594,37.93105299611046,38.134745100412204,0.0
1.492,4.130318222601823,2.8987119000697255,13.589207961712672,100.80953986934594,37.44718008997088,37.94193105038844,0.0
1.494,7.390982593772852,5.2261449854553295,18.85811666362286,100.80953986934594,35.29939043688171,36.86113323691198,0.0
1.496,6.797661350913629,5.192109436774201,20.427323707655148,100.80953986934594,35.780824773086735,36.88140260083727,0.0
1.498,6.4733551020238105,4.911936496344745,17.325379087645562,100.80953986934594,36.026921959364145,37.043219073537145,0.0
1.5,7.2431502753944965,5.520998881547431,20.568178705523607,100.80953986934594,35.423119887557995,36.67998878093441,0.0
1.502,7.363521008794284,5.413539197958232,18.218529039189555,100.80953986934594,35.32256415718616,36.74715924943522,0.0
1.504,10.901369310522973,8.047873988449194,20.156166772004898,100.80953986934594,31.623068299068187,34.71928045223268,2.4959341691355695e-160
1.506,6.675353639253453,4.8379539330485475,17.448944428119113,100.80953986934594,35.875052254939966,37.08444952486431,0.0
1.508,5.948763354064857,4.464543702197765,14.411049572145188,100.80953986934594,36.39950066622875,37.282995336390215,0.0
1.51,6.273774248756604,4.586821348530374,13.685338329127902,100.80953986934594,36.17238365550514,37.21973546715035,0.0
1.512,5.807629449787244,4.343231476745713,8.818052042898683,100.80953986934594,36.49435851612389,37.3440657543451,0.0
1.514,3.407407152067092,2.5724207072446825,12.153577552797788,100.80953986934594,37.758605406946124,38.04394791900262,0.0
1.516,1.9844601514171432,1.3830492864176347,13.173854738144401,100.80953986934594,38.1970542611268,38.31278401557101,0.0
1.518,4.360773082050072,3.3013478148392594,14.424429828430803,100.80953986934594,37.33533914348764,37.799268585575746,0.0
1.52,4.0888198372336335,2.993540058232084,14.01288622876393,100.80953986934594,37.466674123969106,37.909999904496516,0.0
1.522,7.445554898869007,5.250648052124998,17.569487938029212,100.80953986934594,35.25308237402459,36.846458734350286,0.0
1.524,9.48835016972401,7.038320349307844,15.942796241637824,100.80953986934594,33.27362518924875,35.59041294886117,2.3253493686826823e-233
1.526,7.969143614267901,5.803079162570199,7.83215604890934,100.80953986934594,34.791420223995544,36.49737887597088,0.0
1.528,9.729149686790883,7.338230563587661,4.1174354685121095,100.80953986934594,33.008655131770205,35.34382924478298,1.085284622035445e-219
1.53,6.811434817171013,4.997333498310553,4.907624369329135,100.80953986934594,35.77010613014678,36.99484879096858,0.0
1.532,5.098280949519557,3.771800899382938,6.0965739133056776,100.80953986934594,36.9365943682343,37.60909629127244,0.0
1.534,2.454843620967645,1.818030299042412,13.103959682760552,100.80953986934594,38.07772618266268,38.23321754912718,0.0
1.536,4.607508875066395,3.26485003916255,9.224402911043294,100.80953986934594,37.2088637024672,37.81296440777925,0.0
1.538,2.431886902764205,1.7929205134772797,9.860970908238928,100.80953986934594,38.08413693798392,38.238398759666,0.0
1.54,4.124464760043193,2.901023088407717,8.878229145245182,100.80953986934594,37.4499417083195,37.941165034379715,0.0
1.542,5.300671797969702,3.9223965198445,9.580430731534577,100.80953986934594,36.81628699223117,37.542873551782435,0.0
1.544,8.465969346940216,6.297028664004786,10.734543821352965,100.80953986934594,34.32425690822428,36.15566981281164,1.4738016753062994e-296
1.546,5.610082149257694,4.052075299287291,7.181042869177067,100.80953986934594,36.623303030347685,37.483770623938796,0.0
1.548,7.183434937456062,5.362718006484084,9.325434027567091,100.80953986934594,35.4723885849469,36.778466061976495,0.0
1.55,8.624303351272378,6.040222646518055,9.958083676394995,100.80953986934594,34.16941706046564,36.33681200306849,2.943557454394742e-286
1.552,6.372348155083873,4.841110898240987,12.146900621851222,100.80953986934594,36.10110964031825,37.08270293946271,0.0
1.554,0.5374425177408757,0.414884092201667,9.183942296163433,100.80953986934594,38.4055815659874,38.412250866938784,0.0
1.556,5.623827485230476,4.012271256767288,15.446058834812158,100.80953986934594,36.61447566707676,37.502116426178524,0.0
1.558,4.412201696340159,3.5505739689164475,14.594472064250018,100.80953986934594,37.30955155084979,37.70167542324922,0.0
1.56,9.537467992702046,7.197492965725904,20.184699991697304,100.80953986934594,33.22011996883211,35.4608266713675,1.5638987692900257e-230
1.562,5.207234109135823,3.8175390818271437,16.704209225102822,100.80953986934594,36.87241169177925,37.589257649556984,0.0
1.564,6.693951568021066,4.863597054991965,18.308908228862688,100.80953986934594,35.86083466219749,37.070229529945024,0.0
1.566,6.677627864260051,5.046324446227469,15.33114958606396,100.80953986934594,35.8733158006552,36.966722872626725,0.0
1.568,7.589599051677115,5.496721842363433,9.945345349153985,100.80953986934594,35.12921107916058,36.69527933443472,0.0
1.57,8.63728248317093,6.590918806585573,11.609058611041505,100.80953986934594,34.156596559488406,35.939101958298316,2.020208703360972e-285
1.572,8.323569356850749,6.108986131297209,12.154467499763472,100.80953986934594,34.46105366056281,36.28904892100938,5.726615634681224e-306
1.574,4.478450126419967,3.324801034668742,13.55699450043743,100.80953986934594,37.27588709203856,37.79038736730747,0.0
1.576,4.306243902828214,3.267492524127951,9.351374592134851,100.80953986934594,37.36235101990399,37.811977927095164,0.0
1.578,4.446872318376112,3.1445890328698347,9.222884289837118,100.80953986934594,37.29199611979829,37.85701479359672,0.0
1.58,2.9974355878989094,2.2123798537817367,13.484025086914594,100.80953986934594,37.90866619397819,38.142393332369615,0.0
1.582,4.702611800318185,3.3740124428823983,15.226068340384016,100.80953986934594,37.158255127034664,37.77154766840775,0.0
1.584,9.619552408762964,7.190968453240111,22.031465838659148,100.80953986934594,33.130082566118325,35.466195522371365,7.49497962993383e-226
1.586,6.941788936691877,5.0543194136706004,19.920559538689908,100.80953986934594,35.66758682332633,36.96210686304416,0.0
1.588,10.09096345408678,7.657290419405864,23.753160628266315,100.80953986934594,32.59794252722829,35.07017757593771,4.3966181230539187e-200
1.59,11.663532761027735,8.476718574306329,26.566059407347332,100.80953986934594,30.636626939093556,34.31383606547319,3.190594540232164e-128
1.592,12.13658123517296,8.891090936912772,28.037556578876572,100.80953986934594,29.990253841227286,33.90199689157722,8.333097298402527e-111
1.594,5.870246935860494,4.555589368232206,22.2768437863774,100.80953986934594,36.45255395192055,37.23605583964804,0.0
1.596,1.0336947016867704,0.8439741716646927,17.161119770389988,100.80953986934594,38.36102927737076,38.38138506310196,0.0
1.598,0.06495293272238063,0.18082731597255577,17.19540429902067,100.80953986934594,38.42184546716286,38.42021810363057,0.0
1.6,2.123664519776106,1.5760862164385367,19.399307813158686,100.80953986934594,38.16437530406358,38.280142791330654,0.0
1.602,4.683284210074251,3.467661076005033,15.110165319016087,100.80953986934594,37.1686239797833,37.73493116434795,0.0
1.604,7.866074146181099,5.513204671023936,11.731149948697206,100.80953986934594,34.884786136730966,36.68490520712807,0.0
1.606,3.568713652660297,2.730072613184923,13.752978552167619,100.80953986934594,37.694294936780985,37.996176719808986,0.0
1.608,5.705016904443894,4.329153814255142,16.167761038849697,100.80953986934594,36.56189406396439,37.351043664959285,0.0
1.61,5.977688365366319,4.357625361861578,21.80163950127994,100.80953986934594,36.37977823205715,37.33690766470504,0.0
1.612,11.572397155332782,8.61735861536246,28.76140534855017,100.80953986934594,30.758145335202485,34.176268964189426,8.522279562492925e-132
1.614,6.732220615323145,4.833370846370379,23.741455687880254,100.80953986934594,35.831454381915876,37.08698308034425,0.0
1.616,4.2053545271090425,2.9184656828537014,19.51246131898804,100.80953986934594,37.4114314641509,37.935364198257886,0.0
1.618,0.87167757527347,0.6103382692459057,18.042167868781394,100.80953986934594,38.37866914904322,38.40080063040762,0.0
1.62,5.759775997859103,3.937292028300316,24.424228069643107,100.80953986934594,36.526003759941815,37.53618247498885,0.0
1.622,6.435031090609367,4.757632794829668,25.397665762824378,100.80953986934594,36.05520779491475,37.12850352200718,0.0
1.624,4.809067022180841,3.5135332422719556,23.07594965813441,100.80953986934594,37.1003782094007,37.716629319746964,0.0
1.6260000000000001,7.406883860627524,5.315241959349989,18.90220539881075,100.80953986934594,35.28593246402312,36.80744517393015,0.0
1.6280000000000001,5.487285257241763,3.8973830015034796,18.049207083677405,100.80953986934594,36.70120463001788,37.554052570512475,0.0
1.6300000000000001,5.774623358097961,4.353749984052704,17.072919672141012,100.80953986934594,36.51621332533012,37.33883722406865,0.0
1.6320000000000001,1.9121782480659215,1.4749968716452784,17.70627916834906,100.80953986934594,38.21314919339712,38.29776747270107,0.0
1.6340000000000001,2.764446900447162,2.020751811457777,18.926513936043918,100.80953986934594,37.98538345042597,38.18874805077305,0.0
1.6360000000000001,1.4057321972817751,0.8833914404858588,20.03924826054942,100.80953986934594,38.3091693081074,38.3774943912088,0.0
1.6380000000000001,3.6253726697881863,2.421082877176095,18.13777247768718,100.80953986934594,37.67099981414344,38.08713315837534,0.0
1.6400000000000001,3.7403808904466835,2.7870662080573547,18.810522227744812,100.80953986934594,37.6225859097049,37.97820747180299,0.0
1.6420000000000001,3.4723235664515855,2.3337644268366633,18.950164879075782,100.80953986934594,37.73308193187651,38.11085901506801,0.0
1.6440000000000001,5.3631177044433445,3.771299978959238,21.366444994295325,100.80953986934594,36.77822099366668,37.609312237998196,0.0
1.6460000000000001,5.724229603282599,4.145019939768275,23.06142591367886,100.80953986934594,36.54934072992555,37.4402266533983,0.0
1.6480000000000001,7.787288713304506,5.8178952119057525,27.723966459969876,100.80953986934594,34.95533203658668,36.48753566999212,0.0
1.6500000000000001,10.09859971386056,7.796004521875922,31.001907686479903,100.80953986934594,32.58911129213487,34.947562787555555,1.108450231102875e-199
1.6520000000000001,5.9960214264784035,4.51470274179752,22.65815943305398,100.80953986934594,36.36722829112735,37.25725263584007,0.0
1.6540000000000001,2.988990243121093,1.945397353767808,20.882150347910482,100.80953986934594,37.911555426003446,38.20582648991892,0.0
1.6560000000000001,6.920004506230047,4.896138630319894,21.684277963576964,100.80953986934594,35.684855097745775,37.0520757976674,0.0
1.6580000000000001,9.052062292506395,6.479663418515222,16.316239757225965,100.80953986934594,33.7366832939944,36.022249849539925,2.420240737772557e-259
1.6600000000000001,7.8347590114914665,5.418087340899859,19.34945233986648,100.80953986934594,34.9129115753055,36.74434309788199,0.0
1.6620000000000001,9.705846099774776,7.127778693135671,19.884029056350098,100.80953986934594,33.03459015268645,35.51794021077494,5.421397684020564e-221
1.6640000000000001,12.623869190880061,9.512112531686478,16.54595339082317,100.80953986934594,29.2969214003772,33.24777500987132,8.707830919487359e-95
1.666,9.335972280671774,7.083148514758989,17.296969349992253,100.80953986934594,33.43784461070804,35.554211051432254,2.9310314391448597e-242
1.668,12.378467855610467,9.350803438094248,16.434872181856072,100.80953986934594,29.64958757725808,33.421978438396216,1.290033382295676e-102
1.67,8.222425682143344,6.250486805232423,9.926676837307472,100.80953986934594,34.55680250281769,36.18905917451207,9.83273938313e-313
1.672,6.111928851925268,4.535724333219443,12.280797528430947,100.80953986934594,36.286992828014505,37.2463783248976,0.0
1.674,11.460606227383344,8.541121829179836,15.701165611832408,100.80953986934594,30.905880550316564,34.25112217673742,2.816470897409766e-136
1.676,10.398987141656304,7.675247503943076,14.322795014473016,100.80953986934594,32.236367374727664,35.05442901468469,2.7322754574638306e-184
1.678,8.486281503479697,6.612012295967738,14.64811256429181,100.80953986934594,34.30455411852682,35.9231776116342,3.159347104575577e-295
1.68,13.047175882616441,9.712863824117715,19.97105971891717,100.80953986934594,28.671820691103633,33.026786582413635,2.241173328301646e-82
1.682,12.35294437202437,9.4537968085096,21.864327042059884,100.80953986934594,29.685859279798713,33.3110983515363,1.8569094358470797e-103
1.684,11.612403473887253,8.735912339110211,25.670203798261504,100.80953986934594,30.704921202490677,34.05853932475763,3.2205703435513043e-130
1.686,10.509497899401143,7.863089327477912,27.44870014604456,100.80953986934594,32.10396754242385,34.88747178039116,7.924296924127774e-179
1.688,7.884142426118294,5.887774585490605,25.763228697041708,100.80953986934594,34.86850705123971,36.440771768174706,0.0
1.69,12.60326901325563,9.230854759670942,31.34355195443603,100.80953986934594,29.326799547576123,33.549571656433535,1.9995047250727035e-95
1.692,5.820723031116108,4.535392359128429,24.763990897414605,100.80953986934594,36.4856541212501,37.246550445412815,0.0
1.694,11.226419965661071,8.231348501455454,29.958065996751834,100.80953986934594,31.210640590025584,34.54840287085578,5.143108893976868e-146
1.696,10.664604059118778,7.923408018128229,30.223271233311987,100.80953986934594,31.91575280368212,34.83300050051165,2.417630920614881e-171
1.698,12.784122248248593,9.439891931973332,32.04442699456451,100.80953986934594,29.062776887141105,33.32613937430605,6.286845837538856e-90
1.7,12.525419787992748,9.475848603580928,32.448347686475195,100.80953986934594,29.439257527593277,33.28719904174811,7.180210402577995e-98
1.702,8.771345826278225,6.565947570165856,28.710323609552677,100.80953986934594,34.0230384306774,35.95788788734427,7.494343325290209e-277
1.704,5.926754633618277,4.408487570073286,26.214690458366746,100.80953986934594,36.41444307721703,37.31142404136728,0.0
1.706,2.4827948584329,2.1031118725066924,21.058545271624023,100.80953986934594,38.069839361179476,38.16933951273237,0.0
1.708,8.516409622596147,6.1088467791077505,22.954458042845875,100.80953986934594,34.275242521465586,36.28914626246181,2.9431457558638434e-293
1.71,11.559171816214688,8.223680387041803,26.175134566562523,100.80953986934594,30.775699123524486,34.555621919764995,2.5472788432376453e-132
1.712,7.904687771959699,5.775003553588714,24.761007536613384,100.80953986934594,34.84995066100909,36.51596229087408,0.0
1.714,9.65374564508688,7.256212293410496,20.365847503951926,100.80953986934594,33.09234715385502,35.41228845208705,6.42370452351575e-224
1.716,12.222545351155429,8.927585075072848,22.491096532457853,100.80953986934594,29.869973153562572,33.86477968046046,7.689648668665277e-108
1.718,9.69409706751813,7.2500501315718155,20.50707813957411,100.80953986934594,33.04764212403254,35.41740074764795,1.191829247233511e-221
1.72,11.087093031290324,8.618290720319942,22.05233356132483,100.80953986934594,31.38892453701129,34.17534964108456,4.895036529690417e-152
1.722,8.818426697921797,6.837497194669709,18.64089174385708,100.80953986934594,33.975644594810184,35.749764654318135,7.126255525938358e-274
1.724,8.433863328478697,6.423840187642009,16.492349525631425,100.80953986934594,34.3553030426071,36.06343573915374,1.1445054783316262e-298
1.726,4.473568530540297,3.488332875539679,18.994887809244677,100.80953986934594,37.2783848307649,37.72671341572857,0.0
1.728,5.910690433447618,4.426174061591095,17.572406342164037,100.80953986934594,36.42531455600546,37.30249319851031,0.0
1.73,13.440773747925295,9.987343009993541,22.384650558146127,100.80953986934594,28.071423651437147,32.71711212167793,5.072705902390111e-72
1.732,9.323583957727774,6.842975067244318,22.720087328768845,100.80953986934594,33.451078046603605,35.74547931960067,5.434025872795744e-243
1.734,9.486650452046007,7.55793162898865,24.028573741540164,100.80953986934594,33.27547175360553,35.15664769548771,1.8547084788650054e-233
1.736,6.605544365252556,4.9914664940086455,22.91478560218502,100.80953986934594,35.9280659383938,36.99819865186372,0.0
1.738,4.256720161444636,3.117847084636901,18.487138775957394,100.80953986934594,37.38658868976848,37.86658537991465,0.0
1.74,4.201302279093605,3.176475355669408,20.577021681560506,100.80953986934594,37.41337847533843,37.84549624149319,0.0
1.742,5.416145310650945,3.9152097938055253,17.623483236653836,100.80953986934594,36.74554586761419,37.54609276210154,0.0
1.744,4.791723877423657,3.568154703223736,15.62736961921866,100.80953986934594,37.10989562306671,37.694522918127895,0.0
1.746,4.870617787264044,3.524962906125671,14.759060536258717,100.80953986934594,37.066323174225076,37.712031728105764,0.0
1.748,4.070023417407637,3.073080027963482,15.438371148298023,100.80953986934594,37.475439013283534,37.88242392069898,0.0
1.75,6.680067418783052,4.946772000514317,20.059038126281415,100.80953986934594,35.871452452454434,37.0235884209326,0.0
1.752,6.669073842248949,5.050586879016601,18.099798462100452,100.80953986934594,35.87984403325503,36.96426280583477,0.0
1.754,9.937986115007437,7.433486842120362,24.571445037390397,100.80953986934594,32.77343930227759,35.26335229951166,3.096883138462597e-208
1.756,10.382704308783948,7.626590254338356,20.309999189330938,100.80953986934594,32.25575585729259,35.09701626910737,4.19331723175946e-185
1.758,8.964621113572994,6.666011337496345,17.95252109074135,100.80953986934594,33.8268531615013,35.882179228384025,9.870818775471787e-265
1.76,5.632607035073523,4.210884342087602,15.542421698711227,100.80953986934594,36.60882605320993,37.408771486317995,0.0
1.762,9.307591910294295,7.242198204531872,19.132290749231657,100.80953986934594,33.46813490387652,35.42390860971878,6.144251640058376e-244
1.764,15.617216629969846,11.636886376929217,22.521651635983254,100.80953986934594,24.408648458142338,30.672257088914215,3.669722606672056e-32
1.766,16.407584881808532,12.658874204961448,25.326764842557775,100.80953986934594,22.927493201010964,29.24603554113121,1.9775106289097963e-23
1.768,16.54827286320013,12.761293800280573,28.696052444447826,100.80953986934594,22.65481587208898,29.09631729017097,4.036358607799211e-22
1.77,12.910567507969573,10.022654243276417,27.394941169584637,100.80953986934594,28.87587831433773,32.67664148044277,3.1143358902097034e-86
1.772,9.833105310061734,7.643459370038643,26.356479333269,100.80953986934594,32.89219754611195,35.08228233751092,6.0908844836306276e-214
1.774,12.708363565852924,9.468133421056447,30.44418284756322,100.80953986934594,29.173846585595697,33.29556698239836,3.359593755120287e-92
1.776,7.833540022345229,6.203563695223577,27.952690672284326,100.80953986934594,34.914004124908075,36.2224709234504,0.0
1.778,8.175832957369797,6.349132210146202,29.831484616184234,100.80953986934594,34.60051473504838,36.1179961502568,7.14894324e-316
1.78,8.256981675087005,6.396934696903391,30.631933088145303,100.80953986934594,34.52422182233054,36.08315889763099,2.0485280693868e-310
1.782,6.919935819504582,5.223172980733117,29.763256533943835,100.80953986934594,35.68490945893188,36.862908452061816,0.0
1.784,5.237041723257017,3.9338719377271327,28.702647042699116,100.80953986934594,36.85461583432284,37.53772102701661,0.0
1.786,4.582422029480106,3.466033668617145,24.066373163398204,100.80953986934594,37.22204109696877,37.73557603991141,0.0
1.788,3.83136422371717,2.799386960898549,26.314006057573998,100.80953986934594,37.58321400164891,37.97427410540081,0.0
1.79,7.50846405934053,5.438230177983637,31.976246722044888,100.80953986934594,35.19927614087453,36.73184245357465,0.0
1.792,9.432163067529068,7.370287150725967,33.537405643547935,100.80953986934594,33.33449011682218,35.31686251286094,1.2800012592100232e-236
1.794,12.943165301582958,9.81091721341918,38.657022313117835,100.80953986934594,28.82738745222963,32.917158736499196,2.669209648422056e-85
1.796,6.334871653975442,4.768735637365557,33.65283783254301,100.80953986934594,36.128338201847015,37.12245786857315,0.0
1.798,7.0677168585155945,5.291610959192562,34.62589575643797,100.80953986934594,35.566699198923445,36.82177325883516,0.0
1.8,8.200890026684126,6.002968001085091,36.58938872895513,100.80953986934594,34.57703775142323,36.36246294390852,3.497487775e-314
1.802,11.755866248935616,8.781777093450735,40.3227730935879,100.80953986934594,30.51252121606958,34.01255980831821,1.1263983087931245e-124
1.804,5.119140438274263,3.8584577142394596,33.636221552428275,100.80953986934594,36.92441148580266,37.57130672128757,0.0
1.806,10.667238163972884,8.041995581743597,35.474667864673265,100.80953986934594,31.912532348434898,34.72469135453393,3.2259283179862526e-171
1.808,11.133837694741526,8.046578436031513,41.37494165971496,100.80953986934594,31.32936142934565,34.72047331137081,5.357892812010869e-150
1.81,12.29578001217727,9.262974872694375,40.9358099132601,100.80953986934594,29.76681766680756,33.51556695186174,2.3140520844471443e-105
1.812,4.4625268528785265,3.429727259876586,34.217345324452516,100.80953986934594,37.28402440872601,37.74988406345755,0.0
1.814,5.349914889511476,4.053423699657715,34.71772121016375,100.80953986934594,36.7863064129958,37.48314596927497,0.0
1.816,4.313758434325894,3.2710924880361016,30.396301435057143,100.80953986934594,37.35864878355743,37.81063272000531,0.0
1.818,5.989108021927744,4.637335523389414,27.986554383331757,100.80953986934594,36.371965398322,37.19310294919087,0.0
1.82,11.007231175848991,8.554972893973433,25.360509844165318,100.80953986934594,31.490098444558136,34.23757215047725,1.4496073924985473e-155
1.822,12.973230225235625,9.6702163300011,24.3645754612982,100.80953986934594,28.782552271756018,33.07412209623366,1.9048650037776664e-84
1.824,7.556607985368499,5.793896636280195,24.029558402264517,100.80953986934594,35.15779199404277,36.50346677535528,0.0
1.826,10.13579850447133,7.807090834806218,22.734623132073768,100.80953986934594,32.54599498731907,34.93766788055413,9.857001597470017e-198
1.828,12.578423595046914,9.24865321417453,20.865498602556208,100.80953986934594,29.36276813241185,33.53074358817951,3.356148917134084e-96
1.83,13.263140000643816,10.119731777188491,17.52866124807419,100.80953986934594,28.344684189527115,32.564637202520615,1.475699155420735e-76
1.832,12.247428183068127,9.5885062529426,14.55561068166801,100.80953986934594,29.834994973295753,33.16422808124437,5.406315645351107e-107
1.834,9.22547991966192,7.310845232420009,17.57849209060031,100.80953986934594,33.55525025033368,35.366773076470714,7.856339854726721e-249
1.836,13.593771195871527,10.337662882523876,19.448274709714934,100.80953986934594,27.83302103280092,32.30922825002877,2.734984361814154e-68
1.838,13.5892320282295,10.200395279248538,22.73739673810747,100.80953986934594,27.840134639951174,32.47074218269947,2.1307662477851906e-68
1.84,8.478507396712988,6.53828618508801,19.282027141089713,100.80953986934594,34.312100602130165,35.978614230980604,9.782623416245503e-296
1.842,7.645617005469214,5.7569867276362725,20.429324618036382,100.80953986934594,35.080395446771995,36.52784020512068,0.0
1.844,8.416296005110478,6.201379790253561,21.211929868927715,100.80953986934594,34.372240295799294,36.2240198392046,7.965863386292502e-300
1.846,9.56745678601572,7.425647447373379,17.39946764584595,100.80953986934594,33.187315701032716,35.270014681160234,8.142598032329645e-229
1.848,8.00634215615986,6.133792369383877,21.426059546823044,100.80953986934594,34.757424292920994,36.27168563233036,0.0
1.85,8.418164577942887,6.45954042073911,21.7856842468267,100.80953986934594,34.37044042662104,36.03713756453079,1.0578859654878438e-299
1.852,7.71315941705187,5.911474317949907,21.843981881056774,100.80953986934594,35.02105833876059,36.42478474629722,0.0
1.854,10.323711951930195,7.772157074965767,16.027392658678483,100.80953986934594,32.32574292756268,34.968799634694,4.5079536010691976e-188
1.856,7.542383936438526,5.737803015445209,13.338005089583211,100.80953986934594,35.17007609315695,36.54044656409789,0.0
1.858,7.18283182574929,5.491687221351255,14.386466096645158,100.80953986934594,35.47288410250683,36.69844187521597,0.0
1.86,5.912897272135279,4.639828636309276,12.70086380448787,100.80953986934594,36.423822824168106,37.19178095030986,0.0
1.862,5.274947758532404,4.103334273430079,12.717981907052593,100.80953986934594,36.83183817025378,37.45987830442379,0.0
1.864,2.7136337547515335,2.034444750368219,16.366718529660556,100.80953986934594,38.00129065448872,38.18557498046666,0.0
1.866,4.980920889068748,3.7022243858280572,13.413609304589983,100.80953986934594,37.004209934143645,37.63881593836498,0.0
1.868,2.2106930758216072,1.55339686891662,15.017469818105024,100.80953986934594,38.14281967351978,38.28420027783035,0.0
1.87,4.209981478334671,3.0047329677232906,12.658780027204855,100.80953986934594,37.40920602500847,37.906163124912126,0.0
1.872,8.142085659500122,5.9588510351419,8.170124369979852,100.80953986934594,34.63201999363922,36.39263328847976,3.737537e-318
1.874,14.265061791015176,10.898637628499522,2.306633423540879,100.80953986934594,26.753449881713813,31.626482252036567,9.985456477018425e-54
1.8760000000000001,16.989694194008933,13.08691112747914,5.00375260633686,100.80953986934594,21.780765268922636,28.61204902060738,1.9776133477924863e-18
1.8780000000000001,19.106746760158725,15.008523734415169,8.929667606388186,100.80953986934594,17.145301112989948,25.492926674019564,1.7867494323487978e-07
1.8800000000000001,17.242676922454102,13.522791590516023,9.800993810907023,100.80953986934594,21.266782496029425,27.94397307430955,1.4035922115814816e-16
1.8820000000000001,15.762259352185984,12.273539405546837,10.485823037156,100.80953986934594,24.143147879309698,29.79821167140701,2.2626460918178904e-30
1.8840000000000001,19.379581306321924,15.026416429480502,15.8179323708316,100.80953986934594,16.48453618039965,25.4617336846197,1.1938082254157407e-06
1.8860000000000001,24.158089913796662,18.62005469542118,22.79954795513372,100.80953986934594,0.5146642909168085,18.283926385241873,0.22654572299067732
1.8880000000000001,22.027140349953292,18.02997494143708,23.709088341662678,100.80953986934594,8.92076187649255,19.60216462611829,0.024145430349559644
1.8900000000000001,19.42656418795225,16.196993591901354,23.821494718448633,100.80953986934594,16.369012161630486,23.33047053328668,1.6185620390249666e-06
1.8920000000000001,14.594612069399266,12.397020557887048,20.650323072810483,100.80953986934594,26.20322464513223,29.62317392326827,1.3949834563349985e-47
1.8940000000000001,16.62350601195405,13.684641281925618,24.419388558392253,100.80953986934594,22.507846792337872,27.69008932495609,1.9008486458713005e-21
1.8960000000000001,17.852868947410798,14.356615064342082,27.567311046576318,100.80953986934594,19.98559574454053,26.601939242928427,8.364088962404744e-13
1.8980000000000001,12.421049235582437,10.495270737813312,22.87573311624925,100.80953986934594,29.588903736783102,32.12109202510169,3.187031668933765e-101
1.9000000000000001,10.288682874738804,8.591021895756562,21.853728559123997,100.80953986934594,32.3671099953321,34.20220325074142,7.529213595823829e-190
1.9020000000000001,8.55886836691833,7.392879460448131,21.618064328573777,100.80953986934594,34.233757368512215,35.29778655467284,1.7110741632004544e-290
1.9040000000000001,5.974929795452998,5.452298372902691,19.66768376750307,100.80953986934594,36.381663286958805,36.723084191829,0.0
1.9060000000000001,5.978632963923142,5.163008620216179,20.117877963803643,100.80953986934594,36.37913254512852,36.89862804021133,0.0
1.9080000000000001,12.529290849871359,9.777735955390824,26.752927062843046,100.80953986934594,29.433682467306916,32.95438099595157,9.524237650148769e-98
1.9100000000000001,6.854359573113127,5.782276225723458,22.681632462243357,100.80953986934594,35.736562231702436,36.51115712487602,0.0
1.9120000000000001,5.1999291283195985,4.304385860789008,21.152831621960054,100.80953986934594,36.876757428768606,37.36326543848587,0.0
1.9140000000000001,6.790707889775652,5.034661197065956,22.18622393076672,100.80953986934594,35.78622776547967,36.973443700979665,0.0
1.9160000000000001,9.585411969447268,7.237721240861571,20.310874678149656,100.80953986934594,33.1676251777622,35.42761605840257,8.608119672257009e-228
1.9180000000000001,13.42444943460632,10.053727971765381,23.577937822071114,100.80953986934594,28.096694034251385,32.64090832976974,1.9841731669138233e-72
1.92,12.605679397775397,9.585530062676714,23.406773971600195,100.80953986934594,29.323306160638754,33.167495547949066,2.3760753338782713e-95
1.922,7.345055872069163,5.839068502453686,23.292052679712942,100.80953986934594,35.33809751371504,36.4734253441585,0.0
1.924,7.551729664087992,5.635955565238772,19.347289981824602,100.80953986934594,35.16200759936267,36.60666895995561,0.0
1.926,7.705381448755529,5.640155767556222,17.68851700605039,100.80953986934594,35.02791807779081,36.6039614125448,0.0
1.928,4.630069033085455,3.321227585482071,13.47028318884963,100.80953986934594,37.196952024589216,37.79174461489556,0.0
1.93,6.091220986509944,4.5792325156688864,12.452308173405656,100.80953986934594,36.30144045083159,37.223711298169135,0.0
1.932,5.079250450005257,4.019644826645771,12.818466934418534,100.80953986934594,36.94766560917445,37.49873159899929,0.0
1.934,9.655086992762,7.334205380649159,6.74735551947788,100.80953986934594,33.09086410318871,35.34720699314135,7.645632291676892e-224
1.936,5.408579477602413,3.9346798508888146,12.609357659114263,100.80953986934594,36.750227546084815,37.53735770221241,0.0
1.938,1.347159017621439,0.9120076780353676,16.314983497528498,100.80953986934594,38.31838329273853,38.374558583210316,0.0
1.94,2.9368159823845463,2.109377540175362,18.226436400384006,100.80953986934594,37.92922394605383,38.167831243035714,0.0
1.942,6.50856544022348,5.022994830049872,21.92973484823853,100.80953986934594,36.00078594571538,36.9801507557366,0.0
1.944,5.184891351008737,3.9478309757618866,21.739717528904432,100.80953986934594,36.885684187786005,37.53143304305571,0.0
1.946,7.929763392838176,6.056308686863166,24.363386250101904,100.80953986934594,34.82723690951492,36.32568716001675,0.0
1.948,12.511484418183853,9.302527765621058,30.427491761473785,100.80953986934594,29.45931243304869,33.47353009599693,2.5910599404645334e-98
1.95,6.659837489749615,5.096846257737148,25.632784281846877,100.80953986934594,35.88688359174853,36.93743046308677,0.0
1.952,3.861974040546916,3.0857093478674176,22.62570887469597,100.80953986934594,37.56975518189513,37.8779788805502,0.0
1.954,1.9549498480904708,1.6571983974547697,20.110606457007034,100.80953986934594,38.20369742180647,38.26515652863914,0.0
1.956,3.938474078959923,3.048531203805106,21.698445349345636,100.80953986934594,37.535650410063525,37.891012002441485,0.0
1.958,8.165577895517979,6.352835340366117,26.30576719102842,100.80953986934594,34.61010232377516,36.11530675387797,1.45092446e-316
1.96,6.433291294678604,5.0358299572882,26.92677292705492,100.80953986934594,36.056487895583174,36.972770916504814,0.0
1.962,4.0436754831705795,3.124127839728378,24.49941073158716,100.80953986934594,37.48765720770954,37.864344927586096,0.0
1.964,4.894869618683629,3.9310256206191374,25.03947724259038,100.80953986934594,37.05278600206485,37.539000443150606,0.0
1.966,5.822900900636628,4.166493554978302,27.43672195502535,100.80953986934594,36.48420440614863,37.4300259081471,0.0
1.968,6.8009626017058915,4.9310572288633026,28.11941304432556,100.80953986934594,35.77825768894898,37.03246126490646,0.0
1.97,11.743896306332559,8.87352931963258,32.60573931676366,100.80953986934594,30.52866630731518,33.91985185506768,3.9432785916208634e-125
1.972,9.364033005718275,7.386912475055943,31.976232699743576,100.80953986934594,33.40780423903422,35.302830504410565,1.318894560825322e-240
1.974,9.392400992879603,7.248749866811741,33.38108653225945,100.80953986934594,33.37734270520834,35.41847892607731,6.094689477051884e-239
1.976,4.8925619360581365,3.810173864686253,27.71412088411786,100.80953986934594,37.054077028202926,37.59246842398171,0.0
1.978,4.745053169355292,3.6821032162481075,29.365121166065528,100.80953986934594,37.13533626408099,37.64730752027814,0.0
1.98,2.853350305786304,2.0842009864724735,26.62246261100301,100.80953986934594,37.956842006124525,38.173864525788275,0.0
1.982,4.415332996172293,3.407177871127073,26.492260909578174,100.80953986934594,37.30797166859267,37.758694700458484,0.0
1.984,1.4567661337474904,1.1740167480416182,24.240284410858873,100.80953986934594,38.300821648539724,38.34332719178949,0.0
1.986,3.5285767848339455,2.3470660868501994,29.014336608244044,100.80953986934594,37.71057493439932,38.1073010054152,0.0
1.988,3.721112514328236,2.7251517322438543,22.39849457384542,100.80953986934594,37.63080260174269,37.997710787328145,0.0
1.99,5.135101773254741,3.6376354129873523,22.020481219454528,100.80953986934594,36.915055723171044,37.66590971843192,0.0
1.992,9.537212273576387,6.992857588894083,16.041243809239454,100.80953986934594,33.22039925007089,35.62689207045896,1.5119553322374516e-230
1.994,13.204626306810503,9.680086072355776,12.590260851695326,100.80953986934594,28.433869762618954,33.06318608479788,4.2248118525958195e-78
1.996,10.03347254781591,7.572934743066247,12.782218345085054,100.80953986934594,32.66421365983413,35.14366335594173,4.0113488622820535e-203
1.998,6.995670114676654,5.175374956497523,14.882615399999425,100.80953986934594,35.624642186492345,36.891319962477006,0.0
2.0,8.056108630085014,6.246508234342512,13.221435720460484,100.80953986934594,34.711694032674956,36.191901911705685,5e-324
2.0020000000000002,8.38096346067064,6.147939438241776,16.893800677619144,100.80953986934594,34.406198219251706,36.26175174777593,3.6908919877595807e-302
2.004,6.138535365168885,4.500480473799893,20.99548469575083,100.80953986934594,36.26835771719118,37.26458104083264,0.0
2.0060000000000002,6.1545263127150776,4.6018896087263,24.631194690316917,100.80953986934594,36.25711871231539,37.21182159720473,0.0
2.008,7.284861264911996,5.514515271654834,26.3909004163021,100.80953986934594,35.38846331841456,36.684078993724874,0.0
2.0100000000000002,5.951326616613613,4.281883331607944,19.38766330770577,100.80953986934594,36.397756781344754,37.374308506849566,0.0
2.012,5.505709260608665,3.975448935374029,19.80956861089461,100.80953986934594,36.6896265983018,37.51892660985104,0.0
2.0140000000000002,1.074367531859382,0.6995005562406694,21.926459545250697,100.80953986934594,38.356129870907246,38.39412716698724,0.0
2.016,2.685123551181462,1.844297111414077,18.979649936452525,100.80953986934594,38.0100865950336,38.22772047378909,0.0
2.0180000000000002,4.726314409409322,3.2593576225837912,18.358411222917848,100.80953986934594,37.145480830367916,37.81501225806272,0.0
2.02,8.595494706645336,6.479339509572067,18.956550430014953,100.80953986934594,34.19780440680152,36.022489856283265,4.053450245794782e-288
2.0220000000000002,5.796440318306707,4.228695177388613,14.88052972095159,100.80953986934594,36.50178131275473,37.40018026158011,0.0
2.024,7.509716746284483,5.539547777627527,14.089727744710533,100.80953986934594,35.19820010777003,36.668260559890776,0.0
2.0260000000000002,10.038667918094665,7.34161617638458,8.488511177731878,100.80953986934594,32.658240531002384,35.34098675571167,7.571452373318395e-203
2.028,10.949445900193412,8.334317855480704,5.94845930578489,100.80953986934594,31.56284213973406,34.45080939119396,3.741608058780226e-158
2.0300000000000002,8.705814563313446,6.921278464781145,8.172186578157152,100.80953986934594,34.08858094811365,35.68384674235067,5.038542233226669e-281
2.032,12.511743823682872,9.51880908546667,6.204947025154891,100.80953986934594,29.458939322575688,33.24047832381653,2.6407758095999556e-98
2.0340000000000003,14.000048640552892,10.49621623334883,5.218979750943005,100.80953986934594,27.186209239595595,32.11995470937411,3.898290643304375e-59
2.036,16.75376341385641,12.60252357954729,7.655956796283731,100.80953986934594,22.251461943201605,29.327879770647876,2.513654800074649e-20
2.0380000000000003,10.441044849301434,8.057133348594162,2.0621558691915096,100.80953986934594,32.186145906360544,34.71074943420374,3.3738147403579314e-182
2.04,8.85139113185737,6.734002352047918,6.3521217912139765,100.80953986934594,33.94230928106756,35.83008240177772,8.476430689938351e-272
2.0420000000000003,7.413219246120347,5.790046733272438,6.300215625359326,100.80953986934594,35.280562458031774,36.506016340801104,0.0
2.044,5.743695247225626,4.592312235434535,4.692339130095759,100.80953986934594,36.53657903323807,37.21685465389159,0.0
2.0460000000000003,6.351201870215944,4.849091942037704,4.60836404027104,100.80953986934594,36.11649325431766,37.0782823563424,0.0
2.048,7.873016371639508,5.9638829647416545,3.4295828061553815,100.80953986934594,34.878535791194565,36.38920335295275,0.0
2.05,10.543819494974196,8.016253723682969,7.700089052112715,100.80953986934594,32.06255993896999,34.74833925997139,3.7450420281542195e-177
2.052,8.112895879275632,6.079398042115924,8.098092520530665,100.80953986934594,34.659165034709105,36.30966715396285,3.921e-320
2.054,10.631884578342454,7.768270437065463,10.941508479274114,100.80953986934594,31.955688566729172,34.9722546143021,6.64190210773292e-173
2.056,9.250441968124191,7.316861976799524,10.871575152126862,100.80953986934594,33.52884933983107,35.361739531296266,2.4463767604652516e-247
2.058,11.382240127192464,8.865699311882437,14.789810779789809,100.80953986934594,31.008574475828283,33.92780121760683,1.7542374550138423e-139
2.06,11.785417117244217,8.885679722937217,16.684557091145276,100.80953986934594,30.472591139858466,33.90750227557781,1.4853345646766591e-123
2.062,10.202298059901432,7.770684932645586,16.193946539055116,100.80953986934594,32.46851819967905,34.97010848169225,2.8041431390718516e-194
2.064,8.999815946125455,6.7539292778810855,16.877687739992613,100.80953986934594,33.79066585093254,35.81471340661545,1.4815973807961976e-262
2.066,3.214578135181849,2.5309212564808297,11.811649702102638,100.80953986934594,37.8315796264456,38.05605058236002,0.0
2.068,3.3629665391074375,2.545531549126158,11.640201958747507,100.80953986934594,37.77580049293614,38.05181217369665,0.0
2.07,7.385388570138594,5.5095786135978075,13.295857222792177,100.80953986934594,35.30411802123189,36.687190079150454,0.0
2.072,6.490006647500666,4.848399941277158,7.974968925265745,100.80953986934594,36.014579510120726,37.07866593394004,0.0
2.074,10.675438967441604,8.038482173335508,11.412357480144603,100.80953986934594,31.902500898868304,34.7279234504843,7.911336037018075e-171
2.076,6.207558279769276,4.864987663905568,6.3877200605027324,100.80953986934594,36.219636385683444,37.0694562389783,0.0
2.078,5.597577942822264,4.220442863676934,5.142642194075142,100.80953986934594,36.63131454611127,37.404165353755474,0.0
2.08,5.75187731315975,4.264270282469685,6.642283997363069,100.80953986934594,36.53120191478526,37.38291166843001,0.0
2.082,3.36446751997303,2.5205143187575056,8.00362593603721,100.80953986934594,37.77522341371671,38.059054728056545,0.0
2.084,1.0147870302500641,0.8261828375489836,6.446362371134271,100.80953986934594,38.3632425019126,38.38308299152759,0.0
2.086,7.144884713801763,5.213187871069522,5.504328487936495,100.80953986934594,35.50397765731981,36.86886527923749,0.0
2.088,9.29773897307305,6.742203603695178,9.056721239816842,100.80953986934594,33.47862921824245,35.82376255023992,1.600249975644151e-244
2.09,5.0018290573947155,3.608348929249254,8.614205481230847,100.80953986934594,36.99227931390352,37.678037630683484,0.0
2.092,8.57976054800802,6.489252073318723,14.93481477647764,100.80953986934594,34.213268185152685,36.01513950219845,3.88068307850776e-289
2.094,12.955394541833945,9.482784815671877,20.49006698637647,100.80953986934594,28.80916322765518,33.27967012066631,5.947836881645873e-85
2.096,9.186606155241732,6.873045951296041,16.88058866805042,100.80953986934594,33.5962218805673,35.72189364421778,3.628485722610829e-251
2.098,5.323288707955501,4.314083625581792,14.928122765046089,100.80953986934594,36.80255163788341,37.35848842353518,0.0
2.1,2.260039975718623,1.7762416562147731,11.716660887593065,100.80953986934594,38.13021259626376,38.241800481884376,0.0
2.102,4.0037720055022135,3.230288459700449,13.405408380555908,100.80953986934594,37.50601028199423,37.82579327810205,0.0
2.104,5.83464325833772,4.186908968290341,14.913224521874021,100.80953986934594,36.47637866206602,37.420278945582915,0.0
2.106,5.605457160427782,4.06091536449235,15.786750899554852,100.80953986934594,36.626268372337634,37.479671623170816,0.0
2.108,2.06725878548387,1.3928458425867207,9.787271307964701,100.80953986934594,38.17788375540211,38.31123006829695,0.0
2.11,1.7502161482925136,1.187491708083553,8.920517857848123,100.80953986934594,38.247044978222746,38.341508856058354,0.0
2.112,3.6432033693068764,2.714999186079867,6.447427876385083,100.80953986934594,37.663592860490446,38.00086706132252,0.0
2.114,2.993939723553726,2.298849367117146,9.877976849732665,100.80953986934594,37.90986315114647,38.120102093723844,0.0
2.116,6.94782096485795,5.2641509655358645,9.455129483922194,100.80953986934594,35.662795687069256,36.83834268900232,0.0
2.118,8.843482506966305,6.745786057380846,12.62335038473974,100.80953986934594,33.950318282260554,35.8209995073598,2.6980473135435246e-272
2.12,6.3932014900471605,4.743508272930561,7.7584767884867425,100.80953986934594,36.08588898673416,37.1361741410085,0.0
2.122,12.970793675922266,9.758651086868163,8.506353590714058,100.80953986934594,28.786189852612875,32.975732566509464,1.6253481417709088e-84
2.124,15.309899476464143,11.476705510437359,13.154166867712831,100.80953986934594,24.962066093774368,30.884694741670216,2.9186921740618985e-36
2.126,10.585022831885853,8.18074600991742,10.957618864435576,100.80953986934594,32.01266951959551,34.59591718010831,3.7147197340230315e-175
2.128,13.290761206560491,10.463050191790071,14.90124507152453,100.80953986934594,28.302441978534006,32.159787524639924,7.744008399370527e-76
2.13,13.915558220382279,10.56711410516385,15.323830942155258,100.80953986934594,27.322373548474594,32.03437819320249,5.957550888293867e-61
2.132,14.266841377403734,10.95248461893819,16.644921213492303,100.80953986934594,26.750514711531707,31.559026476504496,1.0820536770900405e-53
2.134,13.873397844093128,10.72494453284172,16.95886039180521,100.80953986934594,27.389993702777012,31.84177867634805,7.112570184930028e-62
2.136,11.106680654408501,8.677811920600929,13.979051157515299,100.80953986934594,31.363996480591183,34.11643780528785,3.5205231441543455e-151
2.138,13.862479899631367,10.204556592639083,15.186275300270193,100.80953986934594,27.407469513454554,32.46587786777101,4.084483682565538e-62
2.14,12.387011300308835,9.617027995929076,17.46689881256468,100.80953986934594,29.637429237776544,33.13286314473005,2.461562757644482e-102
2.142,8.734087593598835,7.163490304968086,15.252251367847444,100.80953986934594,34.06036363226501,35.488753014890996,3.2087180643590116e-279
2.144,2.4540465853392255,2.119100738803745,9.421552515858526,100.80953986934594,38.077949767502666,38.16548179271087,0.0
2.146,4.860063175219757,4.01620630516592,12.366438335181337,100.80953986934594,37.07219365730563,37.5003108212643,0.0
2.148,5.576182969740297,4.335904108164806,14.144121456969213,100.80953986934594,36.64498092008975,37.34770055825184,0.0
2.15,7.893443616520817,6.069579604565674,17.044730675036355,100.80953986934594,34.860112293293014,36.31648690564727,0.0
2.152,9.02143910315226,7.0262220019691926,17.820831628289866,100.80953986934594,33.76836223568181,35.60014374363497,3.1850526557133595e-261
2.154,4.8552949755867685,4.007023450796656,13.89122741855712,100.80953986934594,37.07484155420867,37.50452163710755,0.0
2.156,2.8037441201915905,2.346398988094662,13.193107146465906,100.80953986934594,37.97287894072025,38.10747992679631,0.0
2.158,5.960353250931252,4.450966308556011,12.404619875545883,100.80953986934594,36.3916096302928,37.28991405633486,0.0
2.16,6.324973404121951,4.890740594900801,13.766638762572846,100.80953986934594,36.13550292448806,37.055095541877385,0.0
2.162,5.198439035210329,3.956767548616448,6.548968892985428,100.80953986934594,36.87764313614919,37.52739577818528,0.0
2.164,10.441421623565612,7.584277273803547,2.2030836513518373,100.80953986934594,32.18569507141499,35.133829902814355,3.5219904271496144e-182
2.166,13.161199055007204,9.556519310453679,5.00569405075837,100.80953986934594,28.499796036552695,33.19929204616627,2.914672195457553e-79
2.168,12.67390893454149,10.058568168602164,6.27023561456817,100.80953986934594,29.224135417596276,32.63533231537601,3.0082272669979866e-93
2.17,12.898215624135798,10.140349754381678,8.078862534838406,100.80953986934594,28.894219346081897,32.540708750676785,1.373240868059449e-86
2.172,7.75906001345434,5.889082448430157,5.602852615248166,100.80953986934594,34.98043518740197,36.439891205319064,0.0
2.174,12.352700438941335,9.349293265504738,9.528965364972953,100.80953986934594,29.68620556532565,33.42359515957553,1.8227206490836922e-103
2.176,11.784674017847317,9.009215054146294,9.949699304773072,100.80953986934594,30.473596492078325,33.7809775743686,1.3923479450042727e-123
2.178,8.40872593596954,6.529661897476617,7.384375708368584,100.80953986934594,34.37952792371346,35.98505838182484,2.5226255136590725e-300
2.18,5.042344484610293,3.951377317818225,3.6539543915030146,100.80953986934594,36.96901803426987,37.52983200931822,0.0
2.182,3.4574903927079657,2.646526004915193,3.754886756815327,100.80953986934594,37.73895642636018,38.02184662612561,0.0
2.184,1.9472453614318406,1.5265433357753073,1.10580185796327,100.80953986934594,38.2054154180745,38.28892640922945,0.0
2.186,3.315412785078144,2.5411756057927097,4.333004892938648,100.80953986934594,37.79395003930747,38.053078374715795,0.0
2.188,6.476060089356604,4.7278471886479085,7.602783839422054,100.80953986934594,36.02491913081964,37.14465254110618,0.0
2.19,4.509946299920995,3.030907698138415,4.233599506963447,100.80953986934594,37.25970609503648,37.897134869154634,0.0
2.192,4.5408150244180865,3.377229336569876,4.959863246974622,100.80953986934594,37.24373734617405,37.770306497281446,0.0
2.194,5.640769679983369,4.082992193217004,5.800820898096134,100.80953986934594,36.603565501275604,37.469395912756454,0.0
2.196,4.846081490152827,3.5658956338936005,5.454359034337757,100.80953986934594,37.07995065743749,37.69544397145588,0.0
2.198,3.554222095686757,2.9274239928793357,4.783782076009269,100.80953986934594,37.70019413365268,37.93237143881034,0.0
2.2,6.594505597621821,4.642247056303468,8.729348639777205,100.80953986934594,35.936397738376705,37.19049787875325,0.0
2.202,5.741424957016886,4.280143905053967,7.374361147724483,100.80953986934594,36.53806967224504,37.37515971538166,0.0
2.204,8.176784947669466,5.995731463779248,10.755827406999126,100.80953986934594,34.599624094489,36.36742708529242,8.28902086e-316
2.206,8.194710474242347,5.928365747102836,10.676550634436506,100.80953986934594,34.58283432325296,36.41335112291111,1.341083221e-314
2.208,4.512921755182392,3.1767969723065663,3.8721788719290773,100.80953986934594,37.258171604187744,37.845379469203785,0.0
2.21,6.443503539711704,4.999239323454435,8.04930704541544,100.80953986934594,36.048969012155354,36.993759781881096,0.0
2.212,11.875871241925513,8.970213827032627,14.08655189204924,100.80953986934594,30.349731269271736,33.82111226204663,3.5855293256724195e-120
2.214,8.65618460246855,6.798158265272304,10.996151612971419,100.80953986934594,34.13789082033326,35.780438447576806,3.322823095517948e-284
2.216,8.723758933855564,6.821396508893923,12.047467879580559,100.80953986934594,34.070682595062536,35.7623402996198,7.04634671801965e-280
2.218,4.8810790397987995,3.6641108747920264,7.668388210608007,100.80953986934594,37.0604920417876,37.65486148333136,0.0
2.22,3.1192717363437947,2.0486671738019804,5.600040116375661,100.80953986934594,37.866077577848586,38.18225652264333,0.0
2.222,2.3637080495503926,1.7056135685114553,3.466809879534427,100.80953986934594,38.102821030673525,38.255852983310845,0.0
2.224,6.291951253235117,4.823704070424118,8.615615493748368,100.80953986934594,36.15932442808671,37.09231904774605,0.0
2.226,10.476326466213873,7.870852448796723,14.133021435894783,100.80953986934594,32.14385785056714,34.88048464533183,1.864974216112626e-180
2.228,11.96326832783178,9.078248226968368,16.44017007921664,100.80953986934594,30.230113129416708,33.70950897018394,5.72156315890754e-117
2.23,10.212321173370395,7.606323715827573,15.927619089743311,100.80953986934594,32.456796204597545,35.114674428442754,9.226733924145721e-194
2.232,7.767516668806189,6.023210611254973,15.034279574135049,100.80953986934594,34.97292446676137,36.348545014083726,0.0
2.234,2.8190619520170017,1.9475705891385704,8.5702970932994,100.80953986934594,37.967956936738354,38.20534303385122,0.0
2.236,4.780235258052821,3.4442217610278965,10.29173597189881,100.80953986934594,37.11618129676479,37.74418998694549,0.0
2.238,2.351806728621036,1.573345647211634,10.145564582251662,100.80953986934594,38.106028061065054,38.280636005587965,0.0
2.24,4.346032668950261,3.340671949032748,12.538117303524402,100.80953986934594,37.34267457646299,37.784341723525955,0.0
2.242,8.821594964464502,6.500878115592,14.332736922490167,100.80953986934594,33.97244611186767,36.006504229349886,1.1289635551165418e-273
2.244,10.62383750698971,7.721333761727094,14.524997793639994,100.80953986934594,31.965491404306817,35.01384153653041,2.7346447376503178e-173
2.246,8.893472067444531,6.753614530724967,14.787375054506361,100.80953986934594,33.89957325548131,35.81495651459236,3.678291136830337e-269
2.248,7.85932001544956,5.810557875549213,13.327792764301593,100.80953986934594,34.89086182490118,36.49241345129244,0.0
2.25,9.091147079633336,6.658652160690259,9.917589125716429,100.80953986934594,33.69609423296098,35.88778629193946,5.937969662492579e-257
2.2520000000000002,6.618659480400143,5.071165151854058,10.537099692691301,100.80953986934594,35.91814881492901,36.95235679421701,0.0
2.254,10.763782820928913,7.9935341819722865,7.34201161501685,100.80953986934594,31.793941665498178,34.769147495154556,1.1413328858481716e-166
2.2560000000000002,7.121071495599918,5.45309829849508,8.864354859246294,100.80953986934594,35.52340571334585,36.722585511497925,0.0
2.258,8.756415091227458,6.44644133456647,14.94962557000236,100.80953986934594,34.038015171853225,36.046803814236156,8.449957822253485e-278
2.2600000000000002,9.908844453428589,7.360090945959116,18.022722899980323,100.80953986934594,32.806564309055105,35.32545257280915,8.221229849561604e-210
2.262,9.845434519827318,7.472231871573228,18.903123284311867,100.80953986934594,32.87830285454011,35.23032097763845,2.8866209857280273e-213
2.2640000000000002,3.480978224801743,2.587134157689681,13.391945755970404,100.80953986934594,37.72964274065069,38.03960969991546,0.0
2.266,1.137371540658191,0.7130401617938564,10.501030556312655,100.80953986934594,38.34816720869597,38.393034319510335,0.0
2.2680000000000002,3.6493453588674973,2.7447421226001913,7.70242243220417,100.80953986934594,37.66103303217854,37.99158712533868,0.0
2.27,4.343147941683692,3.0316492411550695,12.981237952286236,100.80953986934594,37.34410722723229,37.89687795330582,0.0
2.2720000000000002,6.199440616182471,4.526322400014439,13.020775634870313,100.80953986934594,36.22539472388535,37.251248122193445,0.0
2.274,2.7387856467634344,2.071914222774368,7.478726729376096,100.80953986934594,37.993453672030604,38.176782606424446,0.0
2.2760000000000002,1.636797855612319,1.399102766979069,8.300911481213756,100.80953986934594,38.26899650572135,38.310231843779114,0.0
2.278,3.9759015776744215,3.0911528021921697,6.518215876876267,100.80953986934594,37.51872091018073,37.876057368206986,0.0
2.2800000000000002,4.178183604351588,3.1826187325213557,5.721842486827639,100.80953986934594,37.42445054232587,37.8432636650915,0.0
2.282,7.102652343992452,5.4155583480844856,2.3950901702034146,100.80953986934594,35.53838842394005,36.74590930986851,0.0
2.2840000000000003,9.800126570234326,7.1149043323583525,6.30183731630732,100.80953986934594,32.929277468415,35.52842660655359,9.350785177017213e-216
2.286,8.92554462633387,6.300582677920156,11.955375129025493,100.80953986934594,33.86686460171568,36.15310995048461,3.688061512152028e-267
2.2880000000000003,6.655370121812171,4.734951088391634,11.538774105938215,100.80953986934594,35.89028492430411,37.1408101985659,0.0
2.29,9.954076288744654,7.335203070381805,14.978896157379273,100.80953986934594,32.75510775256447,35.34636995099425,2.2800119547737997e-207
2.2920000000000003,9.109300977599712,6.625843118775671,15.131436013739641,100.80953986934594,33.67718182910935,35.912708483240024,7.577972122654553e-256
2.294,10.091041247856047,7.597615277119988,15.332775435034378,100.80953986934594,32.59785259372584,35.12224758501796,4.4382580989208564e-200
2.2960000000000003,4.987439689884012,3.9677927255346397,11.223746626386344,100.80953986934594,37.00049554162872,37.52240236332853,0.0
2.298,2.274731264649829,1.88947420874082,11.062016186030835,100.80953986934594,38.12640551761165,38.2180814316492,0.0
2.3000000000000003,4.285737256186561,2.9346698129703737,10.2808533324202,100.80953986934594,37.3724213115066,37.92994407047782,0.0
2.302,3.220298293203912,2.3821176787952103,8.741527553069313,100.80953986934594,37.82947607304796,38.09782832445363,0.0
2.3040000000000003,4.763594763968461,3.3494660859029857,11.672454162631741,100.80953986934594,37.12525889934187,37.78097940845586,0.0
2.306,1.316596796512919,0.7621240514181593,10.584476353426822,100.80953986934594,38.32303527808534,38.388896875456,0.0
2.308,2.610755835730817,2.107471939322827,10.06907251175198,100.80953986934594,38.032593158625595,38.16829043355528,0.0
2.31,3.118255035020612,2.406558954477007,6.271955428720015,100.80953986934594,37.86643999401459,38.091139972585964,0.0
2.312,4.275476177686957,3.1387823672021873,8.017238181209771,100.80953986934594,37.377442211600844,37.85909987068126,0.0
2.314,2.4024031171455644,1.8866418814589154,7.706963937104207,100.80953986934594,38.09228203511967,38.21869259460827,0.0
2.316,5.446048470617293,3.832456976073138,12.276543934421332,100.80953986934594,36.72697791212257,37.582735373929374,0.0
2.318,4.005640802351246,2.8197077673497737,6.4943960788871,100.80953986934594,37.5051548179652,37.967748830778916,0.0
2.32,1.9685208183707257,1.1852035709745659,10.632570850465239,100.80953986934594,38.20065477848307,38.34181908417726,0.0
2.322,3.19552717758313,2.476185829895192,12.021191994306431,100.80953986934594,37.838558524027334,38.07171225005545,0.0
2.324,5.702671250645525,4.152289580654033,14.04220397177942,100.80953986934594,36.56342379023177,37.436779215110846,0.0
2.326,4.925103506536102,3.48098517902961,14.953150892664247,100.80953986934594,37.035815464303475,37.729639973733605,0.0
2.328,3.976820837626739,2.9326508728621374,14.402014461678554,100.80953986934594,37.51830308774393,37.93062102379148,0.0
2.33,4.610842128619135,3.4126084031467494,14.818782810780247,100.80953986934594,37.20710742271217,37.75657816385128,0.0
2.332,5.37092424194645,3.9484671317090094,15.796170844335263,100.80953986934594,36.77343087643211,37.53114594956062,0.0
2.334,2.5101683975189615,1.7518856938148333,12.8982642356149,100.80953986934594,38.062028988733964,38.24671086574558,0.0
2.336,7.477817694249732,5.695844050988832,10.939218674210366,100.80953986934594,35.22554469269962,36.56787258796953,0.0
2.338,4.538465034487722,3.408095400781286,14.86319263062334,100.80953986934594,37.24495685612584,37.75833733223302,0.0
2.34,9.055711450229492,6.361279571079101,20.954835787441535,100.80953986934594,33.732901131876,36.109168261679685,4.050294148515963e-259
2.342,8.392925225583967,6.148383479548825,18.709352312595072,100.80953986934594,34.3947178901584,36.261439576890936,2.2817834594418447e-301
2.344,2.48874875809267,1.7399181301965203,15.279072901313171,100.80953986934594,38.06814784989422,38.24909879329351,0.0
2.346,4.581656824317754,3.3503640535485735,17.535867008573348,100.80953986934594,37.22244190570034,37.7806355855739,0.0
2.348,4.34908767960928,2.811372316605744,17.825559479379898,100.80953986934594,37.341156319626535,37.970431162466724,0.0
2.35,2.4263835671846317,1.6808878330175898,16.279232142253665,100.80953986934594,38.08566481472095,38.260637797819676,0.0
2.352,2.208670913799436,1.467153430328341,15.145697603577712,100.80953986934594,38.143330355946226,38.29908613173415,0.0
2.354,2.7553675295311564,1.9355048416415606,16.403849086018358,100.80953986934594,37.98824743195042,38.20802034830143,0.0
2.356,2.9596694428350645,1.8486072785876708,17.271310914013707,100.80953986934594,37.92152305223237,38.226810917417616,0.0
2.358,3.258746934001038,2.315688205194629,17.994143278240106,100.80953986934594,37.81523974054918,38.11566173715457,0.0
2.36,2.7544460430970816,2.0856724634476835,12.113956878867691,100.80953986934594,37.98853757734043,38.173513896087115,0.0
2.362,4.493924253524404,3.000184748637064,18.534631210600743,100.80953986934594,37.267951518088765,37.90772392103461,0.0
2.364,1.311481320473913,0.7373780601782064,15.670356304453929,100.80953986934594,38.32380349364121,38.39101721210783,0.0
2.366,2.088556556607891,1.5362054206683762,13.919168353057382,100.80953986934594,38.17282594436635,38.28723540708853,0.0
2.368,3.0034752410886045,2.307465351337214,12.536936959707843,100.80953986934594,37.90659497103819,38.11783413085803,0.0
2.37,4.853860439247057,3.6299364365877533,11.372631395070085,100.80953986934594,37.07563767804889,37.669107466226215,0.0
2.372,3.7722901600638274,2.7402956908844853,13.484287737167069,100.80953986934594,37.60888534336185,37.992980861931585,0.0
2.374,11.755805547258161,8.470716041295194,12.161807529890629,100.80953986934594,30.51260313294734,34.31965686066243,1.1204266906404797e-124
2.376,13.617119541912906,9.995404179224009,13.588065202646694,100.80953986934594,27.796391108373733,32.70788580455357,9.827442526777474e-68
2.378,12.429535648473989,9.8450975750201,12.01323433088983,100.80953986934594,29.576783967244115,32.878682815612365,6.01498272704279e-101
2.38,11.035389967476753,8.652195667108089,8.547506689018624,100.80953986934594,31.45450978376202,34.14184173307997,2.5810544258696515e-154
2.382,12.786514151199007,9.929262266263112,10.88305540800699,100.80953986934594,29.059259035994828,32.78336589056799,7.40379667664402e-90
2.384,7.35123596255612,5.721687491554158,2.931014750061078,100.80953986934594,35.33290301294186,36.55100413900907,0.0
2.386,5.946493163804247,4.7736140283365724,8.9979076130035,100.80953986934594,36.401044534765134,37.119797056918514,0.0
2.388,7.272420044768863,5.553630045772437,3.673009567239522,100.80953986934594,35.39882127915647,36.65933023185556,0.0
2.39,5.215296665682177,3.9007774262859964,3.157492478684119,100.80953986934594,36.86760818375251,37.552539733180005,0.0
2.392,6.0476326739970805,4.6439432571801955,3.0413816272041148,100.80953986934594,36.33169102950554,37.18959757504963,0.0
2.394,3.3282425711169785,2.6478897002414787,4.0301840152732025,100.80953986934594,37.789078841965186,38.02143403296453,0.0
2.396,5.631665026435539,4.013187698872339,5.214293967739188,100.80953986934594,36.60943265546061,37.50169607304473,0.0
2.398,5.835809363555469,4.233122878015337,2.2555417974115444,100.80953986934594,36.47560064470157,37.398038887677586,0.0
2.4,9.566190489229992,7.123045718067091,4.030702789008928,100.80953986934594,33.18870298001536,35.521797511753796,6.893386575744091e-229
2.402,8.24593910282864,6.234958305685637,4.423507530212102,100.80953986934594,34.53464808342297,36.200144206192604,3.7264498309133e-311
2.404,3.056673360287085,2.344318505151519,2.4089244856755543,100.80953986934594,37.88817121256955,38.1080376027562,0.0
2.406,3.463937881649064,2.666255355268507,6.238959563370846,100.80953986934594,37.736406069226554,38.015856697739885,0.0
2.408,2.4843994238361797,1.8490052973332596,2.0749635075952644,100.80953986934594,38.069383900754666,38.22672681811029,0.0
2.41,4.433304203624081,3.3155018549990802,6.322996638004378,100.80953986934594,37.29888269417029,37.79391628622226,0.0
2.412,8.840315617160648,6.469377389684491,11.07010018264437,100.80953986934594,33.95352334885264,36.0298656173921,1.705439697567582e-272
2.414,9.093384511531735,6.647100508505689,13.160349428290166,100.80953986934594,33.69376536655456,35.89657514940732,8.129800108172507e-257
2.416,9.622206168607502,7.277966917508211,14.52671726648513,100.80953986934594,33.12715872251645,35.394205412480034,1.0596103970572717e-225
2.418,4.308849307059039,3.285954224082908,10.370358978776766,100.80953986934594,37.36106812875868,37.80506361515697,0.0
2.42,1.169800647835366,0.7642195853983414,5.587465061845598,100.80953986934594,38.3438918578353,38.38871410751753,0.0
2.422,3.2600296212920328,2.3572441201001832,2.6593635050321063,100.80953986934594,37.8147618881812,38.10456486441089,0.0
2.424,2.6237909561552564,1.7686326794867941,8.335747732719865,100.80953986934594,38.02869391914163,38.243341803073704,0.0
2.426,3.4052052430633104,2.416306657115582,9.120048505897477,100.80953986934594,37.75946269258186,38.088453467881514,0.0
2.428,3.2800491348299246,2.239543192312558,9.829275046283893,100.80953986934594,37.807279439392055,38.13548288170999,0.0
2.43,1.661704198571242,0.8914907913110101,6.942576600688714,100.80953986934594,38.264301992240114,38.37667295513927,0.0
2.432,3.053340725011316,2.148527461606541,8.132724346018426,100.80953986934594,37.8893348817359,38.158305470658696,0.0
2.434,3.881517920702039,3.0265492993506005,5.611706481717755,100.80953986934594,37.56110589641467,37.89864361446901,0.0
2.436,4.83021264759971,3.66266500657967,9.178232600793375,100.80953986934594,37.08872755148975,37.655466914511486,0.0
2.438,4.999563392609327,3.816488815349392,10.186042268747984,100.80953986934594,36.99357456392366,37.58971587931633,0.0
2.44,5.464281217925191,4.317023104362744,7.002240271278964,100.80953986934594,36.71560631758103,37.35703834351633,0.0
2.442,8.388011486317634,6.084737466413639,9.100810508029875,100.80953986934594,34.39943585135855,36.305953829709686,1.0799380222078943e-301
2.444,8.890040037341578,6.664063038831253,11.27987876882907,100.80953986934594,33.90306634328396,35.883664269295835,2.244107854828957e-269
2.446,6.399850933391404,5.023373389833932,5.739912076195105,100.80953986934594,36.08102514733451,36.9799333642103,0.0
2.448,9.91857066547912,7.621907329861587,10.042747005899873,100.80953986934594,32.79551953443996,35.10110066975666,2.7653420842754813e-209
2.45,8.387043000868443,6.5689852067791925,10.731805101296265,100.80953986934594,34.400365422171966,35.95560648137284,9.318534545788138e-302
2.452,3.811382917094381,3.1855817308488703,7.750757181036247,100.80953986934594,37.59194177824449,37.84218533377177,0.0
2.454,1.395481970807563,1.2991646370974896,4.730912835221494,100.80953986934594,38.310810048035634,38.3256408796811,0.0
2.456,5.92263643106027,4.490927745161281,2.480323731438521,100.80953986934594,36.417232894967086,37.26949035140879,0.0
2.458,4.834077047909355,3.7196463930821717,2.349637789732368,100.80953986934594,37.086592844864086,37.6314260677694,0.0
2.46,4.683033665748697,3.6068097734010096,1.6707246077884137,100.80953986934594,37.168758111076684,37.678672302550694,0.0
2.462,4.741886429334059,3.7517260560131973,0.8911481293793908,100.80953986934594,37.13705345658491,37.61772808738591,0.0
2.464,2.5904120676851687,2.2421656814574096,1.5529914251789319,100.80953986934594,38.03863984677358,38.13481124678794,0.0
2.466,4.361665330513365,2.9371549946250806,7.273532261887293,100.80953986934594,37.33489432646576,37.92911014592823,0.0
2.468,3.1449692506149893,2.274386027242026,6.828073837683101,100.80953986934594,37.856878129258924,38.12649526497955,0.0
2.47,3.546994078606451,2.6341524827328997,7.730300482609501,100.80953986934594,37.70312752673776,38.025580584777785,0.0
2.472,7.633917447086199,5.420965649528136,10.443352985831968,100.80953986934594,35.0906205158074,36.74255966309615,0.0
2.474,5.001999725547336,3.58471871775105,7.271832810818349,100.80953986934594,36.99218172143442,37.68775171899564,0.0
2.476,2.903643469048857,2.2089924267846,7.983369496186377,100.80953986934594,37.940295801595155,38.14324919141121,0.0
2.478,1.8152999968453227,1.284862765191769,5.93905583475094,100.80953986934594,38.233784417820075,38.32775265873995,0.0
2.48,2.8125339858645075,1.9219850427573861,2.1067981890734853,100.80953986934594,37.97005781591159,38.211000539245006,0.0
2.482,5.246949097485536,3.8672016674807703,2.060782029423007,100.80953986934594,36.84867838316769,37.567445936852366,0.0
2.484,5.092109982067087,3.6544881043106408,4.900252261490163,100.80953986934594,36.94018894879956,37.6588863460061,0.0
2.486,10.935797331165698,7.8799982822027586,12.78047621132584,100.80953986934594,31.57996716741854,34.8722441366649,9.06640884784477e-159
2.488,13.772761437107418,10.193767411414044,16.029064334072295,100.80953986934594,27.550528875415267,32.47848561078526,4.00351165556722e-64
2.49,15.667784786305262,12.186827420361896,19.957968777232903,100.80953986934594,24.316399606829357,29.92005507461822,1.5809598555915852e-31
2.492,17.00868332446269,13.276073239832687,23.267793625334193,100.80953986934594,21.742521603893014,28.32491625044466,2.763401750893494e-18
2.494,19.403199094508196,15.096149495448234,27.796983152876937,100.80953986934594,16.42652895823864,25.339776363781453,1.3923087143199206e-06
2.496,14.283637619619123,11.344611972604689,24.360376708096222,100.80953986934594,26.722792520444667,31.057629399581902,2.304291979841122e-53
2.498,11.763407850104738,9.478562478563921,22.842086472273323,100.80953986934594,30.502340475574215,33.284253922809114,2.1790279705984262e-124
2.5,16.503037092090835,12.548351552366597,29.473387263696974,100.80953986934594,22.742796119209856,29.406205628457297,1.556750140016443e-22
2.5020000000000002,15.682511082577257,11.988776313261015,30.310164707265518,100.80953986934594,24.28947168522278,30.195032174717355,2.407489231910959e-31
2.504,10.864499184894548,8.852780273627552,26.906666642007814,100.80953986934594,31.669074107719965,33.94090176541486,5.184845397370824e-162
2.5060000000000002,10.843375962317975,8.775340248773164,27.87297077830724,100.80953986934594,31.69536012801111,34.019027353117046,5.564147176624613e-163
2.508,6.66328079420143,5.49222510677814,24.5697720698311,100.80953986934594,35.88426039293381,36.6981041362379,0.0
2.5100000000000002,6.3307272993563135,5.043486559553059,24.819566945322848,100.80953986934594,36.13133940592958,36.96835960865889,0.0
2.512,9.19011694436454,7.123934283957074,27.41044028875305,100.80953986934594,33.592528776415406,35.521073540189334,5.903999662144687e-251
2.5140000000000002,7.758811243165115,5.8910760204751496,27.078419884669092,100.80953986934594,34.980656006778574,36.43854858892513,0.0
2.516,9.959648561715994,7.596604457737833,30.70740625972076,100.80953986934594,32.74875228600528,35.123126064652055,4.546466618891119e-207
2.5180000000000002,12.597539617609778,9.844325181692703,34.631778498844895,100.80953986934594,29.335100441737797,32.8795537675481,1.3262208684784379e-95
2.52,8.726062715023831,7.151294276593144,32.14710341672704,100.80953986934594,34.068382039771784,35.49873730065074,9.88277280907498e-280
2.5220000000000002,7.627617481360854,6.100602348276713,31.44456924408752,100.80953986934594,35.09611999534335,36.29490127371011,0.0
2.524,6.869568805923742,5.4425291090729075,31.078603758378588,100.80953986934594,35.72462619273693,36.72916852451842,0.0
2.5260000000000002,9.532466008787893,7.389434206639703,34.69594059787621,100.80953986934594,33.225581469921565,35.300699358790766,8.075395914439454e-231
2.528,5.027119885310338,3.866981644971199,29.17512681639766,100.80953986934594,36.977781019743084,37.56754319230184,0.0
2.5300000000000002,3.6095555698642303,2.8465161949190554,29.68211824891445,100.80953986934594,37.67753988226079,37.959068079467464,0.0
2.532,5.675560315244255,4.408335858563124,31.805773741458882,100.80953986934594,36.58105857498266,37.311500493746465,0.0
2.5340000000000003,9.844593340696727,7.368045176976351,37.42035641072773,100.80953986934594,32.87925139883651,35.31875234492742,2.5961512270360005e-213
2.536,7.455441537884881,5.556036419690972,34.71161188786821,100.80953986934594,35.24465638949608,36.65780194934748,0.0
2.5380000000000003,4.6817753567080675,3.0339268755994886,27.928459944131777,100.80953986934594,37.169431650225334,37.896088448374876,0.0
2.54,1.7739466169023796,1.1797010163714423,27.624327906146483,100.80953986934594,38.24226607613835,38.34256267682418,0.0
2.5420000000000003,2.25146382662769,1.6440017168016359,27.356579232399614,100.80953986934594,38.132423602334796,38.26764596167683,0.0
2.544,1.0728743532811205,0.8535809843950011,27.366441230198074,100.80953986934594,38.35631308065599,38.380453189739704,0.0
2.5460000000000003,1.2315469594397537,1.1098727957153893,28.809479458171065,100.80953986934594,38.33541912761173,38.35169838647295,0.0
2.548,4.53586929130423,3.6543397989492865,29.063155742953963,100.80953986934594,37.24630316369215,37.65894829401673,0.0
2.5500000000000003,5.079272227656905,3.870984611686998,32.962042319464985,100.80953986934594,36.947652963424545,37.565772915128704,0.0
2.552,6.7959598533937795,5.418297074795473,33.921575444959196,100.80953986934594,35.78214738610886,36.74421317625368,0.0
2.5540000000000003,6.117196292016405,4.814491646055067,33.96155809488979,100.80953986934594,36.283309966410826,37.097394268946545,0.0
2.556,9.749406679404315,7.129512103549845,39.32990810968893,100.80953986934594,32.98605981731908,35.51652686580613,1.455714913213945e-218
2.5580000000000003,10.469115030177003,7.754880114697803,41.38473828449445,100.80953986934594,32.15251309863315,34.98414450537322,8.229937971549669e-181
2.56,7.071883377654054,5.41296033506945,35.856483924159996,100.80953986934594,35.56333011191668,36.74751750406027,0.0
2.562,8.712051941807614,6.330205176748676,26.536338719382112,100.80953986934594,34.08236376348337,36.13171737027099,1.261237135017335e-280
2.564,9.333573936105937,7.166225841972931,31.124029478088232,100.80953986934594,33.44040794695245,35.48651122460329,2.1155560631097457e-242
2.566,5.679455741407939,4.268214102476439,27.806121335004292,100.80953986934594,36.57852990229936,37.38098837717748,0.0
2.568,6.1372957132986,4.650755738632522,25.96330514016484,100.80953986934594,36.26922776552376,37.185978354096676,0.0
2.57,11.343751487528202,8.350706503015754,18.22005465840087,100.80953986934594,31.058749263309426,34.43516401443758,4.468206736186128e-141
2.572,14.46896778761821,10.808960318907285,13.536698498058133,100.80953986934594,26.41459176876024,31.738076473755132,7.501081918863562e-50
2.574,11.761311541800765,9.04501770946943,16.347137356224074,100.80953986934594,30.505171042563767,33.74398030224409,1.8140713798573261e-124
2.576,16.229761111303983,12.518840981187354,12.203720812691499,100.80953986934594,23.268172510373418,29.44872819048919,3.4744071447718872e-25
2.578,18.41945394540577,14.049484677720619,13.859693279685438,100.80953986934594,18.73935678926418,27.10613433595096,4.80387155627813e-10
2.58,17.398115737672168,13.584554582039388,14.421811664578637,100.80953986934594,20.946089616821357,27.847462350345424,1.5754729453448304e-15
2.582,18.9358525185445,14.683162948770686,16.972717423344964,100.80953986934594,17.5507569074396,26.053076065138253,4.8134414006948693e-08
2.584,15.862843874453901,12.407987805298632,17.03418826406705,100.80953986934594,23.957385653879932,29.607540661413637,3.499196090761232e-29
2.586,12.210673008294988,9.624432393650999,12.735162340729147,100.80953986934594,29.886636617531718,33.124705299143535,3.0199597075380194e-108
2.588,11.748565706961609,9.37074345345763,18.029032007450372,100.80953986934594,30.52237020113619,33.40060693596796,5.940467580115066e-125
2.59,8.734236215106154,6.952815863281559,15.891281348426803,100.80953986934594,34.06021506075564,35.65882516889025,3.279436808217154e-279
2.592,6.16396518447447,5.213664846728933,15.668968729662453,100.80953986934594,36.25047099576468,36.86858098884882,0.0
2.594,7.507455746936299,6.065797887567702,16.166838337735495,100.80953986934594,35.20014213037465,36.31911068974608,0.0
2.596,10.182349998766329,7.74299516527324,18.111143255242375,100.80953986934594,32.49181281707666,34.994680470560866,2.6046373838391963e-195
2.598,5.837142134284438,4.604987582458472,20.993961187891827,100.80953986934594,36.47471123862555,37.21019131856829,0.0
2.6,5.337195675555506,4.10400761248585,21.971872793057585,100.80953986934594,36.79407680907362,37.45956245486786,0.0
2.602,6.944265068665799,5.494675025377495,23.58611118447283,100.80953986934594,35.66562057883181,36.69656541020182,0.0
2.604,3.7296532848594195,2.8541539721222917,21.939273850338875,100.80953986934594,37.62716576453333,37.956579877222474,0.0
2.606,2.582239631410087,1.4714621901412344,19.908344006856105,100.80953986934594,38.04105558392125,38.29836260255753,0.0
2.608,2.088723474613155,1.6420263810279672,16.89339842389101,100.80953986934594,38.17278609979003,38.26801687801401,0.0
2.61,4.949352345440068,3.773037352688,15.94637999178217,100.80953986934594,37.02212881108828,37.60856313360249,0.0
2.612,4.614421890463565,3.6413412878411315,18.193704299408914,100.80953986934594,37.205219843209846,37.664368077581315,0.0
2.614,5.926055619985532,4.451341038194691,23.573420459450535,100.80953986934594,36.41491675087578,37.289723385881956,0.0
2.616,5.024595492809342,3.7421186599230514,23.97000952109578,100.80953986934594,36.97923144814382,37.6218427785514,0.0
2.618,4.718606471054566,3.2612650133031127,14.981083964525293,100.80953986934594,37.14964200235352,37.81430147736939,0.0
2.62,10.017612733961407,7.306529543101479,8.14451072427108,100.80953986934594,32.682428431860345,35.370380980258986,5.7495873731080934e-204
2.622,5.888536212572514,4.431658925430764,12.73597353788607,100.80953986934594,36.440259000856166,37.29971633307618,0.0
2.624,2.9737460383768606,2.0524866876883237,15.977735289146999,100.80953986934594,37.91674996975783,38.1813613933634,0.0
2.626,5.644757472216958,3.975197453805723,11.475205346810462,100.80953986934594,36.6009927294014,37.51904088351202,0.0
2.628,5.272922175268254,3.7742184883021026,12.184964476571436,100.80953986934594,36.8330594977073,37.60805366561585,0.0
2.63,12.05796085382558,9.072254449856104,4.827092652940129,100.80953986934594,30.099498832105205,33.715735948397885,1.4315306015721494e-113
2.632,9.47023451810761,7.119435215714121,5.860673382682404,100.80953986934594,33.29328879775541,35.524738288294785,2.0820950996928412e-234
2.634,5.505113281363906,4.419239399436027,8.57608183704016,100.80953986934594,36.69000173222889,37.30599913938792,0.0
2.636,10.543621903680807,7.821742527442742,3.4059588139679224,100.80953986934594,32.062798715373496,34.92456911390243,3.6630797627831436e-177
2.638,11.825889026858514,8.681840344466494,1.4008819924076201,100.80953986934594,30.417738354692545,34.11243590641771,4.942058661203929e-122
2.64,10.56484078930727,7.934323478783486,1.9825667800260243,100.80953986934594,32.03713121218374,34.823098581349974,3.925567239703573e-176
2.642,6.833608003151117,5.087569575373578,3.2030079654853476,100.80953986934594,35.75280507795632,36.94283094751254,0.0
2.644,6.127797003081124,4.764173199475109,3.7575054079211885,100.80953986934594,36.275888585137444,37.124943886793886,0.0
2.646,7.0573045788616025,5.444248296293733,6.520885866536993,100.80953986934594,35.57510996719513,36.72809860046205,0.0
2.648,9.557238542953124,7.131773805070966,9.866970953529727,100.80953986934594,33.19850492282791,35.514682258090026,2.1218652149578064e-229
2.65,7.353130682913283,5.485192070351657,8.903799517303709,100.80953986934594,35.33130958195712,36.70251757516824,0.0
2.652,1.7770341376155983,1.312016804115258,6.434363857580935,100.80953986934594,38.24163957148163,38.32372321764427,0.0
2.654,3.5419458539451942,2.4850620629132836,7.656086272628457,100.80953986934594,37.705172737525196,38.06919572291471,0.0
2.656,3.9695110907815057,2.5593831994100693,8.547547796030406,100.80953986934594,37.521622846127585,38.047771312194016,0.0
2.658,5.406412039763539,4.139649592393276,1.578913736815409,100.80953986934594,36.751567532562234,37.442769519502406,0.0
2.66,5.508710466602969,4.059245567093819,1.222103805376442,100.80953986934594,36.68773689762402,37.48044656686985,0.0
2.662,6.1591235891200995,4.563090272490277,7.420684909540006,100.80953986934594,36.253882164309125,37.2321463984389,0.0
2.664,6.083691444310088,4.528484766505059,8.552199325108143,100.80953986934594,36.30668154713334,37.250129004608745,0.0
2.666,5.6940237421225595,4.349699902874513,4.347703895717067,100.80953986934594,36.569057852158146,37.34085193299472,0.0
2.668,5.64061929105054,4.031591224756941,6.835198984742443,100.80953986934594,36.603662490878385,37.49323442405291,0.0
2.67,2.2439673921416605,1.5016082443334993,6.251129448322211,100.80953986934594,38.13434936250198,38.293241105630585,0.0
2.672,1.8691138711003092,1.4718764569139695,6.304805736413128,100.80953986934594,38.22245441463793,38.29829292685599,0.0
2.674,6.725300788042251,4.986096095338798,12.293638797440519,100.80953986934594,35.836779365794825,37.00126151541201,0.0
2.676,2.839030541020771,2.1717715017361003,9.0406681012257,100.80953986934594,37.961500252768275,38.15256695645121,0.0
2.678,6.77786140818821,5.27613607641839,13.032239447937455,100.80953986934594,35.796195191390105,36.83112145428173,0.0
2.68,9.085627107624648,6.747378315939624,15.560964296504832,100.80953986934594,33.70183731849143,35.81977097235769,2.7343478443838e-257
2.682,8.06365967085658,6.093274843074542,15.922251779966865,100.80953986934594,34.70473055877599,36.30000969386794,2e-323
2.684,6.225681705718298,4.775894515000508,14.21659652031259,100.80953986934594,36.20675313860489,37.11855228153224,0.0
2.686,3.146999266179164,2.388936203975213,11.999447642526265,100.80953986934594,37.85614818680217,38.09596930354198,0.0
2.688,5.960548835448577,4.234107387196519,15.246304010187368,100.80953986934594,36.39147633369888,37.39756244368105,0.0
2.69,9.151887281284452,6.622084262787936,19.234798741810405,100.80953986934594,33.632667284685,35.91555588723847,2.908414939994539e-253
2.692,11.021661279103835,8.00772164265378,22.31522404555007,100.80953986934594,31.47187238391355,34.75616051867122,6.352909443224718e-155
2.694,8.609216656851034,6.51008569767038,20.75126464159512,100.80953986934594,34.184295026192075,35.999654287191866,3.1261014846125544e-287
2.696,10.328658290222792,7.52214381334762,23.441107166116467,100.80953986934594,32.31989018325452,35.18751575531208,8.017979824734893e-188
2.698,7.426374748441607,5.384410620179116,21.272958632873646,100.80953986934594,35.26939687428242,36.76513915872346,0.0
2.7,6.185742589876556,4.730836661278968,19.58150299596957,100.80953986934594,36.2350944326107,37.14303630488781,0.0
2.702,7.465677475463152,5.747548646064332,18.913476831128314,100.80953986934594,35.23592090012058,36.53404759791946,0.0
2.704,4.619925726261865,3.5549445254270715,17.83726292114386,100.80953986934594,37.202314855646,37.699900616939516,0.0
2.706,6.7554207466462275,4.992988784520241,20.62718441020677,100.80953986934594,35.81356125472396,36.997329853857124,0.0
2.708,2.8510283560563643,2.099282732673544,18.14669210632344,100.80953986934594,37.957598933122874,38.170259053040674,0.0
2.71,4.831683046359453,3.374571367517119,18.287827820630657,100.80953986934594,37.087915500043536,37.77133210395821,0.0
2.712,7.317330341025775,5.278745645507958,18.803263746924916,100.80953986934594,35.3613475285575,36.82954696506958,0.0
2.714,4.61363791775515,3.4913000850832776,10.598998232291615,100.80953986934594,37.20563335104551,37.72552983835543,0.0
2.716,1.137010871272919,1.0595067559535425,13.867493608156948,100.80953986934594,38.34821408240691,38.35794190390402,0.0
2.718,3.392088997390781,2.901584632789718,12.986765809754882,100.80953986934594,37.764557852388556,37.94097882493562,0.0
2.72,5.84512313602226,4.372278033445159,8.966258594252484,100.80953986934594,36.46938097293046,37.32959654087053,0.0
2.722,4.19194132164679,3.2335128628621415,9.799875097676724,100.80953986934594,37.417869018304934,37.824602191957254,0.0
2.724,6.163076707533082,4.646100038054511,7.302890808318392,100.80953986934594,36.2510971774253,37.188452330975366,0.0
2.726,7.2761465997365065,5.434297215810985,5.464431727518108,100.80953986934594,35.39572059080141,36.73428689787478,0.0
2.728,10.017828217440552,7.65324972767732,5.327454050124189,100.80953986934594,32.682181146874505,35.07371620816933,5.903558376883842e-204
2.73,9.078175307444457,7.184562664098265,7.405591548885474,100.80953986934594,33.70958475165227,35.471461931013174,9.590154822821692e-258
2.732,13.853801577032295,10.637675780754963,16.012946250796727,100.80953986934594,27.42135013326411,31.94862915425052,2.624913597917992e-62
2.734,16.975399382061727,12.730025771847881,18.721638758863808,100.80953986934594,21.809519070613774,29.14215712843291,1.5348264314986904e-18
2.736,17.360120897231962,13.234933639118568,20.20368165370846,100.80953986934594,21.024827974773647,28.387727004329797,8.843032821729024e-16
2.738,13.04398288441714,10.139545160710307,18.314064989061823,100.80953986934594,28.676615579260663,32.54164345337652,1.827681252077178e-82
2.74,15.028371218461743,11.558236435942634,19.180842709707,100.80953986934594,25.458323361715742,30.77693986592983,2.092255868397052e-40
2.742,10.935907036481787,8.634684866401724,18.96891636119028,100.80953986934594,31.5798296050769,34.159163978359324,9.170439614666605e-159
2.744,7.910852449108954,6.364019682934963,18.044430349157288,100.80953986934594,34.84437332469209,36.10717459576881,0.0
2.746,5.744475683330851,4.402997807246515,14.728636679364072,100.80953986934594,36.53606647415191,37.3141888360536,0.0
2.748,7.662113455833662,6.0591411608974255,15.807190504334143,100.80953986934594,35.065951353666,36.32372519939221,0.0
2.75,14.818287454683638,11.345984082179793,23.676572240699137,100.80953986934594,25.822062821117612,31.055843512313515,9.317594966119177e-44
2.7520000000000002,21.239016828458027,16.0844962524335,29.143240513061997,100.80953986934594,11.436710668047452,23.543228762479096,0.004166413512574693
2.754,16.231129579333317,12.437138944522175,26.582508132152313,100.80953986934594,23.26556753738498,29.565918193372593,3.5877827323886425e-25
2.7560000000000002,9.592026232415067,8.057320877328316,21.90436034001096,100.80953986934594,33.16036228680779,34.71057655479622,2.0487873015458156e-227
2.758,7.24809439004938,5.979900150612472,20.66662774093534,100.80953986934594,35.419022373357926,36.37826619038694,0.0
2.7600000000000002,5.1176421760573625,4.294486733820566,19.94543975475075,100.80953986934594,36.92528819808402,37.368130548649994,0.0
2.762,2.343011451770965,2.0536398944875107,18.294431260064783,100.80953986934594,38.10838770693505,38.18109080370863,0.0
2.7640000000000002,2.2133175178457742,1.7755380565952117,16.855835112765714,100.80953986934594,38.14215619267793,38.24194328501572,0.0
2.766,4.863097146022434,3.5111583128881922,17.87787235194554,100.80953986934594,37.07050746568191,37.71758276274851,0.0
2.7680000000000002,3.037956259414439,2.312464626987395,15.703310138863097,100.80953986934594,37.89469027535595,38.116514294518005,0.0
2.77,2.7190529455983596,2.3781197185515204,16.627849635492343,100.80953986934594,37.99960822151738,38.09891586748455,0.0
2.7720000000000002,1.520420162097218,1.1004878771102855,17.45069463100087,100.80953986934594,38.28999252812768,38.352883745363904,0.0
2.774,0.9930005327098709,0.9990748871273143,17.259829161807577,100.80953986934594,38.36574204313824,38.36505059286634,0.0
2.7760000000000002,4.704444708069743,3.3779640797361656,16.214636633781762,100.80953986934594,37.15726959151701,37.77002284602283,0.0
2.778,7.584608790588783,5.578468785940091,13.674052890436817,100.80953986934594,35.13354227100805,36.643523318932886,0.0
2.7800000000000002,6.359312128085401,4.748757830540238,11.016982467295177,100.80953986934594,36.11059921446455,37.13332592306847,0.0
2.782,3.6062885825928155,2.8601874094678537,13.546124061578533,100.80953986934594,37.67888715451126,37.954609615213315,0.0
2.7840000000000003,8.293425263941929,6.441435975578809,11.06633901629623,100.80953986934594,34.48971284170674,36.05049224456717,5.604841356164376e-308
2.786,1.0348750609417217,0.8911110268110798,13.336315017868444,100.80953986934594,38.36088975629352,38.37671163837201,0.0
2.7880000000000003,7.614964472917488,5.802382716282523,9.017761100797689,100.80953986934594,35.10715153127461,36.49784094937567,0.0
2.79,5.545310487479064,3.992151073680312,10.21973912550259,100.80953986934594,36.66460885745143,37.511320938488154,0.0
2.7920000000000003,7.931671750142688,5.781940986884943,11.731576714141209,100.80953986934594,34.825505344702364,36.51137875543224,0.0
2.794,8.246526291631051,6.168941144670507,13.71372062107007,100.80953986934594,34.53409401955359,36.24696236281059,4.0801134308606e-311
2.7960000000000003,8.539648759451554,6.371650882297285,13.351992009721977,100.80953986934594,34.2525619335043,36.10161771264594,9.626162690726334e-292
2.798,9.332498840108352,7.090772708178594,11.464863054742887,100.80953986934594,33.44155678797167,35.54803105865362,1.8278337566977112e-242
2.8000000000000003,9.00036603325158,6.900830524573641,15.643641859996531,100.80953986934594,33.79009912018989,35.70000909675955,1.6020299018259762e-262
2.802,10.405364303526449,7.979846501410338,18.39377686361641,100.80953986934594,32.228765522859824,34.781655079937565,5.684287349946828e-184
2.8040000000000003,6.113728398954885,4.444141666715922,14.47934648132902,100.80953986934594,36.28573498729571,37.293383770121395,0.0
2.806,4.040582420824444,2.9990201059479267,11.745133304516044,100.80953986934594,37.48908633091248,37.908123206996066,0.0
2.8080000000000003,3.773955737388348,2.6788209480085747,9.714758170880419,100.80953986934594,37.60816701371315,38.012018527260935,0.0
2.81,6.591689737798545,4.99586957426465,5.524350717015128,100.80953986934594,35.9385208479077,36.99568501079121,0.0
2.8120000000000003,6.058721185273189,4.785365661832165,4.6645055882077395,100.80953986934594,36.32401616055417,37.11337620705316,0.0
2.814,4.884533733981096,3.813014146861511,6.543811884411262,100.80953986934594,37.05856363523538,37.59123097325777,0.0
2.816,3.732333673245306,3.0231944183484765,6.229075182382133,100.80953986934594,37.62602267997287,37.89980349322989,0.0
2.818,4.709192570008949,3.474824785449288,5.330384766107096,100.80953986934594,37.15471492822326,37.73208887646308,0.0
2.82,1.2950155443350029,0.7492182070357285,10.576355148380847,100.80953986934594,38.32625593167194,38.39001143218471,0.0
2.822,2.3506434456351157,1.6499158021255758,12.121114113066113,100.80953986934594,38.106340660517255,38.26653278490929,0.0
2.824,7.001514125300825,5.075602436758331,17.124834535139957,100.80953986934594,35.61996436279147,36.94978315540163,0.0
2.826,2.315565446880111,1.787754633174773,13.011748118067276,100.80953986934594,38.115694225472744,38.23945576125666,0.0
2.828,5.504553932043408,4.164460974797703,14.768610923301127,100.80953986934594,36.69035377278976,37.430993716968274,0.0
2.83,0.8528675670997482,0.6504919869293755,10.898276859495038,100.80953986934594,38.38052275470123,38.3979077236038,0.0
2.832,5.120222546953567,3.707547585407396,13.683486878748708,100.80953986934594,36.923778127170365,37.63656168576652,0.0
2.834,7.915896691122077,5.719600567209902,18.864367514224426,100.80953986934594,34.83980642890672,36.552369147211564,0.0
2.836,6.5523074782725645,4.768812120648907,18.361505399497744,100.80953986934594,35.968119198884644,37.12241617344628,0.0
2.838,5.2021767645896855,3.815354035235263,17.284341559269972,100.80953986934594,36.8754209590977,37.590210840486186,0.0
2.84,1.2588869009303367,0.9720995313219152,11.939349730506548,100.80953986934594,38.33152840319871,38.36808900848288,0.0
2.842,3.274200375393098,2.647000469403632,9.72197919129719,100.80953986934594,37.80947019660061,38.02170309852508,0.0
2.844,6.436689428900121,4.577568987798939,17.681616617128384,100.80953986934594,36.05398730611441,37.22458194921845,0.0
2.846,7.027841699576006,4.887652068984649,19.695821408094048,100.80953986934594,35.59884198095676,37.056821811539855,0.0
2.848,0.8205178069847753,0.682358436756346,13.493207414376498,100.80953986934594,38.383616044510035,38.395480736941984,0.0
2.85,7.364207676647868,5.455286760630726,13.575901965447162,100.80953986934594,35.32198576016869,36.72122083159149,0.0
2.852,10.598037153123345,7.951313314649983,13.587479275888331,100.80953986934594,31.99687044703524,34.807659104644756,1.5754272902895995e-174
2.854,14.150954740945037,11.086673573516276,17.307653788987906,100.80953986934594,26.94083959193318,31.389457869117695,5.286475981231712e-56
2.856,10.082549485211173,8.236307513012918,13.949596722124678,100.80953986934594,32.60766536877376,34.5437306763491,1.5850075282464512e-200
2.858,9.93208234202617,7.881375889587373,9.786838795062852,100.80953986934594,32.78015797800366,34.871002063467884,1.4867587764058138e-208
2.86,7.021074859806799,5.500282606910402,5.6592572836155295,100.80953986934594,35.60427854289537,36.69304085793394,0.0
2.862,13.359557134341982,9.886257674649897,5.9421655846932735,100.80953986934594,28.196832047691274,32.83217099182833,4.557272898557385e-74
2.864,12.68123673003436,9.683003121396391,9.084267598417952,100.80953986934594,29.213451785597083,33.0599517434126,5.034568387952493e-93
2.866,7.534780473779528,6.100706475960707,8.274832811887205,100.80953986934594,35.1766330372509,36.29482863608212,0.0
2.868,11.195205740145143,8.85848694139475,11.159648425467546,100.80953986934594,31.250778936019703,33.93511728766063,2.3824122275799776e-147
2.87,7.938499594496336,6.356257252652815,11.134828126856286,100.80953986934594,34.81930661647584,36.112820195658216,0.0
2.872,6.128172401634178,4.976798942107751,10.998977041246464,100.80953986934594,36.275625538954216,37.00655609768522,0.0
2.874,2.000357445863368,1.9091599839575648,8.720290501622825,100.80953986934594,38.19343431559196,38.21380827838417,0.0
2.876,8.169195976875251,6.176912100767239,10.98912367700075,100.80953986934594,34.60672111201689,36.241335999271186,2.5472661e-316
2.878,10.468897960574383,7.700002398616142,11.482294023421778,100.80953986934594,32.152773534681224,35.0326580431333,8.029626610649609e-181
2.88,5.822354588510124,4.602238072683825,9.518587166452114,100.80953986934594,36.4845681139122,37.21163827622387,0.0
2.882,7.872061969062638,6.224451242021439,14.24112653566463,100.80953986934594,34.879395403526644,36.20762901814977,0.0
2.884,2.446160584321737,2.2002459060250374,10.309558410306028,100.80953986934594,38.080158038937846,38.14545300054144,0.0
2.886,7.45174020892258,5.768712034197602,16.262885543072535,100.80953986934594,35.247812196065055,36.520114309687656,0.0
2.888,12.187589276668307,9.096890992883864,22.14366031748405,100.80953986934594,29.918988403416154,33.69011443063518,4.869585834342113e-109
2.89,13.595035372453083,10.179314438381383,24.79721861584866,100.80953986934594,27.831039421620353,32.49535359993693,2.9317384839657152e-68
2.892,10.677500575424622,8.077927250002178,22.94490861356187,100.80953986934594,31.89997785634452,34.691555307218266,9.91052815790683e-171
2.894,3.1859798954462986,2.571028508986934,15.84161284227505,100.80953986934594,37.842040352241895,38.044357123154356,0.0
2.896,5.272514689544426,3.9919434676121837,18.54989819008961,100.80953986934594,36.83330513490566,37.5114156720953,0.0
2.898,6.266479723947514,4.6839004621953615,20.200592058516673,100.80953986934594,36.17761375083767,37.168294032782605,0.0
2.9,3.2679077045041165,2.4422954378138937,17.204737455273456,100.80953986934594,37.81182286124178,38.08123777772447,0.0
2.902,5.661065071359013,4.398087499975397,15.767509940003862,100.80953986934594,36.590452745052374,37.31665888059788,0.0
2.904,5.232936436817869,3.8870413717104486,16.047168113823435,100.80953986934594,36.857072825327045,37.55865353672235,0.0
2.906,7.769539109804458,5.712999391586018,17.438522329123234,100.80953986934594,34.9711270336287,36.55668353870147,0.0
2.908,5.633010279636304,4.048733793126732,14.555777681377217,100.80953986934594,36.60856635463125,37.48531770088138,0.0
2.91,8.233422155597738,6.183440142234484,20.473363833237226,100.80953986934594,34.54644949538811,36.23672270933645,5.387450464143e-312
2.912,4.793635709062523,3.7026865229282175,18.24023206588952,100.80953986934594,37.1088481529521,37.63862036236846,0.0
2.914,5.247034717172767,3.9234548664875564,17.439692690354935,100.80953986934594,36.84862702266671,37.542398978780746,0.0
2.916,9.782406550279982,7.248811337512026,21.98368330833925,100.80953986934594,32.94914927407205,35.418427958990605,9.826443472347965e-217
2.918,12.764882706843167,9.540976704954165,26.790344408684053,100.80953986934594,29.091048431034586,33.21628720029081,1.6810156645701568e-90
2.92,8.642584485545868,6.565713016374118,24.056204572937496,100.80953986934594,34.1513537864584,35.95806400415789,4.433750399530976e-285
2.922,7.166651795972246,5.499360302458764,21.680869192876695,100.80953986934594,35.48616207535118,36.69362080436524,0.0
2.924,5.993123831710436,4.532306198993626,22.44532540200294,100.80953986934594,36.36921440696605,37.24814994128382,0.0
2.926,4.311338630760895,3.2806136838825246,19.134267807563624,100.80953986934594,37.35984166996602,37.807067770497504,0.0
2.928,5.130609094887346,3.7375338919145435,16.646515180524368,100.80953986934594,36.917692061724836,37.62380263981735,0.0
2.93,1.2227894896951355,0.9163981741737769,17.78545445923469,100.80953986934594,38.33664733128467,38.37409987083046,0.0
2.932,3.799103783247843,2.86434372465313,21.112301968355442,100.80953986934594,37.59728261948256,37.95324992005446,0.0
2.934,8.206480314265177,6.127876113404808,26.62496608803391,100.80953986934594,34.57179014611774,36.275833152944784,8.3205535614e-314
2.936,8.626808390122255,6.38744769874605,28.085348198344846,100.80953986934594,34.16694414643667,36.09009360043908,4.269918622170448e-286
2.938,6.905571790707023,5.565819951536118,27.31481318540325,100.80953986934594,35.69626579711294,36.65158162599703,0.0
2.94,4.820881334985955,3.773984621299512,24.091488338057626,100.80953986934594,37.09387515399171,37.60815455387105,0.0
2.942,5.186241565547939,3.8965728502637655,24.363890289022844,100.80953986934594,36.8848837277672,37.554413446363284,0.0
2.944,8.50891704342028,6.393986217743268,27.63425921871161,100.80953986934594,34.282541785272926,36.08531524894085,9.542739775028736e-294
2.946,6.211521958331349,4.784835973582433,25.94708891737791,100.80953986934594,36.216821972509464,37.11366595777421,0.0
2.948,3.652187852041648,2.8743969514424665,24.806948757456883,100.80953986934594,37.65984689173501,37.949952946514735,0.0
2.95,0.6298490269215449,0.5851951536509077,21.738329475466653,100.80953986934594,38.39941797675003,38.40251827248956,0.0
2.952,1.6685822555633987,1.5284983365136633,20.614548660403752,100.80953986934594,38.26299307707369,38.2885851173618,0.0
2.954,4.816967667897862,3.675500485694488,17.134595244365663,100.80953986934594,37.096031156618125,37.650083931597266,0.0
2.956,7.119095995111545,5.2876201015816395,14.075651030324,100.80953986934594,35.525014508781915,36.82418671146125,0.0
2.958,10.486584754969932,7.900435796216058,10.481017195902123,100.80953986934594,32.13153535736059,34.85379498701645,5.9602128983027335e-180
2.96,10.907129651364047,8.00366349918171,8.277155832201652,100.80953986934594,31.615866402288372,34.75987763839193,4.560465258656163e-160
2.962,12.335478669290266,9.2983237129594,5.678580723370217,100.80953986934594,29.71063573268026,33.47800672685861,4.894646268621355e-104
2.964,10.108947101428935,7.380487477774892,6.907816113295267,100.80953986934594,32.57713391919153,35.308257050664345,3.8733026515633247e-199
2.966,12.24976715863569,9.4951794846225,4.690313716558444,100.80953986934594,29.83170329291982,33.26620250013393,6.490219156025624e-107
2.968,16.315690770627,12.510064192288848,6.480962874679477,100.80953986934594,23.10409618897701,29.461355044353745,2.5308306779983937e-24
2.97,16.443305818741067,12.593668981376956,7.062725091891753,100.80953986934594,22.858524778251134,29.34070612019842,4.3167492455302964e-23
2.972,11.6668344362723,8.958536123787864,4.542746585689101,100.80953986934594,30.632206333238532,33.833095292283595,4.285384670292985e-128
2.974,14.257644872537393,10.942842549962748,10.16420296759942,100.80953986934594,26.765678814600413,31.571130146794765,7.141495861140382e-54
2.976,14.502899746005367,10.826175246508173,11.148493366289816,100.80953986934594,26.357702711672317,31.716726666172292,3.139022818163838e-49
2.978,11.79248376879546,9.174034236370524,6.835485847095362,100.80953986934594,30.46302731319599,33.609435016933105,2.745297806082808e-123
2.98,9.389521492706788,7.477779736060646,7.637177162876315,100.80953986934594,33.380438940031,35.22557716179068,4.1330682470441695e-239
2.982,10.027271885124183,7.875935162768149,6.67488632413845,100.80953986934594,32.67133849329141,34.87590624251942,1.8780635348897284e-203
2.984,10.678953387081181,7.961357834846883,5.834198563237991,100.80953986934594,31.89819957652002,34.79851558301548,1.1615202163853567e-170
2.986,10.525366662672972,8.21796737987533,7.789469277997993,100.80953986934594,32.08483948927259,34.560995967636565,4.7257245397819496e-178
2.988,8.732178948939255,6.688321665032394,6.209842898097114,100.80953986934594,34.06227140906048,35.86514274687979,2.4251012268455235e-279
2.99,15.076771046779445,11.38719132967196,13.914034566469743,100.80953986934594,25.373729868129267,31.002107424397828,1.1503020908182338e-39
2.992,17.142053512738716,12.935663557726919,17.46234259164185,100.80953986934594,21.472385458457875,28.838557873194226,2.7076923727829317e-17
2.994,12.959993633437877,10.152729550752667,14.530958489639119,100.80953986934594,28.802304976378874,32.526317610722664,8.034057257166729e-85
2.996,16.40211051921899,12.614455335162743,19.435084883973442,100.80953986934594,22.938047007084933,29.310581326627943,1.7529357443831243e-23
2.998,12.529803966889451,9.619315472711023,15.981222561361433,100.80953986934594,29.432943348970284,33.13034357660331,9.887456002819344e-98
3.0,11.347881198516593,8.957818360058123,15.541206836103369,100.80953986934594,31.053373934184812,33.83383131087112,6.634033865576472e-141
3.0020000000000002,12.051333158791863,9.195612498250007,16.201703818499603,100.80953986934594,30.10867500358907,33.58674498901656,8.324817975710397e-114
3.004,16.45808327342775,12.492137762314231,22.091394818781385,100.80953986934594,22.82994055986313,29.487116888097297,5.944525619816892e-23
3.0060000000000002,12.244361006092292,9.283052331138816,19.237680547392994,100.80953986934594,29.839310488236677,33.49425112886974,4.253722874311097e-107
3.008,9.271630626375872,7.530201992628238,18.273872496127918,100.80953986934594,33.50638301081442,35.180578150656196,4.4890342633702285e-246
3.0100000000000002,8.610204951909049,6.834524783252551,18.43215731426594,100.80953986934594,34.183321205379194,35.752088529893356,3.621167662039159e-287
3.012,10.28063473789378,7.927448156369899,20.362801649855083,100.80953986934594,32.37659426697196,34.82933709849433,2.9301778369374824e-190
3.0140000000000002,13.582687041447,10.330349272542803,23.45635511347849,100.80953986934594,27.850387311157654,32.317888682622666,1.4858066852206303e-68
3.016,9.949811412652233,7.591872146127649,20.772156460534656,100.80953986934594,32.759969642256415,35.1272372477784,1.3438302288129379e-207
3.0180000000000002,4.879869354303875,3.665407079413042,13.424510238746512,100.80953986934594,37.06116696416082,37.65431851786958,0.0
3.02,7.400437813640321,5.300614189560192,10.946475532499909,100.80953986934594,35.2913915446676,36.81632190334608,0.0
3.0220000000000002,9.690279669362726,7.482405256405018,17.100298481147437,100.80953986934594,33.05187943451063,35.22161931667523,7.281204619575081e-222
3.024,8.098185332857357,6.288111490123528,16.586097313596788,100.80953986934594,34.67280803146751,36.16208624951056,3.923e-321
3.0260000000000002,13.334654932536173,10.133532190558693,18.018244201581393,100.80953986934594,28.235125439361614,32.54862639788002,1.051873320205656e-74
3.028,14.035883557994087,10.425207774488111,21.214581594945113,100.80953986934594,27.12819477406201,32.20508113180843,2.2256411568977205e-58
3.0300000000000002,10.413528087305284,7.871514631479746,22.546331738701042,100.80953986934594,32.21902706929158,34.8798883329555,1.4502285103517528e-183
3.032,10.237067466803076,7.611488872007353,24.324127423578346,100.80953986934594,32.427805750411636,35.11017852134827,1.731071713083392e-192
3.0340000000000003,15.391199442689224,11.701779782619074,30.03506368361099,100.80953986934594,24.81685757607618,30.585339957761207,3.9042152259461365e-35
3.036,15.445132549659455,12.173127829674863,32.017116450250604,100.80953986934594,24.720055242061786,29.93922415473579,2.0983757910554944e-34
3.0380000000000003,20.314046697639768,15.960355407474735,39.47897861436283,100.80953986934594,14.079980416805906,23.77600383410266,0.0001739712947347377
3.04,12.99076009371372,10.356497613872575,33.96719303436847,100.80953986934594,28.756360686737676,32.286896550507194,5.948333942579227e-84
3.0420000000000003,11.335162900646665,8.982446137074831,33.47107308773897,100.80953986934594,31.06992200549767,33.808543295865746,1.9619462488183115e-141
3.044,8.390829767198117,6.568944091194487,31.399162591798547,100.80953986934594,34.39673019848837,35.95563736814072,1.6586371070623309e-301
3.0460000000000003,5.113584813352576,4.330859059633672,28.47105588164385,100.80953986934594,36.92766108551127,37.35019962819133,0.0
3.048,2.5520302739899274,1.969650351839028,26.06847914098879,100.80953986934594,38.04991906956296,38.20040058548773,0.0
3.0500000000000003,3.250123984482246,2.326258861956797,24.167873053759546,100.80953986934594,37.81844725169155,38.11285772409064,0.0
3.052,8.095982377984738,5.875684070637055,17.70881330421835,100.80953986934594,34.674848977919915,36.44890284253584,2.78e-321
3.0540000000000003,12.110009187532322,8.642729187890264,18.407583857719672,100.80953986934594,30.027257599389028,34.15121065529567,9.817476630011044e-112
3.056,10.4420673845118,7.751907606819942,19.21177461497708,100.80953986934594,32.18492233815655,34.986781142958165,3.791219192775117e-182
3.0580000000000003,5.906855239382453,4.251711333951395,18.793530000872465,100.80953986934594,36.42790566239713,37.38902446607699,0.0
3.06,6.455547027404185,4.542363088457292,17.33870917715654,100.80953986934594,36.040086504343684,37.24293364462929,0.0
3.0620000000000003,2.9002972074422546,2.2796981835293124,18.215828172440368,100.80953986934594,37.94140568480674,38.125112817312505,0.0
3.064,3.284072151932189,2.632852062795191,20.267675962353767,100.80953986934594,37.80577027627891,38.025971996251606,0.0
3.0660000000000003,3.0300325419397143,2.2566465698855196,17.67083080484813,100.80953986934594,37.897437995905165,38.131088451037066,0.0
3.068,5.284374805468139,3.760133169940914,15.201982959436888,100.80953986934594,36.8261479455931,37.61411879856295,0.0
3.0700000000000003,6.8624439562088995,4.829763464096174,12.672931440902584,100.80953986934594,35.73022099697902,37.08897557100803,0.0
3.072,9.945236591533476,7.503696847606296,12.428711470728205,100.80953986934594,32.76518252889164,35.203369434832496,7.618880892621941e-208
3.074,15.429930855696155,11.383684766038874,2.250024384238142,100.80953986934594,24.747378443961132,31.00668784490467,1.3103043419780663e-34
3.076,14.824016914939879,10.723673959623541,5.175698573294217,100.80953986934594,25.812216819123112,31.843340681995237,1.1580966995700712e-43
3.078,15.890873496421198,12.303821593944015,7.874983086500291,100.80953986934594,23.905378552394467,29.755452133881025,7.379049176181541e-29
3.08,12.745122090036123,9.98027632140334,3.0481928787113257,100.80953986934594,29.12003996181346,32.725194042922936,4.307700901645927e-91
3.082,9.1197143604293,7.231476607453023,3.735903664146269,100.80953986934594,33.666316230853624,35.43278350584744,3.256513365967174e-255
3.084,8.477850879277629,6.451679957274395,5.04488878519756,100.80953986934594,34.31273757891959,36.04294041930535,8.860121197727311e-296
3.086,6.064983011804361,4.661234621407152,5.998062677577355,100.80953986934594,36.319675842325864,37.18040094543708,0.0
3.088,10.708961044238576,7.899777768848044,2.423026751197707,100.80953986934594,31.86141467270911,34.854389741893456,3.052004167592208e-169
3.09,10.139060333259572,7.6607115333877935,4.917036165649327,100.80953986934594,32.54220664504652,35.0671800739797,1.4590528980023665e-197
3.092,11.879879494895043,9.437111201889094,9.441800121822347,100.80953986934594,30.344264862785202,33.32914463975149,5.0449037140367245e-120
3.094,18.301219261536794,14.21142745154582,15.835990942794085,100.80953986934594,19.0042089260597,26.841729026143433,1.4395711614786614e-10
3.096,16.73623074399012,12.98116216503644,14.382466711397827,100.80953986934594,22.2861144912289,28.770705599054796,1.7887260947587377e-20
3.098,15.786536345826006,12.179853933978487,15.170458679057752,100.80953986934594,24.098436113691175,29.929815446370206,4.420957218428965e-30
3.1,18.14552461399761,13.994992257542236,19.519217113773465,100.80953986934594,19.34905036448902,27.194382577252874,2.6812250310143566e-11
3.102,19.330948482607127,14.883855847646952,22.30988867207954,100.80953986934594,16.603568979815584,25.70913700312676,8.652401095947304e-07
3.104,19.05935059419763,14.63091732535121,23.994739658283443,100.80953986934594,17.258384538996847,26.14178326506647,1.254124604043222e-07
3.106,19.92552832289693,15.986332853032831,26.77722008494522,100.80953986934594,15.108288368286063,23.727466752015722,2.833818780546718e-05
3.108,20.668585241348133,16.496688270132996,30.391632260225926,100.80953986934594,13.10160982665088,22.755120863104025,0.0006974693967122601
3.11,24.964253451315354,19.91688991700811,37.85013499202609,100.80953986934594,-3.347098305826103,15.13066694748037,0.31526414882748716
3.112,22.44135109577253,17.979026885319914,38.02553310887309,100.80953986934594,7.482364889661479,19.71302160487739,0.04712296921357044
3.114,24.7084744359741,20.009398948374955,42.3777874922859,100.80953986934594,-2.082042134068182,14.889947932569665,0.28897056957754613
3.116,20.009449783514185,16.639860007608924,40.5349503102056,100.80953986934594,14.889815002291936,22.475791729312157,4.314380071182802e-05
3.118,20.637608651609874,16.871924882270083,43.43779063271901,100.80953986934594,13.188718485636372,22.016749324303685,0.0006234989526085737
3.12,17.099508255133916,14.616677390348263,42.467513445481366,100.80953986934594,21.558851855109182,26.165901903318947,1.3241660541937702e-17
3.122,17.417278923887526,14.611928148412247,44.39008096567263,100.80953986934594,20.90629041750992,26.173940217064263,2.1013160681051888e-15
3.124,18.889792464093656,15.792174465927749,48.02886284501206,100.80953986934594,17.658969781391267,24.088040957958412,3.322880941762399e-08
3.126,14.793946677263635,12.551149582763001,44.3336851379641,100.80953986934594,25.863846038826264,29.402168530523497,3.682548664424102e-44
3.128,13.755199805946067,11.477830407997077,44.44078580817362,100.80953986934594,27.578417209319394,30.88321330541978,1.5963299792157126e-64
3.13,9.94460367208986,8.350504677464173,41.48077320362822,100.80953986934594,32.76590353337273,34.43535687430113,7.043369808797754e-208
3.132,11.637470229536014,9.08002636624337,41.13064267400661,100.80953986934594,30.67147728096348,33.70766085307933,3.085074806306146e-129
3.134,14.651400705527454,11.6939425662371,47.038031925769914,100.80953986934594,26.10704546873444,30.595863131308775,1.3848574011195468e-46
3.136,11.162638739787868,9.353880811322414,44.63562742585998,100.80953986934594,31.29253593010423,33.41868313113419,9.45963190455937e-149
3.138,7.036595205276736,5.621909335669522,39.12006505456768,100.80953986934594,35.5918015212065,36.61570881619435,0.0
3.14,6.011898260811031,4.486657891695711,35.854016998148936,100.80953986934594,36.356328672777465,37.27168132667799,0.0
3.142,6.070224162136837,4.174117079918875,35.58927997827349,100.80953986934594,36.31603954335268,37.4263917731973,0.0
3.144,5.424684872033064,3.69651063896712,33.241259290915934,100.80953986934594,36.74025378383523,37.64123197331611,0.0
3.146,9.142067488470321,6.571742534019558,31.68037728449276,100.80953986934594,33.642950225019085,35.953534685502305,7.397282009470066e-254
3.148,10.284043410024951,7.5778801105106695,32.505042501651964,100.80953986934594,32.3725782554777,35.13937776410855,4.370710315770347e-190
3.15,6.020380226198792,4.63498925471027,36.85634629676197,100.80953986934594,36.350493883921,37.1943464329767,0.0
3.152,10.266814177278818,7.6398272454114755,29.149788114014108,100.80953986934594,32.39286352931554,35.08545748909474,5.77756120286082e-191
3.154,17.76520619892245,12.77365376947454,20.0173320921743,100.80953986934594,20.173402940422957,29.078165239757745,2.7235555359006263e-13
3.156,13.891552901683209,10.267707065394392,21.90381402884136,100.80953986934594,27.36090170252492,32.39181310857213,1.7819657759448508e-61
3.158,12.995743460126862,9.744344072280203,18.662178240762387,100.80953986934594,28.74890829901573,32.99171125362318,8.21416373486242e-84
3.16,11.989867746278136,8.815580371491743,19.186753549653023,100.80953986934594,30.193529431834815,33.978517082649546,5.243798831669635e-116
3.162,13.410474100137316,10.262931249540774,16.878916432904624,100.80953986934594,28.118302697191137,32.397430451052244,8.853388273491216e-73
3.164,6.9737250474152885,5.443901612391106,20.06273237982216,100.80953986934594,35.642173112576614,36.72831438397449,0.0
3.166,10.680303080219709,7.9846507718428406,16.34852167160502,100.80953986934594,31.896547297175438,34.77726746374835,1.346007368134685e-170
3.168,14.706083905547532,11.04506163828757,10.592307909378052,100.80953986934594,26.0140510373088,31.44226491794498,1.2149700046500945e-45
3.17,15.543998452856336,11.633674048547652,7.320765774887654,100.80953986934594,24.541619818098326,30.67654684145765,4.231345272678824e-33
3.172,17.777325580238195,13.568350124129445,4.236461991417386,100.80953986934594,20.147515604417606,27.87282791902347,3.188153692789691e-13
3.174,17.265943080749032,13.26042364999254,3.5385306980566598,100.80953986934594,21.219020811934783,28.348833477080156,2.0348433615277545e-16
3.176,13.524979072359875,10.609913503431171,5.7905795051512845,100.80953986934594,27.94056277503424,31.98243571321673,6.009819719778524e-70
3.178,14.246474612327223,11.309445031153846,8.438264354093628,100.80953986934594,26.78408343233942,31.103326526888093,4.3044864351039784e-54
3.18,10.986024700805656,8.868313201166396,7.1855555958022945,100.80953986934594,31.516839541658733,33.925148268403724,1.6399889495190622e-156
3.182,8.127173030984398,6.520783225831839,8.418986336409423,100.80953986934594,34.645900219487864,35.99168370992997,3.6484e-319
3.184,6.602255009969426,5.1049894035079,8.282083296287938,100.80953986934594,35.93055012586652,36.9326817594967,0.0
3.186,10.081782756928517,7.738901385924737,5.980288998430147,100.80953986934594,32.608550962151284,34.99830583830904,1.444188837102904e-200
3.188,9.489343289575576,7.161727707655509,4.833320660633573,100.80953986934594,33.27254611491731,35.49019702033634,2.6537575359964807e-233
3.19,3.8812854464378597,3.0636626696932825,12.814474232842173,100.80953986934594,37.561209036268096,37.885726604505344,0.0
3.192,6.724609267793847,5.094230458784946,10.789976298935356,100.80953986934594,35.83731120675677,36.9389542652219,0.0
3.194,4.147877542741143,3.2268252429392423,10.981563363178024,100.80953986934594,37.43887223038864,37.82707125740552,0.0
3.196,7.28867960339519,5.397093600503668,11.48795741453302,100.80953986934594,35.385280794323016,36.75732239583707,0.0
3.198,11.190940262020927,8.245558229255252,8.712826184087806,100.80953986934594,31.256255102670952,34.53500744969685,1.5632605151115297e-147
3.2,9.032888628057215,6.670137076560913,11.93780859343024,100.80953986934594,33.756530615425376,35.87903305356308,1.6112033691151639e-260
3.202,9.211389702085823,6.819414711077028,10.536872369629357,100.80953986934594,33.57012096966355,35.76388615475086,1.1222575762175296e-249
3.204,12.06468102377066,9.379443049246944,12.07939444860408,100.80953986934594,30.090189361666532,33.391268444804695,2.4782189683427444e-113
3.206,8.847503855965908,6.845762942515078,11.337795311151238,100.80953986934594,33.94624679339357,35.743297046973936,4.829521510765984e-272
3.208,5.80674581039443,4.406358468244996,14.932254098404135,100.80953986934594,36.49494523794294,37.312496724467216,0.0
3.21,4.259274352467902,3.249179734444882,8.623531431626823,100.80953986934594,37.385345490427156,37.81879797153308,0.0
3.212,5.782664311512861,4.168294105755923,11.672524070783515,100.80953986934594,36.510900540477735,37.42916818498291,0.0
3.214,4.572611777081707,3.406132698135108,12.159068341459053,100.80953986934594,37.22717455868113,37.75910166716119,0.0
3.216,5.66493450802608,4.078790542987515,12.995540135999933,100.80953986934594,36.587947368997405,37.471355875019796,0.0
3.218,6.31672766908688,4.642332848567404,14.970498444154464,100.80953986934594,36.14146292787359,37.19045235013075,0.0
3.22,8.089668707035578,6.160589372344909,16.122900508562893,100.80953986934594,34.68069524545297,36.25284972322661,1.04e-321
3.222,5.692251310959348,4.416399571716491,15.520762463040347,100.80953986934594,36.570211577115735,37.30743327698151,0.0
3.224,6.720490874571809,5.085081837912553,16.712263514772587,100.80953986934594,35.84047748489679,36.94427752665142,0.0
3.226,6.44333627326874,4.753812996588675,18.110498284844276,100.80953986934594,36.04909226023325,37.13058019530387,0.0
3.228,3.1050266504200406,2.162432066689407,13.030757577541149,100.80953986934594,37.87114464890743,38.154880108143196,0.0
3.23,4.148758685650534,2.935185706273696,15.266976609209228,100.80953986934594,37.43845440518487,37.92977101601627,0.0
3.232,2.1589207732418263,1.6539750784894232,12.379028426281645,100.80953986934594,38.15574719161768,38.2657664153817,0.0
3.234,3.686541007479195,2.6519162695842566,9.057543730283983,100.80953986934594,37.64543865266801,38.02021453279358,0.0
3.236,3.820789296659072,2.646704913174006,12.408752197864676,100.80953986934594,37.587838786320575,38.02179250861045,0.0
3.238,1.9695347001099623,1.4180400405286375,9.848735964885389,100.80953986934594,38.200426618739,38.3071833423571,0.0
3.24,1.5871530758424888,1.2083522630138932,10.665434483876062,100.80953986934594,38.27814238058022,38.338652964728496,0.0
3.242,0.7127619351889721,0.6807594455873629,11.077854782916939,100.80953986934594,38.39305698737015,38.39560528354141,0.0
3.244,1.2790987963254719,0.7469906984186793,12.343291714297921,100.80953986934594,38.328597142855045,38.39020187495879,0.0
3.246,1.7587851272866335,1.3782869672115523,10.01547623888245,100.80953986934594,38.245326759983136,38.31353546106528,0.0
3.248,1.8517343226936347,1.5008985215210204,13.534469915413553,100.80953986934594,38.226149701441344,38.293362873926064,0.0
3.25,9.503711713056394,6.854772953809814,19.597716946752556,100.80953986934594,33.25692138284058,35.736238165523716,1.7906656790641777e-232
3.2520000000000002,8.028669473191352,5.838985796362003,20.9800090393165,100.80953986934594,34.73694295830367,36.473480561079484,0.0
3.254,8.241870316432866,5.990613677737334,20.987841593211552,100.80953986934594,34.538486250432015,36.37093417984253,1.9878397311374e-311
3.2560000000000002,8.606511794569949,6.167009115045567,23.062329066969596,100.80953986934594,34.186959699752315,36.248325006007484,2.090397216064696e-287
3.258,7.817051496912398,5.827572713933588,22.02016908823027,100.80953986934594,34.92876562549226,36.48109274709591,0.0
3.2600000000000002,10.502395487730693,7.803199695770865,20.71129388696727,100.80953986934594,32.11251927081682,34.94114245944041,3.557487603366027e-179
3.262,6.7877157734143845,5.419459638223144,15.160849747459366,100.80953986934594,35.788551000806535,36.74349292414715,0.0
3.2640000000000002,1.7745571078293323,1.4475266977519592,13.51625188327499,100.80953986934594,38.242142284713566,38.30235501721908,0.0
3.266,3.141359451771213,2.169022663790704,15.750566752983307,100.80953986934594,37.858174958227345,38.15324881235954,0.0
3.2680000000000002,3.059821636228016,2.0213488755097,15.777892154904551,100.80953986934594,37.88707075055713,38.18861013973542,0.0
3.27,8.39085027560392,5.870362299322595,20.524004524740636,100.80953986934594,34.396710506323004,36.45247651894112,1.6638235037571514e-301
3.2720000000000002,4.583480259327518,3.291639063962101,20.376489032503276,100.80953986934594,37.22148669374119,37.802926670805014,0.0
3.274,7.781400949868146,5.78871414305842,22.981071708460995,100.80953986934594,34.96057544004913,36.50689844202204,0.0
3.2760000000000002,12.444447999416656,9.16363290712724,25.099912789065748,100.80953986934594,29.555466484898613,33.62035309746712,1.8304761702913264e-100
3.278,7.088456443091545,5.435846492162962,21.865835378552664,100.80953986934594,35.54990927359704,36.7333241912768,0.0
3.2800000000000002,9.861292120910527,7.233911012868695,18.665187566283198,100.80953986934594,32.86040595943325,35.43076956192473,2.125950356217386e-212
3.282,6.025733691668453,4.508346149728687,20.489649766117495,100.80953986934594,36.34680696648393,37.260530899875256,0.0
3.2840000000000003,5.9737922088518784,4.268234312981617,21.933754161872862,100.80953986934594,36.38244039732556,37.38097851649522,0.0
3.286,6.277792653681696,4.528061198923695,21.948417160683963,100.80953986934594,36.16949989956677,37.25034826115629,0.0
3.2880000000000003,4.701448868105001,3.483245665337385,18.530358088031885,100.80953986934594,37.15888022437164,37.72874028853139,0.0
3.29,6.336478775126285,4.775324141413383,15.689265419708292,100.80953986934594,36.12717384872496,37.118863668678955,0.0
3.2920000000000003,6.984972276758016,5.135268428361611,15.445775777139657,100.80953986934594,35.633195102777805,36.91495788423594,0.0
3.294,9.03035192335797,6.681713019533966,9.077226742892154,100.80953986934594,33.759153276542555,35.870195146393,1.1252673052827553e-260
3.2960000000000003,11.421553517494253,8.343796533134089,7.831587905879246,100.80953986934594,30.957146233481122,34.441764360321535,7.225930421591401e-138
3.298,9.857066331342718,7.37357148512559,6.360204134148575,100.80953986934594,32.86517802462558,35.314093000638856,1.2493375785010109e-212
3.3000000000000003,12.34287158037357,9.19725789552121,1.42401600895393,100.80953986934594,29.700152703206356,33.58501261661304,8.61252682475983e-104
3.302,11.134805629237611,8.610211140885372,4.720073998559626,100.80953986934594,31.328125379275242,34.18331510669081,5.902242999912911e-150
3.3040000000000003,10.558983491553196,8.245584564884933,2.1496610170430346,100.80953986934594,32.044221726831864,34.53498260173276,2.0415608776028822e-176
3.306,9.958463668080656,7.824129437372145,3.594935801610041,100.80953986934594,32.75010401892261,34.92243285775727,3.926089373975969e-207
3.3080000000000003,14.24074245954542,10.753183281670593,8.980413230338591,100.80953986934594,26.793522018684385,31.80701445040021,3.317449293506761e-54
3.31,10.035403473714496,7.823087870466988,6.220868421319497,100.80953986934594,32.66199403417107,34.923365128220766,5.0799035066862367e-203
3.3120000000000003,9.883826719589953,7.696595549829311,7.698368689799671,100.80953986934594,32.83492345993318,35.035658407121765,3.5984880942544733e-211
3.314,3.4272382939598405,2.7146018229467175,6.789866200017108,100.80953986934594,37.750859422010194,38.00099035593701,0.0
3.3160000000000003,3.3175299898962276,2.5918021507117013,3.702193135242148,100.80953986934594,37.793147478154275,38.038228184436534,0.0
3.318,1.9507675151762354,1.4276073135115395,5.520587783971789,100.80953986934594,38.204630867304196,38.30562762915391,0.0
3.3200000000000003,7.063799059872725,5.155481431085609,9.745421114965977,100.80953986934594,35.56986535289317,36.903067782040814,0.0
3.322,11.611590741076151,8.489063556455868,17.452298000979244,100.80953986934594,30.70600431718257,34.301851835563,2.9924372634012285e-130
3.3240000000000003,8.057880769945825,5.974292541804175,14.769628520328528,100.80953986934594,34.710060375718015,36.38209862716037,1e-323
3.326,8.474776690552279,6.126939862083496,12.720285838126335,100.80953986934594,34.31571960819007,36.27648913343379,5.57155484794224e-296
3.3280000000000003,9.847948217791624,7.383987668659247,8.320353587986101,100.80953986934594,32.875467830171004,35.30530137996399,3.962726288261594e-213
3.33,10.864067852597895,8.389892634906243,9.793808269105154,100.80953986934594,31.669611381480316,34.3976299810892,4.954292197849633e-162
3.332,10.966449434218687,8.1613429600034,15.55920302735419,100.80953986934594,31.541477321388648,34.61405809566652,2.176233358507995e-157
3.334,6.525441914666072,4.888148144229813,13.421124610618527,100.80953986934594,35.98820848912261,37.056544613789,0.0
3.336,3.4442246603443394,2.7134927327097467,11.132430882204947,100.80953986934594,37.74418884556378,38.00133439113958,0.0
3.338,4.739774138439287,3.3752007162743527,12.61334499113305,100.80953986934594,37.13819822701079,37.7710893357837,0.0
3.34,8.58589749266327,5.991916200451403,17.54772118743636,100.80953986934594,34.20724008475724,36.37004187712871,9.69469531210406e-289
3.342,3.597783573177705,2.5638426590681047,13.066595278849167,100.80953986934594,37.68238880971091,38.04646571277209,0.0
3.344,5.202902964611348,3.9727909442314058,14.079744164619242,100.80953986934594,36.87498902888314,37.52013403989824,0.0
3.346,0.9519244885139378,1.0822312953280953,9.096953531552694,100.80953986934594,38.370307101047025,38.355160799642356,0.0
3.348,6.992761338337028,4.952253944173671,17.353664844637066,100.80953986934594,35.626969050183234,37.020486569411354,0.0
3.35,4.806648945409285,3.504468239507021,15.552073691686006,100.80953986934594,37.101707243978595,37.7202651034099,0.0
3.352,5.423444730437627,3.7573477766261836,13.965315405037641,100.80953986934594,36.741022834645335,37.61531550121855,0.0
3.354,2.2990323453244628,1.6072842851217548,13.22303113109871,100.80953986934594,38.12005401704085,38.27446763533546,0.0
3.356,4.428621013128377,3.4528678331005183,8.103028816490202,100.80953986934594,37.30125478610865,37.740781992322965,0.0
3.358,5.2745508636246745,4.207122855332102,5.11780728741326,100.80953986934594,36.8320775154204,37.410581234880006,0.0
3.36,8.654326054144377,6.71104958850622,1.4637532612922808,100.80953986934594,34.13973188055137,35.84772874314707,2.5237537226596332e-284
3.362,11.661587641116174,8.946330231343058,3.1524232023220597,100.80953986934594,30.639230659465525,33.84560354902134,2.6813254796955027e-128
3.364,5.172782556899954,3.9321773491945264,3.963105722083604,100.80953986934594,36.892853430759814,37.53848285412759,0.0
3.366,2.578394565968567,2.126760419850265,5.19417394771834,100.80953986934594,38.0421895277492,38.16362334787711,0.0
3.368,3.6119760631843505,2.684054257057479,3.810290450343343,100.80953986934594,37.676540908444345,38.01041468480541,0.0
3.37,4.815237641078554,3.680468876792092,2.2119050052231586,100.80953986934594,37.09698365373687,37.64799521513142,0.0
3.372,4.9015257640742025,3.616657893506988,2.1224258010824535,100.80953986934594,37.04905882846866,37.67460674596499,0.0
3.374,4.9152772167894705,3.558979112987001,10.996125049398671,100.80953986934594,37.04134251513838,37.69826030302198,0.0
3.376,2.025568857498378,1.537653645867674,6.914744443175152,100.80953986934594,38.187634238204396,38.28698102760845,0.0
3.378,6.985988418343656,4.8810484787736605,6.990224271119359,100.80953986934594,35.63238326185854,37.060509094825946,0.0
3.38,3.577744640144075,2.424468906577668,9.500854515884358,100.80953986934594,37.69060647394438,38.08619556521299,0.0
3.382,3.5988480316429396,2.800773296288313,6.706505188170094,100.80953986934594,37.68195100708648,37.97383043549421,0.0
3.384,4.557138033704106,3.2254792544225808,10.778023313012325,100.80953986934594,37.23524920862073,37.82756757746992,0.0
3.386,3.218635152704778,2.431748503307715,10.318805191748838,100.80953986934594,37.830088068581674,38.08417540390175,0.0
3.388,7.3942124657532275,5.445249165588229,12.822339027094493,100.80953986934594,35.296659194584564,36.72747556072374,0.0
3.39,1.5747995926558283,0.9841637302070637,8.439069776011209,100.80953986934594,38.28037444910485,38.366740416243864,0.0
3.392,1.6113989871154486,1.080801121513157,6.149872648073648,100.80953986934594,38.273710837596184,38.355337569330096,0.0
3.394,5.339936626176905,3.692910586273979,9.77278601098548,100.80953986934594,36.792403878065755,37.642752324158025,0.0
3.396,4.744562881959323,3.4252771815407352,10.7903320986919,100.80953986934594,37.13560220177143,37.75162743011918,0.0
3.398,7.303161094998144,5.533940598421694,7.669370070624184,100.80953986934594,35.373195509147514,36.67181005763841,0.0
3.4,6.509361970310788,4.8898125869845215,9.760610195365624,100.80953986934594,36.00019305280157,37.05561434799352,0.0
3.402,5.836316983990139,4.316476763096125,11.42682948173194,100.80953986934594,36.47526191521467,37.357307934963046,0.0
3.404,8.762150593728723,6.586299449803387,16.363962676175447,100.80953986934594,34.032265029224334,35.94258249797746,1.9550947852285985e-277
3.406,2.5556958379320913,1.9985763855931526,10.376707941028402,100.80953986934594,38.04884914688399,38.19384131460222,0.0
3.408,1.5787968179502534,1.0708010578996916,6.703298646471149,100.80953986934594,38.27965412590644,38.35656704692894,0.0
3.41,7.116731029197822,5.301035055671684,5.568185308335299,100.80953986934594,35.52693988620865,36.816066846675874,0.0
3.412,11.361086843707296,8.425140232538444,9.66386211959066,100.80953986934594,31.0361718150358,34.36371770823491,2.342342935353077e-140
3.414,13.295299141958461,10.363238639603697,11.091278505917986,100.80953986934594,28.29549319008229,32.27889396925636,1.0156223823931858e-75
3.416,10.807085761741316,8.413948544940288,9.158463436065219,100.80953986934594,31.74039920707935,34.3745008759852,1.1771519515512345e-164
3.418,9.185167462179214,7.077559131792208,5.053569369433656,100.80953986934594,33.597734874865424,35.558737441442254,2.972065832162748e-251
3.42,10.325355735244605,7.575069906265411,7.963063805366407,100.80953986934594,32.323798238531694,35.14181339512629,5.4589938018890836e-188
3.422,13.95580934075006,10.341314708633217,13.121859018217789,100.80953986934594,27.25761362443967,32.304901612486844,4.4232608261132323e-60
3.424,10.49336419105827,7.909277787588835,10.746947147873966,100.80953986934594,32.12338505323652,34.84579837483071,1.2829819854553789e-179
3.426,12.709092983900323,9.684915151559233,13.488979020173504,100.80953986934594,29.17278043095218,33.05783120590692,3.5348722884680126e-92
3.428,8.279122945019173,6.4780458718403136,10.967384270962816,100.80953986934594,34.50327410975489,36.02344828292297,6.21063285203864e-309
3.43,9.057016081194813,6.905729716551067,13.057481042383733,100.80953986934594,33.73154857780475,35.69614106799167,4.8686868237121673e-259
3.432,7.157149330539736,5.305456343262906,11.799581984352894,100.80953986934594,35.49394618544231,36.81338619743389,0.0
3.434,8.090282174541352,5.8792905034610845,13.14155074274864,100.80953986934594,34.680127393938214,36.44647920730198,1.136e-321
3.436,9.451651225694942,6.7902344821561424,14.540507832252262,100.80953986934594,33.31342070066677,35.786595412181896,1.740332513173724e-235
3.438,11.718250292401983,8.6765759330755,17.77232732287034,100.80953986934594,30.563201294367573,34.11766528042698,4.122034668492194e-126
3.44,7.300854854053166,5.348306711837765,13.539267958080416,100.80953986934594,35.375121753559746,36.78728990000848,0.0
3.442,6.123485788204784,4.5638150108071045,13.294830459099321,100.80953986934594,36.27890834732058,37.231768326784184,0.0
3.444,8.778425267672583,6.463564819825815,16.16848994993434,100.80953986934594,34.01592821505342,36.03416388038505,2.1066749573339016e-276
3.446,6.964078285457537,4.993982528996117,15.632434233885194,100.80953986934594,35.649862011564444,36.99676256335045,0.0
3.448,4.107833832588913,2.9629466805845177,13.122763503096312,100.80953986934594,37.45776666895863,37.92041383170014,0.0
3.45,4.9549986237014325,3.5818125823698743,10.713960330834492,100.80953986934594,37.01893225407416,37.68894198649478,0.0
3.452,7.472954164818859,5.389400572623476,11.86657040313737,100.80953986934594,35.2297035657993,36.762065952337416,0.0
3.454,8.188194298449979,6.0847194266836935,11.835575865684602,100.80953986934594,34.58894190548301,36.30596638100886,4.877730805e-315
3.456,6.798764385272896,5.156277403400174,8.721920927648751,100.80953986934594,35.779967181958135,36.902598602351695,0.0
3.458,11.82893216916346,9.128942398684217,10.946736200805141,100.80953986934594,30.41360614153795,33.65667701877351,6.423848752612032e-122
3.46,12.439834347616515,9.480188836049713,11.664533710745907,100.80953986934594,29.562064589224462,33.28248857975956,1.297832455771382e-100
3.462,5.291648429454264,4.183524279030644,8.58095146394694,100.80953986934594,36.82175059023183,37.42189819928313,0.0
3.464,6.371267079371738,5.009019426072311,6.21709410569728,100.80953986934594,36.10189734936979,36.98816478745442,0.0
3.466,12.223108157004917,8.963263015158821,7.801687115457391,100.80953986934594,29.869182813974486,33.82824670130339,8.037478080093207e-108
3.468,13.12347622119919,9.965837309476115,9.760670939638889,100.80953986934594,28.55687958985463,32.74168949444085,2.7850224745796987e-80
3.47,10.151339688717348,8.13088231782198,9.023571716723835,100.80953986934594,32.527934166356395,34.642450112957384,6.374400233966205e-197
3.472,6.052229937963949,5.003866837278431,3.329984129283467,100.80953986934594,36.328510759992994,36.99111384094161,0.0
3.474,3.7350685996433404,2.9231995882394757,4.301011989935666,100.80953986934594,37.62485549024355,37.93378385553805,0.0
3.476,2.498569980584085,1.501732519925237,5.928919384633514,100.80953986934594,38.065348771762714,38.293219777542575,0.0
3.478,1.9187426394884455,1.333222606684098,6.228165208817035,100.80953986934594,38.21171216136434,38.32051784455587,0.0
3.48,2.0002308480212228,1.5496815646863746,6.437656159779592,100.80953986934594,38.19346325706951,38.2848590714595,0.0
3.482,4.763217627122183,3.4026904267962195,8.6699958841269,100.80953986934594,37.12546426521936,37.76044112663345,0.0
3.484,3.070201774657247,2.2124641318011617,7.56113244146385,100.80953986934594,37.88343440495774,38.14237202216897,0.0
3.486,4.748262925520301,3.4441822063909373,6.404164409407373,100.80953986934594,37.133594575022684,37.74420555843002,0.0
3.488,5.027750384774281,3.7237901797711985,7.556463110144481,100.80953986934594,36.97741864281906,37.62966329385316,0.0
3.49,6.0927520682458365,4.627985666819017,9.182982570386436,100.80953986934594,36.300373914942284,37.198054474032546,0.0
3.492,2.2053430483109953,1.6545284501046613,4.923223545717583,100.80953986934594,38.14416976682739,38.26566179593162,0.0
3.494,2.474692963847871,1.8591353485481206,6.187562033777878,100.80953986934594,38.07213461220607,38.22458029569601,0.0
3.496,7.809606437403281,5.698187676087542,7.6824861081757785,100.80953986934594,34.9354206572979,36.56634601650194,0.0
3.498,9.030777064604564,6.85631528102721,8.38455889226601,100.80953986934594,33.758713781016645,35.73502889877187,1.1950511472948028e-260
3.5,9.189605007376912,7.081266976599143,7.263796904975929,100.80953986934594,33.59306738664814,35.555735157135835,5.499502867333272e-251
3.5020000000000002,6.2478646699362,4.944154501231794,5.571969717016546,100.80953986934594,36.190932925669614,37.02506826939578,0.0
3.504,8.34719821508845,6.633119086569537,8.379941170171426,100.80953986934594,34.43851578748639,35.907192201834434,2.131956779962285e-304
3.5060000000000002,6.621784803028174,5.113728800054871,7.375680779597114,100.80953986934594,35.91578266401464,36.92757690929493,0.0
3.508,6.384005526517125,4.702920104684887,5.649506049119112,100.80953986934594,36.092607173401056,37.15808938185421,0.0
3.5100000000000002,6.433357465574594,4.571927479938877,6.551183105537801,100.80953986934594,36.056439214946494,37.22753222367354,0.0
3.512,4.357068014714333,3.3582769022570065,4.495626089441218,100.80953986934594,37.33718527486465,37.77760184893176,0.0
3.5140000000000002,0.4983181642386425,0.5381857348378092,2.445704383608601,100.80953986934594,38.407897136488145,38.40553588563886,0.0
3.516,3.542129125236336,2.7204068936708463,3.3447523509278847,100.80953986934594,37.705098538945585,37.99918735289468,0.0
3.5180000000000002,5.140439551636907,3.7491590495051126,4.004565965663517,100.80953986934594,36.91192047135489,37.61882852771832,0.0
3.52,6.532049640050975,4.68261325732658,5.171238711145984,100.80953986934594,35.983275090477555,37.16898316460008,0.0
3.5220000000000002,5.902884141141436,4.376571092448409,5.7595389168021525,100.80953986934594,36.430586812902135,37.327449816926624,0.0
3.524,4.811898350946857,3.5909786413542966,5.687940303433584,100.80953986934594,37.09882119119085,37.685184558199914,0.0
3.5260000000000002,7.824477895244087,5.75853143587262,9.032861839450696,100.80953986934594,34.9221209373907,36.52682328497663,0.0
3.528,5.243218863964087,3.831474232016809,5.20078535296224,100.80953986934594,36.85091521607687,37.58316582397466,0.0
3.5300000000000002,3.19989196018806,2.342088674951522,2.606479738868978,100.80953986934594,37.836963246631925,38.108634762117745,0.0
3.532,0.6333980827588316,0.4046201003284578,1.0108773683121515,100.80953986934594,38.39916179203725,38.41273150525482,0.0
3.5340000000000003,4.011402430144883,2.8200020545704185,5.7622671229760885,100.80953986934594,37.502514850380436,37.967653984568464,0.0
3.536,6.501823905954525,4.836776926295972,8.659565684679947,100.80953986934594,36.00580106010937,37.08510040997691,0.0
3.5380000000000003,8.141767614144708,6.079206763762142,11.21037506704871,100.80953986934594,34.63231628720037,36.309800118702405,3.55671e-318
3.54,5.756522313841172,4.542947588937429,9.573542028487205,100.80953986934594,36.52814588695621,37.24263012081677,0.0
3.5420000000000003,4.3975953860098445,3.4186672930107918,7.671663796479247,100.80953986934594,37.31690627791493,37.754212746709555,0.0
3.544,6.251369619976046,4.576692201860159,10.626574303007622,100.80953986934594,36.188428146918284,37.22504071080533,0.0
3.5460000000000003,7.156834565892389,5.3270189781351815,11.95372523251779,100.80953986934594,35.49420385325823,36.80028060405117,0.0
3.548,7.060083209862661,5.246707903408614,12.409555138520776,100.80953986934594,35.57286667712834,36.8488230632393,0.0
3.5500000000000003,8.3720977631604,6.117466296515926,14.594362349345117,100.80953986934594,34.414696483316916,36.28312110045604,9.55308266937765e-303
3.552,6.669750253687619,4.845160149271156,13.760673456094434,100.80953986934594,35.87932811686917,37.080461029387195,0.0
3.5540000000000003,6.236423573280741,4.831281493488874,13.967880173001006,100.80953986934594,36.199099403677174,37.08813728864753,0.0
3.556,6.648769526690021,5.011676007953329,15.16893164354083,100.80953986934594,35.8953062531512,36.986643121859906,0.0
3.5580000000000003,7.93394832801467,5.965733446457375,14.805023529646009,100.80953986934594,34.823439124906955,36.38794127218483,0.0
3.56,4.7132012965641294,3.4992736822727264,12.490266533235296,100.80953986934594,37.1525559608074,37.72234429741866,0.0
3.5620000000000003,8.356086870339855,6.016982736934005,16.527352823227503,100.80953986934594,34.43002093365044,36.35283202368449,8.293836883412165e-304
3.564,7.284712152675369,5.310839349328896,17.093266929192747,100.80953986934594,35.38858756716345,36.81011943365294,0.0
3.5660000000000003,6.4588982441150735,4.569246418980634,17.40779991915441,100.80953986934594,36.037611906088394,37.228933031106656,0.0
3.568,7.725197285270624,5.715151534449733,19.602441234028458,100.80953986934594,35.01042791774564,36.55527749076849,0.0
3.5700000000000003,5.87988445046167,4.620080164477686,18.50136775800861,100.80953986934594,36.44607991360469,37.20223329140753,0.0
3.572,4.519603694399066,3.601494247416802,16.283734774433984,100.80953986934594,37.25472192848493,37.68086207989339,0.0
3.5740000000000003,2.9889943221137396,2.4555233289093215,13.899970441999715,100.80953986934594,37.91155403250978,38.07753545327654,0.0
3.576,7.1382286518452664,5.2855329383402765,13.299649512789887,100.80953986934594,35.50941456295252,36.82544818791252,0.0
3.5780000000000003,6.253495503224094,4.647139708767362,13.681524922054548,100.80953986934594,36.18690821951922,37.18790007891954,0.0
3.58,3.0691053060566316,2.204417158564803,15.402744663922766,100.80953986934594,37.88381909911481,38.14440308540865,0.0
3.5820000000000003,2.002567333921643,1.57831879268785,10.812563814030927,100.80953986934594,38.1929288189613,38.27974036496858,0.0
3.584,3.1305535283275896,2.355697494390669,9.40513082604839,100.80953986934594,37.86204810780947,38.104981403776165,0.0
3.586,7.669664756051092,5.895767137953548,5.097352495479461,100.80953986934594,35.05932910917774,36.43538745423394,0.0
3.588,2.7628529311960093,2.077570960344124,9.25009061842995,100.80953986934594,37.98588693138731,38.17544128648222,0.0
3.59,3.3382359937367805,2.693630624424256,8.445887244463371,100.80953986934594,37.78527151308056,38.00747172725301,0.0
3.592,6.027049711764653,4.267700014813036,10.049075167416653,100.80953986934594,36.34590012446342,37.38123918425054,0.0
3.594,5.905506368973571,4.460817898823461,4.956673229117923,100.80953986934594,36.428816576301514,37.28489601718187,0.0
3.596,3.5470335418858583,2.5912293074245007,6.805342972269227,100.80953986934594,37.703111527317084,38.038397854302886,0.0
3.598,1.2737665573992287,1.083738621851042,8.868922599632214,100.80953986934594,38.329374992730536,38.35497424084994,0.0
3.6,4.824899693432256,3.431796035190621,11.16202059062638,100.80953986934594,37.09165965468377,37.74907282722877,0.0
3.602,0.20377758391317996,0.21642404309272978,9.84731299871691,100.80953986934594,38.419713729468285,38.41941007689276,0.0
3.604,3.4865650028531525,2.6140954490321198,12.55140070691526,100.80953986934594,37.727418116253226,38.031596019510346,0.0
3.606,2.356483537825758,1.6891380584363935,10.490435878803007,100.80953986934594,38.10476973964501,38.25904901865691,0.0
3.608,6.105892886900434,4.772801766506135,12.182753260081663,100.80953986934594,36.29120911673417,37.12024027628249,0.0
3.61,3.7732913887011406,2.8588487833081375,12.233287486208146,100.80953986934594,37.60845357182983,37.955047112356255,0.0
3.612,1.883707632594678,1.0434296933012264,9.48069361363709,100.80953986934594,38.219324783341555,38.35987382094486,0.0
3.614,4.044891662026551,2.812577785381862,7.932461965325573,100.80953986934594,37.48709498292379,37.970043736254574,0.0
3.616,3.096891353690934,2.195415774687357,9.735588330278985,100.80953986934594,37.87402802001546,38.14666627236653,0.0
3.618,6.469490159916069,4.7298690925133755,6.8475567586746005,100.80953986934594,36.02978218810515,37.14355952566632,0.0
3.62,7.869544856130766,5.600133692430197,6.0099579802092995,100.80953986934594,34.88166201803149,36.62967851797439,0.0
3.622,8.311002120258932,5.9852514698078565,2.7457055521483116,100.80953986934594,34.473014517117456,36.37460555375182,8.335211261185148e-307
3.624,5.691845545594818,4.539758942508044,3.0733985493182376,100.80953986934594,36.57047565054229,37.24428547024812,0.0
3.626,2.043874986001547,1.718495347290729,8.907430791562664,100.80953986934594,38.18337724621288,38.25333247365508,0.0
3.628,5.618335386071243,4.022090969822181,1.7594725753138,100.80953986934594,36.618005330587884,37.49760732684651,0.0
3.63,2.7208070705676337,1.7557818190705048,4.293485462795901,100.80953986934594,37.99906291959778,38.24592992687619,0.0
3.632,6.995493972540575,5.165468619220768,3.019853022335928,100.80953986934594,35.62478311825516,36.897175659974394,0.0
3.634,9.840249035037878,7.0300396418552396,5.771586194157723,100.80953986934594,32.884148896187845,35.59707499796387,1.5009128237394138e-213
3.636,10.751206303536097,7.780037412622962,6.304554924578015,100.80953986934594,31.80945128482894,34.96178918373383,2.9480871053618685e-167
3.638,11.435075088721689,8.605888033695077,8.724403884523472,100.80953986934594,30.939416187692213,34.187574073473186,2.5774608954644054e-137
3.64,12.286332854889858,9.649499715364922,11.384263683862192,100.80953986934594,29.780160034825048,33.0970402649294,1.1145529965123353e-105
3.642,6.577539793058694,5.211976825882262,5.496995257432875,100.80953986934594,35.94917591017165,36.86958697795133,0.0
3.644,4.607935456825956,3.5492912975423576,4.284163160357659,100.80953986934594,37.208639008932096,37.702195879035926,0.0
3.646,2.3672718779663553,1.76325674701523,2.261499834233615,100.80953986934594,38.101857541395304,38.24442679581565,0.0
3.648,4.6657180530158815,3.6116510608366554,4.583707535207602,100.80953986934594,37.178010792169346,37.67667508071261,0.0
3.65,7.411829795460963,5.368534728487377,8.474008131831887,100.80953986934594,35.281740579695274,36.774897830444935,0.0
3.652,6.7642874404250835,5.126188458337359,8.715632799728755,100.80953986934594,35.80670651795133,36.92028387133708,0.0
3.654,8.568219584053189,6.623841311057155,11.184382151541165,100.80953986934594,34.22459273352122,35.91422509165676,6.925077853908192e-290
3.656,9.63173576815429,7.328039150485333,12.839937190169678,100.80953986934594,33.116652562056245,35.352377806747505,3.669890061848753e-225
3.658,7.938251593550898,6.1468572938158506,11.144179177976289,100.80953986934594,34.81953186032283,36.26251242474357,0.0
3.66,9.90758767868657,7.378705762111311,13.826906920593148,100.80953986934594,32.80799066518642,35.30976104750679,7.027567531578561e-210
3.662,10.208958219955868,7.643809925861839,14.099328437456636,100.80953986934594,32.460730461580575,35.0819758065183,6.188699553988899e-194
3.664,10.021070444879431,7.591496966598536,14.635466657331138,100.80953986934594,32.678459777051785,35.127563074084264,8.785251069620546e-204
3.666,6.8824203315032975,5.2125134854398,12.679809451360628,100.80953986934594,35.71451979318447,36.86926718688155,0.0
3.668,6.0854467080946515,4.563462630530393,11.340775140053788,100.80953986934594,36.30546033910385,37.23195215925159,0.0
3.67,4.318867906647018,3.1992224651919896,9.708441606367263,100.80953986934594,37.35612777576872,37.83720808070642,0.0
3.672,4.894626505521814,3.6419120420131526,10.224535189535965,100.80953986934594,37.05292203970702,37.664130504771414,0.0
3.674,8.725471690079248,6.363516144660981,11.759447588797522,100.80953986934594,34.0689722953354,36.107541027456364,9.061334509168793e-280
3.676,8.362500410161426,6.165047569490796,10.887445240180996,100.80953986934594,34.423885900476606,36.24970802923919,2.2086343403886382e-303
3.678,7.77800130889462,5.7420372490103775,12.084792317383345,100.80953986934594,34.96360121087033,36.5376677084726,0.0
3.68,2.412883034132249,1.7125746513247655,10.060281069785427,100.80953986934594,38.08939826911734,38.25449330027429,0.0
3.682,3.637816798007674,2.738309154194772,11.406803933728549,100.80953986934594,37.665834298963745,37.99360281257352,0.0
3.684,5.060600400468675,3.6491079501646326,13.15986684569575,100.80953986934594,36.9584753151958,37.66113205835742,0.0
3.686,7.040605784051465,5.062707131922172,16.047996546916846,100.80953986934594,35.5885728719387,36.957256231982484,0.0
3.688,8.952109790875042,6.61462068044535,17.019265005555017,100.80953986934594,33.83968295518898,35.92120489308566,1.6534179379883176e-265
3.69,4.150462526296017,3.177083608010272,11.570434488120526,100.80953986934594,37.43764621677845,37.845275387795056,0.0
3.692,6.077255822352216,4.42419580127315,16.187285576741726,100.80953986934594,36.311156051790306,37.30349390368024,0.0
3.694,2.7283424841683663,1.8961142217535674,13.060354929309014,100.80953986934594,37.99671639704389,38.216645047276565,0.0
3.696,3.524138056266515,2.494825924786261,14.228140981443989,100.80953986934594,37.71236402471782,38.06641713944371,0.0
3.698,3.169810865829818,2.376741731503405,13.427438079240174,100.80953986934594,37.84791331721549,38.09929029029638,0.0
3.7,1.6544265617205485,1.0905239521216796,9.296122494938107,100.80953986934594,38.265681061396506,38.35413121869589,0.0
3.702,2.441698962514159,1.7402740822061935,11.425625360680025,100.80953986934594,38.081404252559125,38.24902800521242,0.0
3.704,1.5248294614129063,0.8587531056844099,12.318728579067653,100.80953986934594,38.28922524742082,38.37994711932876,0.0
3.706,1.8076587590670277,1.1587875750217416,11.985972059092658,100.80953986934594,38.23536637192609,38.345357264266575,0.0
3.708,2.8866395501742157,2.0327033851285043,14.154429633594521,100.80953986934594,37.9459223624866,38.18597969714641,0.0
3.71,3.804622523310466,2.6641669269060695,15.411521070585431,100.80953986934594,37.59488436224545,38.016492860665785,0.0
3.712,2.7711479110187507,1.9706199301790754,12.708524660956828,100.80953986934594,37.98326365079227,38.20018227287543,0.0
3.714,2.9381183040185763,2.281311898609329,11.721252871849783,100.80953986934594,37.92878670911026,38.1246922216661,0.0
3.716,5.173298190743142,3.891477302591259,12.583735680857302,100.80953986934594,36.892548481893265,37.556681499615955,0.0
3.718,6.862392709549961,4.811449432823585,14.009603418876056,100.80953986934594,35.730261217461425,37.099068123624235,0.0
3.72,4.763079098450814,3.5108648111426284,14.831399794950435,100.80953986934594,37.12553969545501,37.717700547661025,0.0
3.722,7.953316444629018,6.125930406988388,13.708890336695495,100.80953986934594,34.80583658097694,36.27719629138224,0.0
3.724,5.6053466668724905,4.1526964142124685,10.279267630550647,100.80953986934594,36.62633918606238,37.43658610628448,0.0
3.726,2.228746933769402,1.638797656150004,13.975513621798504,100.80953986934594,38.13823958744122,38.26862218779977,0.0
3.728,1.0692693420994304,0.7307836489141832,12.503459323248592,100.80953986934594,38.356754357406814,38.3915704382428,0.0
3.73,5.570211621112062,4.036188694675259,17.80487402447524,100.80953986934594,36.64878586066192,37.491114533864064,0.0
3.732,1.493634113726078,1.0924055249834035,13.937602078421818,100.80953986934594,38.29460592986319,38.35389651669094,0.0
3.734,3.5465872034972343,2.679239218820304,14.70963903248627,100.80953986934594,37.703292473909315,38.01189045569882,0.0
3.736,5.204326797318528,4.108337547527898,13.6599093186,100.80953986934594,36.874141984626135,37.45753013228441,0.0
3.738,0.542966141693245,0.3473552181647617,12.710967860736499,100.80953986934594,38.40524055867662,38.41519211499837,0.0
3.74,2.4081731274280913,1.629402878428765,15.30582478351914,100.80953986934594,38.090695850615205,38.27037670979151,0.0
3.742,1.6282156257266924,1.2002682486550875,14.379099033541523,100.80953986934594,38.27059771724015,38.33976560000047,0.0
3.744,3.432291664601853,2.5561578989304645,9.41362320503697,100.80953986934594,37.74887840164352,38.04871416925949,0.0
3.746,4.855795341098875,3.5786081191016508,7.727226385311055,100.80953986934594,37.07456381125665,37.69025332085063,0.0
3.748,4.009900001007551,2.8967442811388744,11.692810107263316,100.80953986934594,37.50320362662992,37.94258271315657,0.0
3.75,7.559002574034549,5.762082585809029,10.150308738211102,100.80953986934594,35.155721709414316,36.5244844382315,0.0
3.7520000000000002,6.833233868552087,5.403475239815583,12.814125138278296,100.80953986934594,35.75309747092157,36.753382308068915,0.0
3.754,13.938546006947929,10.365491019685384,13.532196079720464,100.80953986934594,27.28541273794912,32.27621889317185,1.8774876608758844e-60
3.7560000000000002,13.24235238079348,10.026336128466884,13.840946951397123,100.80953986934594,28.376415260829205,32.67241333295427,4.203087774905851e-77
3.758,10.27029231098788,7.96931093793154,14.038430381532873,100.80953986934594,32.38877122691552,34.791267661729336,8.696877471721942e-191
3.7600000000000002,11.9762972005289,8.867517091733069,17.734392388238458,100.80953986934594,30.212204146637603,33.92595635751497,1.696375355505991e-116
3.762,10.096530085614074,7.584080222610095,17.490813482135508,100.80953986934594,32.59150545605889,35.13400086311778,8.628255207070994e-200
3.7640000000000002,8.187349470654633,6.332619660528655,15.080217738567715,100.80953986934594,34.58973340166682,36.12996926480655,4.278098153e-315
3.766,7.90739061960295,6.034310429516856,12.590438235741798,100.80953986934594,34.84750586470328,36.34089335012827,0.0
3.7680000000000002,7.013382813324103,5.327224721857288,8.11239952833921,100.80953986934594,35.610452053306325,36.800155298436515,0.0
3.77,6.842564137598118,4.956756058793875,3.213849248893247,100.80953986934594,35.74580090878928,37.01793656384167,0.0
3.7720000000000002,6.130176849213306,4.508004325050741,4.534014651036228,100.80953986934594,36.27422072583434,37.26070705702654,0.0
3.774,11.761952094027246,8.861137810729911,4.010322201269168,100.80953986934594,30.504306183316416,33.93242899960946,1.918596497187069e-124
3.7760000000000002,13.998242745706365,10.314205157589983,7.296992151547581,100.80953986934594,27.18912871784889,32.33698387209676,3.5688955697112786e-59
3.778,13.960137776802675,10.790788698387384,9.097330740368761,100.80953986934594,27.250637855043664,31.760575449188224,5.479739980273649e-60
3.7800000000000002,12.986047057002812,10.199066495602041,10.761044032111064,100.80953986934594,28.763406087740535,32.472295025818426,4.381888729410883e-84
3.782,14.217008511988825,11.057079756496165,13.533379004990133,100.80953986934594,26.83255940831969,31.427034168628207,1.1229239000149848e-54
3.7840000000000003,12.95278260251547,9.849300873328806,14.101316329344442,100.80953986934594,28.8130570794303,32.87394196258571,5.0133900807496553e-85
3.786,11.53869708237272,8.820056548297053,13.685717255601801,100.80953986934594,30.802834636624166,33.973999344428144,3.900627714494088e-133
3.7880000000000003,12.25601536160319,9.265325792529378,15.24719111192308,100.80953986934594,29.82290693240154,33.51307342893316,1.0568988664229495e-106
3.79,14.724826249467165,11.061766266233375,20.08910423083068,100.80953986934594,25.982091547749064,31.42109033051082,2.5356534273945125e-45
3.7920000000000003,13.911134129598711,10.944380329778914,21.00770578323417,100.80953986934594,27.329479417253893,31.569200498703275,4.772455302976717e-61
3.794,12.669524574889707,10.01051182182091,21.51107934444396,100.80953986934594,29.230524597220754,32.69057431044664,2.2095140906476443e-93
3.7960000000000003,13.472605414961292,10.38217975710063,23.242467095361963,100.80953986934594,28.022055379008826,32.25637994724955,3.1250361783316742e-71
3.798,11.533787348111824,8.875044184253126,22.3480995333056,100.80953986934594,30.809334315433283,33.91831308470302,2.484153137983883e-133
3.8000000000000003,19.643772557198055,14.994857504063193,31.658961078055547,100.80953986934594,15.827977595543729,25.51672409522325,6.098082202235702e-06
3.802,14.882488653090926,11.473970090594927,28.55604688400857,100.80953986934594,25.711497207302536,30.88829654265075,1.0415788872039955e-42
3.8040000000000003,14.30474721722147,11.023230071621883,28.940153634554523,100.80953986934594,26.687901821104102,31.469889448966274,5.92599586345412e-53
3.806,10.316811451116044,8.297154919794245,27.32563856090192,100.80953986934594,32.33390320074801,34.48617256901424,2.0171199773974336e-188
3.8080000000000003,7.231155807260621,5.9293234220653535,25.02785536358381,100.80953986934594,35.433048847948626,36.41270190472087,0.0
3.81,9.778113904839687,7.580823649679649,27.836375093025723,100.80953986934594,32.95395773313787,35.13682559900752,5.6880542515426424e-217
3.8120000000000003,12.859088735685916,9.852100164175972,32.26619402801943,100.80953986934594,28.95219825102131,32.87078354233469,1.008500654086111e-87
3.814,6.894690965676632,5.434369848878191,27.015003966571083,100.80953986934594,35.70485254128031,36.73424177046761,0.0
3.8160000000000003,3.027110582543409,2.409953807787563,23.661820906559484,100.80953986934594,37.89844943709673,38.09020557045749,0.0
3.818,5.407932292469156,4.132129760483305,26.201463365424956,100.80953986934594,36.75062771504723,37.44632462641984,0.0
3.8200000000000003,8.273705394130753,6.274256076024874,25.272857202098496,100.80953986934594,34.50840482325961,36.172037976018736,2.697027482950345e-309
3.822,1.135160352684304,1.1116407138476876,22.709261482577205,100.80953986934594,38.3484543477132,38.35147396346577,0.0
3.8240000000000003,3.83443996022423,2.5526032278196618,19.064343609896753,100.80953986934594,37.58186647418165,38.04975193427943,0.0
3.826,3.9595064752449196,2.889752467652146,17.11198099211443,100.80953986934594,37.526156588113516,37.944894776316836,0.0
3.8280000000000003,3.337994373241974,2.4472166719929414,24.05807767772632,100.80953986934594,37.78536370119306,38.079862721041486,0.0
3.83,4.566668245146105,3.3859756110844867,26.219506608302144,100.80953986934594,37.23027930632518,37.76692594870951,0.0
3.8320000000000003,6.038196489198691,4.5764025060708,20.783972681000435,100.80953986934594,36.33821115946603,37.225192269296976,0.0
3.834,6.432134399913414,4.930866854395651,21.721498566347588,100.80953986934594,36.05733891944645,37.03256858055998,0.0
3.8360000000000003,7.8417343440838785,5.963441917833429,17.536222699016015,100.80953986934594,34.9066564785645,36.389504101538336,0.0
3.838,9.669445665096251,7.420942248056286,18.762324472734715,100.80953986934594,33.07497554627097,35.274010053347304,4.920737078730238e-223
3.84,7.999612004157929,6.112907541191241,16.736404597001158,100.80953986934594,34.76358678236807,36.28630879341053,0.0
3.842,5.295304835154607,3.9699613336069857,15.842701166830633,100.80953986934594,36.819537780311016,37.521418542670034,0.0
3.844,8.030396508545948,6.119932909521016,12.636293827194642,100.80953986934594,34.73535632642325,36.28139533822085,0.0
3.846,12.217050793554227,8.796171439210596,13.82404718778311,100.80953986934594,29.877687118361198,33.99807956612174,4.991087906820865e-108
3.848,8.411461015861398,6.507447740691354,14.253168793421365,100.80953986934594,34.376895650109304,36.00161777684689,3.822295608818656e-300
3.85,4.508079140766319,3.262523889796774,13.080086371529651,100.80953986934594,37.260668502370756,37.81383213477101,0.0
3.852,3.665201644512702,3.0226891159574354,17.7963078093815,100.80953986934594,37.65440458503804,37.899978079289426,0.0
3.854,2.4353660491724156,1.7976180617991497,15.40415895421232,100.80953986934594,38.08316924548823,38.23743493657881,0.0
3.856,4.113355587991306,2.8283989924900754,13.178278331993152,100.80953986934594,37.45517215439338,37.964943553142305,0.0
3.858,5.562061695257629,4.004027386222537,12.37612564836572,100.80953986934594,36.65397240347411,37.505893401985745,0.0
3.86,4.226310028008254,3.0654313735388024,15.964712334777968,100.80953986934594,37.40133286487105,37.88510709030937,0.0
3.862,8.909901926471397,6.6523730000063335,18.261269023930794,100.80953986934594,33.88283232810454,35.89256556983849,3.9062144368787027e-268
3.864,8.962433942537164,6.666332109774812,21.634285850720136,100.80953986934594,33.82909730534769,35.88193468620974,7.224175389036121e-265
3.866,9.376863998764316,7.317838149307076,25.335866758942586,100.80953986934594,33.39403780933307,35.3609224842497,7.481674719624129e-240
3.868,9.048323366733957,6.914407427831656,25.570093285911618,100.80953986934594,33.740556906238155,35.68928305715019,1.4276495193996565e-259
3.87,12.761655803844555,9.434948490181714,27.522790315048407,100.80953986934594,29.095785903489265,33.33148136764199,1.346519944282002e-90
3.872,14.345455369562567,10.8765235108043,28.201723401922457,100.80953986934594,26.6204626846173,31.654087738407096,3.601041367485925e-52
3.874,13.585152841198253,10.377660954750835,30.008352154588398,100.80953986934594,27.84652526183866,32.26175491291527,1.7020988914342093e-68
3.876,13.971770916216215,10.932610798945692,33.92736807266186,100.80953986934594,27.23187839858258,31.583962232775292,9.731238027591383e-60
3.878,9.469836351931905,7.551168607998293,28.616566810847754,100.80953986934594,33.2937205618066,35.16249226140539,1.9744044607320437e-234
3.88,8.313057182343671,6.586121979339411,28.613543893952862,100.80953986934594,34.47105985443152,35.942716167613824,1.1424967930382423e-306
3.882,9.234236902277136,7.099378076360539,32.61668995202559,100.80953986934594,33.54599666978642,35.54104774382432,2.6282045010745205e-248
3.884,5.6200441341925655,4.493886114755715,28.733316825055457,100.80953986934594,36.61690752194238,37.26797111040646,0.0
3.886,3.0061729893935567,2.7115691421608146,27.047384263884773,100.80953986934594,37.90566846490188,38.00193074753581,0.0
3.888,5.029882016353413,3.726710526290248,28.758262492541146,100.80953986934594,36.976193159677436,37.62841979400531,0.0
3.89,6.894362568654796,5.236364160949871,31.763617507417266,100.80953986934594,35.70511148911913,36.855021484459456,0.0
3.892,8.472610871366577,6.416669629959494,34.32931202238051,100.80953986934594,34.31781984732563,36.06870024427359,4.0179370934384675e-296
3.894,11.028676870126628,8.36567855317424,37.016802694552965,100.80953986934594,31.463002540037618,34.42084401651763,1.3010677968970342e-154
3.896,7.9985996729572095,5.971015403007146,35.77416656131601,100.80953986934594,34.76451327739869,36.38433667208972,0.0
3.898,9.476991721020957,7.25174450151833,37.95990150166969,100.80953986934594,33.28595862500464,35.41599548665012,5.125335022333865e-234
3.9,10.871918624827567,8.125085070646504,40.557727585832794,100.80953986934594,31.65982896433706,34.647841592048934,1.1331156976558365e-161
3.902,8.141557257969644,5.956261438058957,36.38789412078318,100.80953986934594,34.632512250289764,36.394397316699816,3.44195e-318
3.904,5.587124960611536,4.463329115876829,34.38699519745543,100.80953986934594,36.637998097689234,37.28361511971438,0.0
3.906,1.842043821531144,1.510864044500557,30.698131766604046,100.80953986934594,38.228195130848086,38.29164780189478,0.0
3.908,5.7230840325982575,4.383509147597701,26.394056266865068,100.80953986934594,36.550090415877484,37.32397601891346,0.0
3.91,7.890717153897901,5.893789923908463,25.544062512996053,100.80953986934594,34.86257408165284,36.43672011768882,0.0
3.912,4.787362513876858,3.425261248549965,25.420801827017193,100.80953986934594,37.11228359800157,37.751633667974,0.0
3.914,3.8765152642099054,2.8197636415284855,26.29946074907589,100.80953986934594,37.56332401747986,37.96773082377872,0.0
3.916,4.651719354779735,3.4050069988595553,24.245486755196882,100.80953986934594,37.18546599168825,37.75953984927345,0.0
3.918,7.904176261172442,6.060068234647101,20.46709233503843,100.80953986934594,34.850413241519036,36.32308284667954,0.0
3.92,11.59634493165785,8.749910187889986,15.184346660777612,100.80953986934594,30.726307837834668,34.04453210075236,7.523608328767821e-131
3.922,14.767922739350006,11.00567901695926,10.810424270589376,100.80953986934594,25.90843609903275,31.492057469994585,1.3540434811161438e-44
3.924,14.527088756614505,11.03894210712487,10.139459091449874,100.80953986934594,26.317060966966714,31.450013843608783,8.629385565164188e-49
3.926,17.197568362903006,12.95815806708955,6.947869766140845,100.80953986934594,21.359144833091985,28.80504250908832,6.765965522158427e-17
3.928,18.43922259576452,14.112259082558817,4.279471074567395,100.80953986934594,18.694818071028404,27.004023612609064,5.84225402158609e-10
3.93,13.420502843089153,10.231405295659025,5.511599307018824,100.80953986934594,28.102798632771467,32.434445271845966,1.5803215249595222e-72
3.932,6.511691154864785,5.356777892620567,11.590068493671517,100.80953986934594,35.99845891974094,36.78210599145713,0.0
3.934,2.6539030526640714,2.4055235239352633,14.951498738509775,100.80953986934594,38.019612126209815,38.091424703135594,0.0
3.936,7.057662642671989,5.423332234674641,13.918145880897775,100.80953986934594,35.57482093890643,36.74109258809917,0.0
3.938,7.533399790046871,5.64115387694261,10.857450706617184,100.80953986934594,35.177822976249104,36.6033177112455,0.0
3.94,6.045105666146205,4.496077236989618,11.614715172360574,100.80953986934594,36.33343811817119,37.2668452362878,0.0
3.942,7.193179385297924,5.080878492970062,8.256838616894337,100.80953986934594,35.46437675079348,36.94672009482149,0.0
3.944,8.223903153419483,6.2290895921164,7.134914051616595,100.80953986934594,34.55541229443716,36.20432640169641,1.235865254505e-312
3.946,8.43551385242593,6.6760943906675925,5.5188425934959335,100.80953986934594,34.35370989397532,35.87448672911278,1.469777846797869e-298
3.948,7.973182944833688,6.24386134457902,7.621229019456425,100.80953986934594,34.78773634795875,36.19379214240872,0.0
3.95,4.4403548411294755,3.4935293358769774,9.521305386614458,100.80953986934594,37.295306730706066,37.72463995989979,0.0
3.952,8.95975939316674,6.712179827402386,5.122274596370259,100.80953986934594,33.83184077492784,35.84686121584567,4.9313389573567733e-265
3.954,13.416996279025017,9.855354432173717,6.4705585304257704,100.80953986934594,28.10822102498369,32.867110637404544,1.2907439822975353e-72
3.956,13.439541348658965,9.985056516504137,11.654596097610389,100.80953986934594,28.073332549750933,32.719727734521946,4.726372726219777e-72
3.958,10.223702660169323,7.850801143705085,9.281692276559347,100.80953986934594,32.44347151009169,34.89851752206227,3.5589827355050876e-193
3.96,12.690474452476295,9.836362968541165,16.05066644087807,100.80953986934594,29.199974493414302,32.88852795736841,9.623092028752848e-93
3.962,13.126906371070696,10.173542018828515,12.851552144957335,100.80953986934594,28.551695988638844,32.50208381078973,3.4513037337748644e-80
3.964,15.149447693896374,11.487867253339502,13.326246788408707,100.80953986934594,25.246143655293054,30.8699887244901,1.4139333669908453e-38
3.966,13.56275266149334,10.341995362508067,10.769508296738907,100.80953986934594,27.881582518593717,32.30409501172299,4.935065529207097e-69
3.968,7.816844870274518,5.904398498392213,8.715433105868769,100.80953986934594,34.92895041189921,36.42956458334232,0.0
3.97,9.249095364187045,6.8102836560390525,10.980518404210892,100.80953986934594,33.53027539600721,35.77100280723775,2.032794465084961e-247
3.972,5.041819933525424,3.771204280726297,4.764958225667613,100.80953986934594,36.96932039687099,37.60935349022889,0.0
3.974,5.548612433902912,4.199643209837878,5.287914269158833,100.80953986934594,36.66251477380883,37.4141750777964,0.0
3.976,8.092503723183016,5.997696859083278,7.906288000675686,100.80953986934594,34.67807067280705,36.36607945064887,1.61e-321
3.978,2.5282808661761256,1.992183709904282,4.1336270740186185,100.80953986934594,38.05681394953875,38.195299150791,0.0
3.98,4.805558777143117,3.46492538416869,10.411620895994512,100.80953986934594,37.102306208554864,37.7360150347723,0.0
3.982,3.362284353573258,2.537115636585524,6.914593042200816,100.80953986934594,37.776062686353725,38.05425658803951,0.0
3.984,2.69050431158313,1.8433078538775547,6.8732747838238,100.80953986934594,38.00843364140646,38.227928933028736,0.0
3.986,3.236057548025337,2.31043101327388,6.8573046117036665,100.80953986934594,37.82366135267179,38.117051524439546,0.0
3.988,6.360104559144737,4.716622161748084,2.621107910157642,100.80953986934594,36.11002291999124,37.1507121423632,0.0
3.99,6.160032974464237,4.8459966080501005,3.261555803834621,100.80953986934594,36.25324165737099,37.07999768149446,0.0
3.992,7.3869670387821875,5.77626315125233,3.774933140098184,100.80953986934594,35.302784399669775,36.51513048889592,0.0
3.994,6.285349248453317,4.873956363348133,3.5445709554594433,100.80953986934594,36.164071999232334,37.06446360249765,0.0
3.996,3.482721668666726,2.601077837365384,1.9279210481769256,100.80953986934594,37.72894889392577,38.035475607043,0.0
3.998,6.356618248626217,4.821626630368862,4.464702332855741,100.80953986934594,36.11255779702403,37.093464379112774,0.0
