t_s,qsd_err_urad,pid_err_urad,open_err_urad,qsd_iss_bound_urad,qsd_snr_db,pid_snr_db,qsd_ber
0.0,45.780725118166345,34.6309469775479,51.38262503998834,150.80953986934594,-118.21057312945855,-16.11275571982675,0.499999653369789
0.002,41.01965133671914,32.450710876058714,52.57143490930096,146.90726215581037,-71.0529896914959,-0.7690557254176882,0.4999209784433584
0.004,34.24368043471258,29.068155992421847,50.175107676869466,143.30953986934594,-13.358620185276102,15.539667988804995,0.43963342566974173
0.006,33.51213616183838,28.176878963125038,53.476331027472746,139.9926038128407,-7.787343358327953,18.86948353941701,0.38648912875134644
0.008,27.1093746370552,23.320790879584326,50.435430445557095,136.93453986934594,22.53146662222886,33.568321701953096,1.4869915430471262e-21
0.01,22.079667147007672,19.744366528724644,47.82087479895803,134.1151442213165,36.5412036694486,42.121647095311346,0.0
0.012,12.716612942743843,12.734109086831602,40.22890568294657,131.51578986934595,55.060148651359256,55.03472596945776,0.0
0.014,8.45026008840113,8.742256431039468,36.321856324142615,129.1193035685209,60.237187490939775,59.95057831605736,0.0
0.016,6.678951039833182,6.758038843762043,34.59530613865046,126.90985236934593,62.026849417760104,61.966178045902595,0.0
0.018000000000000002,5.793904647192552,6.200152049683491,35.30697167555983,124.87283901364466,62.6142507663748,62.33606889203869,0.0
0.02,6.217975675098265,5.829523913237256,34.83962886752843,122.99480549434594,62.27150475314107,62.53868612436242,0.0
0.022,5.243500067535877,4.890396606801345,32.76801349665805,121.26334414199985,63.15827809714964,63.3625696139013,0.0
0.024,6.301385872257784,5.715565555382887,35.31605584373921,119.66701565059594,62.25632269514411,62.658234605156025,0.0
0.026000000000000002,1.9848150146866976,2.8088020846313,32.54245193435765,118.19527350110177,64.36721431409947,64.14170973288033,0.0
0.028,1.530953092363599,2.1090694003276744,31.02901492258684,116.83839428340843,64.23745968480021,64.11731876931432,0.0
0.03,2.7152871261241738,0.9053985502520496,27.83209242255884,115.5874134563384,63.93912713330988,64.31325006094158,0.0
0.032,3.7035065500515376,2.192641871836645,27.469538842192872,114.43406612129907,63.699979529387825,64.20856702546656,0.0
0.034,3.7424582828347694,2.318973081750706,28.226215043467374,113.37073241828952,63.49912783498374,63.99173406925273,0.0
0.036000000000000004,4.4170627516142815,2.556161484266188,26.14480409808341,112.39038718350609,63.08232592589371,63.8231733867027,0.0
0.038,6.779897550630772,4.798842288485695,29.507616598528664,111.48655353594799,61.59326201724535,62.90283620636763,0.0
0.04,11.196374380825516,8.479447241906088,27.801920865663604,110.65326008638206,57.332463439605334,60.38446687052537,0.0
0.042,11.216734664347374,8.551294200402872,32.399887430361005,109.88500148595767,56.97129823015413,59.97949903661984,0.0
0.044,8.709939898212898,6.79231623124049,32.222359737105,109.17670205382666,59.78764804085209,61.4848410185509,0.0
0.046,14.235323821020343,10.999091593536079,38.833393495454025,108.52368224346593,52.779439212060254,57.44186694459693,0.0
0.048,17.799910657889928,13.551617236421132,45.07087375835708,107.92162772615454,45.89329818109806,53.497891143845564,0.0
0.05,12.490918553926297,9.720401489299405,43.08591680900255,107.36656088734792,55.50147950561148,59.01474480376023,0.0
0.052000000000000005,12.197036484335143,9.630277679706683,43.22497086159001,106.85481454763325,55.90023906312058,59.09884550789207,0.0
0.054,9.595442915597397,7.524586946628526,39.64453343483576,106.38300773464762,59.419807513899336,61.44388654761148,0.0
0.056,10.279722465452311,8.123792395245392,41.21241461873657,105.94802334589016,58.346254391111295,60.61146767610011,0.0
0.058,6.34722696492751,4.948520842534385,36.147156320039386,105.54698755485236,62.18078166125807,63.08279622003216,0.0
0.06,3.0164165009389516,2.2665946956684473,32.40683414811326,105.17725082440852,63.788304093036665,64.01446175855777,0.0
0.062,2.286240432955355,1.8164977749824311,36.07357159504467,104.8363704020264,64.05293093024973,64.16295950117348,0.0
0.064,3.1553200896992015,2.3733262423145285,36.12677861678035,104.52209418114914,63.64675214489502,63.893579843416305,0.0
0.066,6.42903791447426,4.980655817390726,41.47239198062181,104.23234582212434,61.78940545167252,62.732878172506176,0.0
0.068,8.555067910611507,6.745206537518827,40.49628136381863,103.96521103437865,59.75896943978134,61.339917178543935,0.0
0.07,6.2394257253802685,5.09128369493716,40.32174488097355,103.71892492920757,61.409089266238524,62.15180925696509,0.0
0.07200000000000001,8.82824524268871,7.112896283097715,42.104184532543464,103.49186035962374,59.437580969127914,60.99873253059263,0.0
0.074,14.172103147111988,10.877378506751493,46.272071494657126,103.28251717022833,52.959181260059765,57.6710878155035,0.0
0.076,8.944460671573953,6.8920305853631705,43.502289212781555,103.08951228608207,59.76386297936659,61.619530849925866,0.0
0.078,5.87098021522527,4.536946558350141,43.97881498983985,102.91157057509598,62.275387967741594,63.068077429631124,0.0
0.08,5.099712099278496,3.605340128221272,43.05283417308525,102.74751642357165,62.85988570863125,63.60256615710696,0.0
0.082,5.520120591728618,4.255773610196971,40.40217264314654,102.59626596923347,62.48249594317229,63.18815478170378,0.0
0.084,3.2482350856058484,2.362432829289814,36.10490376585405,102.4568199404378,63.570198193820445,63.85393985712056,0.0
0.08600000000000001,1.704328145353057,1.1246934826344905,38.14472801068408,102.32825705425033,63.858025086179985,63.951643726896805,0.0
0.088,7.202645140886439,5.1963984027462375,37.30910780488011,102.20972792977402,61.02475613505977,62.44494122495485,0.0
0.09,11.073121156919415,8.15839902479122,38.37508670095037,102.10044947651468,57.28208156074939,60.482338961236614,0.0
0.092,8.46878132605826,6.325744463732762,35.05501436349777,101.99969972070981,60.06090277616616,61.871006498734936,0.0
0.094,9.652442032317984,7.121910805293133,36.78022655747583,101.90681303543937,58.92667705204665,61.350108325833546,0.0
0.096,6.489840606580783,4.899742842612165,35.278191232768194,101.82117574300523,61.80536873595066,62.83932902466834,0.0
0.098,8.313310701079729,6.455670444345898,28.723063979050323,101.74222206052535,60.163200177393946,61.72953616681909,0.0
0.1,6.811617671801443,5.065100197734181,31.078361318349753,101.66943036195633,61.585824315268034,62.77006947987174,0.0
0.10200000000000001,7.145228449091371,5.415048135210487,28.423729637500696,101.60231973184844,61.47825314011315,62.71894189027903,0.0
0.10400000000000001,7.671184482188271,5.688283943529375,29.15498204769402,101.54044678806477,60.80416117433013,62.31654701496315,0.0
0.106,7.498672440998466,5.5913501816156455,27.100739278309085,101.48340275247307,61.063923927411125,62.48932433066875,0.0
0.108,12.565350781412235,9.207482680971319,20.81634852848327,101.43081075025695,55.396409141674106,59.57042529902176,0.0
0.11,12.485362114794096,9.458191899442001,19.174956172439526,101.382323320004,55.42013621470435,59.212583132277814,0.0
0.112,11.470193989008783,9.115707649879488,19.10099897878105,101.3376201181203,56.789500892037694,59.55670250654261,0.0
0.114,9.604240732724849,7.586428141413169,19.77445850676333,101.29640580240529,59.03646589071503,61.01683841483104,0.0
0.116,4.414471024523983,3.3857204909669614,24.409658190324386,101.25840808080414,63.222771205313194,63.68089956076166,0.0
0.11800000000000001,2.294426136676247,1.8024882189266043,27.89824739748263,101.22337591244639,63.843303105150596,63.95836695467983,0.0
0.12,3.7383608033942886,2.6585205110695043,30.74537797016794,101.19107784908542,63.32697139491853,63.721337548894105,0.0
0.122,1.683026747845021,1.2110196936796607,28.32379951476811,101.16130050598132,64.0990855184461,64.17707313428481,0.0
0.124,4.194332118858664,3.1331458159596317,26.647404372041418,101.13384715212449,63.15286121889007,63.59679481195401,0.0
0.126,5.8679641797328905,4.456180795267578,22.283454326567067,101.10853641048601,62.235256696768666,63.06739255625018,0.0
0.128,8.972873504212025,6.631417008925687,19.481939074864453,101.08520105970771,59.6332944598954,61.719240373719344,0.0
0.13,10.163454060425327,7.624759654494814,16.374968649397363,101.063686929315,58.23784137107815,60.816040131342746,0.0
0.132,7.13788234449342,5.289470317810787,18.79555530667408,101.04385188115344,61.31378108338072,62.625225032481325,0.0
0.134,7.159158793480857,5.426406039209744,20.27962508557089,101.02556487031964,61.53581615527446,62.78085115963046,0.0
0.136,6.056060889327101,4.568395525054546,25.613362337368812,101.00870507938232,62.17991387044143,63.08228263767194,0.0
0.138,11.838046813102597,9.040609173792646,22.90074429083755,100.99316112017358,56.18703167137436,59.52158780035428,0.0
0.14,10.42225601854081,7.820195129215513,24.079966036152495,100.97883029787685,58.00643239192502,60.71646426369192,0.0
0.14200000000000002,9.24852131973742,7.027208446322611,25.16149339359962,100.96561793254943,59.170648107059364,61.234713203994254,0.0
0.14400000000000002,6.521442745958158,5.19549509095064,24.183497082719015,100.95343673359723,61.628629163458086,62.51560704048707,0.0
0.146,9.851091795626958,7.488006220777358,19.771932379935716,100.94220622306892,58.37801011725829,60.71727585226625,0.0
0.148,12.165340878709554,9.200236724919629,21.407058788291245,100.93185220395952,55.32441997032835,58.94126995485735,0.0
0.15,11.437581944345835,8.653810609739233,20.690910902230275,100.92230627001047,56.56672671799599,59.759869686026136,0.0
0.152,11.251087602342968,8.737389201763627,17.550752762275625,100.91350535376749,57.04673286744401,59.91531525668579,0.0
0.154,10.247170751866708,7.966098093788835,12.281563220880175,100.9053913099108,58.566259868971436,60.938182343417175,0.0
0.156,8.634590625475115,6.640379480658428,12.150752679394035,100.89791053110426,60.17772543284295,61.91682416376935,0.0
0.158,15.163730173712723,11.487980955264893,3.584479495544954,100.89101359382606,51.406776195328206,56.99987334480872,0.0
0.16,13.399704012111656,9.913716335425399,5.080927436936085,100.88465493184052,54.14588730042296,58.78578851485969,0.0
0.162,13.486160973520857,10.243812346057782,3.723064267986326,100.87879253515405,53.85989639089338,58.25262565708365,0.0
0.164,10.19515608650011,7.743399848204475,9.453463781884727,100.87338767246632,58.43538145669626,60.946332734190484,0.0
0.166,13.280875840255787,10.250381663743802,11.210284905976264,100.86840463528283,54.233753323924304,58.30507766851335,0.0
0.168,9.365993531236274,7.490908076722282,14.898499182009612,100.86381050199827,59.3999663477948,61.20452889533911,0.0
0.17,9.67844494034963,7.408125052640346,17.88213708098532,100.85957492039229,59.06551520377026,61.280216453648954,0.0
0.17200000000000001,9.490642471807723,7.1275360221845485,20.252134130337282,100.85566990710042,59.07295755209202,61.314979709827895,0.0
0.17400000000000002,10.021189263653453,7.609506711328901,21.72355425276295,100.85206966273535,58.34194794154125,60.769470105564444,0.0
0.176,3.6283542201575125,2.8873668186374792,17.029313358719637,100.84875040143724,63.24912744613926,63.524769297060686,0.0
0.178,4.000957752950107,3.2018177533032066,10.911381223535136,100.84569019372694,63.10134897036197,63.42996945644945,0.0
0.18,6.504249949048188,5.075547508059135,10.359924198486233,100.84286882162355,61.85744043254051,62.80196865257946,0.0
0.182,5.9171232148378365,4.737934630424629,12.272946749884236,100.84026764506977,62.26808668234122,62.985403746700996,0.0
0.184,4.273323251103525,3.509868543448805,10.620283221363945,100.83786947878191,63.46458825748813,63.80383274083399,0.0
0.186,3.624788067820125,2.7283617568852376,9.975711820478908,100.83565847871121,63.76350213132105,64.08864587507877,0.0
0.188,2.241912845393393,1.6548260526416063,10.443248597467825,100.83362003736652,64.11581597730286,64.24642562729281,0.0
0.19,8.838911881551207,6.775145564966585,4.9366992324656245,100.83174068730642,59.767492392573516,61.607201699753,0.0
0.192,5.707730224176934,4.175712321751384,8.164601763903985,100.83000801216342,62.0859138627667,62.9503724725393,0.0
0.194,3.9214831379761503,2.987254484767332,7.750625052297687,100.82841056461234,63.38081831765778,63.74930660262743,0.0
0.196,6.907471549512108,5.107227781593727,3.4584347815044563,100.8269377907408,61.75938964764669,62.994245876396455,0.0
0.198,7.382870269839681,5.482054129475085,3.7520869195092756,100.82557996032239,61.26372515343326,62.65983528407358,0.0
0.2,8.328642805968975,6.141192274630784,0.9754082433528982,100.82432810253158,60.6645437429534,62.47161099840653,0.0
0.202,11.650246488624227,8.602870891251857,5.332423765008787,100.82317394667592,56.73918856641298,60.262835137005595,0.0
0.20400000000000001,7.885561711356898,5.857488307777718,2.0197278478629648,100.82210986755372,60.861652525303725,62.45290558224205,0.0
0.20600000000000002,7.858287924617062,5.710600017824461,2.895692131066642,100.82112883507642,61.024592115283625,62.68834109159357,0.0
0.20800000000000002,6.577193050357935,4.940940359512015,2.412763172655754,100.82022436782256,61.985349403270746,63.061330396244784,0.0
0.21,9.131273322838357,6.719106611855885,9.798624628342681,100.81939049021685,59.563077143284396,61.74590724106232,0.0
0.212,10.56937685680796,7.822913639727151,11.682609820480192,100.81862169305107,57.880857309450676,60.76477851762927,0.0
0.214,10.81918075511967,8.180785029476786,13.171879682646614,100.81791289708622,57.32076643328989,60.18274898006618,0.0
0.216,7.8930602775011645,5.972358516720614,10.71873550869907,100.8172594194953,60.55241197486098,62.07283882082543,0.0
0.218,16.119322254019522,12.000268351870313,21.032792846430272,100.81665694292516,49.34802948759658,55.96094360332097,0.0
0.22,8.473407805299043,6.026843800448022,13.537801642593731,100.8161014869729,60.324471917190195,62.34984353488623,0.0
0.222,9.518076849026034,7.480640533375007,15.751455296676001,100.81558938188829,59.30640178163564,61.28370524401957,0.0
0.224,12.1776003302791,9.41984904218087,19.910923905959713,100.81511724432886,55.82499128086685,59.22541466840631,0.0
0.226,8.597656103788356,6.51181359805495,17.758675583412508,100.81468195500693,60.20391232797721,62.00321174692802,0.0
0.228,5.034290479559316,3.910843892721775,13.99538695884114,100.81428063808141,62.97626445087878,63.549999240292856,0.0
0.23,5.051344123062791,3.62344080540058,9.748860613439485,100.8139106421578,63.16790070419941,63.87507966925007,0.0
0.232,3.1628040416898506,2.294439014204306,13.033694246324048,100.81356952277109,64.07060219278294,64.34115202195274,0.0
0.234,3.8616882536962462,2.7956572322812603,9.837406821771994,100.813255026236,63.64082088619621,64.04599591217195,0.0
0.23600000000000002,8.647240670221196,6.479333196946801,11.059735841137423,100.81296507475732,60.31459748513165,62.18680485963232,0.0
0.23800000000000002,16.47428603849532,12.442650547367856,18.63725834322347,100.81269775270249,48.91916108212569,55.57528698030666,0.0
0.24,11.95173468467025,9.391038471347272,13.760904931050982,100.81245129394561,56.06324710476635,59.18345991565248,0.0
0.242,10.166277928242064,7.812327507200988,10.623884739387384,100.81222407019901,58.38975536167949,60.80592203517987,0.0
0.244,7.508446411921729,5.742084057281826,4.684743442973744,100.81201458025566,61.165280504773975,62.50152350897065,0.0
0.246,1.3555809586691387,0.7420018864325951,8.981543716983797,100.81182144007106,64.41330047167413,64.4867791352278,0.0
0.248,2.9805981491528355,2.3177978389940215,6.373529348238967,100.8116433736192,63.92193263709095,64.12242544686814,0.0
0.25,2.9322183869092187,2.1485225116011084,5.30960593362399,100.81147920446229,63.898063470011834,64.12538799773489,0.0
0.252,6.882398947933986,5.170781418926306,1.1729039656835776,100.8113278479782,61.76612941506929,62.94395385526819,0.0
0.254,6.602701172681772,4.853136982632571,2.8721103340400136,100.81118830419483,61.90430611206045,63.048577104095756,0.0
0.256,4.28113234649736,3.076291452386094,2.7893377421976964,100.81105965118337,63.56712341445447,64.07321277695858,0.0
0.258,5.958367783943115,4.532669975324659,10.961835712877576,100.8109410389675,62.228875411773146,63.082797028503265,0.0
0.26,3.4302059315072677,2.502390516573313,9.670897372273831,100.81083168390775,63.4018588140177,63.71611091883986,0.0
0.262,3.244831806352107,2.464812562759374,10.013712060878454,100.81073086352426,63.519204827320976,63.773469577711055,0.0
0.264,4.150072435988513,3.198280547591365,11.53607807272716,100.81063791172349,63.384950256234525,63.784254390184515,0.0
0.266,3.8726938698793156,3.058702290850689,11.580305300544449,100.81055221439752,63.4719622508651,63.794078340203896,0.0
0.268,6.2532800909376265,4.5975126521361895,12.723840928611507,100.81047320536685,61.87103245150877,62.896762257337855,0.0
0.27,3.6054997570037397,2.67384155493816,9.109530604264728,100.81040036263977,63.56328395582493,63.89728087469404,0.0
0.272,2.3529710081025836,1.7956671523195697,6.001641173457153,100.81033320496373,63.81017736285769,63.94217596358399,0.0
0.274,2.9423416195440995,1.9373534437349362,8.010849678219907,100.8102712886457,63.90536623545395,64.18534514392364,0.0
0.276,4.685755530547548,3.48418428998471,6.631286149402581,100.81021420462105,63.25185663561022,63.812310921265976,0.0
0.278,4.208567693185808,3.332112096607824,11.486365511350359,100.81016157575074,63.65363850363644,64.03096052147924,0.0
0.28,2.2717873227249448,1.8330989670949676,9.05539027475913,100.81011305432978,64.42702822360778,64.52983667550198,0.0
0.28200000000000003,3.426695882970135,2.4959862923254006,8.45952954259507,100.81006831979002,64.06058024007086,64.37528568518792,0.0
0.28400000000000003,9.723373494766209,7.170847108747802,16.620520801211008,100.8100270765822,59.27867470915199,61.74063714750875,0.0
0.28600000000000003,11.964823710372862,8.769601589119018,18.8124166328013,100.80998905222341,56.30743653457398,60.08983977037939,0.0
0.28800000000000003,10.910916774785274,8.150787984643355,19.835214392136095,100.80995399549677,57.59817736090361,60.601936067164736,0.0
0.29,13.77075121112075,10.302732188177409,22.567785920812785,100.8099216747918,53.534594530879936,58.3010787516696,0.0
0.292,8.558281979824736,6.555215860528025,19.345089648827884,100.80989187657414,60.18824316871209,61.91659837024059,0.0
0.294,8.957626551415755,6.935030414287506,21.296280472258392,100.80986440397491,59.677470896789956,61.51265079878709,0.0
0.296,7.974191213580824,6.067018524026779,21.233895849703938,100.80983907548992,60.529922177924306,62.058780202771395,0.0
0.298,10.030690197834595,7.419413117553041,24.39853048414122,100.80981572378057,58.697696742418245,61.299199454323876,0.0
0.3,5.98136183099509,4.503475169239296,20.39924294985262,100.80979419456833,62.159120699109785,63.04377767517674,0.0
0.302,8.910524206448361,6.661423403877443,17.68539824175963,100.80977434561537,59.880184962637124,61.879699985569935,0.0
0.304,7.824941270417244,5.804615638291393,16.134804098151918,100.80975604578495,61.19740036114799,62.769483224704075,0.0
0.306,8.585415326608581,6.757327846891905,16.666810815749663,100.80973917417495,60.17027850798744,61.77157869614666,0.0
0.308,6.225033074755045,4.805690859200318,15.085242985777768,100.8097236193191,62.35733144497174,63.251178396406814,0.0
0.31,6.940164615698146,5.390414204884423,15.760313594699706,100.80970927845061,61.69700011148896,62.78798175762815,0.0
0.312,10.543622073688725,7.72621218538595,14.535914329820228,100.80969605682313,58.27635931144469,61.21507883403234,0.0
0.314,10.759879284860634,8.04243226028271,11.587121494723961,100.8096838670849,57.79846173481645,60.715527137470005,0.0
0.316,8.966997013637439,6.601590085947926,13.198332507066429,100.80967262870156,59.98209164114697,62.08455196325181,0.0
0.318,4.982143672711954,3.9712261544287824,12.839125446951616,100.80966226742406,62.94061468868975,63.45735715255759,0.0
0.32,6.4328903042686605,5.069597680287316,12.760288632545945,100.80965271479822,61.766259980984024,62.661528066246646,0.0
0.322,3.476982835935491,2.493312472984668,13.928301143742322,100.80964390771234,63.78821040084861,64.12349769984259,0.0
0.324,5.0931360420939775,3.7890734058425215,11.341805138633669,100.80963578798037,62.79642136605341,63.4577105030235,0.0
0.326,6.514160571223387,4.9857870993738,11.013543516061251,100.80962830195737,61.663363326996866,62.66681763892614,0.0
0.328,6.808675293792388,5.217660020428695,11.242960008587415,100.80962140018521,61.5304826699776,62.62287826312207,0.0
0.33,10.143029690143527,7.361265264281989,15.175036051478616,100.80961503706567,58.30342143863271,61.0833811158357,0.0
0.332,10.7749800001995,8.037936129981796,14.906778048053766,100.80960917055933,57.78747847014592,60.727237371256265,0.0
0.334,10.640970940539946,8.221351783803595,15.365090468419105,100.8096037619077,57.76985247201124,60.37550287749446,0.0
0.336,12.333141680167252,9.435085033153438,18.414695837888733,100.80959877537731,55.50836847600981,59.11005255352157,0.0
0.338,16.87511935655042,12.65484141571678,23.857608074398755,100.80959417802343,48.10338510502304,55.218709157484554,0.0
0.34,12.247397568687125,9.300880530983644,21.80678727526977,100.8095899394726,55.66096432460761,59.28587272448647,0.0
0.342,12.88058717568707,10.018190421631413,20.6901871921046,100.8095860317218,54.947789304617174,58.689915599309415,0.0
0.34400000000000003,13.787596129377174,10.490807457194311,24.499316129549545,100.8095824289536,53.69166403177891,58.26137639334149,0.0
0.34600000000000003,11.559435763162229,8.777603665808085,23.52788584162552,100.80957910736544,57.13636022279446,60.366288583385135,0.0
0.34800000000000003,12.049659840982663,9.431538641469071,22.061233719512888,100.80957604501246,56.627417535650046,59.83828926879971,0.0
0.35000000000000003,5.958313483643866,4.636082205021482,13.11414256296788,100.8095732216625,62.53395260619533,63.333705098269505,0.0
0.352,3.80650933701203,3.0694620003084028,15.244012577904277,100.80957061866248,63.51876289771233,63.80809805966827,0.0
0.354,7.546096394842383,5.652860785605837,16.298868671236843,100.80956821881502,60.93333880089568,62.359986501974475,0.0
0.356,5.9123762754776985,4.538734581472751,14.560671327808134,100.809566006265,62.23286230799963,63.05247372338669,0.0
0.358,8.958323967944233,6.686579540130741,12.608409282184049,100.80956396639466,59.65639748028855,61.68550605150539,0.0
0.36,11.40606188926225,8.114011434472404,4.678053056765599,100.80956208572714,56.801904851702844,60.4706901256976,0.0
0.362,9.708107260842773,7.198779988473577,7.715457905166155,100.80956035183735,58.69559361382801,61.117706267520866,0.0
0.364,5.057713237658673,4.121539824019122,7.829604033170314,100.80955875326995,62.91166794724623,63.402277007273625,0.0
0.366,3.2214759048223436,2.7513846274258564,9.669291916960912,100.80955727946365,63.5173796237798,63.677680671345904,0.0
0.368,5.282277497641868,4.063603925891034,5.836790944711585,100.80955592068136,62.50773873752658,63.15798771338181,0.0
0.37,3.820867865840254,2.8279122062810726,7.345704190648826,100.80955466794599,63.474035490862775,63.85095064585172,0.0
0.372,8.389849054056791,6.150555622716588,5.812319721345424,100.80955351298104,60.38682199317453,62.24573945159211,0.0
0.374,5.449450694728117,3.9557334512272604,4.19847835585718,100.80955244815598,62.637071992042024,63.4391334582194,0.0
0.376,7.301632347142642,5.638272569309236,5.144808086743465,100.80955146643578,61.42835325121351,62.657176945257646,0.0
0.378,10.266390830492186,7.580259300755087,6.408208460709941,100.80955056133446,58.3359825597551,61.07287355360536,0.0
0.38,4.571604057892728,3.6816362200169968,3.112853856121231,100.8095497268723,63.455084395018815,63.874428533979035,0.0
0.382,5.675062048018115,4.116350645268165,1.6611205560480118,100.8095489575362,62.84026692331763,63.71159749633753,0.0
0.384,5.873598492264083,4.231847098066373,4.137501777610707,100.80954824824335,62.44280158956126,63.38998668207953,0.0
0.386,7.300419395979891,5.1482033865991275,7.443148602476395,100.80954759430766,61.46294252154328,62.99254787443829,0.0
0.388,9.227695757940605,6.504120040080509,8.83930256011096,100.80954699140874,59.5300105202909,61.97620621560716,0.0
0.39,5.407198924297221,3.996369622809829,7.40334079063277,100.8095464355634,62.74868189735451,63.50610595079285,0.0
0.392,5.401782641163158,4.0467743308992405,8.953290162987773,100.80954592309932,62.90116564097477,63.63210160569289,0.0
0.394,3.1265088664436176,2.341236584123277,7.410527723973209,100.80954545063078,63.774296991721286,64.01942914105328,0.0
0.396,4.468366807374393,3.4567621709232546,10.052751451915714,100.8095450150363,63.40413058264306,63.86183903741531,0.0
0.398,3.446657160793954,2.761300330363006,8.428881331224112,100.80954461343805,63.7288505230334,63.971755944617776,0.0
0.4,1.603645380855594,1.2857823856461525,5.909491884313038,100.80954424318276,64.39310759357059,64.44554285139536,0.0
0.402,7.540419767717428,5.324651662896876,3.3376166244145127,100.80954390182423,61.271049460296595,62.8985037253876,0.0
0.404,10.527751973531077,8.063258517120712,8.222268167740124,100.80954358710723,58.017925438091865,60.633724857582784,0.0
0.406,13.907994677360445,10.867609833951029,12.916619094356752,100.80954329695248,53.069938203032464,57.37056477469533,0.0
0.40800000000000003,13.099601594057386,9.92564388581417,13.569800945558342,100.80954302944305,54.19695188126458,58.369318939812274,0.0
0.41000000000000003,14.243933560988303,10.940993608084005,15.581545389800914,100.8095427828115,52.579488841921,57.32869359450733,0.0
0.41200000000000003,6.498732915475683,4.932530806772616,10.32108720046522,100.80954255542846,61.634468448675605,62.6566176750746,0.0
0.41400000000000003,7.696934134149382,5.900417141407163,12.180654139932573,100.80954234579168,60.68633740075366,62.080964874524,0.0
0.41600000000000004,8.571120773396913,6.2002305250554866,13.589607158695124,100.80954215251609,59.927721739234,61.92714375810041,0.0
0.418,4.654401716637712,3.8527815547518514,9.972364937832817,100.80954197432482,62.85479182444591,63.24412944476056,0.0
0.42,9.845966426548896,7.415616496207135,15.702159204027923,100.80954181004057,58.56937254836494,60.96446836585279,0.0
0.422,5.914091035157492,4.382136574382609,11.784871669038083,100.80954165857798,62.28197465570101,63.1825002089031,0.0
0.424,5.284425702949429,3.8311040917276356,6.283159873034596,100.80954151893637,62.87179866417715,63.628135997400804,0.0
0.426,2.580952471745576,1.8107833166082576,7.638109831733129,100.80954139019317,64.09586796318501,64.28897316452145,0.0
0.428,3.86026291810971,2.7677595629162104,2.759812519046825,100.8095412714978,63.6598455781403,64.07325319761182,0.0
0.43,9.600219278464039,6.781356147446316,4.04554396643245,100.8095411620661,59.252084521672685,61.888431984210996,0.0
0.432,10.260934499850698,7.786981444393298,6.5283267934042835,100.80954106117504,58.3504730811083,60.89960362563254,0.0
0.434,8.850615538746311,7.038344007128554,7.135129152094338,100.80954096815806,59.89588203419736,61.539843452580044,0.0
0.436,7.008464523603541,5.178748100941872,8.623000171775875,100.80954088240067,61.270108143643014,62.5432022969016,0.0
0.438,4.652797956820777,3.484465497067195,6.432927151345399,100.80954080333625,62.94141533264028,63.48418643985421,0.0
0.44,8.004939098500689,5.990038005630323,10.276390579439726,100.80954073044245,60.50073002472203,62.11062865991047,0.0
0.442,13.401570310542905,9.956442394230866,17.112864247367877,100.80954066323771,54.158455154229934,58.75274238823778,0.0
0.444,16.55073158615439,12.394841691120266,21.734205582149386,100.80954060127797,48.43538118369289,55.30346941711373,0.0
0.446,13.274656671598768,10.400080794857875,20.659074140848908,100.80954054415395,53.93429549658184,57.81970367209641,0.0
0.448,12.013387113038469,9.523878392066768,20.434011486135592,100.80954049148816,56.23838870723674,59.2995017253518,0.0
0.45,11.829938681854687,9.163674883905033,21.359236600883833,100.80954044293274,56.53606813423207,59.731761559141546,0.0
0.452,11.376404176688924,8.86424945358471,21.431375686654125,100.80954039816683,57.26885186307068,60.17183940683741,0.0
0.454,7.327978940647636,5.683179075225632,17.670945920651178,100.80954035689471,61.32743131559401,62.54923477232889,0.0
0.456,7.267387530295872,5.554528321835378,19.39569710846302,100.8095403188437,61.11188355032377,62.36573765432866,0.0
0.458,8.178732949805177,6.042003696638232,21.122747618648027,100.8095402837624,60.4541237494835,62.18890289128255,0.0
0.46,1.5653840875493696,1.1895340058955497,12.937759431296534,100.80954025141904,64.17054513991329,64.22965977107896,0.0
0.462,5.590625142099579,4.237959194226478,16.197692034039488,100.80954022159993,62.609652281216086,63.368672761954805,0.0
0.464,3.7929444397437893,2.6126573881941386,16.83481405433001,100.80954019410808,63.78248746463938,64.21412506980185,0.0
0.466,3.872254687584174,2.767966859740941,15.570559757270994,100.80954016876183,63.765144691634596,64.18378067288386,0.0
0.468,3.5965306835647555,2.5456542794408983,13.810554459335155,100.80954014539377,63.51211396513246,63.88062143785974,0.0
0.47000000000000003,10.475715480142682,7.809169962571921,13.24891510445859,100.80954012384944,57.925135882815496,60.708788465263616,0.0
0.47200000000000003,9.53111146101236,6.917046532940046,17.323936391793254,100.80954010398659,58.698390664153656,61.15313916638128,0.0
0.47400000000000003,9.142889377142886,6.980523016670361,20.747214071478947,100.80954008567393,59.36383416797999,61.354321110990526,0.0
0.47600000000000003,8.186733112019981,6.301998820665802,19.5912069944165,100.80954006879048,60.30176766966298,61.86079317681637,0.0
0.47800000000000004,17.53999553280538,13.134109180585199,27.100170060184034,100.80954005322474,46.43062864514397,54.146836988268475,0.0
0.48,15.575149503778473,11.655822828445261,29.465756582931544,100.80954003887379,50.32391039321503,56.41729289540984,0.0
0.482,14.40553945866191,11.087987188985952,29.40973488590146,100.80954002564292,52.20156551569667,57.03024014932034,0.0
0.484,12.80119125225956,9.579323991895297,26.65205931006881,100.80954001344462,54.95360836670436,59.07035200788322,0.0
0.486,12.729063225100344,9.612684136664472,26.40789711750853,100.80954000219837,55.17022456677889,59.14528122890002,0.0
0.488,6.827241739612548,5.422468150094406,22.307946172944266,100.80953999182982,62.068089784227666,63.050525733194,0.0
0.49,7.74773636793907,5.951100000448694,23.448704324884744,100.80953998227051,61.01514357973444,62.42027288457085,0.0
0.492,6.730226146399379,5.120527198830323,20.502343928387553,100.80953997345723,61.95304140111431,63.04212884103046,0.0
0.494,9.616818625836945,6.9774863264371465,13.292566400063833,100.80953996533182,59.094741906962255,61.59523842528781,0.0
0.496,6.8892316253951025,5.034702294946,14.402217067377546,100.80953995784054,61.44597950119631,62.70846253469309,0.0
0.498,7.013770502257129,5.302635967801172,17.86668466291709,100.80953995093392,61.70015072953241,62.90335778421078,0.0
0.5,3.8017311299718513,2.872245755031368,14.874298372459855,100.80953994456635,63.43429607851776,63.78845570348463,0.0
0.502,7.083371949570145,5.127736384876738,17.157284816105815,100.80953993869574,61.674156762517775,63.037531344432225,0.0
0.504,4.563212118368768,3.3485277262123847,13.727401832373339,100.80953993328329,63.200883088284165,63.7495481133331,0.0
0.506,3.134505611188819,2.280822374737379,14.090820848913069,100.80953992829326,63.90977419226793,64.1737068920108,0.0
0.508,6.235439942909294,4.649089085376441,10.305438460795447,100.80953992369268,62.1173467938868,63.1031290145973,0.0
0.51,5.262778047580785,3.742409606383965,10.854521230201224,100.80953991945117,62.61988358328657,63.401535821697365,0.0
0.512,5.044474741645762,3.7218946115175613,11.502026658594941,100.80953991554068,62.64569698938154,63.30762952904217,0.0
0.514,9.207090882010966,6.609182904908022,6.059786392612987,100.80953991193537,59.27318589764358,61.619039963819624,0.0
0.516,9.819508158002666,7.387748055705854,8.585560297516773,100.80953990861146,58.7219430043331,61.1108856455082,0.0
0.518,4.433918470527313,3.3716481399581912,9.07315156743253,100.80953990554697,63.35697015131962,63.830351650909805,0.0
0.52,6.531437901228626,4.853609664582036,5.955081070920817,100.80953990272164,61.84866144943677,62.93923388033144,0.0
0.522,5.520251057266764,3.9607501649491836,6.709268517360753,100.80953990011682,62.55648079636548,63.40061559247622,0.0
0.524,7.742169006063668,5.6551326837777065,3.6011907154907012,100.80953989771528,60.834157078591275,62.43047654381742,0.0
0.526,10.51134057266405,7.6421250778848275,3.865127413398358,100.80953989550117,57.953471401528944,60.927166389799225,0.0
0.528,8.190189002595023,6.220920890355483,8.024063789144458,100.80953989345988,60.28591822454967,61.9061419354783,0.0
0.53,8.82007893601223,6.789216038005488,9.569757893303175,100.8095398915779,59.529008551062944,61.3388350468168,0.0
0.532,9.306551724852415,7.306868723525541,14.829410381583303,100.8095398898428,59.08217591630229,60.978853433847235,0.0
0.534,9.630517559880824,7.420744676365537,14.285217761897012,100.8095398882431,58.83553964063726,60.986723539979344,0.0
0.536,5.804446974156248,4.687717435240914,14.030665410175663,100.80953988676826,62.65672470579563,63.32566146077536,0.0
0.538,1.5507872968682836,0.8366468025215938,8.175956416688834,100.80953988540853,64.57176602242585,64.6691049604179,0.0
0.54,1.080264159868647,0.7226309951185926,9.05278810230386,100.80953988415492,64.41853413322876,64.45534532245732,0.0
0.542,3.010326547993035,2.1527983025873416,8.918117614956214,100.80953988299913,63.69076032058529,63.9435345513962,0.0
0.544,6.296285985494552,4.713565762150235,5.172235977476262,100.80953988193357,61.710995210075,62.705845784439944,0.0
0.546,5.39340701091751,3.969411514562273,5.316866112768112,100.80953988095116,62.592725698119736,63.35390539425382,0.0
0.548,6.804078503913715,5.174390228094896,7.057492768896665,100.80953988004543,61.82104092048243,62.9355356442784,0.0
0.55,8.864842972126178,6.638984334712221,7.934445671280707,100.80953987921038,60.2438563884578,62.21405110312767,0.0
0.552,8.235413874547449,6.072448395610135,9.218086256976404,100.8095398784405,60.64863318129682,62.415471659316964,0.0
0.554,4.070152899503576,3.332791489692939,6.251067702114914,100.80953987773071,63.55118149672571,63.86282398040809,0.0
0.556,8.564095106878307,6.365123858089283,3.685149575166175,100.80953987707632,60.179081015728684,62.05333886511595,0.0
0.558,9.386565789916384,7.152679980675439,6.666121089383105,100.809539876473,59.537471740028856,61.6468265549132,0.0
0.56,8.703278519671638,6.692782082881823,5.349445594418175,100.80953987591676,60.286501324781426,62.05370087343711,0.0
0.562,3.320571098045178,2.6074066266769864,3.5622565432964755,100.80953987540393,63.737540772497844,63.97890226832203,0.0
0.5640000000000001,1.5274122690565486,1.279120372684557,3.807031871330506,100.80953987493115,64.23561201743661,64.27539563527388,0.0
0.5660000000000001,4.561579309836981,3.2675750818595914,8.079836049248968,100.80953987449524,62.99650583987558,63.574898047429436,0.0
0.5680000000000001,6.968594184079694,4.992916672691601,10.12233147685842,100.80953987409336,61.476438640723075,62.82563248704968,0.0
0.5700000000000001,8.141210950709915,5.9010734704866,11.966778606652396,100.80953987372284,60.26167748521636,62.05758974555462,0.0
0.5720000000000001,10.402959159718101,7.911672561201599,14.609886986896104,100.80953987338124,57.999640819765176,60.60456851078965,0.0
0.5740000000000001,5.92427262014874,4.873734647077605,12.067642665457893,100.80953987306631,62.4129446429544,63.06057532942862,0.0
0.5760000000000001,4.69979223953296,3.8521903236291073,10.794125734158815,100.80953987277594,63.31162107881532,63.72545925516806,0.0
0.578,5.219312989087439,3.966449698820139,10.52466460790134,100.80953987250825,62.714791511266554,63.37183007071131,0.0
0.58,9.816840509686571,7.217204097166207,14.948976377800722,100.80953987226145,58.78928864632721,61.31744354355902,0.0
0.582,7.430449101798742,5.66324587717708,13.604704471026425,100.80953987203391,60.93197841925423,62.253034313862074,0.0
0.584,8.226569722736219,6.288639390735046,13.789423792015473,100.80953987182413,60.47984466008364,62.085802259916406,0.0
0.586,4.893875485572029,3.9644907881569575,10.298428311302295,100.8095398716307,63.02500826200155,63.495033348852544,0.0
0.588,3.0545524536070134,2.1706898587208205,6.214550926263367,100.8095398714524,63.64454062282056,63.90821196931703,0.0
0.59,7.32874923160461,5.329288589680404,4.064024357678107,100.809539871288,61.015445738488,62.46039190692058,0.0
0.592,9.113104773120831,6.785034463156898,8.131753601040463,100.80953987113644,59.516356092488536,61.62943330935552,0.0
0.594,7.099651528533931,5.2362970780500255,8.390280798270519,100.80953987099669,61.12839281897494,62.440714865659146,0.0
0.596,11.839118799439545,8.773518817601001,12.68450151619514,100.80953987086785,56.131695554186614,59.73934282103495,0.0
0.598,13.010430039697619,9.50333093897519,12.916386728066104,100.80953987074908,54.59399131594786,59.10187228504917,0.0
0.6,15.85210433959633,12.172071962909946,18.076093019454557,100.80953987063957,49.82437027154531,55.71240288673956,0.0
0.602,10.739170331963765,8.480940938773626,11.41766916903353,100.8095398705386,57.59659667348201,60.07457838314542,0.0
0.604,8.561025146366593,6.750502382096672,8.668318303886423,100.80953987044552,60.05912961813731,61.6418177067239,0.0
0.606,7.670872832881618,5.935739921345888,6.54386902636777,100.80953987035971,60.99928057214456,62.347172948526186,0.0
0.608,9.986188983365633,7.653216537601953,10.543597225277965,100.80953987028059,58.44530979591962,60.794764702257005,0.0
0.61,8.011498351600286,5.956320232672657,9.39353005308504,100.80953987020764,60.44993597478998,62.08882926647278,0.0
0.612,7.415698410461386,5.705078267934805,10.526716795161578,100.80953987014038,61.176145307516634,62.45754764066555,0.0
0.614,7.3627056638023625,5.7681235727929705,12.275449526367412,100.80953987007838,60.80158697785764,61.99698242163561,0.0
0.616,13.811840683409777,10.575371428024146,20.011245680089246,100.80953987002123,53.32086637132613,57.82708168748953,0.0
0.618,9.477218734217757,7.221322879873107,15.3451187515021,100.80953986996852,59.332394147620434,61.48304871096903,0.0
0.62,3.1841725912325836,2.6386520031510248,9.751927169621288,100.80953986991993,64.12064268116394,64.30199223637223,0.0
0.622,3.588070923217149,2.437963270242366,5.531588254888611,100.80953986987512,63.43410421275731,63.82978218175599,0.0
0.624,2.7612478056043126,2.261578108002564,10.440635867954835,100.80953986983383,63.71374001486711,63.85702572598733,0.0
0.626,7.308162608160181,5.4555503760345925,15.006531789876435,100.80953986979574,61.05774633188669,62.407746980014885,0.0
0.628,4.3573277450611965,3.4841737483637036,13.08237190120312,100.80953986976064,63.33054457381709,63.72144117013068,0.0
0.63,6.056929379316461,4.5243488635783615,15.258760862043761,100.80953986972828,62.38214866205272,63.307983351841905,0.0
0.632,1.5937441084679043,1.3241442395640766,11.194601462322789,100.80953986969844,64.42595960382323,64.47087134934529,0.0
0.634,2.1974198052527685,1.5056306065090312,7.387211544745935,100.80953986967093,64.30660930430948,64.45286237881547,0.0
0.636,6.290629244064894,4.430209642564325,4.523852848967718,100.80953986964556,61.97142314418812,63.1101296239801,0.0
0.638,8.95903221018536,6.64640785798753,5.997350227444544,100.80953986962218,59.74345543509359,61.803867037669384,0.0
0.64,7.059545498240511,5.269270042810652,3.929977192303559,100.80953986960061,61.12608010759643,62.38620509098012,0.0
0.642,4.077258170219737,3.1952811069130225,5.142610641508133,100.80953986958075,63.222979827085226,63.58917718992409,0.0
0.644,6.35228146314757,4.73723944393501,12.882310193180585,100.80953986956241,61.951883940862956,62.97439673735349,0.0
0.646,9.298815125078411,6.925025053165433,16.64998177932959,100.80953986954553,59.30912247159266,61.50783798063959,0.0
0.648,3.528684613098807,2.748344116760328,11.089857855794055,100.80953986952994,63.59531875530151,63.87496566193945,0.0
0.65,4.212620376225267,3.3073181174178394,12.757314496844188,100.80953986951559,63.40532148046668,63.79399028613925,0.0
0.652,4.37289252263875,3.055024422421947,10.148577157354753,100.80953986950234,63.157377239527044,63.716247272082725,0.0
0.654,6.7006038010750775,4.654069082844605,11.66356450290358,100.80953986949014,61.76398543063981,63.09066456990841,0.0
0.656,8.275068590588504,6.337389040940435,14.262521317877967,100.8095398694789,60.639449371577136,62.25595702411774,0.0
0.658,4.717825732890356,3.629798217528765,11.025789015224635,100.80953986946851,63.244293285757166,63.76282410538949,0.0
0.66,3.1180046223042392,2.4903849819302804,7.534644944338635,100.80953986945894,63.913255297342324,64.1142138015196,0.0
0.662,9.422096049210188,6.893936347251145,15.690701696775966,100.80953986945012,59.33267815853704,61.687684506807585,0.0
0.664,5.6977242529080625,4.196278799455303,10.669272725154789,100.80953986944199,62.30316805942758,63.15128092477707,0.0
0.666,6.651026912395956,4.875712122379069,7.189559673094186,100.80953986943449,61.91546464340721,63.083763528458775,0.0
0.668,5.826729254810271,4.486884844441263,3.8691131094140983,100.80953986942758,62.38302412783899,63.171951967681565,0.0
0.67,5.55352540316151,4.201742242294714,3.069517826501209,100.80953986942122,62.55978486926996,63.31265177419723,0.0
0.672,1.8611125815501357,1.5455287637460449,6.996061052124981,100.80953986941535,64.06865710338785,64.13003511377147,0.0
0.674,6.054328503073768,4.480257896600035,1.2876508141161664,100.80953986940992,62.13176873851272,63.07847182154231,0.0
0.676,5.771911099472422,4.47929659183698,1.0609429618599118,100.80953986940493,62.259836148687164,63.016348702577986,0.0
0.678,6.434949345646662,4.749010628038417,0.6407910013879712,100.80953986940033,61.741616299072106,62.8181052965737,0.0
0.68,4.879562575963344,3.793802217001815,4.239758068471523,100.80953986939609,62.97200011797809,63.50964248880439,0.0
0.682,3.004773434325906,2.2535149931841008,2.618111124055932,100.80953986939217,64.02155360517935,64.24708418087394,0.0
0.684,2.424918350708838,1.8867604463980783,5.649922714972257,100.80953986938856,64.14772144556272,64.28019456540567,0.0
0.686,6.144534577853438,4.634882026749825,8.153112088175686,100.80953986938523,62.073682931418716,63.00274424770866,0.0
0.6880000000000001,7.356400275380056,5.295127788916215,8.790297788429463,100.80953986938216,61.158199196966116,62.64704850300059,0.0
0.6900000000000001,4.108223823928974,3.2554017238106643,9.509265841872176,100.80953986937934,63.6584131206895,64.01694012612944,0.0
0.6920000000000001,3.226655504864898,2.2446445887576645,2.981328542589564,100.80953986937674,63.9517098240557,64.25845554829277,0.0
0.6940000000000001,3.852135569902724,2.580651155327402,6.900583617522378,100.80953986937433,63.57225802373414,64.03922044697806,0.0
0.6960000000000001,5.521861073828729,4.015939348116443,5.340415938989746,100.80953986937212,62.502924780034625,63.32294133863266,0.0
0.6980000000000001,1.2963182018024717,1.0540419882089118,5.712443415671064,100.80953986937008,64.25529731190322,64.28780730129068,0.0
0.7000000000000001,5.006541506018301,3.8380376968879046,8.339115534563355,100.8095398693682,62.86332663065174,63.453363602211496,0.0
0.7020000000000001,3.3586803803220033,2.511077439467828,2.7179170417314675,100.80953986936645,63.85755769282153,64.14160084890517,0.0
0.704,3.5991173859484236,2.4368218317890227,1.2117851509039812,100.80953986936484,63.856426058826074,64.25695427130941,0.0
0.706,1.893665347878536,1.4691323317869056,3.3069684886006536,100.80953986936336,64.35761954227665,64.43912445924134,0.0
0.708,2.489805016259336,1.8089823628610462,2.1167390119612297,100.80953986936201,64.1183921902331,64.28548263174076,0.0
0.71,2.6195871291963813,1.8804562680219994,3.1498323414047635,100.80953986936075,64.09947132038,64.28936463849868,0.0
0.712,2.790228937593006,2.2086459558710185,7.300596546210841,100.8095398693596,64.02284930129086,64.1888292490638,0.0
0.714,8.493128584624943,6.308622021463218,13.21886244387092,100.80953986935853,60.24743112456015,62.09346263473091,0.0
0.716,4.8412823151225215,3.8453060221555893,10.461009943525882,100.80953986935755,63.21397188576724,63.70790719464188,0.0
0.718,2.757702345424777,2.149034718900338,8.27942817124814,100.80953986935664,64.00524657923026,64.17575453955904,0.0
0.72,3.388445373330642,2.606653859111353,8.181822964429186,100.8095398693558,63.64543943728875,63.91302277992975,0.0
0.722,4.259105522868508,3.3510953594307593,9.55610465543234,100.80953986935505,62.99993500345144,63.394445657284734,0.0
0.724,7.049521630332557,5.265989783333913,12.836296752128614,100.80953986935432,61.26954602901946,62.523569522364355,0.0
0.726,2.5038538561389507,1.904762954113078,7.107651256405453,100.80953986935369,63.582716449524966,63.733504474979,0.0
0.728,6.773571401657824,4.934150991756436,13.270203348156087,100.80953986935307,61.58487298371558,62.81436483467633,0.0
0.73,6.306732926584296,4.670058389276166,13.800073454160692,100.80953986935252,61.84446238439857,62.87013772072645,0.0
0.732,4.308620099635164,3.080838461676008,12.285878622703686,100.809539869352,62.984088013558605,63.502059251233405,0.0
0.734,3.0388049289462096,2.3098861031014253,10.111620866509378,100.80953986935152,63.259383791719216,63.48197014487689,0.0
0.736,6.434109191722107,4.848991379905795,10.270786629730642,100.80953986935108,61.67018442468765,62.691270251654984,0.0
0.738,10.310183816212572,7.70239394751559,13.779255842591736,100.8095398693507,58.02276625642329,60.704540475719256,0.0
0.74,11.272591044523203,8.663642992285213,11.821030338727956,100.80953986935032,57.03118625597102,60.000683919780506,0.0
0.742,11.077202287187717,8.649375567851646,16.17316952491155,100.80953986934998,57.14000424282281,59.87428979036555,0.0
0.744,12.15515160093575,9.256603982178627,18.34885693696051,100.80953986934966,55.93460371642529,59.47790404725329,0.0
0.746,14.942305700710731,11.311234387039415,22.987266491275573,100.80953986934936,51.71364943358306,57.156212229019154,0.0
0.748,12.539819865399688,9.618643127498421,22.550413546688727,100.80953986934911,55.68139635840065,59.376893898500356,0.0
0.75,8.54941425298752,6.571451861746515,19.541807867023156,100.80953986934885,60.27376005126196,61.981286302289114,0.0
0.752,11.821425975601265,9.020425833463769,24.35192179390053,100.80953986934863,56.59106165224692,59.92397574891512,0.0
0.754,7.399827835371084,5.695179849402414,19.568363881342513,100.80953986934843,61.20894768011114,62.483368449857664,0.0
0.756,6.437607853932274,4.783105811436523,11.806846526730036,100.80953986934823,61.97323717162189,63.03312502696138,0.0
0.758,7.872422822061596,5.596606751445321,9.455118108334446,100.80953986934806,60.749352802138795,62.49938458625736,0.0
0.76,9.39247565494632,7.170890784160948,4.850448856986555,100.80953986934787,59.47768720943505,61.57848630713116,0.0
0.762,7.418633272067165,5.395011686368462,6.042813515317828,100.80953986934773,61.358366550500946,62.83875015709077,0.0
0.764,9.904269505485333,7.141847565504728,11.67008600117405,100.80953986934759,59.13352706894383,61.821893890147486,0.0
0.766,8.472891453645103,6.149571967295317,11.5534159551473,100.80953986934746,60.52928908104887,62.46884366036138,0.0
0.768,6.968850954615152,5.261636794882242,8.265560885970242,100.80953986934735,61.75594543377908,62.94802148501355,0.0
0.77,8.359524675888547,6.211236261586922,9.6460595281576,100.80953986934725,60.43987185777023,62.226965939713054,0.0
0.772,9.398524024916108,7.097085772819385,2.3885184474905756,100.80953986934713,59.380380328037845,61.547788675477875,0.0
0.774,5.2897162585591095,3.853640142127525,2.9893785645169615,100.80953986934703,62.66497478658078,63.41461877295166,0.0
0.776,6.065127382957001,4.503959723680043,2.759637588945273,100.80953986934696,62.0092640067411,62.95128191380721,0.0
0.778,13.830206022452987,10.275469968475699,7.68485339719567,100.80953986934688,53.18122255525975,58.07343083133058,0.0
0.78,9.301544868978079,6.924301874226624,4.412942298050577,100.8095398693468,59.18448368806238,61.38667014314467,0.0
0.782,13.188537435475615,10.208995646808829,9.721392748102165,100.80953986934674,54.18320194725866,58.16332772970328,0.0
0.784,10.989329621524172,8.482760895222459,9.017264662138418,100.80953986934668,57.64068767039372,60.42723353092981,0.0
0.786,8.687906700803095,6.839583478803679,7.9615725052074096,100.80953986934662,60.10701152510876,61.745532370378285,0.0
0.788,8.680099012861621,6.975832670126116,9.324868404575934,100.80953986934657,60.02418315460747,61.547496480586744,0.0
0.79,7.466012251948879,5.686126928746622,7.763017348243217,100.80953986934651,61.335009758752776,62.67148442354913,0.0
0.792,9.238618717688649,6.898047270738509,10.647982113430375,100.80953986934647,59.704139877691546,61.860436894638184,0.0
0.794,4.5199057533455855,3.388268725407775,6.9855696555394635,100.80953986934642,63.18823570601619,63.699158440573065,0.0
0.796,5.308323391327956,4.053902282866622,8.752762349724122,100.8095398693464,62.86220293806433,63.5326961186625,0.0
0.798,7.833669311558311,5.923064778634753,12.015111152623872,100.80953986934637,61.063307177113806,62.56388504022936,0.0
0.8,8.694605917357565,6.617379344665912,13.46873336677809,100.80953986934632,60.01621743903267,61.83210169671295,0.0
0.802,7.753318273999764,5.765291089305295,13.062261222311445,100.8095398693463,60.86789609526982,62.40225444212493,0.0
0.804,7.1936187998076075,5.397604150702169,13.42439779509967,100.80953986934627,61.46102041605462,62.75209122309373,0.0
0.806,6.351317913277832,4.711528527522027,13.163719425924482,100.80953986934624,62.21296564934748,63.24864902946224,0.0
0.808,7.358513393170221,5.341473943047879,14.713536679936228,100.80953986934621,61.224016776509146,62.6864970356418,0.0
0.81,4.140417805619116,3.0389537401647377,11.92698874672912,100.8095398693462,63.523061818806035,63.974531423996865,0.0
0.812,1.784473217292513,1.0875931938175858,6.422006655906612,100.80953986934617,64.32973401708772,64.44400187732808,0.0
0.8140000000000001,3.6412811463214108,2.5369933875462327,5.197307006589062,100.80953986934615,63.52856113451119,63.918073474864556,0.0
0.8160000000000001,5.619090933278772,4.23762654051177,6.461531832734962,100.80953986934614,62.45259513366718,63.22999420756769,0.0
0.8180000000000001,7.278099692073818,5.360284560125921,4.5554718970670525,100.80953986934612,61.54213930725295,62.92593037363403,0.0
0.8200000000000001,11.423944334508839,8.44385202051633,9.369427598503876,100.80953986934611,57.0751827771162,60.455470428103794,0.0
0.8220000000000001,11.021096726681382,8.11775210999717,11.567874170289855,100.8095398693461,57.20445155111147,60.37685643944304,0.0
0.8240000000000001,10.246356815121722,7.830119874892449,13.341089369431494,100.8095398693461,58.01341478430305,60.50701669625924,0.0
0.8260000000000001,8.666493022653402,6.595035451594562,12.876672157934841,100.80953986934608,60.07628495604913,61.881158745298166,0.0
0.8280000000000001,9.070339850470013,6.989308978036029,14.273705388799756,100.80953986934607,59.635421446335755,61.54346170302753,0.0
0.8300000000000001,5.667967509943644,4.355944815757477,10.720399184596424,100.80953986934605,62.51428084579161,63.26512638725003,0.0
0.8320000000000001,3.766399690219956,2.807699562726608,10.570731775665484,100.80953986934605,63.33613189830296,63.695956503436335,0.0
0.834,1.6185356929310686,1.253287314103257,8.664712314513997,100.80953986934604,64.30321836396705,64.36310329876422,0.0
0.836,1.2335250503798694,0.9300892464234645,8.432096651907278,100.80953986934604,64.2893309829975,64.32681259717695,0.0
0.838,2.3489104638754488,1.8683551727259928,9.388547315137885,100.80953986934603,63.937167301119416,64.05287067236135,0.0
0.84,4.5405713686216345,3.253260062250082,9.755619999974186,100.80953986934603,63.076068273746515,63.64887281272647,0.0
0.842,4.252385016221164,3.242494125169312,9.54933890785164,100.80953986934601,63.71861138891383,64.15073778610756,0.0
0.844,7.0573603827836795,5.111348127432959,10.594080801175958,100.80953986934601,61.736351592886905,63.08830654575953,0.0
0.846,7.138022093494752,5.2739101343599195,7.907521147774982,100.809539869346,61.62182136516585,62.9427629006872,0.0
0.848,6.8133322554841405,4.911650806457113,1.0574273139862458,100.809539869346,61.563825335024475,62.83680724335876,0.0
0.85,8.351565274550822,6.381839973269323,2.751866511241861,100.809539869346,60.16750170257468,61.82434544431552,0.0
0.852,8.719156906560329,6.662464391815853,4.062301461964141,100.80953986934598,59.57455138156462,61.38066266856765,0.0
0.854,9.651022147631442,7.39103778127025,5.7191604034054775,100.80953986934598,58.902080675974716,61.10095715278046,0.0
0.856,8.154939805706746,6.28766485998241,4.921013990707153,100.80953986934598,60.34797932885829,61.887645214251556,0.0
0.858,12.671853087899088,9.574446174625818,10.588613106466223,100.80953986934598,54.968547447453986,58.902528072733446,0.0
0.86,5.101007321938024,3.8957397485268364,3.5808981010614547,100.80953986934597,62.73642370529412,63.35549538153138,0.0
0.862,4.191132738375117,3.3093828904134943,3.1178641263917672,100.80953986934597,63.30895891902972,63.6865383560172,0.0
0.864,4.167511466048787,2.889133477761176,3.4408928612805307,100.80953986934597,63.64404663636165,64.15907276989711,0.0
0.866,7.769876177066585,5.921730674350373,7.948663196566155,100.80953986934597,61.06209396394836,62.50674508826777,0.0
0.868,5.61406700476118,4.518774766228359,6.301368921228803,100.80953986934597,62.79631732505571,63.42994363508704,0.0
0.87,3.4442662643476605,2.600067426658568,4.46038477196408,100.80953986934597,63.69026039112271,63.98157677773458,0.0
0.872,3.4649988470920925,2.4395770452179057,3.2632771260455877,100.80953986934597,63.499251585151754,63.844922652084726,0.0
0.874,4.074278561842587,3.0387978720455067,3.7622542856790395,100.80953986934595,63.17056861811923,63.591073781548715,0.0
0.876,4.406730156332653,3.2245770208648845,4.399266292421106,100.80953986934595,63.073203282151994,63.58824752990182,0.0
0.878,5.773474524534219,4.406524433644616,6.447073907903061,100.80953986934595,62.36768016576788,63.16214088903334,0.0
0.88,3.102646433908881,2.438918996186777,4.04120551516782,100.80953986934595,63.90162196001028,64.11160969372108,0.0
0.882,2.099578489490958,1.6139361857848007,3.056154891796944,100.80953986934595,64.28756219375816,64.39052331595717,0.0
0.884,1.439311952565949,1.1845614714961412,2.5966897692900353,100.80953986934595,64.23870815102616,64.27687001017482,0.0
0.886,2.1316070893194836,1.5802752979355683,3.4984522035138115,100.80953986934595,64.12339674297942,64.24023333779017,0.0
0.888,3.580319762662407,2.6869850807618025,4.9382121078199575,100.80953986934595,63.79114978192582,64.11079390049949,0.0
0.89,1.8226656361754898,1.2837311993470155,3.5722230392536645,100.80953986934595,64.03482166605954,64.13040111926745,0.0
0.892,4.0811915688478555,2.897430986647491,5.1476646459915765,100.80953986934595,63.19751226321324,63.66914660754608,0.0
0.894,8.37430888269442,6.39055567385969,9.601120823771002,100.80953986934595,60.00378566776517,61.67599229779097,0.0
0.896,6.401606616777281,5.095210490379782,9.083853199324999,100.80953986934595,61.88073290025948,62.738214286564535,0.0
0.898,5.128251456124139,3.6491888288198018,8.515711605600796,100.80953986934595,62.74777355594861,63.488958138424046,0.0
0.9,1.8122141008659365,1.4742851394557288,3.9971591609786965,100.80953986934594,63.944717839620594,64.00812388203376,0.0
0.902,5.529721151639873,3.995965033724337,9.44812964197669,100.80953986934594,62.5345441772855,63.36865654149725,0.0
0.904,8.5557478332506,6.067730440386869,13.145850103122521,100.80953986934594,60.05349146342887,62.13068427426546,0.0
0.906,5.163595515805914,3.7397610425971264,10.284944168022012,100.80953986934594,62.894683769404594,63.618428074082146,0.0
0.908,0.8528112968377146,0.41554511815853196,5.952273573878676,100.80953986934594,64.2995082477816,64.33117174017211,0.0
0.91,5.886183512825515,4.317213631264527,11.5475038744548,100.80953986934594,62.40044776183883,63.314416641440836,0.0
0.912,3.6258980143052595,2.4565378735400265,9.776527799418535,100.80953986934594,63.377777245706085,63.78384417805039,0.0
0.914,3.6319427476266477,2.5926413849869805,9.89983003952393,100.80953986934594,63.51584065550996,63.885178325312985,0.0
0.916,2.4250320637982488,1.6868134738485763,8.866685517880464,100.80953986934594,63.88645908293442,64.05975704970301,0.0
0.918,1.563203652917869,1.1541468688081338,7.49340348577571,100.80953986934594,63.84595776344789,63.90941789740714,0.0
0.92,5.24688605591204,3.748266531453737,11.515257404925121,100.80953986934594,62.25122063294794,63.02083293798961,0.0
0.922,6.05097005064081,4.61700321987489,11.214157823621079,100.80953986934594,61.766907856814186,62.640267777597316,0.0
0.924,5.238215778532574,4.126127288107362,10.796103598758581,100.80953986934594,62.590415667300135,63.1849660480768,0.0
0.926,7.744147788174826,5.975315915978638,12.835880360780688,100.80953986934594,60.4542270483369,61.83969462891427,0.0
0.928,10.423294020019437,7.9518669474112365,16.758185823257243,100.80953986934594,58.02910345807146,60.62180618903042,0.0
0.93,11.810237611387194,8.973801247090368,20.16399630330272,100.80953986934594,56.268911612538126,59.63463153350496,0.0
0.932,5.78486576652121,4.326218939361154,11.58028419498092,100.80953986934594,62.38656135285346,63.22857654330025,0.0
0.934,4.097263401373519,3.048025334677433,12.95184642030683,100.80953986934594,63.46056775314256,63.88858926359453,0.0
0.936,7.059088087048014,5.1110162150317375,17.497638416099544,100.80953986934594,61.40284033410153,62.75638178242103,0.0
0.9380000000000001,5.263346573060189,4.136206493217778,15.82813771332457,100.80953986934594,62.683306612421845,63.288169678371304,0.0
0.9400000000000001,6.122297154660715,4.602174793030599,17.596928434402667,100.80953986934594,62.11683266593036,63.04756878045737,0.0
0.9420000000000001,1.2259407701997755,0.8706683450808452,12.903333301395268,100.80953986934594,64.095607547215,64.13813316520091,0.0
0.9440000000000001,5.327019548562153,3.9591347290333663,13.7812569251202,100.80953986934594,62.74488996785156,63.47008923662276,0.0
0.9460000000000001,2.5546973620472424,1.7837152615701382,13.245247166016616,100.80953986934594,63.987377571852655,64.1783395135842,0.0
0.9480000000000001,7.0682261110672355,4.940677639513179,18.04378679379834,100.80953986934594,61.60512906903862,63.06379224062452,0.0
0.9500000000000001,7.004483042912731,5.530871215091744,19.078658771843973,100.80953986934594,61.731939362097066,62.786549458692974,0.0
0.9520000000000001,10.03550876380476,7.59878338070207,22.066035458178455,100.80953986934594,58.75625727412958,61.20948546932095,0.0
0.9540000000000001,10.224052420592855,7.84074293366545,21.29571411688863,100.80953986934594,58.58092642204539,61.03895498907396,0.0
0.9560000000000001,11.315461447078947,8.782198218893635,23.26980970498993,100.80953986934594,56.963646973228954,59.87034773114389,0.0
0.9580000000000001,10.384295988802819,7.8431374362747235,21.953039052924414,100.80953986934594,57.92097751120831,60.56540168680792,0.0
0.96,15.554490318776704,11.414438338575575,28.46514033959687,100.80953986934594,50.58359151950019,56.95818136103249,0.0
0.962,11.009673585528358,8.134365379044088,25.823391881329922,100.80953986934594,57.37943626503707,60.522057587029806,0.0
0.964,12.931487133777624,10.134892681507253,28.507283780881007,100.80953986934594,54.85718794781058,58.540049518441805,0.0
0.966,9.729409691499695,7.637631545223007,26.815288457493793,100.80953986934594,59.13414101005712,61.208169232516,0.0
0.968,11.278999994638045,8.796962351044177,29.976687208495196,100.80953986934594,57.24112760931632,60.08597540986372,0.0
0.97,10.655865702810239,8.079471063846958,31.030742938682906,100.80953986934594,58.070441527455685,60.826240807175324,0.0
0.972,14.318547484971527,10.787338459213252,36.10875977197722,100.80953986934594,52.55692437759146,57.618413197030634,0.0
0.974,12.490353743411458,9.510740725344123,35.72329256111815,100.80953986934594,55.16264735741451,58.905305719771206,0.0
0.976,10.111651902700206,7.592169387787368,34.3671081409309,100.80953986934594,58.140213730805115,60.686762949158876,0.0
0.978,5.879872743004704,4.520752951415628,27.340871341562483,100.80953986934594,62.03521503626262,62.84224442931602,0.0
0.98,1.5205880898499713,1.3587949281677065,26.379658247222423,100.80953986934594,63.57924476977274,63.605841692755114,0.0
0.982,7.69954481120601,5.605249270977723,32.52432969298709,100.80953986934594,60.495405230588844,62.086216794345916,0.0
0.984,6.807536021442477,5.049052204949325,32.91859917519664,100.80953986934594,61.10665726782331,62.29699594259724,0.0
0.986,6.2327680487321935,4.581735941357715,32.394025961737114,100.80953986934594,61.90925136077274,62.92862707178606,0.0
0.988,5.242066058093968,3.8113638276435777,30.838929171704923,100.80953986934594,62.696015939871955,63.43550940808722,0.0
0.99,9.516569296978615,6.788344660011888,32.88368871424252,100.80953986934594,59.18639283476708,61.72603009977642,0.0
0.992,7.974618997277748,6.149698760400705,32.85222226757923,100.80953986934594,60.39748075111398,61.86906134446109,0.0
0.994,2.8159918306405687,2.031456574675213,30.676242950165964,100.80953986934594,63.62123641603928,63.838355210679,0.0
0.996,5.562061415975038,3.902418707672609,28.658399923367604,100.80953986934594,62.62861742350872,63.52539204352162,0.0
0.998,5.357533313299812,3.8656872604185883,29.670166948451556,100.80953986934594,62.60671919468682,63.39227776373863,0.0
1.0,5.0084581614536035,3.783246870985598,24.842691536091415,100.80953986934594,62.971964641770136,63.58693754632665,0.0
1.002,6.111143282316207,4.455036900921379,22.97902963213146,100.80953986934594,62.09123108650179,63.09026065205401,0.0
1.004,4.47033978460489,3.315911330491877,26.36469449861565,100.80953986934594,63.08934784127529,63.60252496922045,0.0
1.006,5.437420316592594,4.032941293003035,27.785782296439034,100.80953986934594,62.990876873216415,63.75024729408036,0.0
1.008,5.382598978165832,4.091327161516903,28.289512408429164,100.80953986934594,62.98314446124871,63.68156907189213,0.0
1.01,4.750504270524275,3.529500607546092,27.436892844035587,100.80953986934594,63.42596876833386,64.0031594659946,0.0
1.012,2.3902565715561512,1.723031161433395,27.218485188592783,100.80953986934594,64.2184853796351,64.37517249655663,0.0
1.014,2.919175655360312,2.130867920633145,29.941406880537695,100.80953986934594,63.71941431889836,63.946695064850665,0.0
1.016,2.293169747738875,1.5639691136003524,25.31648139960807,100.80953986934594,63.713331347781256,63.8739086120121,0.0
1.018,7.393083889180442,5.243368550139561,21.093968271732116,100.80953986934594,61.13848542239127,62.689366409904125,0.0
1.02,7.378181793944781,5.5597601514403205,23.391471509450067,100.80953986934594,61.215923620422075,62.55909722090057,0.0
1.022,5.82632488587333,4.347119909929907,25.827526971339367,100.80953986934594,62.60846247661493,63.467611194615245,0.0
1.024,10.498759077891803,7.946004941305667,23.058618752176702,100.80953986934594,58.08213166924311,60.77029589127144,0.0
1.026,9.202496723649231,6.916908188382732,24.474146558249043,100.80953986934594,59.568158412757086,61.671549392900616,0.0
1.028,5.243348982082706,4.003170938687946,20.454862785724565,100.80953986934594,62.68357240667846,63.33826029959441,0.0
1.03,5.709961219896878,4.093827910762881,18.84482452307487,100.80953986934594,62.516758827359084,63.42133078165597,0.0
1.032,4.2145027085573945,3.252989252830473,20.547940582755405,100.80953986934594,63.003968533751745,63.41389129374488,0.0
1.034,4.870711886361264,3.6981650329393356,18.969009577019897,100.80953986934594,62.78154930930937,63.355171646300576,0.0
1.036,6.153515253205401,4.552413031013013,16.946884767117133,100.80953986934594,61.89900846586136,62.87763177949696,0.0
1.038,6.638080194269713,5.104305794546088,18.810950509140184,100.80953986934594,61.61973632579327,62.647965914192845,0.0
1.04,6.916317410881741,5.279011950333277,15.258829754373522,100.80953986934594,61.63123176682852,62.7712071682867,0.0
1.042,6.989021633823208,5.059213118540625,15.995893973881659,100.80953986934594,61.611534007039396,62.938958570937004,0.0
1.044,3.6421786753682266,2.8502327999940653,18.30346052469624,100.80953986934594,63.7039810111951,63.99752505067462,0.0
1.046,6.734631277466861,4.851241963540696,14.738064715474922,100.80953986934594,61.68353367937666,62.929312873273595,0.0
1.048,11.451171745088299,8.759207924926644,8.691449557761945,100.80953986934594,56.37420733255056,59.48033056830834,0.0
1.05,14.837587199516545,11.042442454800872,7.556475335891152,100.80953986934594,51.28677808062383,56.89434922814659,0.0
1.052,11.346842960763992,8.66034216193866,6.359071979516545,100.80953986934594,56.72257397904683,59.791225949631155,0.0
1.054,13.171007100094185,10.109388926095475,7.322046484964421,100.80953986934594,54.073873302290735,58.1431642949384,0.0
1.056,7.701195731758422,5.799728638163795,8.762931305159423,100.80953986934594,60.77854625824422,62.244177901765354,0.0
1.058,8.82884672794817,6.452691224237276,11.560552412571573,100.80953986934594,59.4763993747026,61.549473990917605,0.0
1.06,4.169708437224623,3.334022629590775,11.676998512479974,100.80953986934594,63.057047675458335,63.41505522200647,0.0
1.062,6.974991165531875,5.603996409305438,16.106878938889526,100.80953986934594,61.583060936474936,62.567647180230075,0.0
1.064,12.545529684436177,9.551660975110076,16.669576006720334,100.80953986934594,55.43185295034591,59.20884011750936,0.0
1.066,11.25911884168455,8.721478901661234,17.740523493950263,100.80953986934594,57.00011543511341,59.89487812873699,0.0
1.068,10.94938942899809,8.32848058147341,18.145474699502362,100.80953986934594,57.52620738953191,60.41080352984088,0.0
1.07,9.391126476708365,7.477178086275974,17.329390279581585,100.80953986934594,59.28778327110735,61.13099333899442,0.0
1.072,7.855219518279851,5.951815921330229,16.442432976081673,100.80953986934594,60.693056475150875,62.19344546978551,0.0
1.074,4.453894412364558,3.341719968061724,18.429105418584857,100.80953986934594,63.29595424150365,63.79094269495355,0.0
1.076,10.856601440057998,8.37953317791437,26.038314707006318,100.80953986934594,57.71006525927305,60.43044636873653,0.0
1.078,11.946322609070224,9.175539037076057,26.471880077360012,100.80953986934594,55.92663450182882,59.26789355389602,0.0
1.08,12.434432456421225,9.49931494112468,27.61164318725887,100.80953986934594,55.23523188416283,58.910714003481424,0.0
1.082,8.951602819189741,7.045258153640295,25.91833481272205,100.80953986934594,59.82695835703684,61.56799976208064,0.0
1.084,6.999313051683951,5.488228329755162,25.500879167098855,100.80953986934594,61.54751249434647,62.62481590169222,0.0
1.086,1.8449326493907812,1.4825408991563696,20.65962647834746,100.80953986934594,64.44783127005121,64.51667501627196,0.0
1.088,3.2732721030285923,2.548664197346534,18.018994172093016,100.80953986934594,64.01642546386783,64.2572729824474,0.0
1.09,8.300163209434809,6.098673445702338,9.911536001213397,100.80953986934594,60.71736432476573,62.52710583209915,0.0
1.092,9.790817341676505,7.493037492660937,7.2068301977604285,100.80953986934594,58.776545430770454,61.04391542667123,0.0
1.094,19.301478824916746,14.515535814717188,4.705481459960087,100.80953986934594,42.92396160076156,52.16517999032688,0.0
1.096,18.272733461029986,13.743588918811442,6.836893331678578,100.80953986934594,45.41325024221361,53.69252334401091,0.0
1.098,17.360413399536757,13.569436520817188,7.135133332347165,100.80953986934594,47.41899524607695,54.113585613284705,0.0
1.1,17.008902791067086,13.277215425171212,8.585189989086862,100.80953986934594,48.01269298327927,54.46538978699937,0.0
1.102,17.20862777199892,13.396863283020487,10.090783799071213,100.80953986934594,47.42772546094061,54.0884349857932,0.0
1.104,18.474640636082324,14.725130594583494,14.385290704755663,100.80953986934594,44.69290683068372,51.80053007626286,0.0
1.106,17.888330941784513,14.410263211358899,15.912962491050404,100.80953986934594,45.915398251480966,52.32937926977665,0.0
1.108,21.295650767085803,16.92774974912526,21.607769700163182,100.80953986934594,38.3191082790596,47.85431593262718,0.0
1.11,21.200670050180527,16.772465177398907,23.68542303805383,100.80953986934594,38.42876715747397,48.03222191443618,0.0
1.112,15.850270780589302,12.854233334800625,19.760550109647568,100.80953986934594,49.67772326567086,54.587762695170724,0.0
1.114,12.546427931480114,10.405379295400898,17.12394126830607,100.80953986934594,55.23479459020939,58.04035674260813,0.0
1.116,9.736853325257245,8.00431007339697,15.921649590821863,100.80953986934594,59.04203426405715,60.79688237216103,0.0
1.118,8.926005153398414,7.622036943164508,16.444521604935133,100.80953986934594,59.91192784104061,61.14385947926516,0.0
1.12,10.04187873252602,8.218838689132115,18.612938657065026,100.80953986934594,58.659833400996355,60.56041971840025,0.0
1.122,12.213698041395661,9.832204557295212,21.85180880091987,100.80953986934594,56.072027665800746,59.069482438634246,0.0
1.124,11.438406000806886,9.319135452145368,22.237074855665337,100.80953986934594,56.81563748957133,59.32716034902257,0.0
1.1260000000000001,9.353211362375543,7.5991010574523346,20.951035979095952,100.80953986934594,59.27176965388273,60.96946232674054,0.0
1.1280000000000001,10.624299087060708,8.44805694025124,23.250550149911174,100.80953986934594,57.77322559284242,60.14288322501984,0.0
1.1300000000000001,11.45550205025629,9.062977721479625,24.613537705632687,100.80953986934594,56.675754638874466,59.47845307071773,0.0
1.1320000000000001,11.756799485895307,9.482367737832591,26.268726824822988,100.80953986934594,56.177169684592386,58.93511564217277,0.0
1.1340000000000001,11.921658820030048,9.326440871159711,27.155103089105697,100.80953986934594,56.20509301895794,59.35334203674232,0.0
1.1360000000000001,11.100821098783056,8.845639482277546,26.4599007897714,100.80953986934594,57.37122882580161,59.939386362625314,0.0
1.1380000000000001,8.923383296786339,7.00361419853989,24.47569562464504,100.80953986934594,59.78278058898579,61.52842521658631,0.0
1.1400000000000001,8.10776132359012,6.114770728192185,23.143278103948827,100.80953986934594,60.80854212353877,62.42682575591634,0.0
1.1420000000000001,12.234151418026157,8.979782140164787,26.30593485636904,100.80953986934594,55.677313139865696,59.618829888432984,0.0
1.1440000000000001,7.401125199909527,5.51196226044027,23.068554425901173,100.80953986934594,61.09692305348218,62.489669007912454,0.0
1.1460000000000001,9.110542056573166,6.988732283113549,21.341916465723457,100.80953986934594,59.36766644818222,61.31789652218173,0.0
1.1480000000000001,5.685783861803743,4.668786712577323,21.57297778099203,100.80953986934594,62.60397193379,63.20517864851479,0.0
1.1500000000000001,6.7588240109338065,5.173803486780289,23.924330308123327,100.80953986934594,61.75516563796141,62.834965269816806,0.0
1.1520000000000001,7.691536332144307,5.437270065714752,22.066418166023148,100.80953986934594,61.01123351649556,62.70090716256103,0.0
1.154,5.36578353689222,4.029975927231566,20.347892348585948,100.80953986934594,62.65491460476171,63.37146669077561,0.0
1.156,10.945067936731446,8.056794646037025,13.06557315332139,100.80953986934594,57.63531382685212,60.76865974160404,0.0
1.158,8.272987778322959,6.023738461106774,12.21884165197503,100.80953986934594,60.58631875485213,62.42220902939578,0.0
1.16,9.024245645661319,6.844652510162697,16.58120124345561,100.80953986934594,59.84629426231122,61.82096660846457,0.0
1.162,7.539429963027324,5.617190544999893,16.663164617520316,100.80953986934594,61.199304795607304,62.643161760579716,0.0
1.164,7.16777510447736,5.68566668343768,12.248736911264054,100.80953986934594,61.59178968006897,62.67939586800398,0.0
1.166,4.253782457354611,3.2496418291103732,12.620436140393942,100.80953986934594,63.48582790262921,63.915983730064816,0.0
1.168,2.1675594550578463,1.472781706324967,16.831391681317438,100.80953986934594,64.26406495133294,64.40846242676018,0.0
1.17,4.085300127711982,2.957575957654342,14.039821004049754,100.80953986934594,63.262436117641734,63.715881265671555,0.0
1.172,10.049916615055142,7.38297244189359,10.745458484865763,100.80953986934594,58.67696279423751,61.331303166410564,0.0
1.174,10.022004654303482,7.685275778713384,6.753656463604497,100.80953986934594,58.82668709205334,61.188978668536265,0.0
1.176,6.449106421243154,5.103785162446682,9.837923567428627,100.80953986934594,62.19499371283451,63.082331107435095,0.0
1.178,8.466887669877389,6.37255028558387,12.477350915029412,100.80953986934594,60.32704737052857,62.10138698645618,0.0
1.18,7.0328174120065405,5.153877251071367,9.442983620544663,100.80953986934594,61.55684294713839,62.864130461647605,0.0
1.182,3.390650721913941,2.602655401348675,11.553235348324769,100.80953986934594,63.52388566475442,63.79351173191215,0.0
1.184,1.009293304393066,0.5180302593811654,13.822880268103773,100.80953986934594,64.09433990747152,64.13717668685423,0.0
1.186,0.9494353478404793,0.6800748924472033,13.872271522860574,100.80953986934594,64.47805006684486,64.50310899612884,0.0
1.188,4.323313128513533,3.1961509950313105,12.37529202552291,100.80953986934594,63.35512119231079,63.8390094420688,0.0
1.19,10.062999071560885,7.419525908122382,10.940871117222315,100.80953986934594,58.50689824550387,61.1453702873205,0.0
1.192,11.57598968865136,8.641433316868982,6.096598681153905,100.80953986934594,56.690639279779624,60.07785477088537,0.0
1.194,8.094655013170147,6.269575987289163,4.498479742280602,100.80953986934594,60.566704396297986,62.06341093692453,0.0
1.196,7.36150499033368,5.549941896464415,6.733003599762066,100.80953986934594,61.04389833090664,62.37926584277885,0.0
1.198,10.356080207150164,7.5646943041247985,6.242358499646651,100.80953986934594,58.15864049102221,61.0145882286296,0.0
1.2,7.749754212080739,5.817828036885048,2.089144282236554,100.80953986934594,60.7935478150126,62.2900091203087,0.0
1.202,8.585504268788275,6.544647739577134,6.004693551827599,100.80953986934594,60.05587933142576,61.81878287470377,0.0
1.204,11.96844052306807,9.112949577170157,6.223027783839914,100.80953986934594,56.291107273639945,59.72791283392982,0.0
1.206,6.229290042158887,4.634189567727962,0.33092052671802735,100.80953986934594,62.23198510714877,63.22128748015192,0.0
1.208,8.954616442453643,6.786702051598391,3.9001718727547106,100.80953986934594,60.027092358997,61.9753930762833,0.0
1.21,10.065111951348797,7.423354323739941,5.917158154891444,100.80953986934594,58.78915390077353,61.426808667241815,0.0
1.212,10.61878025923528,7.859868788957938,7.562900079741627,100.80953986934594,57.92453471725647,60.835129376927924,0.0
1.214,10.91647231129237,8.15058481558891,8.834277892916331,100.80953986934594,57.41553382673093,60.42640570636201,0.0
1.216,6.750460409950791,5.151417985769671,5.662695223331323,100.80953986934594,61.665541745884774,62.75208677104371,0.0
1.218,6.797471185268012,5.1579641535690115,6.412773995929935,100.80953986934594,61.480613352854945,62.599667174778816,0.0
1.22,10.232452426555433,7.728685390338498,10.66614089035549,100.80953986934594,58.28632990990986,60.85377617740127,0.0
1.222,12.35890171582996,9.304313826693143,13.932348678713778,100.80953986934594,55.79797066552685,59.57587392083357,0.0
1.224,12.316358616594108,9.225701821436317,15.075378084938656,100.80953986934594,55.73968082809798,59.540816396223015,0.0
1.226,7.995900467667801,5.915374149332647,11.56277241473868,100.80953986934594,60.6938725652849,62.34626291933238,0.0
1.228,3.440449806163612,2.7447555437625724,6.888525639261823,100.80953986934594,63.956227375112384,64.20189290129255,0.0
1.23,5.546122309610779,4.312332358762139,7.366961622825758,100.80953986934594,62.88785442058314,63.58227401660007,0.0
1.232,7.76810272932097,5.512267604954086,11.995445751542645,100.80953986934594,61.156009929514795,62.86637907700268,0.0
1.234,2.3532012423907616,1.6151478845765836,7.025421105226857,100.80953986934594,64.32186428180532,64.48907697099828,0.0
1.236,2.797937407578027,1.9620189446391254,7.038718070263261,100.80953986934594,64.08752533266782,64.31468882239375,0.0
1.238,6.3789939769505315,4.472883164265351,11.255706374288382,100.80953986934594,62.370351394630546,63.551283672875776,0.0
1.24,11.141744963741706,8.180437240449882,16.772152389193906,100.80953986934594,57.60232190878146,60.86905445109401,0.0
1.242,6.37076436257652,4.673388677786397,13.090327122983455,100.80953986934594,61.847977336023064,62.91822074677401,0.0
1.244,6.179341531256851,4.507848695545789,13.763003418473117,100.80953986934594,62.16040129217848,63.18026028766279,0.0
1.246,4.169013785307586,3.1676044775800225,5.6738024409703565,100.80953986934594,63.39847627787856,63.8179254459999,0.0
1.248,1.9248176060991045,1.3357799313937866,5.797896742609595,100.80953986934594,63.905173820519906,64.01482466237611,0.0
1.25,6.207543601179286,4.621586431277034,6.710503309748855,100.80953986934594,62.171525552944615,63.152047000109455,0.0
1.252,7.451526625815243,5.121420920486375,9.358063174340886,100.80953986934594,61.16692507010999,62.8394979210623,0.0
1.254,4.494185111915315,3.267608419954249,5.145388199975999,100.80953986934594,63.082727294776326,63.62626372111872,0.0
1.256,1.449550581697316,1.13018671556244,6.937603759302309,100.80953986934594,63.81424340748776,63.861279690103956,0.0
1.258,5.116590689763586,3.713348275516649,11.021618310672947,100.80953986934594,62.582262728001304,63.28965838613133,0.0
1.26,1.3400803401581813,1.0948526155057632,8.485514109495456,100.80953986934594,64.06482234559101,64.0989124434506,0.0
1.262,6.794530567369427,5.006800054836004,12.860272183837354,100.80953986934594,61.68435942755017,62.88885507705131,0.0
1.264,9.159127609984724,6.833441519488311,16.854782413074695,100.80953986934594,59.56342301784523,61.68687421107741,0.0
1.266,9.158687991019113,6.886511086284868,16.30528816727359,100.80953986934594,59.541085157516335,61.62250755995403,0.0
1.268,8.681562258502035,6.446151991000927,17.666554528972796,100.80953986934594,59.895120474003456,61.825769717973,0.0
1.27,4.1187992809222,3.0855901672906456,11.875030809950113,100.80953986934594,63.221597758208745,63.64656675542041,0.0
1.272,6.827034591639657,5.220081708467685,14.111045305301936,100.80953986934594,61.66273591086583,62.76798070176409,0.0
1.274,2.683317699062462,1.9704092110401572,7.771278002926906,100.80953986934594,63.637442399567405,63.826853940993054,0.0
1.276,2.9323543528704636,2.0362675677932685,6.8230170837285025,100.80953986934594,63.57714544925328,63.83133505610254,0.0
1.278,5.75147396138282,4.397153323131009,5.176274665055112,100.80953986934594,62.2714882858818,63.05618326211102,0.0
1.28,5.476794140127649,4.007051625362997,3.434591080750895,100.80953986934594,62.497503511795436,63.29329215621179,0.0
1.282,0.8044101521590336,0.3244070703133031,9.05668257789288,100.80953986934594,64.3172457006778,64.34817992755042,0.0
1.284,2.7120810573663654,2.0592283753403846,10.744085628030065,100.80953986934594,64.20263842764686,64.38047635917282,0.0
1.286,0.7271361253200328,0.6617897488053943,8.317804061387703,100.80953986934594,64.4161862867409,64.42136798564678,0.0
1.288,4.098922696043563,2.9603117544614275,4.882303623016624,100.80953986934594,63.39360343312654,63.852489367543214,0.0
1.29,11.007645791240815,7.967893929222072,5.931193686220983,100.80953986934594,57.35326335967227,60.6463739717057,0.0
1.292,6.708238305650526,4.877029370536418,4.834365441397452,100.80953986934594,61.376232959836955,62.58743415518783,0.0
1.294,11.71440025719476,8.757830742586176,11.664647478934379,100.80953986934594,56.44291963365354,59.89855605558852,0.0
1.296,12.098279679626298,8.873994194230118,9.753409356795437,100.80953986934594,55.98432877796896,59.84492217315683,0.0
1.298,14.682613914767972,10.732719354805068,14.489551607248465,100.80953986934594,52.130134393345664,57.86153730621672,0.0
1.3,11.862767388027772,9.003272844209869,15.526938824203345,100.80953986934594,56.356527626816764,59.76299466901694,0.0
1.302,7.725944670692947,6.192480822711045,12.941051716888978,100.80953986934594,61.084377338343856,62.30290694463409,0.0
1.304,6.783328838931302,5.224695241217672,12.987514191737008,100.80953986934594,61.75412316181084,62.82265578857924,0.0
1.306,8.378175684239176,6.408493363527988,10.937069813408161,100.80953986934594,60.455114853238854,62.11791156294631,0.0
1.308,8.955065499519616,6.698299926060208,12.001018397154963,100.80953986934594,59.72394037836479,61.74076003121851,0.0
1.31,7.401601665218622,5.374447823612243,11.466425461079435,100.80953986934594,61.36839628352245,62.84701285149687,0.0
1.312,8.100746342371783,6.003007294473712,14.847783439422287,100.80953986934594,60.49116299016887,62.18027624732558,0.0
1.314,6.4677215682609805,4.923449082781446,14.971674880392323,100.80953986934594,61.98691073458677,62.99121295845677,0.0
1.316,5.447547282602516,4.268344653968939,14.467655895300071,100.80953986934594,62.69503029794366,63.34912867692331,0.0
1.318,7.466844460940896,5.587797569186024,15.69570708919782,100.80953986934594,61.30420513594922,62.70467864491565,0.0
1.32,10.72159094112402,7.696281119610816,17.619579187122156,100.80953986934594,57.81104669932916,60.992188664551385,0.0
1.322,13.001831799447896,9.310338918680964,21.800322899624486,100.80953986934594,54.584003679603974,59.28640963241491,0.0
1.324,9.87756383295491,7.3948759282408805,21.45089061907663,100.80953986934594,58.60798544017567,61.056198660217724,0.0
1.326,9.165018426314719,6.992803907166164,21.567312967406743,100.80953986934594,59.38839388247894,61.39221347072387,0.0
1.328,2.865184335883197,2.1926732614175144,15.875683439393352,100.80953986934594,63.74070353763937,63.93489841504082,0.0
1.33,6.435645649237965,4.885680834158138,19.173592950090402,100.80953986934594,61.73113838831479,62.732962264863474,0.0
1.332,7.606063813540994,5.81360433319209,21.639840798746942,100.80953986934594,60.82740789434263,62.200702251783056,0.0
1.334,5.7402311397743055,4.17859331010652,20.249847670789794,100.80953986934594,62.02425403202491,62.90858058325995,0.0
1.336,9.12101654098049,6.769183602688861,23.493672007343086,100.80953986934594,59.251068042231225,61.38464816619974,0.0
1.338,13.372765011738343,9.85194677551587,29.28257803147359,100.80953986934594,53.88145097916105,58.549884787070006,0.0
1.34,7.256566305555635,5.290845674366332,24.454669397279176,100.80953986934594,61.47835823943226,62.88650590334256,0.0
1.342,7.261563913155844,5.535194601461208,24.823520322555876,100.80953986934594,61.65428086383294,62.91554453998083,0.0
1.344,8.86578106318877,6.705935861373862,26.858784444266323,100.80953986934594,60.22955464092285,62.14968976404782,0.0
1.346,3.419836853292384,2.744097499737835,22.158189456547184,100.80953986934594,64.00790620447322,64.24570457695688,0.0
1.348,2.938535431367915,2.1993992542120098,21.885725475183378,100.80953986934594,64.03090414991773,64.24771683941388,0.0
1.35,5.858404880697783,4.263871815824701,14.704293008526353,100.80953986934594,62.20913183422236,63.13060736094509,0.0
1.352,8.604939278507542,6.441622703880549,20.109843049742075,100.80953986934594,59.94098463178911,61.799346028953146,0.0
1.354,9.441091187531384,7.076598682231496,16.97596551451781,100.80953986934594,59.06719642978462,61.296968399484975,0.0
1.356,15.415689555930022,11.966522358870897,15.089782497241586,100.80953986934594,50.53043819613496,55.922648405111104,0.0
1.358,18.094739669425767,13.978360923964143,13.580716633714486,100.80953986934594,45.62790940343497,53.16599811408338,0.0
1.36,17.124311946100413,13.391670040535807,18.201010337233303,100.80953986934594,47.53214033555196,54.035511014748,0.0
1.362,11.02434052791102,8.949562993327351,13.426958569159854,100.80953986934594,57.2222590299946,59.588227692438295,0.0
1.364,9.63047459705102,7.908197778777892,11.953411050709217,100.80953986934594,58.66146434440655,60.38600437682554,0.0
1.366,10.277589217783076,7.9123681908117085,14.978175564046662,100.80953986934594,58.28095899802247,60.73723436164936,0.0
1.368,14.228803773987782,10.544862471982235,21.804443772841974,100.80953986934594,52.90412393764035,58.11464928372086,0.0
1.37,10.209788343172656,8.088934541355083,20.639407423219115,100.80953986934594,58.44148955889689,60.657159756528515,0.0
1.372,7.769749966733767,6.140250656018805,21.84012396294348,100.80953986934594,60.97968010371573,62.27373825889319,0.0
1.374,7.16052568962714,5.585390624013747,22.009901710230167,100.80953986934594,61.434321306409714,62.58052333187819,0.0
1.3760000000000001,7.968874658093082,6.059083833361377,18.08611785040653,100.80953986934594,60.8310760466603,62.36058757200415,0.0
1.3780000000000001,5.900597420258299,4.4738230267132595,17.11946088206757,100.80953986934594,62.461555849039954,63.30662286912096,0.0
1.3800000000000001,4.094579773424227,3.3319370167226925,12.493951852076721,100.80953986934594,63.36549200499317,63.68884592465865,0.0
1.3820000000000001,5.477705163034271,3.9623090618471175,16.548426951263043,100.80953986934594,62.50507741984589,63.32179293667601,0.0
1.3840000000000001,4.308776949496334,3.453245126396487,14.06655210951504,100.80953986934594,62.99106170580046,63.370187167726826,0.0
1.3860000000000001,9.136607235246647,6.947069217936186,19.398206059043797,100.80953986934594,59.33019650265325,61.34072820985064,0.0
1.3880000000000001,12.409180910798664,9.352826225885515,21.03775216275956,100.80953986934594,55.568468052014985,59.36579707943065,0.0
1.3900000000000001,15.21955332566709,11.50531996083279,26.787826728237082,100.80953986934594,50.831772824999994,56.49896152153657,0.0
1.3920000000000001,11.193497984126536,8.569399172748813,25.812447095115356,100.80953986934594,57.07358553418083,60.03435909894322,0.0
1.3940000000000001,15.303323477102488,11.666190479347838,29.32591839540322,100.80953986934594,50.958678381068985,56.55902431733808,0.0
1.3960000000000001,8.0456621797906,6.02286136490671,24.72264233889462,100.80953986934594,60.52626406100053,62.15096800403,0.0
1.3980000000000001,3.416064271442505,2.8304771389739622,21.575421821095357,100.80953986934594,63.33725810205269,63.54609295669947,0.0
1.4000000000000001,4.210329348812644,2.969300593109369,14.80825407042208,100.80953986934594,63.01294627471926,63.52163930835995,0.0
1.4020000000000001,2.223166969491018,1.4613491959953409,15.988356822232552,100.80953986934594,63.7566928481473,63.91694478922748,0.0
1.4040000000000001,2.197707081130768,1.4856559131565585,20.523222183296713,100.80953986934594,63.9565504182256,64.10628682512007,0.0
1.4060000000000001,3.822374259844746,2.9790487438397704,22.335297244836745,100.80953986934594,63.50513553876831,63.8326019811805,0.0
1.408,4.032731799462703,2.9812527560379523,19.37719860561465,100.80953986934594,63.35177605740026,63.77282950724185,0.0
1.41,6.304660852361341,4.624632837657732,15.331138574449366,100.80953986934594,62.112424391602836,63.16071260600467,0.0
1.412,5.455684567121845,4.024396632574119,12.781211599231703,100.80953986934594,62.52118465815986,63.29584453311099,0.0
1.414,2.87355965098201,2.0950986943771444,19.917954105706983,100.80953986934594,63.787408859577326,64.0082335788146,0.0
1.416,1.3597366458912126,0.8523916763173052,18.2357037234482,100.80953986934594,64.34732148863017,64.41139599632434,0.0
1.418,2.3873294042795474,1.8751461343830333,19.143487137276733,100.80953986934594,64.01728401355709,64.14192444980677,0.0
1.42,2.2856668662722988,1.4288782013986254,20.16509677698169,100.80953986934594,64.01629757720224,64.19799593824783,0.0
1.422,3.8916716613622317,2.875477999990984,19.785698207050082,100.80953986934594,63.23052101239511,63.62312445482435,0.0
1.424,0.3252194870193332,0.3088049579710356,18.14829363409555,100.80953986934594,64.14060763702876,64.14120180069011,0.0
1.426,4.945394076452507,3.7757588132945634,19.81976558453704,100.80953986934594,62.888041105202376,63.47040744427966,0.0
1.428,2.2512849216066546,1.854473463861927,18.739669783064922,100.80953986934594,63.926526337813286,64.0195405453198,0.0
1.43,5.575050931249507,4.169776044328044,13.79380229625534,100.80953986934594,62.706848499797545,63.48866953980226,0.0
1.432,0.5616534453258875,0.6440581948722948,17.704356699938607,100.80953986934594,64.49638833683511,64.49071593125312,0.0
1.434,6.271928276289703,4.740737972514566,19.24408814895864,100.80953986934594,62.19748134172669,63.16018742579814,0.0
1.436,7.5781160143290585,5.593350094478271,20.85332486233029,100.80953986934594,61.25964265345139,62.75214741669767,0.0
1.438,6.872329480488581,5.256932963858729,23.558114130297636,100.80953986934594,61.944497379768215,63.06312532248276,0.0
1.44,7.727979346474147,6.011996291837224,24.84788240855155,100.80953986934594,61.29603716097022,62.64211843695296,0.0
1.442,4.950903451151767,3.8984480023752917,19.26487300270221,100.80953986934594,62.99091999684822,63.52264496389162,0.0
1.444,3.636697733340323,2.8461270819305122,19.080044416429587,100.80953986934594,63.49009154932819,63.782693190162966,0.0
1.446,3.4494496780940134,2.8054428407145364,21.260304119039706,100.80953986934594,63.592133641269726,63.82210941810931,0.0
1.448,9.848567784521057,7.177347459483669,18.536741519433498,100.80953986934594,58.629738685102105,61.22626988189574,0.0
1.45,12.892596851273117,9.489069232854073,19.65604876951906,100.80953986934594,55.04307945470227,59.392161093204415,0.0
1.452,12.305625314766354,9.148865709246003,22.342375657227166,100.80953986934594,55.498766762568,59.365420663555085,0.0
1.454,12.691184546350641,9.947573083587908,23.15267636039598,100.80953986934594,55.04274788855133,58.588852111534635,0.0
1.456,16.332216838137718,12.542052563559391,23.608229694764766,100.80953986934594,48.801168702171495,55.0494151316138,0.0
1.458,16.597900052810022,12.813087860792722,26.12973640749507,100.80953986934594,48.23708153729635,54.592518600764144,0.0
1.46,9.296672370912441,7.479269677678552,16.821018383197554,100.80953986934594,59.36898250235174,61.1096316524299,0.0
1.462,11.845385857403723,9.07848666643527,21.647078733361084,100.80953986934594,56.273577636016476,59.57887400550976,0.0
1.464,13.770214829807422,10.399886088296872,24.98071800701851,100.80953986934594,53.48469843937902,58.1355089060342,0.0
1.466,12.188530181422594,9.330550083844809,18.172692883942556,100.80953986934594,55.90058036473036,59.411801683339675,0.0
1.468,10.02344928603182,8.020467131031559,18.13630209176617,100.80953986934594,58.53973842625961,60.603129138536346,0.0
1.47,7.900582612909684,6.178808058456609,17.314853294875142,100.80953986934594,60.81662523814924,62.20061430660564,0.0
1.472,7.6360299298342875,5.7734619202756985,17.51349730097046,100.80953986934594,61.116873077071936,62.542798596834146,0.0
1.474,8.142250267667084,6.097198797502591,15.593762481207666,100.80953986934594,60.60575146403739,62.26828333248123,0.0
1.476,8.652665428976382,6.332017792951143,14.617000637175781,100.80953986934594,60.02421533948094,62.00953077076243,0.0
1.478,11.17282745427644,8.526071144074734,12.795015956714073,100.80953986934594,57.20701599353578,60.18368250445813,0.0
1.48,9.289940137912474,6.840620254768823,11.685479942082148,100.80953986934594,59.54615566740514,61.801785821768966,0.0
1.482,8.658202756552802,6.664091432267735,11.54986972008958,100.80953986934594,60.10139656581394,61.84579610150885,0.0
1.484,5.174539410826808,3.8525391204018726,10.559286633227353,100.80953986934594,62.80868523481586,63.49000453490366,0.0
1.486,7.875302859700032,5.847558402947676,15.51807445141277,100.80953986934594,60.57187970153759,62.16053792607623,0.0
1.488,5.781438295829685,4.278816734134601,12.243055995567325,100.80953986934594,62.41808305850114,63.28112245203846,0.0
1.49,2.9313618351825035,2.2424237929828785,11.633872397963442,100.80953986934594,63.727023444828426,63.93052153157262,0.0
1.492,4.130318222601823,2.8987119000697255,13.589207961712672,100.80953986934594,63.42414951938969,63.91839088270012,0.0
1.494,7.390982593772852,5.2261449854553295,18.85811666362286,100.80953986934594,61.32498643908384,62.884388466715855,0.0
1.496,6.797661350913629,5.192109436774201,20.427323707655148,100.80953986934594,61.95183448842796,63.05085895898533,0.0
1.498,6.4733551020238105,4.911936496344745,17.325379087645562,100.80953986934594,62.15216581358859,63.16709463007447,0.0
1.5,7.2431502753944965,5.520998881547431,20.568178705523607,100.80953986934594,61.31382460796878,62.568800934977425,0.0
1.502,7.363521008794284,5.413539197958232,18.218529039189555,100.80953986934594,61.58332193106081,63.0057611113471,0.0
1.504,10.901369310522973,8.047873988449194,20.156166772004898,100.80953986934594,57.94344554056933,61.03048879210221,0.0
1.506,6.675353639253453,4.8379539330485475,17.448944428119113,100.80953986934594,62.0196588596983,63.22740549970134,0.0
1.508,5.948763354064857,4.464543702197765,14.411049572145188,100.80953986934594,62.335424237296564,63.217810805119996,0.0
1.51,6.273774248756604,4.586821348530374,13.685338329127902,100.80953986934594,61.92046614638295,62.96645907538139,0.0
1.512,5.807629449787244,4.343231476745713,8.818052042898683,100.80953986934594,62.542110428143445,63.39077089727699,0.0
1.514,3.407407152067092,2.5724207072446825,12.153577552797788,100.80953986934594,63.70394593091858,63.98900826498725,0.0
1.516,1.9844601514171432,1.3830492864176347,13.173854738144401,100.80953986934594,64.17052782061195,64.2861528160846,0.0
1.518,4.360773082050072,3.3013478148392594,14.424429828430803,100.80953986934594,63.40938319106272,63.87282062350812,0.0
1.52,4.0888198372336335,2.993540058232084,14.01288622876393,100.80953986934594,63.515523597852635,63.95839212653364,0.0
1.522,7.445554898869007,5.250648052124998,17.569487938029212,100.80953986934594,61.3251572758843,62.91612811564478,0.0
1.524,9.48835016972401,7.038320349307844,15.942796241637824,100.80953986934594,59.25735978659942,61.56905093821496,0.0
1.526,7.969143614267901,5.803079162570199,7.83215604890934,100.80953986934594,60.85021477097833,62.55334497606982,0.0
1.528,9.729149686790883,7.338230563587661,4.1174354685121095,100.80953986934594,59.16801088519465,61.49773699654118,0.0
1.53,6.811434817171013,4.997333498310553,4.907624369329135,100.80953986934594,61.8031522594287,63.02618561359898,0.0
1.532,5.098280949519557,3.771800899382938,6.0965739133056776,100.80953986934594,62.96541555073161,63.637154029356296,0.0
1.534,2.454843620967645,1.818030299042412,13.103959682760552,100.80953986934594,63.99482681257404,64.15017417799595,0.0
1.536,4.607508875066395,3.26485003916255,9.224402911043294,100.80953986934594,63.15682068279009,63.76027221232246,0.0
1.538,2.431886902764205,1.7929205134772797,9.860970908238928,100.80953986934594,64.2201104228601,64.37422955427363,0.0
1.54,4.124464760043193,2.901023088407717,8.878229145245182,100.80953986934594,63.54780417437473,64.0385216213074,0.0
1.542,5.300671797969702,3.9223965198445,9.580430731534577,100.80953986934594,62.77366072990952,63.49940449977653,0.0
1.544,8.465969346940216,6.297028664004786,10.734543821352965,100.80953986934594,60.2481454747576,62.07622427863174,0.0
1.546,5.610082149257694,4.052075299287291,7.181042869177067,100.80953986934594,62.36016895234983,63.21960883778401,0.0
1.548,7.183434937456062,5.362718006484084,9.325434027567091,100.80953986934594,61.227247159172165,62.53139062198058,0.0
1.55,8.624303351272378,6.040222646518055,9.958083676394995,100.80953986934594,60.182853547265616,62.346302928701085,0.0
1.552,6.372348155083873,4.841110898240987,12.146900621851222,100.80953986934594,62.31008317328727,63.290372148152684,0.0
1.554,0.5374425177408757,0.414884092201667,9.183942296163433,100.80953986934594,64.2091851464012,64.21584862080392,0.0
1.556,5.623827485230476,4.012271256767288,15.446058834812158,100.80953986934594,62.565926141007736,63.45250764753722,0.0
1.558,4.412201696340159,3.5505739689164475,14.594472064250018,100.80953986934594,63.26824950467451,63.659951674005875,0.0
1.56,9.537467992702046,7.197492965725904,20.184699991697304,100.80953986934594,58.88863419019592,61.12431209211759,0.0
1.562,5.207234109135823,3.8175390818271437,16.704209225102822,100.80953986934594,62.68863310294604,63.40465738554252,0.0
1.564,6.693951568021066,4.863597054991965,18.308908228862688,100.80953986934594,61.76577387810326,62.97351295818742,0.0
1.566,6.677627864260051,5.046324446227469,15.33114958606396,100.80953986934594,61.87341568023787,62.96531085503899,0.0
1.568,7.589599051677115,5.496721842363433,9.945345349153985,100.80953986934594,60.88568965531691,62.44931882551103,0.0
1.57,8.63728248317093,6.590918806585573,11.609058611041505,100.80953986934594,59.889561741529775,61.66867784733028,0.0
1.572,8.323569356850749,6.108986131297209,12.154467499763472,100.80953986934594,60.32295543268454,62.14772439252716,0.0
1.574,4.478450126419967,3.324801034668742,13.55699450043743,100.80953986934594,62.88902692076146,63.402977352226564,0.0
1.576,4.306243902828214,3.267492524127951,9.351374592134851,100.80953986934594,63.317710489504044,63.76686277019825,0.0
1.578,4.446872318376112,3.1445890328698347,9.222884289837118,100.80953986934594,63.27516968054057,63.83959002177023,0.0
1.58,2.9974355878989094,2.2123798537817367,13.484025086914594,100.80953986934594,63.77716800907553,64.01067212823914,0.0
1.582,4.702611800318185,3.3740124428823983,15.226068340384016,100.80953986934594,63.24616886471304,63.858795285693134,0.0
1.584,9.619552408762964,7.190968453240111,22.031465838659148,100.80953986934594,59.33638839008943,61.66720075930654,0.0
1.586,6.941788936691877,5.0543194136706004,19.920559538689908,100.80953986934594,61.68382990900126,62.976514339679966,0.0
1.588,10.09096345408678,7.657290419405864,23.753160628266315,100.80953986934594,58.42181186523178,60.887802384569895,0.0
1.59,11.663532761027735,8.476718574306329,26.566059407347332,100.80953986934594,56.619559444595794,60.283902758574655,0.0
1.592,12.13658123517296,8.891090936912772,28.037556578876572,100.80953986934594,56.37673093082015,60.27297515860977,0.0
1.594,5.870246935860494,4.555589368232206,22.2768437863774,100.80953986934594,62.66840523321256,63.45092532120067,0.0
1.596,1.0336947016867704,0.8439741716646927,17.161119770389988,100.80953986934594,64.38728705494233,64.40762490005083,0.0
1.598,0.06495293272238063,0.18082731597255577,17.19540429902067,100.80953986934594,64.21462790392539,64.21300195815849,0.0
1.6,2.123664519776106,1.5760862164385367,19.399307813158686,100.80953986934594,64.1165077745504,64.23216968113789,0.0
1.602,4.683284210074251,3.467661076005033,15.110165319016087,100.80953986934594,62.89318934301966,63.45887979225605,0.0
1.604,7.866074146181099,5.513204671023936,11.731149948697206,100.80953986934594,60.77487351730664,62.57210074692689,0.0
1.606,3.568713652660297,2.730072613184923,13.752978552167619,100.80953986934594,63.66082747683285,63.96240899364234,0.0
1.608,5.705016904443894,4.329153814255142,16.167761038849697,100.80953986934594,62.535788397923724,63.32397435555247,0.0
1.61,5.977688365366319,4.357625361861578,21.80163950127994,100.80953986934594,62.277417926021,63.233351273281215,0.0
1.612,11.572397155332782,8.61735861536246,28.76140534855017,100.80953986934594,56.99690573271901,60.403092931730605,0.0
1.614,6.732220615323145,4.833370846370379,23.741455687880254,100.80953986934594,61.93348618090829,63.18729281558856,0.0
1.616,4.2053545271090425,2.9184656828537014,19.51246131898804,100.80953986934594,63.71760227906114,64.24099259565844,0.0
1.618,0.87167757527347,0.6103382692459057,18.042167868781394,100.80953986934594,64.61536171682006,64.63747377305889,0.0
1.62,5.759775997859103,3.937292028300316,24.424228069643107,100.80953986934594,62.8422801381638,63.85124495912592,0.0
1.622,6.435031090609367,4.757632794829668,25.397665762824378,100.80953986934594,62.12924778164535,63.20111683752594,0.0
1.624,4.809067022180841,3.5135332422719556,23.07594965813441,100.80953986934594,63.180455455667826,63.796028510193864,0.0
1.6260000000000001,7.406883860627524,5.315241959349989,18.90220539881075,100.80953986934594,61.300194447909185,62.819409701756754,0.0
1.6280000000000001,5.487285257241763,3.8973830015034796,18.049207083677405,100.80953986934594,62.63104824016346,63.48289465410404,0.0
1.6300000000000001,5.774623358097961,4.353749984052704,17.072919672141012,100.80953986934594,62.236264962244086,63.057877685050336,0.0
1.6320000000000001,1.9121782480659215,1.4749968716452784,17.70627916834906,100.80953986934594,64.01379998682928,64.09834168779642,0.0
1.6340000000000001,2.764446900447162,2.020751811457777,18.926513936043918,100.80953986934594,64.1716600762158,64.37483332167827,0.0
1.6360000000000001,1.4057321972817751,0.8833914404858588,20.03924826054942,100.80953986934594,64.66313564902391,64.73140011531135,0.0
1.6380000000000001,3.6253726697881863,2.421082877176095,18.13777247768718,100.80953986934594,63.81882270409225,64.23454522769357,0.0
1.6400000000000001,3.7403808904466835,2.7870662080573547,18.810522227744812,100.80953986934594,63.97508095793752,64.33034503690618,0.0
1.6420000000000001,3.4723235664515855,2.3337644268366633,18.950164879075782,100.80953986934594,63.93053528333138,64.30794308232782,0.0
1.6440000000000001,5.3631177044433445,3.771299978959238,21.366444994295325,100.80953986934594,62.72575315107714,63.55588318421332,0.0
1.6460000000000001,5.724229603282599,4.145019939768275,23.06142591367886,100.80953986934594,62.4629886988948,63.35279590334254,0.0
1.6480000000000001,7.787288713304506,5.8178952119057525,27.723966459969876,100.80953986934594,60.941111324612784,62.47082218812102,0.0
1.6500000000000001,10.09859971386056,7.796004521875922,31.001907686479903,100.80953986934594,58.663023155022096,61.01543364572082,0.0
1.6520000000000001,5.9960214264784035,4.51470274179752,22.65815943305398,100.80953986934594,62.393545192733235,63.28244570530284,0.0
1.6540000000000001,2.988990243121093,1.945397353767808,20.882150347910482,100.80953986934594,63.885006148145315,64.17899851559217,0.0
1.6560000000000001,6.920004506230047,4.896138630319894,21.684277963576964,100.80953986934594,61.72460902637137,63.0899138829302,0.0
1.6580000000000001,9.052062292506395,6.479663418515222,16.316239757225965,100.80953986934594,59.740536566263685,62.0215657691444,0.0
1.6600000000000001,7.8347590114914665,5.418087340899859,19.34945233986648,100.80953986934594,60.70862740519775,62.5371455989309,0.0
1.6620000000000001,9.705846099774776,7.127778693135671,19.884029056350098,100.80953986934594,58.85011477667713,61.32779455137307,0.0
1.6640000000000001,12.623869190880061,9.512112531686478,16.54595339082317,100.80953986934594,55.160954022507234,59.09355926671316,0.0
1.666,9.335972280671774,7.083148514758989,17.296969349992253,100.80953986934594,59.2296050187651,61.34139271896483,0.0
1.668,12.378467855610467,9.350803438094248,16.434872181856072,100.80953986934594,55.567752411140305,59.32377718887081,0.0
1.67,8.222425682143344,6.250486805232423,9.926676837307472,100.80953986934594,60.47459812724813,62.10397669898071,0.0
1.672,6.111928851925268,4.535724333219443,12.280797528430947,100.80953986934594,62.088066070352745,63.04622724916296,0.0
1.674,11.460606227383344,8.541121829179836,15.701165611832408,100.80953986934594,56.95894766473949,60.292812848649206,0.0
1.676,10.398987141656304,7.675247503943076,14.322795014473016,100.80953986934594,58.162517748122,60.97311823963345,0.0
1.678,8.486281503479697,6.612012295967738,14.64811256429181,100.80953986934594,60.251085685263874,61.8666809254061,0.0
1.68,13.047175882616441,9.712863824117715,19.97105971891717,100.80953986934594,54.60247129822659,58.93514212456225,0.0
1.682,12.35294437202437,9.4537968085096,21.864327042059884,100.80953986934594,55.48488321388791,59.09429811909434,0.0
1.684,11.612403473887253,8.735912339110211,25.670203798261504,100.80953986934594,56.628100529997305,59.96979051505987,0.0
1.686,10.509497899401143,7.863089327477912,27.44870014604456,100.80953986934594,58.05026411762756,60.82614555030982,0.0
1.688,7.884142426118294,5.887774585490605,25.763228697041708,100.80953986934594,60.902306218156504,62.471972768973004,0.0
1.69,12.60326901325563,9.230854759670942,31.34355195443603,100.80953986934594,55.627675925658565,59.83157187983526,0.0
1.692,5.820723031116108,4.535392359128429,24.763990897414605,100.80953986934594,62.61859210310631,63.37853982615866,0.0
1.694,11.226419965661071,8.231348501455454,29.958065996751834,100.80953986934594,57.22695478173682,60.55411992241109,0.0
1.696,10.664604059118778,7.923408018128229,30.223271233311987,100.80953986934594,57.42726519971039,60.3362882702217,0.0
1.698,12.784122248248593,9.439891931973332,32.04442699456451,100.80953986934594,54.82487915339401,59.06809261118493,0.0
1.7,12.525419787992748,9.475848603580928,32.448347686475195,100.80953986934594,55.15187326972101,58.982435284526744,0.0
1.702,8.771345826278225,6.565947570165856,28.710323609552677,100.80953986934594,59.67439113642355,61.60550860205306,0.0
1.704,5.926754633618277,4.408487570073286,26.214690458366746,100.80953986934594,62.06379836041249,62.959660026769015,0.0
1.706,2.4827948584329,2.1031118725066924,21.058545271624023,100.80953986934594,63.88125431686197,63.98066156745437,0.0
1.708,8.516409622596147,6.1088467791077505,22.954458042845875,100.80953986934594,60.07645044703683,62.08671788988173,0.0
1.71,11.559171816214688,8.223680387041803,26.175134566562523,100.80953986934594,56.58203142369585,60.34927115585881,0.0
1.712,7.904687771959699,5.775003553588714,24.761007536613384,100.80953986934594,60.63008091051198,62.293355869912816,0.0
1.714,9.65374564508688,7.256212293410496,20.365847503951926,100.80953986934594,58.91320420546319,61.227828225810526,0.0
1.716,12.222545351155429,8.927585075072848,22.491096532457853,100.80953986934594,55.68091580124214,59.65959160404405,0.0
1.718,9.69409706751813,7.2500501315718155,20.50707813957411,100.80953986934594,58.76658702878008,61.13088715243965,0.0
1.72,11.087093031290324,8.618290720319942,22.05233356132483,100.80953986934594,57.01062268686468,59.788069421311256,0.0
1.722,8.818426697921797,6.837497194669709,18.64089174385708,100.80953986934594,59.84568653506663,61.61628714884317,0.0
1.724,8.433863328478697,6.423840187642009,16.492349525631425,100.80953986934594,60.307845844382506,62.01284991841247,0.0
1.726,4.473568530540297,3.488332875539679,18.994887809244677,100.80953986934594,63.19370255023426,63.64154861098831,0.0
1.728,5.910690433447618,4.426174061591095,17.572406342164037,100.80953986934594,62.22300883513359,63.09909311709291,0.0
1.73,13.440773747925295,9.987343009993541,22.384650558146127,100.80953986934594,54.209267944261086,58.82844856094307,0.0
1.732,9.323583957727774,6.842975067244318,22.720087328768845,100.80953986934594,59.408735334733024,61.69827874139542,0.0
1.734,9.486650452046007,7.55793162898865,24.028573741540164,100.80953986934594,59.31225433131481,61.18909942799323,0.0
1.736,6.605544365252556,4.9914664940086455,22.91478560218502,100.80953986934594,61.70986367627923,62.77853158256089,0.0
1.738,4.256720161444636,3.117847084636901,18.487138775957394,100.80953986934594,63.377163390399936,63.85665791845764,0.0
1.74,4.201302279093605,3.176475355669408,20.577021681560506,100.80953986934594,63.47097700588169,63.902643021165524,0.0
1.742,5.416145310650945,3.9152097938055253,17.623483236653836,100.80953986934594,62.59470710444518,63.39431802860429,0.0
1.744,4.791723877423657,3.568154703223736,15.62736961921866,100.80953986934594,62.984182920558325,63.5681661562488,0.0
1.746,4.870617787264044,3.524962906125671,14.759060536258717,100.80953986934594,62.780083464689326,63.425078490507836,0.0
1.748,4.070023417407637,3.073080027963482,15.438371148298023,100.80953986934594,63.203744985421515,63.6103093250217,0.0
1.75,6.680067418783052,4.946772000514317,20.059038126281415,100.80953986934594,61.45794114248009,62.60849396604914,0.0
1.752,6.669073842248949,5.050586879016601,18.099798462100452,100.80953986934594,61.61274709511698,62.69566740232348,0.0
1.754,9.937986115007437,7.433486842120362,24.571445037390397,100.80953986934594,58.73295652829639,61.21683812106143,0.0
1.756,10.382704308783948,7.626590254338356,20.309999189330938,100.80953986934594,58.085769674426935,60.91955889381579,0.0
1.758,8.964621113572994,6.666011337496345,17.95252109074135,100.80953986934594,59.61422137972602,61.665453186984855,0.0
1.76,5.632607035073523,4.210884342087602,15.542421698711227,100.80953986934594,62.47944879554854,63.27842908209726,0.0
1.762,9.307591910294295,7.242198204531872,19.132290749231657,100.80953986934594,59.06611239159264,61.017612677028225,0.0
1.764,15.617216629969846,11.636886376929217,22.521651635983254,100.80953986934594,50.22062695932112,56.414111061919925,0.0
1.766,16.407584881808532,12.658874204961448,25.326764842557775,100.80953986934594,48.761410545510806,54.98245605488003,0.0
1.768,16.54827286320013,12.761293800280573,28.696052444447826,100.80953986934594,48.567917496342965,54.90504259138306,0.0
1.77,12.910567507969573,10.022654243276417,27.394941169584637,100.80953986934594,54.29122607788674,58.07239802444265,0.0
1.772,9.833105310061734,7.643459370038643,26.356479333269,100.80953986934594,58.31058327138798,60.4953429373066,0.0
1.774,12.708363565852924,9.468133421056447,30.44418284756322,100.80953986934594,54.74203883498582,58.84450665816136,0.0
1.776,7.833540022345229,6.203563695223577,27.952690672284326,100.80953986934594,60.71240655255269,62.018671829411794,0.0
1.778,8.175832957369797,6.349132210146202,29.831484616184234,100.80953986934594,60.22214084527411,61.73694073780759,0.0
1.78,8.256981675087005,6.396934696903391,30.631933088145303,100.80953986934594,60.03591285037694,61.592059293853616,0.0
1.782,6.919935819504582,5.223172980733117,29.763256533943835,100.80953986934594,61.28949340637107,62.46580774322542,0.0
1.784,5.237041723257017,3.9338719377271327,28.702647042699116,100.80953986934594,62.48338327824144,63.165699390592,0.0
1.786,4.582422029480106,3.466033668617145,24.066373163398204,100.80953986934594,62.986013728496026,63.49899292212019,0.0
1.788,3.83136422371717,2.799386960898549,26.314006057573998,100.80953986934594,63.2686248630537,63.65929003050524,0.0
1.79,7.50846405934053,5.438230177983637,31.976246722044888,100.80953986934594,60.9724741910066,62.502683090553646,0.0
1.792,9.432163067529068,7.370287150725967,33.537405643547935,100.80953986934594,58.99015970075402,60.9680785168003,0.0
1.794,12.943165301582958,9.81091721341918,38.657022313117835,100.80953986934594,54.60233242623177,58.671373446829904,0.0
1.796,6.334871653975442,4.768735637365557,33.65283783254301,100.80953986934594,62.068863127027775,63.06167206242204,0.0
1.798,7.0677168585155945,5.291610959192562,34.62589575643797,100.80953986934594,61.38890590381579,62.642151003657546,0.0
1.8,8.200890026684126,6.002968001085091,36.58938872895513,100.80953986934594,60.34362034475987,62.125963186890075,0.0
1.802,11.755866248935616,8.781777093450735,40.3227730935879,100.80953986934594,56.559359538599445,60.04657871171153,0.0
1.804,5.119140438274263,3.8584577142394596,33.636221552428275,100.80953986934594,62.756885977480266,63.40304275555178,0.0
1.806,10.667238163972884,8.041995581743597,35.474667864673265,100.80953986934594,57.602640739712285,60.406779256975476,0.0
1.808,11.133837694741526,8.046578436031513,41.37494165971496,100.80953986934594,56.84207105091395,60.22276274900488,0.0
1.81,12.29578001217727,9.262974872694375,40.9358099132601,100.80953986934594,55.299890805997414,59.03277103857757,0.0
1.812,4.4625268528785265,3.429727259876586,34.217345324452516,100.80953986934594,62.917433388036805,63.3827933740183,0.0
1.814,5.349914889511476,4.053423699657715,34.71772121016375,100.80953986934594,62.43992162149608,63.13594475730886,0.0
1.816,4.313758434325894,3.2710924880361016,30.396301435057143,100.80953986934594,63.44198090010774,63.89348740795878,0.0
1.818,5.989108021927744,4.637335523389414,27.986554383331757,100.80953986934594,62.24237651175538,63.062470488786026,0.0
1.82,11.007231175848991,8.554972893973433,25.360509844165318,100.80953986934594,57.223151390714975,59.96193897721498,0.0
1.822,12.973230225235625,9.6702163300011,24.3645754612982,100.80953986934594,54.57107710754712,58.84109255368864,0.0
1.824,7.556607985368499,5.793896636280195,24.029558402264517,100.80953986934594,61.14801233174981,62.491554392050034,0.0
1.826,10.13579850447133,7.807090834806218,22.734623132073768,100.80953986934594,58.42495332151433,60.81046152718798,0.0
1.828,12.578423595046914,9.24865321417453,20.865498602556208,100.80953986934594,55.28280625635784,59.43220859097678,0.0
1.83,13.263140000643816,10.119731777188491,17.52866124807419,100.80953986934594,54.292589790120694,58.488977253180074,0.0
1.832,12.247428183068127,9.5885062529426,14.55561068166801,100.80953986934594,55.68565831669979,59.000425270299424,0.0
1.834,9.22547991966192,7.310845232420009,17.57849209060031,100.80953986934594,59.398639038665664,61.20622120830938,0.0
1.836,13.593771195871527,10.337662882523876,19.448274709714934,100.80953986934594,53.53354355927803,57.98237078052271,0.0
1.838,13.5892320282295,10.200395279248538,22.73739673810747,100.80953986934594,53.220173049629466,57.822915688180686,0.0
1.84,8.478507396712988,6.53828618508801,19.282027141089713,100.80953986934594,59.7960222537091,61.459440267443775,0.0
1.842,7.645617005469214,5.7569867276362725,20.429324618036382,100.80953986934594,60.85552792090708,62.30066355785641,0.0
1.844,8.416296005110478,6.201379790253561,21.211929868927715,100.80953986934594,60.17836308454751,62.02681574864912,0.0
1.846,9.56745678601572,7.425647447373379,17.39946764584595,100.80953986934594,58.85725387365167,60.93516468079365,0.0
1.848,8.00634215615986,6.133792369383877,21.426059546823044,100.80953986934594,60.46031540584919,61.971994342569054,0.0
1.85,8.418164577942887,6.45954042073911,21.7856842468267,100.80953986934594,60.34490771501267,62.00854910757609,0.0
1.852,7.71315941705187,5.911474317949907,21.843981881056774,100.80953986934594,60.79824216184139,62.199687754300435,0.0
1.854,10.323711951930195,7.772157074965767,16.027392658678483,100.80953986934594,58.15751792238967,60.79359452099936,0.0
1.856,7.542383936438526,5.737803015445209,13.338005089583211,100.80953986934594,61.02834521495691,62.39655590378939,0.0
1.858,7.18283182574929,5.491687221351255,14.386466096645158,100.80953986934594,61.47874751755157,62.70247442851289,0.0
1.86,5.912897272135279,4.639828636309276,12.70086380448787,100.80953986934594,62.27409016936035,63.04107813775907,0.0
1.862,5.274947758532404,4.103334273430079,12.717981907052593,100.80953986934594,62.875998472864076,63.50330464288393,0.0
1.864,2.7136337547515335,2.034444750368219,16.366718529660556,100.80953986934594,63.90373392809665,64.08784513705713,0.0
1.866,4.980920889068748,3.7022243858280572,13.413609304589983,100.80953986934594,63.008447747024555,63.642341415597855,0.0
1.868,2.2106930758216072,1.55339686891662,15.017469818105024,100.80953986934594,64.26161568081801,64.40286707155059,0.0
1.87,4.209981478334671,3.0047329677232906,12.658780027204855,100.80953986934594,63.70438020509803,64.2008209900188,0.0
1.872,8.142085659500122,5.9588510351419,8.170124369979852,100.80953986934594,61.0463195749609,62.80392231428114,0.0
1.874,14.265061791015176,10.898637628499522,2.306633423540879,100.80953986934594,52.84857024344518,57.68497053437328,0.0
1.8760000000000001,16.989694194008933,13.08691112747914,5.00375260633686,100.80953986934594,48.1492018661437,54.85104868098971,0.0
1.8780000000000001,19.106746760158725,15.008523734415169,8.929667606388186,100.80953986934594,43.41414368473715,51.397217302140334,0.0
1.8800000000000001,17.242676922454102,13.522791590516023,9.800993810907023,100.80953986934594,47.2156842210575,53.749842879255034,0.0
1.8820000000000001,15.762259352185984,12.273539405546837,10.485823037156,100.80953986934594,50.090962640405074,55.67520490036587,0.0
1.8840000000000001,19.379581306321924,15.026416429480502,15.8179323708316,100.80953986934594,42.632184606852775,51.18428723549097,0.0
1.8860000000000001,24.158089913796662,18.62005469542118,22.79954795513372,100.80953986934594,30.832730785913085,44.378775229383535,4.868318972667342e-134
1.8880000000000001,22.027140349953292,18.02997494143708,23.709088341662678,100.80953986934594,36.59531801493018,45.741576391558254,0.0
1.8900000000000001,19.42656418795225,16.196993591901354,23.821494718448633,100.80953986934594,42.89181072396745,49.46116537504792,0.0
1.8920000000000001,14.594612069399266,12.397020557887048,20.650323072810483,100.80953986934594,52.19603703695546,55.58258971324924,0.0
1.8940000000000001,16.62350601195405,13.684641281925618,24.419388558392253,100.80953986934594,48.75510057392299,53.8405621023924,0.0
1.8960000000000001,17.852868947410798,14.356615064342082,27.567311046576318,100.80953986934594,46.25162034096752,52.681310796982004,0.0
1.8980000000000001,12.421049235582437,10.495270737813312,22.87573311624925,100.80953986934594,55.71503822710128,58.23461287963036,0.0
1.9000000000000001,10.288682874738804,8.591021895756562,21.853728559123997,100.80953986934594,58.55246929179347,60.382337514028876,0.0
1.9020000000000001,8.55886836691833,7.392879460448131,21.618064328573777,100.80953986934594,60.591119784524885,61.65299963459263,0.0
1.9040000000000001,5.974929795452998,5.452298372902691,19.66768376750307,100.80953986934594,62.53298372383043,62.87394768241289,0.0
1.9060000000000001,5.978632963923142,5.163008620216179,20.117877963803643,100.80953986934594,62.51349891043539,63.03231256650781,0.0
1.9080000000000001,12.529290849871359,9.777735955390824,26.752927062843046,100.80953986934594,55.47677219080587,58.981026782683365,0.0
1.9100000000000001,6.854359573113127,5.782276225723458,22.681632462243357,100.80953986934594,61.673896353440114,62.44734646265327,0.0
1.9120000000000001,5.1999291283195985,4.304385860789008,21.152831621960054,100.80953986934594,62.65743386797052,63.143370220810915,0.0
1.9140000000000001,6.790707889775652,5.034661197065956,22.18622393076672,100.80953986934594,61.76593791421773,62.95149629135751,0.0
1.9160000000000001,9.585411969447268,7.237721240861571,20.310874678149656,100.80953986934594,58.96412423921709,61.21899173121217,0.0
1.9180000000000001,13.42444943460632,10.053727971765381,23.577937822071114,100.80953986934594,53.76342166854564,58.281614834071256,0.0
1.92,12.605679397775397,9.585530062676714,23.406773971600195,100.80953986934594,55.051888598267816,58.87824589542126,0.0
1.922,7.345055872069163,5.839068502453686,23.292052679712942,100.80953986934594,61.02612301902572,62.15968454478868,0.0
1.924,7.551729664087992,5.635955565238772,19.347289981824602,100.80953986934594,61.289426873881055,62.73182510315337,0.0
1.926,7.705381448755529,5.640155767556222,17.68851700605039,100.80953986934594,61.100584652861365,62.674117951897365,0.0
1.928,4.630069033085455,3.321227585482071,13.47028318884963,100.80953986934594,63.54160935766938,64.13576021265568,0.0
1.93,6.091220986509944,4.5792325156688864,12.452308173405656,100.80953986934594,62.240549962523616,63.16164282768117,0.0
1.932,5.079250450005257,4.019644826645771,12.818466934418534,100.80953986934594,62.74926287724842,63.29969640343353,0.0
1.934,9.655086992762,7.334205380649159,6.74735551947788,100.80953986934594,59.14589763425173,61.39703205481945,0.0
1.936,5.408579477602413,3.9346798508888146,12.609357659114263,100.80953986934594,62.631572472276495,63.41778194146614,0.0
1.938,1.347159017621439,0.9120076780353676,16.314983497528498,100.80953986934594,64.0901741912665,64.14629969669414,0.0
1.94,2.9368159823845463,2.109377540175362,18.226436400384006,100.80953986934594,63.827541009543786,64.06592182456538,0.0
1.942,6.50856544022348,5.022994830049872,21.92973484823853,100.80953986934594,61.78248162329236,62.760514787091125,0.0
1.944,5.184891351008737,3.9478309757618866,21.739717528904432,100.80953986934594,62.59359448698775,63.23859957503032,0.0
1.946,7.929763392838176,6.056308686863166,24.363386250101904,100.80953986934594,60.72877240240598,62.22470315343797,0.0
1.948,12.511484418183853,9.302527765621058,30.427491761473785,100.80953986934594,55.32940897809195,59.32586563646091,0.0
1.95,6.659837489749615,5.096846257737148,25.632784281846877,100.80953986934594,61.76949587242882,62.81858788208851,0.0
1.952,3.861974040546916,3.0857093478674176,22.62570887469597,100.80953986934594,63.63157942130873,63.93948786404491,0.0
1.954,1.9549498480904708,1.6571983974547697,20.110606457007034,100.80953986934594,64.39064430739647,64.45204751320225,0.0
1.956,3.938474078959923,3.048531203805106,21.698445349345636,100.80953986934594,63.738061841723585,64.09305903090402,0.0
1.958,8.165577895517979,6.352835340366117,26.30576719102842,100.80953986934594,61.00627820486639,62.50882392339315,0.0
1.96,6.433291294678604,5.0358299572882,26.92677292705492,100.80953986934594,62.19067520869469,63.1057193061196,0.0
1.962,4.0436754831705795,3.124127839728378,24.49941073158716,100.80953986934594,63.37403363571309,63.750331817019145,0.0
1.964,4.894869618683629,3.9310256206191374,25.03947724259038,100.80953986934594,63.22546637658553,63.711131978111254,0.0
1.966,5.822900900636628,4.166493554978302,27.43672195502535,100.80953986934594,62.602550898022294,63.547216831791104,0.0
1.968,6.8009626017058915,4.9310572288633026,28.11941304432556,100.80953986934594,61.762064334579975,63.01452641927593,0.0
1.97,11.743896306332559,8.87352931963258,32.60573931676366,100.80953986934594,56.150196059584445,59.52887527781161,0.0
1.972,9.364033005718275,7.386912475055943,31.976232699743576,100.80953986934594,59.295288834261754,61.18608899743397,0.0
1.974,9.392400992879603,7.248749866811741,33.38108653225945,100.80953986934594,59.399326052047556,61.435948501232915,0.0
1.976,4.8925619360581365,3.810173864686253,27.71412088411786,100.80953986934594,62.90121708745431,63.43900459613522,0.0
1.978,4.745053169355292,3.6821032162481075,29.365121166065528,100.80953986934594,63.05826987037413,63.569675780431965,0.0
1.98,2.853350305786304,2.0842009864724735,26.62246261100301,100.80953986934594,64.00910331773309,64.22592062355895,0.0
1.982,4.415332996172293,3.407177871127073,26.492260909578174,100.80953986934594,63.08085001256732,63.53109139755496,0.0
1.984,1.4567661337474904,1.1740167480416182,24.240284410858873,100.80953986934594,64.23414156568242,64.2766092234217,0.0
1.986,3.5285767848339455,2.3470660868501994,29.014336608244044,100.80953986934594,63.658267207841675,64.05460435263211,0.0
1.988,3.721112514328236,2.7251517322438543,22.39849457384542,100.80953986934594,63.40775219533489,63.7742928383718,0.0
1.99,5.135101773254741,3.6376354129873523,22.020481219454528,100.80953986934594,62.66951276924453,63.41951774727974,0.0
1.992,9.537212273576387,6.992857588894083,16.041243809239454,100.80953986934594,58.966028297615836,61.367212940150196,0.0
1.994,13.204626306810503,9.680086072355776,12.590260851695326,100.80953986934594,54.1498052603112,58.75475441044759,0.0
1.996,10.03347254781591,7.572934743066247,12.782218345085054,100.80953986934594,58.37838715082874,60.85167323198327,0.0
1.998,6.995670114676654,5.175374956497523,14.882615399999425,100.80953986934594,61.10046681563397,62.36532578195962,0.0
2.0,8.056108630085014,6.246508234342512,13.221435720460484,100.80953986934594,60.32021993597091,61.797867656653914,0.0
2.0020000000000002,8.38096346067064,6.147939438241776,16.893800677619144,100.80953986934594,60.4104257329475,62.26267236408,0.0
2.004,6.138535365168885,4.500480473799893,20.99548469575083,100.80953986934594,62.276594439812875,63.27154601537753,0.0
2.0060000000000002,6.1545263127150776,4.6018896087263,24.631194690316917,100.80953986934594,62.10455040355448,63.05802589976497,0.0
2.008,7.284861264911996,5.514515271654834,26.3909004163021,100.80953986934594,61.32591255903495,62.61957000225769,0.0
2.0100000000000002,5.951326616613613,4.281883331607944,19.38766330770577,100.80953986934594,62.41595506251309,63.39129397302878,0.0
2.012,5.505709260608665,3.975448935374029,19.80956861089461,100.80953986934594,62.732075913364376,63.560396839959324,0.0
2.0140000000000002,1.074367531859382,0.6995005562406694,21.926459545250697,100.80953986934594,64.50551423970467,64.54347807449649,0.0
2.016,2.685123551181462,1.844297111414077,18.979649936452525,100.80953986934594,63.89484118148459,64.11227180294058,0.0
2.0180000000000002,4.726314409409322,3.2593576225837912,18.358411222917848,100.80953986934594,63.18987908901423,63.85868577341028,0.0
2.02,8.595494706645336,6.479339509572067,18.956550430014953,100.80953986934594,59.99478845452926,61.816052277872345,0.0
2.0220000000000002,5.796440318306707,4.228695177388613,14.88052972095159,100.80953986934594,62.355030019097164,63.25233017275106,0.0
2.024,7.509716746284483,5.539547777627527,14.089727744710533,100.80953986934594,60.810809410911915,62.27859293872668,0.0
2.0260000000000002,10.038667918094665,7.34161617638458,8.488511177731878,100.80953986934594,58.42353500724953,61.099741535328256,0.0
2.028,10.949445900193412,8.334317855480704,5.94845930578489,100.80953986934594,57.10728136844202,59.9863973618687,0.0
2.0300000000000002,8.705814563313446,6.921278464781145,8.172186578157152,100.80953986934594,59.79184156102902,61.38396412031802,0.0
2.032,12.511743823682872,9.51880908546667,6.204947025154891,100.80953986934594,55.70640436434136,59.470824044728545,0.0
2.0340000000000003,14.000048640552892,10.49621623334883,5.218979750943005,100.80953986934594,53.03717984837857,57.93746902818329,0.0
2.036,16.75376341385641,12.60252357954729,7.655956796283731,100.80953986934594,48.24761160320446,55.20536955244923,0.0
2.0380000000000003,10.441044849301434,8.057133348594162,2.0621558691915096,100.80953986934594,58.09207489825451,60.6097103178974,0.0
2.04,8.85139113185737,6.734002352047918,6.3521217912139765,100.80953986934594,59.82947052867826,61.71351542901668,0.0
2.0420000000000003,7.413219246120347,5.790046733272438,6.300215625359326,100.80953986934594,61.259991169159534,62.483531852921324,0.0
2.044,5.743695247225626,4.592312235434535,4.692339130095759,100.80953986934594,62.253984822429544,62.93341483594362,0.0
2.0460000000000003,6.351201870215944,4.849091942037704,4.60836404027104,100.80953986934594,62.15357769959568,63.11409062951104,0.0
2.048,7.873016371639508,5.9638829647416545,3.4295828061553815,100.80953986934594,60.93606401833331,62.444224296114186,0.0
2.05,10.543819494974196,8.016253723682969,7.700089052112715,100.80953986934594,58.16866405569349,60.8469429434567,0.0
2.052,8.112895879275632,6.079398042115924,8.098092520530665,100.80953986934594,60.661200785652795,62.30886549548895,0.0
2.054,10.631884578342454,7.768270437065463,10.941508479274114,100.80953986934594,58.05045448814177,61.058674579892994,0.0
2.056,9.250441968124191,7.316861976799524,10.871575152126862,100.80953986934594,59.3220546369034,61.15094278065574,0.0
2.058,11.382240127192464,8.865699311882437,14.789810779789809,100.80953986934594,56.99241311851837,59.90151748576895,0.0
2.06,11.785417117244217,8.885679722937217,16.684557091145276,100.80953986934594,56.32823702069394,59.750371646621325,0.0
2.062,10.202298059901432,7.770684932645586,16.193946539055116,100.80953986934594,58.38877565420497,60.88387703256416,0.0
2.064,8.999815946125455,6.7539292778810855,16.877687739992613,100.80953986934594,59.809115868930974,61.82908393123845,0.0
2.066,3.214578135181849,2.5309212564808297,11.811649702102638,100.80953986934594,63.90529131520061,64.12954400356182,0.0
2.068,3.3629665391074375,2.545531549126158,11.640201958747507,100.80953986934594,63.91176192716826,64.18750334380448,0.0
2.07,7.385388570138594,5.5095786135978075,13.295857222792177,100.80953986934594,61.4116016699953,62.79256247711369,0.0
2.072,6.490006647500666,4.848399941277158,7.974968925265745,100.80953986934594,61.82091000646288,62.883567538909304,0.0
2.074,10.675438967441604,8.038482173335508,11.412357480144603,100.80953986934594,57.91943541453264,60.736790512822836,0.0
2.076,6.207558279769276,4.864987663905568,6.3877200605027324,100.80953986934594,62.22759530428845,63.07630019636794,0.0
2.078,5.597577942822264,4.220442863676934,5.142642194075142,100.80953986934594,62.63470397353464,63.40662424920609,0.0
2.08,5.75187731315975,4.264270282469685,6.642283997363069,100.80953986934594,62.26656815801903,63.1172379314193,0.0
2.082,3.36446751997303,2.5205143187575056,8.00362593603721,100.80953986934594,63.561073511579835,63.844627171909465,0.0
2.084,1.0147870302500641,0.8261828375489836,6.446362371134271,100.80953986934594,64.26280667450919,64.28262968680843,0.0
2.086,7.144884713801763,5.213187871069522,5.504328487936495,100.80953986934594,61.46829012865142,62.83118378091518,0.0
2.088,9.29773897307305,6.742203603695178,9.056721239816842,100.80953986934594,59.443215278738506,61.783440565634564,0.0
2.09,5.0018290573947155,3.608348929249254,8.614205481230847,100.80953986934594,63.09783921146294,63.7828300236027,0.0
2.092,8.57976054800802,6.489252073318723,14.93481477647764,100.80953986934594,60.06795422760596,61.866450322575936,0.0
2.094,12.955394541833945,9.482784815671877,20.49006698637647,100.80953986934594,54.49386357256421,58.94243030674506,0.0
2.096,9.186606155241732,6.873045951296041,16.88058866805042,100.80953986934594,59.0417730222541,61.16301486552806,0.0
2.098,5.323288707955501,4.314083625581792,14.928122765046089,100.80953986934594,62.4553708725594,63.01064842337462,0.0
2.1,2.260039975718623,1.7762416562147731,11.716660887593065,100.80953986934594,63.95481061572231,64.06629588979757,0.0
2.102,4.0037720055022135,3.230288459700449,13.405408380555908,100.80953986934594,63.38366559092907,63.703117157483874,0.0
2.104,5.83464325833772,4.186908968290341,14.913224521874021,100.80953986934594,62.3780672949217,63.320812185010375,0.0
2.106,5.605457160427782,4.06091536449235,15.786750899554852,100.80953986934594,62.19511029377715,63.047494276087164,0.0
2.108,2.06725878548387,1.3928458425867207,9.787271307964701,100.80953986934594,63.94295796112555,64.07618329485534,0.0
2.11,1.7502161482925136,1.187491708083553,8.920517857848123,100.80953986934594,64.0070223016769,64.10140145149087,0.0
2.112,3.6432033693068764,2.714999186079867,6.447427876385083,100.80953986934594,63.74660589418261,64.08354358336669,0.0
2.114,2.993939723553726,2.298849367117146,9.877976849732665,100.80953986934594,63.71460478936741,63.92464265078204,0.0
2.116,6.94782096485795,5.2641509655358645,9.455129483922194,100.80953986934594,61.324384231845535,62.49824102467975,0.0
2.118,8.843482506966305,6.745786057380846,12.62335038473974,100.80953986934594,59.7574610143826,61.62444801207474,0.0
2.12,6.3932014900471605,4.743508272930561,7.7584767884867425,100.80953986934594,61.62462814376137,62.67352394023155,0.0
2.122,12.970793675922266,9.758651086868163,8.506353590714058,100.80953986934594,54.36167620816092,58.52999098136124,0.0
2.124,15.309899476464143,11.476705510437359,13.154166867712831,100.80953986934594,50.93866734199226,56.80086957502422,0.0
2.126,10.585022831885853,8.18074600991742,10.957618864435576,100.80953986934594,57.98557629825681,60.561450457500506,0.0
2.128,13.290761206560491,10.463050191790071,14.90124507152453,100.80953986934594,54.20068869863971,58.035514508187276,0.0
2.13,13.915558220382279,10.56711410516385,15.323830942155258,100.80953986934594,53.51896824639715,58.19933311885524,0.0
2.132,14.266841377403734,10.95248461893819,16.644921213492303,100.80953986934594,52.910973146982144,57.68309556251556,0.0
2.134,13.873397844093128,10.72494453284172,16.95886039180521,100.80953986934594,53.49491047728203,57.916527834376666,0.0
2.136,11.106680654408501,8.677811920600929,13.979051157515299,100.80953986934594,57.282948874967886,60.02643813017844,0.0
2.138,13.862479899631367,10.204556592639083,15.186275300270193,100.80953986934594,53.55067984446889,58.576821993377365,0.0
2.14,12.387011300308835,9.617027995929076,17.46689881256468,100.80953986934594,55.40935431450319,58.889163553930935,0.0
2.142,8.734087593598835,7.163490304968086,15.252251367847444,100.80953986934594,60.065003136768496,61.49050787210777,0.0
2.144,2.4540465853392255,2.119100738803745,9.421552515858526,100.80953986934594,64.18100240410052,64.26845272901899,0.0
2.146,4.860063175219757,4.01620630516592,12.366438335181337,100.80953986934594,63.094365952387435,63.52199888440239,0.0
2.148,5.576182969740297,4.335904108164806,14.144121456969213,100.80953986934594,62.932731957687466,63.634601395777246,0.0
2.15,7.893443616520817,6.069579604565674,17.044730675036355,100.80953986934594,61.0340355914441,62.487968357382975,0.0
2.152,9.02143910315226,7.0262220019691926,17.820831628289866,100.80953986934594,59.88545701043986,61.71345097456505,0.0
2.154,4.8552949755867685,4.007023450796656,13.89122741855712,100.80953986934594,62.95960552313161,63.388800026394364,0.0
2.156,2.8037441201915905,2.346398988094662,13.193107146465906,100.80953986934594,63.78028996207223,63.914762959949556,0.0
2.158,5.960353250931252,4.450966308556011,12.404619875545883,100.80953986934594,62.326376462531165,63.22355402167208,0.0
2.16,6.324973404121951,4.890740594900801,13.766638762572846,100.80953986934594,62.14518449572698,63.06355657647663,0.0
2.162,5.198439035210329,3.956767548616448,6.548968892985428,100.80953986934594,62.8871420749249,63.53614515618136,0.0
2.164,10.441421623565612,7.584277273803547,2.2030836513518373,100.80953986934594,58.201684034972,61.142025984327475,0.0
2.166,13.161199055007204,9.556519310453679,5.00569405075837,100.80953986934594,54.690543506326705,59.365822524162944,0.0
2.168,12.67390893454149,10.058568168602164,6.27023561456817,100.80953986934594,55.262367999250856,58.65667520407236,0.0
2.17,12.898215624135798,10.140349754381678,8.078862534838406,100.80953986934594,54.942556256775916,58.57003565495433,0.0
2.172,7.75906001345434,5.889082448430157,5.602852615248166,100.80953986934594,60.70452750983394,62.16160447271431,0.0
2.174,12.352700438941335,9.349293265504738,9.528965364972953,100.80953986934594,55.6273054522574,59.34855972387257,0.0
2.176,11.784674017847317,9.009215054146294,9.949699304773072,100.80953986934594,56.35174401397647,59.646668491755,0.0
2.178,8.40872593596954,6.529661897476617,7.384375708368584,100.80953986934594,60.50758639537277,62.110159749682616,0.0
2.18,5.042344484610293,3.951377317818225,3.6539543915030146,100.80953986934594,63.094107603796374,63.654281652714964,0.0
2.182,3.4574903927079657,2.646526004915193,3.754886756815327,100.80953986934594,63.84034514685575,64.12295621785229,0.0
2.184,1.9472453614318406,1.5265433357753073,1.10580185796327,100.80953986934594,63.93294124514295,64.01637651950657,0.0
2.186,3.315412785078144,2.5411756057927097,4.333004892938648,100.80953986934594,63.343208880233036,63.60208414271159,0.0
2.188,6.476060089356604,4.7278471886479085,7.602783839422054,100.80953986934594,61.68830640896229,62.80654904199992,0.0
2.19,4.509946299920995,3.030907698138415,4.233599506963447,100.80953986934594,62.90284472611297,63.53959910524512,0.0
2.192,4.5408150244180865,3.377229336569876,4.959863246974622,100.80953986934594,62.89512253863802,63.421125535631816,0.0
2.194,5.640769679983369,4.082992193217004,5.800820898096134,100.80953986934594,62.28663766097581,63.151429918354076,0.0
2.196,4.846081490152827,3.5658956338936005,5.454359034337757,100.80953986934594,62.70407890523973,63.318891943839034,0.0
2.198,3.554222095686757,2.9274239928793357,4.783782076009269,100.80953986934594,63.561852624664965,63.793797488381294,0.0
2.2,6.594505597621821,4.642247056303468,8.729348639777205,100.80953986934594,61.872752397572015,63.12517323268602,0.0
2.202,5.741424957016886,4.280143905053967,7.374361147724483,100.80953986934594,62.702188514368274,63.53825612220095,0.0
2.204,8.176784947669466,5.995731463779248,10.755827406999126,100.80953986934594,60.494785706219545,62.25954656011023,0.0
2.206,8.194710474242347,5.928365747102836,10.676550634436506,100.80953986934594,60.809206673642024,62.63658177376661,0.0
2.208,4.512921755182392,3.1767969723065663,3.8721788719290773,100.80953986934594,63.25740917571384,63.84399191731261,0.0
2.21,6.443503539711704,4.999239323454435,8.04930704541544,100.80953986934594,62.033075200939756,62.97659043504419,0.0
2.212,11.875871241925513,8.970213827032627,14.08655189204924,100.80953986934594,56.6201501325913,60.07829770769959,0.0
2.214,8.65618460246855,6.798158265272304,10.996151612971419,100.80953986934594,60.42036224907615,62.059724939155686,0.0
2.216,8.723758933855564,6.821396508893923,12.047467879580559,100.80953986934594,59.95153226601772,61.63987721319363,0.0
2.218,4.8810790397987995,3.6641108747920264,7.668388210608007,100.80953986934594,63.07359627808495,63.66730413093929,0.0
2.22,3.1192717363437947,2.0486671738019804,5.600040116375661,100.80953986934594,64.06916172431482,64.38503879292689,0.0
2.222,2.3637080495503926,1.7056135685114553,3.466809879534427,100.80953986934594,64.24786849100359,64.40075947647061,0.0
2.224,6.291951253235117,4.823704070424118,8.615615493748368,100.80953986934594,62.306687532495424,63.238452302301354,0.0
2.226,10.476326466213873,7.870852448796723,14.133021435894783,100.80953986934594,58.0428920073017,60.77205681288157,0.0
2.228,11.96326832783178,9.078248226968368,16.44017007921664,100.80953986934594,56.12898183664367,59.59476160328853,0.0
2.23,10.212321173370395,7.606323715827573,15.927619089743311,100.80953986934594,58.26741727426777,60.918493703387696,0.0
2.232,7.767516668806189,6.023210611254973,15.034279574135049,100.80953986934594,60.59533664597182,61.96869057486356,0.0
2.234,2.8190619520170017,1.9475705891385704,8.5702970932994,100.80953986934594,63.560419643351416,63.79758242367412,0.0
2.236,4.780235258052821,3.4442217610278965,10.29173597189881,100.80953986934594,62.75119008149331,63.37851137072755,0.0
2.238,2.351806728621036,1.573345647211634,10.145564582251662,100.80953986934594,63.70246382082119,63.87691148943038,0.0
2.24,4.346032668950261,3.340671949032748,12.538117303524402,100.80953986934594,62.92864259977019,63.36984109771042,0.0
2.242,8.821594964464502,6.500878115592,14.332736922490167,100.80953986934594,59.568562135656066,61.598692812549714,0.0
2.244,10.62383750698971,7.721333761727094,14.524997793639994,100.80953986934594,57.90088215946576,60.94084504579942,0.0
2.246,8.893472067444531,6.753614530724967,14.787375054506361,100.80953986934594,60.04200687241932,61.95358082415127,0.0
2.248,7.85932001544956,5.810557875549213,13.327792764301593,100.80953986934594,61.31271168392467,62.911637994056086,0.0
2.25,9.091147079633336,6.658652160690259,9.917589125716429,100.80953986934594,59.78652803875946,61.97378488579101,0.0
2.2520000000000002,6.618659480400143,5.071165151854058,10.537099692691301,100.80953986934594,61.97950213000126,63.01228539616149,0.0
2.254,10.763782820928913,7.9935341819722865,7.34201161501685,100.80953986934594,57.81368120446839,60.78031046902093,0.0
2.2560000000000002,7.121071495599918,5.45309829849508,8.864354859246294,100.80953986934594,61.393599095053844,62.5910030917884,0.0
2.258,8.756415091227458,6.44644133456647,14.94962557000236,100.80953986934594,59.78938852493664,61.79434570481263,0.0
2.2600000000000002,9.908844453428589,7.360090945959116,18.022722899980323,100.80953986934594,58.75848032932667,61.2713311801319,0.0
2.262,9.845434519827318,7.472231871573228,18.903123284311867,100.80953986934594,58.95779183354006,61.30416686752889,0.0
2.2640000000000002,3.480978224801743,2.587134157689681,13.391945755970404,100.80953986934594,64.04944348522062,64.35910484779399,0.0
2.266,1.137371540658191,0.7130401617938564,10.501030556312655,100.80953986934594,64.31530303537936,64.360130598167,0.0
2.2680000000000002,3.6493453588674973,2.7447421226001913,7.70242243220417,100.80953986934594,63.81910483134444,64.14932865849315,0.0
2.27,4.343147941683692,3.0316492411550695,12.981237952286236,100.80953986934594,63.30989813750083,63.86208967051296,0.0
2.2720000000000002,6.199440616182471,4.526322400014439,13.020775634870313,100.80953986934594,61.99317822790061,63.01771358791697,0.0
2.274,2.7387856467634344,2.071914222774368,7.478726729376096,100.80953986934594,63.94476833457542,64.12792471549959,0.0
2.2760000000000002,1.636797855612319,1.399102766979069,8.300911481213756,100.80953986934594,64.18165974350725,64.22285805367147,0.0
2.278,3.9759015776744215,3.0911528021921697,6.518215876876267,100.80953986934594,63.67665460558907,64.03362329991128,0.0
2.2800000000000002,4.178183604351588,3.1826187325213557,5.721842486827639,100.80953986934594,63.185309139131185,63.60368495197431,0.0
2.282,7.102652343992452,5.4155583480844856,2.3950901702034146,100.80953986934594,61.53129102640763,62.73703138573843,0.0
2.2840000000000003,9.800126570234326,7.1149043323583525,6.30183731630732,100.80953986934594,58.73125191544577,61.324394133710015,0.0
2.286,8.92554462633387,6.300582677920156,11.955375129025493,100.80953986934594,59.58328023921614,61.865121197695984,0.0
2.2880000000000003,6.655370121812171,4.734951088391634,11.538774105938215,100.80953986934594,61.34162340135589,62.59045620797949,0.0
2.29,9.954076288744654,7.335203070381805,14.978896157379273,100.80953986934594,58.477861263366,61.06288677672851,0.0
2.2920000000000003,9.109300977599712,6.625843118775671,15.131436013739641,100.80953986934594,59.39863373854291,61.62963868338604,0.0
2.294,10.091041247856047,7.597615277119988,15.332775435034378,100.80953986934594,58.584975158386584,61.1030274555845,0.0
2.2960000000000003,4.987439689884012,3.9677927255346397,11.223746626386344,100.80953986934594,62.98311765344292,63.50443068877456,0.0
2.298,2.274731264649829,1.88947420874082,11.062016186030835,100.80953986934594,63.91206570665127,64.00365705527209,0.0
2.3000000000000003,4.285737256186561,2.9346698129703737,10.2808533324202,100.80953986934594,63.03026857416473,63.58721136331229,0.0
2.302,3.220298293203912,2.3821176787952103,8.741527553069313,100.80953986934594,63.39542473594915,63.66351730449927,0.0
2.3040000000000003,4.763594763968461,3.3494660859029857,11.672454162631741,100.80953986934594,62.60409020940088,63.259096768914596,0.0
2.306,1.316596796512919,0.7621240514181593,10.584476353426822,100.80953986934594,64.03714727855562,64.10295063550193,0.0
2.308,2.610755835730817,2.107471939322827,10.06907251175198,100.80953986934594,63.63620336303535,63.77177339641405,0.0
2.31,3.118255035020612,2.406558954477007,6.271955428720015,100.80953986934594,63.48094553779817,63.70542883344026,0.0
2.312,4.275476177686957,3.1387823672021873,8.017238181209771,100.80953986934594,63.096354444559495,63.57750732178599,0.0
2.314,2.4024031171455644,1.8866418814589154,7.706963937104207,100.80953986934594,63.82928516029223,63.95557866582858,0.0
2.316,5.446048470617293,3.832456976073138,12.276543934421332,100.80953986934594,62.53185360868479,63.38661244978323,0.0
2.318,4.005640802351246,2.8197077673497737,6.4943960788871,100.80953986934594,63.44936865965855,63.91149079848303,0.0
2.32,1.9685208183707257,1.1852035709745659,10.632570850465239,100.80953986934594,64.19516497456601,64.33620197237828,0.0
2.322,3.19552717758313,2.476185829895192,12.021191994306431,100.80953986934594,63.6118769419175,63.84480458422908,0.0
2.324,5.702671250645525,4.152289580654033,14.04220397177942,100.80953986934594,62.376918107437646,63.249217464019445,0.0
2.326,4.925103506536102,3.48098517902961,14.953150892664247,100.80953986934594,62.63852119160237,63.33157781311742,0.0
2.328,3.976820837626739,2.9326508728621374,14.402014461678554,100.80953986934594,63.18121337273665,63.59310967300998,0.0
2.33,4.610842128619135,3.4126084031467494,14.818782810780247,100.80953986934594,63.02328001682831,63.572156464188474,0.0
2.332,5.37092424194645,3.9484671317090094,15.796170844335263,100.80953986934594,62.5584572410581,63.31528789858623,0.0
2.334,2.5101683975189615,1.7518856938148333,12.8982642356149,100.80953986934594,63.95178882143612,64.13629961975906,0.0
2.336,7.477817694249732,5.695844050988832,10.939218674210366,100.80953986934594,61.33584186204882,62.67607420913364,0.0
2.338,4.538465034487722,3.408095400781286,14.86319263062334,100.80953986934594,63.48474462240725,63.99757226824888,0.0
2.34,9.055711450229492,6.361279571079101,20.954835787441535,100.80953986934594,59.48777275965075,61.85936357021485,0.0
2.342,8.392925225583967,6.148383479548825,18.709352312595072,100.80953986934594,60.090097047065136,61.95348775799317,0.0
2.344,2.48874875809267,1.7399181301965203,15.279072901313171,100.80953986934594,63.811324162231024,63.992107662070154,0.0
2.346,4.581656824317754,3.3503640535485735,17.535867008573348,100.80953986934594,63.187657881838206,63.74525049026721,0.0
2.348,4.34908767960928,2.811372316605744,17.825559479379898,100.80953986934594,63.21007250457271,63.838693222533,0.0
2.35,2.4263835671846317,1.6808878330175898,16.279232142253665,100.80953986934594,64.23232183657844,64.40713340948706,0.0
2.352,2.208670913799436,1.467153430328341,15.145697603577712,100.80953986934594,64.28090584566152,64.4365195183891,0.0
2.354,2.7553675295311564,1.9355048416415606,16.403849086018358,100.80953986934594,63.882643855220365,64.10221053374933,0.0
2.356,2.9596694428350645,1.8486072785876708,17.271310914013707,100.80953986934594,63.67009387219444,63.97509366744196,0.0
2.358,3.258746934001038,2.315688205194629,17.994143278240106,100.80953986934594,63.491674532399074,63.7918059005038,0.0
2.36,2.7544460430970816,2.0856724634476835,12.113956878867691,100.80953986934594,63.48150686378564,63.666308964096096,0.0
2.362,4.493924253524404,3.000184748637064,18.534631210600743,100.80953986934594,62.86877301075447,63.50787001434823,0.0
2.364,1.311481320473913,0.7373780601782064,15.670356304453929,100.80953986934594,64.25433777934481,64.32149207362971,0.0
2.366,2.088556556607891,1.5362054206683762,13.919168353057382,100.80953986934594,64.14913382656879,64.26343913177496,0.0
2.368,3.0034752410886045,2.307465351337214,12.536936959707843,100.80953986934594,64.03605104659583,64.24708800153275,0.0
2.37,4.853860439247057,3.6299364365877533,11.372631395070085,100.80953986934594,63.00974611457895,63.6025575714898,0.0
2.372,3.7722901600638274,2.7402956908844853,13.484287737167069,100.80953986934594,63.38903688513771,63.77274645382645,0.0
2.374,11.755805547258161,8.470716041295194,12.161807529890629,100.80953986934594,56.28359642031781,60.07712357489568,0.0
2.376,13.617119541912906,9.995404179224009,13.588065202646694,100.80953986934594,53.49268640977964,58.37509887194229,0.0
2.378,12.429535648473989,9.8450975750201,12.01323433088983,100.80953986934594,55.65687694265531,58.94351872729354,0.0
2.38,11.035389967476753,8.652195667108089,8.547506689018624,100.80953986934594,57.409300761436356,60.08801344275402,0.0
2.382,12.786514151199007,9.929262266263112,10.88305540800699,100.80953986934594,55.16409876139843,58.869644413428624,0.0
2.384,7.35123596255612,5.721687491554158,2.931014750061078,100.80953986934594,61.38559762156065,62.60181811285962,0.0
2.386,5.946493163804247,4.7736140283365724,8.9979076130035,100.80953986934594,62.295063371022046,63.012898097132265,0.0
2.388,7.272420044768863,5.553630045772437,3.673009567239522,100.80953986934594,61.44967480224593,62.708275686089294,0.0
2.39,5.215296665682177,3.9007774262859964,3.157492478684119,100.80953986934594,62.94020838471046,63.62435104952999,0.0
2.392,6.0476326739970805,4.6439432571801955,3.0413816272041148,100.80953986934594,62.388759747205995,63.24557023394654,0.0
2.394,3.3282425711169785,2.6478897002414787,4.0301840152732025,100.80953986934594,63.77181582612698,64.00394308447217,0.0
2.396,5.631665026435539,4.013187698872339,5.214293967739188,100.80953986934594,62.59572234094806,63.48692028117838,0.0
2.398,5.835809363555469,4.233122878015337,2.2555417974115444,100.80953986934594,62.50917241314496,63.43047856002422,0.0
2.4,9.566190489229992,7.123045718067091,4.030702789008928,100.80953986934594,59.44305905300645,61.770928548127166,0.0
2.402,8.24593910282864,6.234958305685637,4.423507530212102,100.80953986934594,60.59660646894878,62.25916121051098,0.0
2.404,3.056673360287085,2.344318505151519,2.4089244856755543,100.80953986934594,63.80287725234215,64.02253252095404,0.0
2.406,3.463937881649064,2.666255355268507,6.238959563370846,100.80953986934594,63.454688090056564,63.733862777108044,0.0
2.408,2.4843994238361797,1.8490052973332596,2.0749635075952644,100.80953986934594,63.83103144376439,63.98822841048719,0.0
2.41,4.433304203624081,3.3155018549990802,6.322996638004378,100.80953986934594,63.16333982703668,63.657845927975956,0.0
2.412,8.840315617160648,6.469377389684491,11.07010018264437,100.80953986934594,60.114752603409,62.18708495922955,0.0
2.414,9.093384511531735,6.647100508505689,13.160349428290166,100.80953986934594,59.572591331615115,61.7709467788411,0.0
2.416,9.622206168607502,7.277966917508211,14.52671726648513,100.80953986934594,58.67928657596258,60.94115073096093,0.0
2.418,4.308849307059039,3.285954224082908,10.370358978776766,100.80953986934594,62.950506681731675,63.39403315536878,0.0
2.42,1.169800647835366,0.7642195853983414,5.587465061845598,100.80953986934594,64.00330085606649,64.04808356563336,0.0
2.422,3.2600296212920328,2.3572441201001832,2.6593635050321063,100.80953986934594,63.44516086893522,63.734683128742304,0.0
2.424,2.6237909561552564,1.7686326794867941,8.335747732719865,100.80953986934594,64.11735583445397,64.3318040128921,0.0
2.426,3.4052052430633104,2.416306657115582,9.120048505897477,100.80953986934594,63.31008999731522,63.63875947337745,0.0
2.428,3.2800491348299246,2.239543192312558,9.829275046283893,100.80953986934594,63.30811365445933,63.63600004793642,0.0
2.43,1.661704198571242,0.8914907913110101,6.942576600688714,100.80953986934594,63.82709390091635,63.93936469071175,0.0
2.432,3.053340725011316,2.148527461606541,8.132724346018426,100.80953986934594,63.64705115694459,63.91576500435946,0.0
2.434,3.881517920702039,3.0265492993506005,5.611706481717755,100.80953986934594,63.49040879644306,63.827601763826145,0.0
2.436,4.83021264759971,3.66266500657967,9.178232600793375,100.80953986934594,63.00603250423024,63.5721431969754,0.0
2.438,4.999563392609327,3.816488815349392,10.186042268747984,100.80953986934594,62.988565252543154,63.584032879520706,0.0
2.44,5.464281217925191,4.317023104362744,7.002240271278964,100.80953986934594,62.61315358218156,63.25381695312362,0.0
2.442,8.388011486317634,6.084737466413639,9.100810508029875,100.80953986934594,60.02614726313091,61.92928142254264,0.0
2.444,8.890040037341578,6.664063038831253,11.27987876882907,100.80953986934594,59.631945620273676,61.608635759490504,0.0
2.446,6.399850933391404,5.023373389833932,5.739912076195105,100.80953986934594,61.69151902022432,62.589216679330235,0.0
2.448,9.91857066547912,7.621907329861587,10.042747005899873,100.80953986934594,58.15610489009895,60.45602387805953,0.0
2.45,8.387043000868443,6.5689852067791925,10.731805101296265,100.80953986934594,59.826706403208554,61.37908237804288,0.0
2.452,3.811382917094381,3.1855817308488703,7.750757181036247,100.80953986934594,63.126542601417775,63.37652990443324,0.0
2.454,1.395481970807563,1.2991646370974896,4.730912835221494,100.80953986934594,63.97504695932938,63.98986456266647,0.0
2.456,5.92263643106027,4.490927745161281,2.480323731438521,100.80953986934594,62.16743505731149,63.01862435410692,0.0
2.458,4.834077047909355,3.7196463930821717,2.349637789732368,100.80953986934594,62.90402837972084,63.44825548290309,0.0
2.46,4.683033665748697,3.6068097734010096,1.6707246077884137,100.80953986934594,63.25883579853243,63.7681910341761,0.0
2.462,4.741886429334059,3.7517260560131973,0.8911481293793908,100.80953986934594,63.187001207914825,63.66714334905033,0.0
2.464,2.5904120676851687,2.2421656814574096,1.5529914251789319,100.80953986934594,64.06112639666557,64.15720731238974,0.0
2.466,4.361665330513365,2.9371549946250806,7.273532261887293,100.80953986934594,63.53024792479797,64.12384262181492,0.0
2.468,3.1449692506149893,2.274386027242026,6.828073837683101,100.80953986934594,64.1105580919803,64.37991588846197,0.0
2.47,3.546994078606451,2.6341524827328997,7.730300482609501,100.80953986934594,63.676326901473736,63.99846062646827,0.0
2.472,7.633917447086199,5.420965649528136,10.443352985831968,100.80953986934594,61.0920478994909,62.74141486108704,0.0
2.474,5.001999725547336,3.58471871775105,7.271832810818349,100.80953986934594,62.817470236194794,63.5122627110013,0.0
2.476,2.903643469048857,2.2089924267846,7.983369496186377,100.80953986934594,63.79214962760534,63.994910090539534,0.0
2.478,1.8152999968453227,1.284862765191769,5.93905583475094,100.80953986934594,64.33737554953923,64.43125922800611,0.0
2.48,2.8125339858645075,1.9219850427573861,2.1067981890734853,100.80953986934594,64.00466117508674,64.2453773759861,0.0
2.482,5.246949097485536,3.8672016674807703,2.060782029423007,100.80953986934594,62.766513201578846,63.48445250570349,0.0
2.484,5.092109982067087,3.6544881043106408,4.900252261490163,100.80953986934594,62.63190337753326,63.34978992022425,0.0
2.486,10.935797331165698,7.8799982822027586,12.78047621132584,100.80953986934594,57.41967622660087,60.70230202267415,0.0
2.488,13.772761437107418,10.193767411414044,16.029064334072295,100.80953986934594,53.42332799174554,58.320484219956924,0.0
2.49,15.667784786305262,12.186827420361896,19.957968777232903,100.80953986934594,50.38756725102628,55.92336389325523,0.0
2.492,17.00868332446269,13.276073239832687,23.267793625334193,100.80953986934594,47.96210214369697,54.416108046383165,0.0
2.494,19.403199094508196,15.096149495448234,27.796983152876937,100.80953986934594,43.03521890500272,51.51957972032083,0.0
2.496,14.283637619619123,11.344611972604689,24.360376708096222,100.80953986934594,52.97803609991586,57.27836243006657,0.0
2.498,11.763407850104738,9.478562478563921,22.842086472273323,100.80953986934594,56.57414759432296,59.34508396212044,0.0
2.5,16.503037092090835,12.548351552366597,29.473387263696974,100.80953986934594,49.073600941941955,55.63303504214147,0.0
2.5020000000000002,15.682511082577257,11.988776313261015,30.310164707265518,100.80953986934594,50.189784065475706,56.025305019081244,0.0
2.504,10.864499184894548,8.852780273627552,26.906666642007814,100.80953986934594,57.70180118429171,59.96638514377579,0.0
2.5060000000000002,10.843375962317975,8.775340248773164,27.87297077830724,100.80953986934594,57.50142502376603,59.817768193482756,0.0
2.508,6.66328079420143,5.49222510677814,24.5697720698311,100.80953986934594,61.43227310489985,62.24495944277194,0.0
2.5100000000000002,6.3307272993563135,5.043486559553059,24.819566945322848,100.80953986934594,61.774125746508105,62.610023971882825,0.0
2.512,9.19011694436454,7.123934283957074,27.41044028875305,100.80953986934594,59.28773406819602,61.212171030477975,0.0
2.5140000000000002,7.758811243165115,5.8910760204751496,27.078419884669092,100.80953986934594,60.891592879417324,62.347108403622826,0.0
2.516,9.959648561715994,7.596604457737833,30.70740625972076,100.80953986934594,58.530294256611214,60.898814801530314,0.0
2.5180000000000002,12.597539617609778,9.844325181692703,34.631778498844895,100.80953986934594,54.98295218741218,58.51051995626479,0.0
2.52,8.726062715023831,7.151294276593144,32.14710341672704,100.80953986934594,59.816795272771415,61.24426826808882,0.0
2.5220000000000002,7.627617481360854,6.100602348276713,31.44456924408752,100.80953986934594,60.97135061458967,62.16817396147565,0.0
2.524,6.869568805923742,5.4425291090729075,31.078603758378588,100.80953986934594,61.46818459534856,62.47127583464589,0.0
2.5260000000000002,9.532466008787893,7.389434206639703,34.69594059787621,100.80953986934594,59.04786186649906,61.118246344809975,0.0
2.528,5.027119885310338,3.866981644971199,29.17512681639766,100.80953986934594,62.62759333550719,63.21668627002233,0.0
2.5300000000000002,3.6095555698642303,2.8465161949190554,29.68211824891445,100.80953986934594,63.43614339234008,63.717389873809566,0.0
2.532,5.675560315244255,4.408335858563124,31.805773741458882,100.80953986934594,62.382497507092374,63.11204565008883,0.0
2.5340000000000003,9.844593340696727,7.368045176976351,37.42035641072773,100.80953986934594,58.32246090203026,60.7561653962912,0.0
2.536,7.455441537884881,5.556036419690972,34.71161188786821,100.80953986934594,60.93171818814399,62.342684662272376,0.0
2.5380000000000003,4.6817753567080675,3.0339268755994886,27.928459944131777,100.80953986934594,62.89928416081004,63.625163813136815,0.0
2.54,1.7739466169023796,1.1797010163714423,27.624327906146483,100.80953986934594,63.872755581642565,63.97296219128403,0.0
2.5420000000000003,2.25146382662769,1.6440017168016359,27.356579232399614,100.80953986934594,64.15783440025875,64.29293279838066,0.0
2.544,1.0728743532811205,0.8535809843950011,27.366441230198074,100.80953986934594,64.39705305452594,64.42117187367597,0.0
2.5460000000000003,1.2315469594397537,1.1098727957153893,28.809479458171065,100.80953986934594,64.2406260480775,64.25689086881265,0.0
2.548,4.53586929130423,3.6543397989492865,29.063155742953963,100.80953986934594,63.0433608993322,63.455556854813466,0.0
2.5500000000000003,5.079272227656905,3.870984611686998,32.962042319464985,100.80953986934594,62.8177685438112,63.43518435844181,0.0
2.552,6.7959598533937795,5.418297074795473,33.921575444959196,100.80953986934594,61.79289414473339,62.753581743525466,0.0
2.5540000000000003,6.117196292016405,4.814491646055067,33.96155809488979,100.80953986934594,62.261724499605755,63.074752043205436,0.0
2.556,9.749406679404315,7.129512103549845,39.32990810968893,100.80953986934594,59.02143100513466,61.546083393020304,0.0
2.5580000000000003,10.469115030177003,7.754880114697803,41.38473828449445,100.80953986934594,57.98052900865202,60.80452943255043,0.0
2.56,7.071883377654054,5.41296033506945,35.856483924159996,100.80953986934594,61.372234341953316,62.55468132096585,0.0
2.562,8.712051941807614,6.330205176748676,26.536338719382112,100.80953986934594,60.085817041389106,62.1313172677661,0.0
2.564,9.333573936105937,7.166225841972931,31.124029478088232,100.80953986934594,59.416333217621975,61.457978991637965,0.0
2.566,5.679455741407939,4.268214102476439,27.806121335004292,100.80953986934594,62.6081285133575,63.40961223823903,0.0
2.568,6.1372957132986,4.650755738632522,25.96330514016484,100.80953986934594,62.19441318446647,63.109983447032164,0.0
2.57,11.343751487528202,8.350706503015754,18.22005465840087,100.80953986934594,57.186503519384814,60.5518627798137,0.0
2.572,14.46896778761821,10.808960318907285,13.536698498058133,100.80953986934594,52.384608703087345,57.66666369638617,0.0
2.574,11.761311541800765,9.04501770946943,16.347137356224074,100.80953986934594,56.29645881746698,59.523074428222024,0.0
2.576,16.229761111303983,12.518840981187354,12.203720812691499,100.80953986934594,48.98723494236094,55.078211456000204,0.0
2.578,18.41945394540577,14.049484677720619,13.859693279685438,100.80953986934594,44.80925882634624,52.91059562032562,0.0
2.58,17.398115737672168,13.584554582039388,14.421811664578637,100.80953986934594,46.92295363110479,53.66897097987579,0.0
2.582,18.9358525185445,14.683162948770686,16.972717423344964,100.80953986934594,43.902758717380095,52.06609754676887,0.0
2.584,15.862843874453901,12.407987805298632,17.03418826406705,100.80953986934594,49.9031938033678,55.479600079347115,0.0
2.586,12.210673008294988,9.624432393650999,12.735162340729147,100.80953986934594,55.51789867568943,58.741936272114216,0.0
2.588,11.748565706961609,9.37074345345763,18.029032007450372,100.80953986934594,56.26194853996408,59.128992227901016,0.0
2.59,8.734236215106154,6.952815863281559,15.891281348426803,100.80953986934594,59.70600338840508,61.301444410474204,0.0
2.592,6.16396518447447,5.213664846728933,15.668968729662453,100.80953986934594,61.88131843912678,62.49860230837044,0.0
2.594,7.507455746936299,6.065797887567702,16.166838337735495,100.80953986934594,61.09753315754215,62.21470149352987,0.0
2.596,10.182349998766329,7.74299516527324,18.111143255242375,100.80953986934594,58.460881351321284,60.957291907804375,0.0
2.598,5.837142134284438,4.604987582458472,20.993961187891827,100.80953986934594,62.329256555493025,63.06381495837599,0.0
2.6,5.337195675555506,4.10400761248585,21.971872793057585,100.80953986934594,62.651113226543806,63.31581774569196,0.0
2.602,6.944265068665799,5.494675025377495,23.58611118447283,100.80953986934594,61.34254631551319,62.371986081275274,0.0
2.604,3.7296532848594195,2.8541539721222917,21.939273850338875,100.80953986934594,63.163502995695744,63.492585493901615,0.0
2.606,2.582239631410087,1.4714621901412344,19.908344006856105,100.80953986934594,63.798060422472396,64.05512992708198,0.0
2.608,2.088723474613155,1.6420263810279672,16.89339842389101,100.80953986934594,64.15884148572232,64.25398537492131,0.0
2.61,4.949352345440068,3.773037352688,15.94637999178217,100.80953986934594,63.02922035129229,63.61499556157105,0.0
2.612,4.614421890463565,3.6413412878411315,18.193704299408914,100.80953986934594,62.99394782513697,63.452594173337864,0.0
2.614,5.926055619985532,4.451341038194691,23.573420459450535,100.80953986934594,62.2190270240516,63.09273935952771,0.0
2.616,5.024595492809342,3.7421186599230514,23.97000952109578,100.80953986934594,62.79617499089396,63.438061583715736,0.0
2.618,4.718606471054566,3.2612650133031127,14.981083964525293,100.80953986934594,62.98012949419066,63.64406988536051,0.0
2.62,10.017612733961407,7.306529543101479,8.14451072427108,100.80953986934594,58.328585482193475,61.01002572941236,0.0
2.622,5.888536212572514,4.431658925430764,12.73597353788607,100.80953986934594,62.2460047868503,63.10439142951167,0.0
2.624,2.9737460383768606,2.0524866876883237,15.977735289146999,100.80953986934594,63.71741303660702,63.981773333588336,0.0
2.626,5.644757472216958,3.975197453805723,11.475205346810462,100.80953986934594,62.25439763308779,63.17135074817713,0.0
2.628,5.272922175268254,3.7742184883021026,12.184964476571436,100.80953986934594,62.28029808107326,63.054401863869685,0.0
2.63,12.05796085382558,9.072254449856104,4.827092652940129,100.80953986934594,55.54234018423805,59.14419892318894,0.0
2.632,9.47023451810761,7.119435215714121,5.860673382682404,100.80953986934594,58.776954466909515,61.003474841625035,0.0
2.634,5.505113281363906,4.419239399436027,8.57608183704016,100.80953986934594,62.36036607588022,62.97561894422044,0.0
2.636,10.543621903680807,7.821742527442742,3.4059588139679224,100.80953986934594,57.94756751202533,60.80148999784082,0.0
2.638,11.825889026858514,8.681840344466494,1.4008819924076201,100.80953986934594,56.06336903247619,59.74450528135796,0.0
2.64,10.56484078930727,7.934323478783486,1.9825667800260243,100.80953986934594,57.879314689211164,60.6575376387983,0.0
2.642,6.833608003151117,5.087569575373578,3.2030079654853476,100.80953986934594,61.72941614783962,62.91776827264184,0.0
2.644,6.127797003081124,4.764173199475109,3.7575054079211885,100.80953986934594,62.09250982819,62.940465482755414,0.0
2.646,7.0573045788616025,5.444248296293733,6.520885866536993,100.80953986934594,61.29469754645068,62.44599049764254,0.0
2.648,9.557238542953124,7.131773805070966,9.866970953529727,100.80953986934594,59.28130654347697,61.59229969901578,0.0
2.65,7.353130682913283,5.485192070351657,8.903799517303709,100.80953986934594,61.29265816583648,62.661783516537504,0.0
2.652,1.7770341376155983,1.312016804115258,6.434363857580935,100.80953986934594,64.2614632561078,64.34347307113902,0.0
2.654,3.5419458539451942,2.4850620629132836,7.656086272628457,100.80953986934594,63.612509402502354,63.97617376317177,0.0
2.656,3.9695110907815057,2.5593831994100693,8.547547796030406,100.80953986934594,63.36976914093909,63.89538677212522,0.0
2.658,5.406412039763539,4.139649592393276,1.578913736815409,100.80953986934594,62.37609474423862,63.06647993614152,0.0
2.66,5.508710466602969,4.059245567093819,1.222103805376442,100.80953986934594,62.37586621228878,63.16763597310859,0.0
2.662,6.1591235891200995,4.563090272490277,7.420684909540006,100.80953986934594,61.82931183232589,62.806320936537354,0.0
2.664,6.083691444310088,4.528484766505059,8.552199325108143,100.80953986934594,61.84833843097623,62.79058541665448,0.0
2.666,5.6940237421225595,4.349699902874513,4.347703895717067,100.80953986934594,62.319445885667946,63.090297371075636,0.0
2.668,5.64061929105054,4.031591224756941,6.835198984742443,100.80953986934594,62.31595688302101,63.20446500379525,0.0
2.67,2.2439673921416605,1.5016082443334993,6.251129448322211,100.80953986934594,64.25201517058477,64.41076170391428,0.0
2.672,1.8691138711003092,1.4718764569139695,6.304805736413128,100.80953986934594,64.20275885823388,64.2785288079753,0.0
2.674,6.725300788042251,4.986096095338798,12.293638797440519,100.80953986934594,61.90698573240488,63.06985670926511,0.0
2.676,2.839030541020771,2.1717715017361003,9.0406681012257,100.80953986934594,64.01194909217988,64.20283478446453,0.0
2.678,6.77786140818821,5.27613607641839,13.032239447937455,100.80953986934594,61.548212186565756,62.581672703902235,0.0
2.68,9.085627107624648,6.747378315939624,15.560964296504832,100.80953986934594,59.15090920043134,61.26453092150996,0.0
2.682,8.06365967085658,6.093274843074542,15.922251779966865,100.80953986934594,60.05506840330141,61.64761849786581,0.0
2.684,6.225681705718298,4.775894515000508,14.21659652031259,100.80953986934594,61.73092813912468,62.64153603177829,0.0
2.686,3.146999266179164,2.388936203975213,11.999447642526265,100.80953986934594,63.68767566587901,63.927265338325974,0.0
2.688,5.960548835448577,4.234107387196519,15.246304010187368,100.80953986934594,62.138942668449786,63.14378175612348,0.0
2.69,9.151887281284452,6.622084262787936,19.234798741810405,100.80953986934594,59.46076104607833,61.73900762951615,0.0
2.692,11.021661279103835,8.00772164265378,22.31522404555007,100.80953986934594,57.354949857511144,60.62936174525073,0.0
2.694,8.609216656851034,6.51008569767038,20.75126464159512,100.80953986934594,60.48124414137025,62.293184338833846,0.0
2.696,10.328658290222792,7.52214381334762,23.441107166116467,100.80953986934594,58.371014011806025,61.231227689779,0.0
2.698,7.426374748441607,5.384410620179116,21.272958632873646,100.80953986934594,61.16508324649561,62.65855224937287,0.0
2.7,6.185742589876556,4.730836661278968,19.58150299596957,100.80953986934594,62.1130092146349,63.01977179832383,0.0
2.702,7.465677475463152,5.747548646064332,18.913476831128314,100.80953986934594,61.1356536244384,62.43174908975689,0.0
2.704,4.619925726261865,3.5549445254270715,17.83726292114386,100.80953986934594,62.72439569657483,63.221439636308915,0.0
2.706,6.7554207466462275,4.992988784520241,20.62718441020677,100.80953986934594,61.473187340291034,62.6553132188073,0.0
2.708,2.8510283560563643,2.099282732673544,18.14669210632344,100.80953986934594,63.60426049656751,63.81671951182143,0.0
2.71,4.831683046359453,3.374571367517119,18.287827820630657,100.80953986934594,62.80103405922824,63.483702362284085,0.0
2.712,7.317330341025775,5.278745645507958,18.803263746924916,100.80953986934594,60.98470525714731,62.45071365757808,0.0
2.714,4.61363791775515,3.4913000850832776,10.598998232291615,100.80953986934594,63.0543131141485,63.573645219922206,0.0
2.716,1.137010871272919,1.0595067559535425,13.867493608156948,100.80953986934594,64.37448867337467,64.38420788546887,0.0
2.718,3.392088997390781,2.901584632789718,12.986765809754882,100.80953986934594,63.818716237560835,63.99496205056495,0.0
2.72,5.84512313602226,4.372278033445159,8.966258594252484,100.80953986934594,62.593282538226596,63.45243349813902,0.0
2.722,4.19194132164679,3.2335128628621415,9.799875097676724,100.80953986934594,63.30208511022515,63.708392332744516,0.0
2.724,6.163076707533082,4.646100038054511,7.302890808318392,100.80953986934594,61.99520872275997,62.93135488432238,0.0
2.726,7.2761465997365065,5.434297215810985,5.464431727518108,100.80953986934594,61.09573986429438,62.432296097240396,0.0
2.728,10.017828217440552,7.65324972767732,5.327454050124189,100.80953986934594,58.57025529812584,60.95581474492774,0.0
2.73,9.078175307444457,7.184562664098265,7.405591548885474,100.80953986934594,59.7429757443809,61.5011331524214,0.0
2.732,13.853801577032295,10.637675780754963,16.012946250796727,100.80953986934594,53.57464653887898,58.071677526396385,0.0
2.734,16.975399382061727,12.730025771847881,18.721638758863808,100.80953986934594,48.014085840224105,55.21425531992566,0.0
2.736,17.360120897231962,13.234933639118568,20.20368165370846,100.80953986934594,47.238252227830756,54.44418001926067,0.0
2.738,13.04398288441714,10.139545160710307,18.314064989061823,100.80953986934594,54.80348320337339,58.647790002046555,0.0
2.74,15.028371218461743,11.558236435942634,19.180842709707,100.80953986934594,51.425914755333395,56.693249746622776,0.0
2.742,10.935907036481787,8.634684866401724,18.96891636119028,100.80953986934594,57.42633548479428,59.99754080577317,0.0
2.744,7.910852449108954,6.364019682934963,18.044430349157288,100.80953986934594,60.760739415770416,62.02137091523599,0.0
2.746,5.744475683330851,4.402997807246515,14.728636679364072,100.80953986934594,62.68408899283568,63.46125426120399,0.0
2.748,7.662113455833662,6.0591411608974255,15.807190504334143,100.80953986934594,61.209050951267514,62.464769231317916,0.0
2.75,14.818287454683638,11.345984082179793,23.676572240699137,100.80953986934594,51.91547519471843,57.102363273576415,0.0
2.7520000000000002,21.239016828458027,16.0844962524335,29.143240513061997,100.80953986934594,38.55468516594604,49.54159206529304,0.0
2.754,16.231129579333317,12.437138944522175,26.582508132152313,100.80953986934594,49.28765712434294,55.497561729413995,0.0
2.7560000000000002,9.592026232415067,8.057320877328316,21.90436034001096,100.80953986934594,58.62947840712118,60.17589799365901,0.0
2.758,7.24809439004938,5.979900150612472,20.66662774093534,100.80953986934594,61.15970097958446,62.11745115155486,0.0
2.7600000000000002,5.1176421760573625,4.294486733820566,19.94543975475075,100.80953986934594,62.795218710682825,63.237543908109124,0.0
2.762,2.343011451770965,2.0536398944875107,18.294431260064783,100.80953986934594,63.844238126836984,63.916873737100985,0.0
2.7640000000000002,2.2133175178457742,1.7755380565952117,16.855835112765714,100.80953986934594,63.98619157415283,64.08588703312817,0.0
2.766,4.863097146022434,3.5111583128881922,17.87787235194554,100.80953986934594,62.93769934148544,63.584060328898595,0.0
2.7680000000000002,3.037956259414439,2.312464626987395,15.703310138863097,100.80953986934594,63.60092977980525,63.82254119048614,0.0
2.77,2.7190529455983596,2.3781197185515204,16.627849635492343,100.80953986934594,63.989708995518356,64.08892240088423,0.0
2.7720000000000002,1.520420162097218,1.1004878771102855,17.45069463100087,100.80953986934594,64.262255633146,64.32509078523012,0.0
2.774,0.9930005327098709,0.9990748871273143,17.259829161807577,100.80953986934594,64.13427923823497,64.13358839809416,0.0
2.7760000000000002,4.704444708069743,3.3779640797361656,16.214636633781762,100.80953986934594,63.31325767496541,63.92534517842649,0.0
2.778,7.584608790588783,5.578468785940091,13.674052890436817,100.80953986934594,61.17518209096281,62.682799077951756,0.0
2.7800000000000002,6.359312128085401,4.748757830540238,11.016982467295177,100.80953986934594,61.97995113712702,63.00132822090191,0.0
2.782,3.6062885825928155,2.8601874094678537,13.546124061578533,100.80953986934594,63.668069256005765,63.943515675906745,0.0
2.7840000000000003,8.293425263941929,6.441435975578809,11.06633901629623,100.80953986934594,60.58041054113747,62.1383734120132,0.0
2.786,1.0348750609417217,0.8911110268110798,13.336315017868444,100.80953986934594,64.4131880616081,64.42899599111858,0.0
2.7880000000000003,7.614964472917488,5.802382716282523,9.017761100797689,100.80953986934594,60.63250892214307,62.020980063023075,0.0
2.79,5.545310487479064,3.992151073680312,10.21973912550259,100.80953986934594,62.31796478806189,63.163673650176804,0.0
2.7920000000000003,7.931671750142688,5.781940986884943,11.731576714141209,100.80953986934594,60.557893953368165,62.24098852371724,0.0
2.794,8.246526291631051,6.168941144670507,13.71372062107007,100.80953986934594,60.30803086029575,62.01788961325935,0.0
2.7960000000000003,8.539648759451554,6.371650882297285,13.351992009721977,100.80953986934594,60.167750228517406,62.0133905143511,0.0
2.798,9.332498840108352,7.090772708178594,11.464863054742887,100.80953986934594,59.38477863407991,61.48669427541848,0.0
2.8000000000000003,9.00036603325158,6.900830524573641,15.643641859996531,100.80953986934594,59.67013987886045,61.57615340336919,0.0
2.802,10.405364303526449,7.979846501410338,18.39377686361641,100.80953986934594,57.882143986569154,60.42807702659496,0.0
2.8040000000000003,6.113728398954885,4.444141666715922,14.47934648132902,100.80953986934594,62.12865146032692,63.13502076557107,0.0
2.806,4.040582420824444,2.9990201059479267,11.745133304516044,100.80953986934594,63.30418369726264,63.722789470089545,0.0
2.8080000000000003,3.773955737388348,2.6788209480085747,9.714758170880419,100.80953986934594,63.47247131411776,63.875917844370065,0.0
2.81,6.591689737798545,4.99586957426465,5.524350717015128,100.80953986934594,61.99339997806842,63.049118255079144,0.0
2.8120000000000003,6.058721185273189,4.785365661832165,4.6645055882077395,100.80953986934594,62.443485040240375,63.23182706745414,0.0
2.814,4.884533733981096,3.813014146861511,6.543811884411262,100.80953986934594,63.11186506542465,63.643935095047716,0.0
2.816,3.732333673245306,3.0231944183484765,6.229075182382133,100.80953986934594,63.466627857838304,63.74013119083866,0.0
2.818,4.709192570008949,3.474824785449288,5.330384766107096,100.80953986934594,62.87480109961411,63.451545034773815,0.0
2.82,1.2950155443350029,0.7492182070357285,10.576355148380847,100.80953986934594,63.90022269128811,63.96392184683717,0.0
2.822,2.3506434456351157,1.6499158021255758,12.121114113066113,100.80953986934594,63.71073830783526,63.870783156675714,0.0
2.824,7.001514125300825,5.075602436758331,17.124834535139957,100.80953986934594,61.61605200713899,62.94397177440388,0.0
2.826,2.315565446880111,1.787754633174773,13.011748118067276,100.80953986934594,64.04693530598993,64.17058280732023,0.0
2.828,5.504553932043408,4.164460974797703,14.768610923301127,100.80953986934594,62.59597638572447,63.33573346606541,0.0
2.83,0.8528675670997482,0.6504919869293755,10.898276859495038,100.80953986934594,64.28363101077097,64.30100072172684,0.0
2.832,5.120222546953567,3.707547585407396,13.683486878748708,100.80953986934594,62.90864660297586,63.62062226921903,0.0
2.834,7.915896691122077,5.719600567209902,18.864367514224426,100.80953986934594,60.97405190662197,62.68380839607016,0.0
2.836,6.5523074782725645,4.768812120648907,18.361505399497744,100.80953986934594,61.96690254872224,63.11964815829179,0.0
2.838,5.2021767645896855,3.815354035235263,17.284341559269972,100.80953986934594,62.95302659150666,63.66699740614316,0.0
2.84,1.2588869009303367,0.9720995313219152,11.939349730506548,100.80953986934594,64.82087353484317,64.8574017503341,0.0
2.842,3.274200375393098,2.647000469403632,9.72197919129719,100.80953986934594,63.65825352225946,63.870278744536044,0.0
2.844,6.436689428900121,4.577568987798939,17.681616617128384,100.80953986934594,61.8667991219882,63.035854097415,0.0
2.846,7.027841699576006,4.887652068984649,19.695821408094048,100.80953986934594,61.42612627945069,62.882043074051694,0.0
2.848,0.8205178069847753,0.682358436756346,13.493207414376498,100.80953986934594,64.23279804981742,64.24465233031836,0.0
2.85,7.364207676647868,5.455286760630726,13.575901965447162,100.80953986934594,61.21614168042106,62.613253549679754,0.0
2.852,10.598037153123345,7.951313314649983,13.587479275888331,100.80953986934594,57.789391640146874,60.59231495248891,0.0
2.854,14.150954740945037,11.086673573516276,17.307653788987906,100.80953986934594,53.305504359895494,57.720756852659065,0.0
2.856,10.082549485211173,8.236307513012918,13.949596722124678,100.80953986934594,58.712580190826046,60.6434833904327,0.0
2.858,9.93208234202617,7.881375889587373,9.786838795062852,100.80953986934594,58.83369413422233,60.91926582437732,0.0
2.86,7.021074859806799,5.500282606910402,5.6592572836155295,100.80953986934594,61.549501949271985,62.63666224131779,0.0
2.862,13.359557134341982,9.886257674649897,5.9421655846932735,100.80953986934594,54.232361375740695,58.8419671971963,0.0
2.864,12.68123673003436,9.683003121396391,9.084267598417952,100.80953986934594,55.27568232905074,59.10388977177214,0.0
2.866,7.534780473779528,6.100706475960707,8.274832811887205,100.80953986934594,61.20159005865223,62.31797667201696,0.0
2.868,11.195205740145143,8.85848694139475,11.159648425467546,100.80953986934594,57.45424722890078,60.12956265626986,0.0
2.87,7.938499594496336,6.356257252652815,11.134828126856286,100.80953986934594,60.866284021123874,62.157569559224584,0.0
2.872,6.128172401634178,4.976798942107751,10.998977041246464,100.80953986934594,62.41435538154339,63.14432652285397,0.0
2.874,2.000357445863368,1.9091599839575648,8.720290501622825,100.80953986934594,63.99319255971247,64.01354786386,0.0
2.876,8.169195976875251,6.176912100767239,10.98912367700075,100.80953986934594,60.602706039766204,62.234472024472076,0.0
2.878,10.468897960574383,7.700002398616142,11.482294023421778,100.80953986934594,58.19556169566277,61.06772274347183,0.0
2.88,5.822354588510124,4.602238072683825,9.518587166452114,100.80953986934594,62.54735297699212,63.27351309495846,0.0
2.882,7.872061969062638,6.224451242021439,14.24112653566463,100.80953986934594,60.89373317024854,62.21971876811761,0.0
2.884,2.446160584321737,2.2002459060250374,10.309558410306028,100.80953986934594,63.984967525466175,64.05020142498816,0.0
2.886,7.45174020892258,5.768712034197602,16.262885543072535,100.80953986934594,60.77240521742198,62.04271679342359,0.0
2.888,12.187589276668307,9.096890992883864,22.14366031748405,100.80953986934594,55.51157955088218,59.26731743145301,0.0
2.89,13.595035372453083,10.179314438381383,24.79721861584866,100.80953986934594,53.519713408020934,58.15598527800545,0.0
2.892,10.677500575424622,8.077927250002178,22.94490861356187,100.80953986934594,57.52918653980978,60.312762864732235,0.0
2.894,3.1859798954462986,2.571028508986934,15.84161284227505,100.80953986934594,63.6262169746518,63.828337029829555,0.0
2.896,5.272514689544426,3.9919434676121837,18.54989819008961,100.80953986934594,62.59536177415561,63.272684655936644,0.0
2.898,6.266479723947514,4.6839004621953615,20.200592058516673,100.80953986934594,62.07074621802806,63.060134527865934,0.0
2.9,3.2679077045041165,2.4422954378138937,17.204737455273456,100.80953986934594,63.602604584608,63.87175772588431,0.0
2.902,5.661065071359013,4.398087499975397,15.767509940003862,100.80953986934594,62.48860765454344,63.21392663962045,0.0
2.904,5.232936436817869,3.8870413717104486,16.047168113823435,100.80953986934594,62.759818736764565,63.460591016773826,0.0
2.906,7.769539109804458,5.712999391586018,17.438522329123234,100.80953986934594,60.84081629245304,62.42381745993817,0.0
2.908,5.633010279636304,4.048733793126732,14.555777681377217,100.80953986934594,62.30128498393729,63.176987551754735,0.0
2.91,8.233422155597738,6.183440142234484,20.473363833237226,100.80953986934594,60.5211612874058,62.20846546906337,0.0
2.912,4.793635709062523,3.7026865229282175,18.24023206588952,100.80953986934594,62.98264775331437,63.51183258722362,0.0
2.914,5.247034717172767,3.9234548664875564,17.439692690354935,100.80953986934594,62.52814090753368,63.22111128986458,0.0
2.916,9.782406550279982,7.248811337512026,21.98368330833925,100.80953986934594,58.926086868919015,61.38960723879712,0.0
2.918,12.764882706843167,9.540976704954165,26.790344408684053,100.80953986934594,54.91587174617359,59.02147977544014,0.0
2.92,8.642584485545868,6.565713016374118,24.056204572937496,100.80953986934594,59.84335913269602,61.64663886644669,0.0
2.922,7.166651795972246,5.499360302458764,21.680869192876695,100.80953986934594,61.27522471543551,62.48088177375323,0.0
2.924,5.993123831710436,4.532306198993626,22.44532540200294,100.80953986934594,61.96440724201342,62.8422323782506,0.0
2.926,4.311338630760895,3.2806136838825246,19.134267807563624,100.80953986934594,62.95899807839771,63.40575178978024,0.0
2.928,5.130609094887346,3.7375338919145435,16.646515180524368,100.80953986934594,62.34017829453372,63.04548710877591,0.0
2.93,1.2227894896951355,0.9163981741737769,17.78545445923469,100.80953986934594,63.634522477506685,63.67194190301718,0.0
2.932,3.799103783247843,2.86434372465313,21.112301968355442,100.80953986934594,63.12060156455627,63.476209140116225,0.0
2.934,8.206480314265177,6.127876113404808,26.62496608803391,100.80953986934594,60.20455690853826,61.905629024209304,0.0
2.936,8.626808390122255,6.38744769874605,28.085348198344846,100.80953986934594,60.09662518195078,62.01618035085208,0.0
2.938,6.905571790707023,5.565819951536118,27.31481318540325,100.80953986934594,61.889829044996425,62.84374795494445,0.0
2.94,4.820881334985955,3.773984621299512,24.091488338057626,100.80953986934594,63.20438551096704,63.718091673310255,0.0
2.942,5.186241565547939,3.8965728502637655,24.363890289022844,100.80953986934594,62.96840829772133,63.637168593711905,0.0
2.944,8.50891704342028,6.393986217743268,27.63425921871161,100.80953986934594,60.10004053783966,61.89949062066275,0.0
2.946,6.211521958331349,4.784835973582433,25.94708891737791,100.80953986934594,61.98319554377831,62.8788684036585,0.0
2.948,3.652187852041648,2.8743969514424665,24.806948757456883,100.80953986934594,63.483345154328376,63.77316000050148,0.0
2.95,0.6298490269215449,0.5851951536509077,21.738329475466653,100.80953986934594,64.39821141592287,64.40130899786608,0.0
2.952,1.6685822555633987,1.5284983365136633,20.614548660403752,100.80953986934594,64.3096588455825,64.33522783028835,0.0
2.954,4.816967667897862,3.675500485694488,17.134595244365663,100.80953986934594,63.049147102336455,63.60258542151401,0.0
2.956,7.119095995111545,5.2876201015816395,14.075651030324,100.80953986934594,61.42000454817469,62.71727443804029,0.0
2.958,10.486584754969932,7.900435796216058,10.481017195902123,100.80953986934594,57.89827622647358,60.61308176181438,0.0
2.96,10.907129651364047,8.00366349918171,8.277155832201652,100.80953986934594,57.207614914075336,60.34234919176946,0.0
2.962,12.335478669290266,9.2983237129594,5.678580723370217,100.80953986934594,55.28489602959638,59.0361432877706,0.0
2.964,10.108947101428935,7.380487477774892,6.907816113295267,100.80953986934594,58.254872095574974,60.97924702306679,0.0
2.966,12.24976715863569,9.4951794846225,4.690313716558444,100.80953986934594,55.63859666677014,59.05831692046786,0.0
2.968,16.315690770627,12.510064192288848,6.480962874679477,100.80953986934594,49.00813429748875,55.27131714934696,0.0
2.97,16.443305818741067,12.593668981376956,7.062725091891753,100.80953986934594,48.85052939065681,55.232573742645535,0.0
2.972,11.6668344362723,8.958536123787864,4.542746585689101,100.80953986934594,56.80656489108134,59.995699165915,0.0
2.974,14.257644872537393,10.942842549962748,10.16420296759942,100.80953986934594,52.8952601206261,57.66445922104391,0.0
2.976,14.502899746005367,10.826175246508173,11.148493366289816,100.80953986934594,52.363157500153214,57.68007481567476,0.0
2.978,11.79248376879546,9.174034236370524,6.835485847095362,100.80953986934594,56.384754569901936,59.51909011422092,0.0
2.98,9.389521492706788,7.477779736060646,7.637177162876315,100.80953986934594,58.9597215603234,60.800697888819066,0.0
2.982,10.027271885124183,7.875935162768149,6.67488632413845,100.80953986934594,58.460196938638234,60.659134111625846,0.0
2.984,10.678953387081181,7.961357834846883,5.834198563237991,100.80953986934594,57.76368297194665,60.655773290673984,0.0
2.986,10.525366662672972,8.21796737987533,7.789469277997993,100.80953986934594,57.99674441215078,60.465871454695794,0.0
2.988,8.732178948939255,6.688321665032394,6.209842898097114,100.80953986934594,59.816896045945704,61.616272100635584,0.0
2.99,15.076771046779445,11.38719132967196,13.914034566469743,100.80953986934594,51.113794564496445,56.68839738640395,0.0
2.992,17.142053512738716,12.935663557726919,17.46234259164185,100.80953986934594,47.171058201802126,54.39459269661068,0.0
2.994,12.959993633437877,10.152729550752667,14.530958489639119,100.80953986934594,54.50213721882613,58.206481424551136,0.0
2.996,16.40211051921899,12.614455335162743,19.435084883973442,100.80953986934594,49.26321603182834,55.53807047171442,0.0
2.998,12.529803966889451,9.619315472711023,15.981222561361433,100.80953986934594,55.60160937265576,59.282033760191,0.0
3.0,11.347881198516593,8.957818360058123,15.541206836103369,100.80953986934594,57.43087859888148,60.20165478251484,0.0
3.0020000000000002,12.051333158791863,9.195612498250007,16.201703818499603,100.80953986934594,56.1717748118386,59.63584966893987,0.0
3.004,16.45808327342775,12.492137762314231,22.091394818781385,100.80953986934594,48.956659985359046,55.51187007561133,0.0
3.0060000000000002,12.244361006092292,9.283052331138816,19.237680547392994,100.80953986934594,55.97497727781965,59.614552420497525,0.0
3.008,9.271630626375872,7.530201992628238,18.273872496127918,100.80953986934594,59.72423909925014,61.39469614507142,0.0
3.0100000000000002,8.610204951909049,6.834524783252551,18.43215731426594,100.80953986934594,59.98726994756445,61.55300373200535,0.0
3.012,10.28063473789378,7.927448156369899,20.362801649855083,100.80953986934594,58.13904739936167,60.58526072099434,0.0
3.0140000000000002,13.582687041447,10.330349272542803,23.45635511347849,100.80953986934594,53.843906686825626,58.284160928532735,0.0
3.016,9.949811412652233,7.591872146127649,20.772156460534656,100.80953986934594,58.95399085104626,61.31543196829255,0.0
3.0180000000000002,4.879869354303875,3.665407079413042,13.424510238746512,100.80953986934594,63.014992295482145,63.60748365104081,0.0
3.02,7.400437813640321,5.300614189560192,10.946475532499909,100.80953986934594,61.089122029850586,62.611753795657506,0.0
3.0220000000000002,9.690279669362726,7.482405256405018,17.100298481147437,100.80953986934594,58.658399822460396,60.82304163417604,0.0
3.024,8.098185332857357,6.288111490123528,16.586097313596788,100.80953986934594,60.35833793285259,61.84501968029977,0.0
3.0260000000000002,13.334654932536173,10.133532190558693,18.018244201581393,100.80953986934594,53.908206084096186,58.19723860562678,0.0
3.028,14.035883557994087,10.425207774488111,21.214581594945113,100.80953986934594,53.17518104162176,58.217641373977585,0.0
3.0300000000000002,10.413528087305284,7.871514631479746,22.546331738701042,100.80953986934594,58.4050755387055,61.05874801234316,0.0
3.032,10.237067466803076,7.611488872007353,24.324127423578346,100.80953986934594,58.52484271402038,61.2003216044105,0.0
3.0340000000000003,15.391199442689224,11.701779782619074,30.03506368361099,100.80953986934594,51.112921957061516,56.81977708699389,0.0
3.036,15.445132549659455,12.173127829674863,32.017116450250604,100.80953986934594,51.00242273976689,56.16175102442494,0.0
3.0380000000000003,20.314046697639768,15.960355407474735,39.47897861436283,100.80953986934594,40.94018098600307,49.95834568615011,0.0
3.04,12.99076009371372,10.356497613872575,33.96719303436847,100.80953986934594,54.90143724336552,58.41276547130282,0.0
3.0420000000000003,11.335162900646665,8.982446137074831,33.47107308773897,100.80953986934594,57.22328789116676,59.95237001958688,0.0
3.044,8.390829767198117,6.568944091194487,31.399162591798547,100.80953986934594,60.43952902394983,61.995562001644885,0.0
3.0460000000000003,5.113584813352576,4.330859059633672,28.47105588164385,100.80953986934594,62.80211856109253,63.22416279762315,0.0
3.048,2.5520302739899274,1.969650351839028,26.06847914098879,100.80953986934594,63.887935125248674,64.03827631352355,0.0
3.0500000000000003,3.250123984482246,2.326258861956797,24.167873053759546,100.80953986934594,63.70468187425679,63.99880751261304,0.0
3.052,8.095982377984738,5.875684070637055,17.70881330421835,100.80953986934594,60.77409755443446,62.54515232617685,0.0
3.0540000000000003,12.110009187532322,8.642729187890264,18.407583857719672,100.80953986934594,55.95701400243029,60.06509787508263,0.0
3.056,10.4420673845118,7.751907606819942,19.21177461497708,100.80953986934594,58.06589811521789,60.86023878117342,0.0
3.0580000000000003,5.906855239382453,4.251711333951395,18.793530000872465,100.80953986934594,62.490658977522344,63.45059030658214,0.0
3.06,6.455547027404185,4.542363088457292,17.33870917715654,100.80953986934594,61.95020877465239,63.15147427693539,0.0
3.0620000000000003,2.9002972074422546,2.2796981835293124,18.215828172440368,100.80953986934594,63.98575623741911,64.16928837984847,0.0
3.064,3.284072151932189,2.632852062795191,20.267675962353767,100.80953986934594,63.61992093988146,63.83990719930679,0.0
3.0660000000000003,3.0300325419397143,2.2566465698855196,17.67083080484813,100.80953986934594,63.679959987893085,63.91338693115636,0.0
3.068,5.284374805468139,3.760133169940914,15.201982959436888,100.80953986934594,62.60750769555191,63.39457293427273,0.0
3.0700000000000003,6.8624439562088995,4.829763464096174,12.672931440902584,100.80953986934594,61.77862225385691,63.1354908054579,0.0
3.072,9.945236591533476,7.503696847606296,12.428711470728205,100.80953986934594,58.766909351540534,61.19914703137708,0.0
3.074,15.429930855696155,11.383684766038874,2.250024384238142,100.80953986934594,50.57572168411479,56.76999903128538,0.0
3.076,14.824016914939879,10.723673959623541,5.175698573294217,100.80953986934594,51.473452600221336,57.454161981680656,0.0
3.078,15.890873496421198,12.303821593944015,7.874983086500291,100.80953986934594,50.023313397302914,55.79749245925295,0.0
3.08,12.745122090036123,9.98027632140334,3.0481928787113257,100.80953986934594,55.19495281747559,58.78217681156592,0.0
3.082,9.1197143604293,7.231476607453023,3.735903664146269,100.80953986934594,59.58030968035765,61.34301250257035,0.0
3.084,8.477850879277629,6.451679957274395,5.04488878519756,100.80953986934594,60.345288946332154,62.07229910501043,0.0
3.086,6.064983011804361,4.661234621407152,5.998062677577355,100.80953986934594,62.18058979515729,63.04021267538796,0.0
3.088,10.708961044238576,7.899777768848044,2.423026751197707,100.80953986934594,57.799682956024306,60.7841777599308,0.0
3.09,10.139060333259572,7.6607115333877935,4.917036165649327,100.80953986934594,58.35708789854152,60.87563705795355,0.0
3.092,11.879879494895043,9.437111201889094,9.441800121822347,100.80953986934594,56.21640191407526,59.1893230191478,0.0
3.094,18.301219261536794,14.21142745154582,15.835990942794085,100.80953986934594,44.97123353824964,52.56336849838688,0.0
3.096,16.73623074399012,12.98116216503644,14.382466711397827,100.80953986934594,48.24263624126799,54.613818066946294,0.0
3.098,15.786536345826006,12.179853933978487,15.170458679057752,100.80953986934594,50.196914223452545,55.955673836247854,0.0
3.1,18.14552461399761,13.994992257542236,19.519217113773465,100.80953986934594,45.54663830566856,53.16325414501293,0.0
3.102,19.330948482607127,14.883855847646952,22.30988867207954,100.80953986934594,43.08373822672092,51.77168279949436,0.0
3.104,19.05935059419763,14.63091732535121,23.994739658283443,100.80953986934594,43.50960047684283,52.028369023541224,0.0
3.106,19.92552832289693,15.986332853032831,26.77722008494522,100.80953986934594,41.55812812649052,49.63605422057277,0.0
3.108,20.668585241348133,16.496688270132996,30.391632260225926,100.80953986934594,39.89351784902788,48.7478752890275,0.0
3.11,24.964253451315354,19.91688991700811,37.85013499202609,100.80953986934594,28.80698219748645,41.77261133970098,6.544952590703948e-85
3.112,22.44135109577253,17.979026885319914,38.02553310887309,100.80953986934594,35.62340090897763,45.92745903175097,0.0
3.114,24.7084744359741,20.009398948374955,42.3777874922859,100.80953986934594,29.384314666791063,41.40932446028832,1.1440940460488832e-96
3.116,20.009449783514185,16.639860007608924,40.5349503102056,100.80953986934594,41.23725322120716,48.289243879580106,0.0
3.118,20.637608651609874,16.871924882270083,43.43779063271901,100.80953986934594,39.83471333336867,47.90113336863762,0.0
3.12,17.099508255133916,14.616677390348263,42.467513445481366,100.80953986934594,47.33129228459036,51.8273219654305,0.0
3.122,17.417278923887526,14.611928148412247,44.39008096567263,100.80953986934594,46.93880649735094,52.06901938326837,0.0
3.124,18.889792464093656,15.792174465927749,48.02886284501206,100.80953986934594,43.61703383761955,49.75131623696701,0.0
3.126,14.793946677263635,12.551149582763001,44.3336851379641,100.80953986934594,51.65113238601174,55.15261915828912,0.0
3.128,13.755199805946067,11.477830407997077,44.44078580817362,100.80953986934594,53.36335546285618,56.64417302465474,0.0
3.13,9.94460367208986,8.350504677464173,41.48077320362822,100.80953986934594,58.52419567836702,60.18923309550287,0.0
3.132,11.637470229536014,9.08002636624337,41.13064267400661,100.80953986934594,56.48288064802045,59.50783137496225,0.0
3.134,14.651400705527454,11.6939425662371,47.038031925769914,100.80953986934594,52.091570550547246,56.53996538704723,0.0
3.136,11.162638739787868,9.353880811322414,44.63562742585998,100.80953986934594,57.26186411343767,59.380511616387714,0.0
3.138,7.036595205276736,5.621909335669522,39.12006505456768,100.80953986934594,61.30404099699756,62.32642677828614,0.0
3.14,6.011898260811031,4.486657891695711,35.854016998148936,100.80953986934594,62.299011941398746,63.213209189956544,0.0
3.142,6.070224162136837,4.174117079918875,35.58927997827349,100.80953986934594,62.06935859366563,63.17832651742091,0.0
3.144,5.424684872033064,3.69651063896712,33.241259290915934,100.80953986934594,62.50348473918575,63.403420005203095,0.0
3.146,9.142067488470321,6.571742534019558,31.68037728449276,100.80953986934594,59.54737639228324,61.8532868904157,0.0
3.148,10.284043410024951,7.5778801105106695,32.505042501651964,100.80953986934594,58.25215132964698,61.01181267697066,0.0
3.15,6.020380226198792,4.63498925471027,36.85634629676197,100.80953986934594,62.07750577679668,62.92028339813041,0.0
3.152,10.266814177278818,7.6398272454114755,29.149788114014108,100.80953986934594,58.06968382329554,60.755311251483555,0.0
3.154,17.76520619892245,12.77365376947454,20.0173320921743,100.80953986934594,46.07382131292292,54.777188018143676,0.0
3.156,13.891552901683209,10.267707065394392,21.90381402884136,100.80953986934594,53.386167363223116,58.38456936216035,0.0
3.158,12.995743460126862,9.744344072280203,18.662178240762387,100.80953986934594,54.50624180515787,58.72747244813959,0.0
3.16,11.989867746278136,8.815580371491743,19.186753549653023,100.80953986934594,56.165189011528234,59.93568278829692,0.0
3.162,13.410474100137316,10.262931249540774,16.878916432904624,100.80953986934594,53.86302574418374,58.1171478427745,0.0
3.164,6.9737250474152885,5.443901612391106,20.06273237982216,100.80953986934594,61.33472711512092,62.41928382960177,0.0
3.166,10.680303080219709,7.9846507718428406,16.34852167160502,100.80953986934594,57.74862314042069,60.62115386649718,0.0
3.168,14.706083905547532,11.04506163828757,10.592307909378052,100.80953986934594,51.802408079698345,57.184852706046684,0.0
3.17,15.543998452856336,11.633674048547652,7.320765774887654,100.80953986934594,50.39709804049579,56.464582710798574,0.0
3.172,17.777325580238195,13.568350124129445,4.236461991417386,100.80953986934594,46.14102375221371,53.67380210093667,0.0
3.174,17.265943080749032,13.26042364999254,3.5385306980566598,100.80953986934594,47.05556157473873,54.03676839252667,0.0
3.176,13.524979072359875,10.609913503431171,5.7905795051512845,100.80953986934594,53.97916966029453,57.99588668780188,0.0
3.178,14.246474612327223,11.309445031153846,8.438264354093628,100.80953986934594,52.75718910241515,57.04247084830959,0.0
3.18,10.986024700805656,8.868313201166396,7.1855555958022945,100.80953986934594,57.67858520000225,60.07905534636748,0.0
3.182,8.127173030984398,6.520783225831839,8.418986336409423,100.80953986934594,60.35327738098215,61.696663043494354,0.0
3.184,6.602255009969426,5.1049894035079,8.282083296287938,100.80953986934594,61.874387161242666,62.87513740905155,0.0
3.186,10.081782756928517,7.738901385924737,5.980288998430147,100.80953986934594,58.530191042729676,60.91387220873788,0.0
3.188,9.489343289575576,7.161727707655509,4.833320660633573,100.80953986934594,59.15614508125187,61.368865702183946,0.0
3.19,3.8812854464378597,3.0636626696932825,12.814474232842173,100.80953986934594,63.6132007443902,63.93738635505427,0.0
3.192,6.724609267793847,5.094230458784946,10.789976298935356,100.80953986934594,61.965721126339346,63.06582954807995,0.0
3.194,4.147877542741143,3.2268252429392423,10.981563363178024,100.80953986934594,63.66318664400338,64.05098015735643,0.0
3.196,7.28867960339519,5.397093600503668,11.48795741453302,100.80953986934594,61.60556959359258,62.97555278920882,0.0
3.198,11.190940262020927,8.245558229255252,8.712826184087806,100.80953986934594,57.313414728343034,60.58180380312946,0.0
3.2,9.032888628057215,6.670137076560913,11.93780859343024,100.80953986934594,59.6678534534955,61.78608921651754,0.0
3.202,9.211389702085823,6.819414711077028,10.536872369629357,100.80953986934594,59.38727731707991,61.576475002766486,0.0
3.204,12.06468102377066,9.379443049246944,12.07939444860408,100.80953986934594,55.761383369137775,59.048890107902814,0.0
3.206,8.847503855965908,6.845762942515078,11.337795311151238,100.80953986934594,59.85044013235101,61.64391008376157,0.0
3.208,5.80674581039443,4.406358468244996,14.932254098404135,100.80953986934594,62.51162286151483,63.32816374311073,0.0
3.21,4.259274352467902,3.249179734444882,8.623531431626823,100.80953986934594,63.39685649734311,63.829852987897056,0.0
3.212,5.782664311512861,4.168294105755923,11.672524070783515,100.80953986934594,62.404459692619426,63.32160902467911,0.0
3.214,4.572611777081707,3.406132698135108,12.159068341459053,100.80953986934594,62.98662170593705,63.51797502857214,0.0
3.216,5.66493450802608,4.078790542987515,12.995540135999933,100.80953986934594,62.32847883507986,63.210826340426735,0.0
3.218,6.31672766908688,4.642332848567404,14.970498444154464,100.80953986934594,61.89991457962091,62.94753354671427,0.0
3.22,8.089668707035578,6.160589372344909,16.122900508562893,100.80953986934594,60.56918049108431,62.13862297148942,0.0
3.222,5.692251310959348,4.416399571716491,15.520762463040347,100.80953986934594,62.553389815219056,63.28970778148555,0.0
3.224,6.720490874571809,5.085081837912553,16.712263514772587,100.80953986934594,61.53263128475053,62.63489556292743,0.0
3.226,6.44333627326874,4.753812996588675,18.110498284844276,100.80953986934594,61.826659919442434,62.90670982485622,0.0
3.228,3.1050266504200406,2.162432066689407,13.030757577541149,100.80953986934594,63.709299745690906,63.992763678814825,0.0
3.23,4.148758685650534,2.935185706273696,15.266976609209228,100.80953986934594,63.339190273761325,63.82999963691668,0.0
3.232,2.1589207732418263,1.6539750784894232,12.379028426281645,100.80953986934594,63.87745394394665,63.98737257838903,0.0
3.234,3.686541007479195,2.6519162695842566,9.057543730283983,100.80953986934594,63.465094665406966,63.83949670421884,0.0
3.236,3.820789296659072,2.646704913174006,12.408752197864676,100.80953986934594,63.37686922773507,63.81038724845087,0.0
3.238,1.9695347001099623,1.4180400405286375,9.848735964885389,100.80953986934594,64.1025515545732,64.20921162139764,0.0
3.24,1.5871530758424888,1.2083522630138932,10.665434483876062,100.80953986934594,64.22552736180947,64.28598384209448,0.0
3.242,0.7127619351889721,0.6807594455873629,11.077854782916939,100.80953986934594,64.4207310938494,64.42327715596888,0.0
3.244,1.2790987963254719,0.7469906984186793,12.343291714297921,100.80953986934594,64.53085955058893,64.59240983395638,0.0
3.246,1.7587851272866335,1.3782869672115523,10.01547623888245,100.80953986934594,64.39397401591046,64.46212131581463,0.0
3.248,1.8517343226936347,1.5008985215210204,13.534469915413553,100.80953986934594,64.35726735998615,64.42441975410111,0.0
3.25,9.503711713056394,6.854772953809814,19.597716946752556,100.80953986934594,59.443441694100194,61.917374612012274,0.0
3.2520000000000002,8.028669473191352,5.838985796362003,20.9800090393165,100.80953986934594,60.66832453118132,62.40195657582335,0.0
3.254,8.241870316432866,5.990613677737334,20.987841593211552,100.80953986934594,60.369098364297514,62.19837055172853,0.0
3.2560000000000002,8.606511794569949,6.167009115045567,23.062329066969596,100.80953986934594,60.03222255158385,62.0898087577033,0.0
3.258,7.817051496912398,5.827572713933588,22.02016908823027,100.80953986934594,60.73424087982035,62.28403285469183,0.0
3.2600000000000002,10.502395487730693,7.803199695770865,20.71129388696727,100.80953986934594,58.209206243409135,61.03013305099833,0.0
3.262,6.7877157734143845,5.419459638223144,15.160849747459366,100.80953986934594,61.80040980599539,62.75398467389091,0.0
3.2640000000000002,1.7745571078293323,1.4475266977519592,13.51625188327499,100.80953986934594,64.00335815898362,64.06351661124573,0.0
3.266,3.141359451771213,2.169022663790704,15.750566752983307,100.80953986934594,63.40098513084577,63.69577618273851,0.0
3.2680000000000002,3.059821636228016,2.0213488755097,15.777892154904551,100.80953986934594,63.981604959858615,64.28285737574667,0.0
3.27,8.39085027560392,5.870362299322595,20.524004524740636,100.80953986934594,60.40736795161831,62.45953939844664,0.0
3.2720000000000002,4.583480259327518,3.291639063962101,20.376489032503276,100.80953986934594,63.33434590893589,63.915161224376035,0.0
3.274,7.781400949868146,5.78871414305842,22.981071708460995,100.80953986934594,61.08829389752064,62.63210779875277,0.0
3.2760000000000002,12.444447999416656,9.16363290712724,25.099912789065748,100.80953986934594,55.8863916023893,59.933762689497655,0.0
3.278,7.088456443091545,5.435846492162962,21.865835378552664,100.80953986934594,61.679878074202314,62.86154787917445,0.0
3.2800000000000002,9.861292120910527,7.233911012868695,18.665187566283198,100.80953986934594,58.51908323897288,61.08339477153092,0.0
3.282,6.025733691668453,4.508346149728687,20.489649766117495,100.80953986934594,61.88685531376127,62.799423454828315,0.0
3.2840000000000003,5.9737922088518784,4.268234312981617,21.933754161872862,100.80953986934594,62.02067460276977,63.017971538549745,0.0
3.286,6.277792653681696,4.528061198923695,21.948417160683963,100.80953986934594,61.80855442718509,62.888004776169446,0.0
3.2880000000000003,4.701448868105001,3.483245665337385,18.530358088031885,100.80953986934594,62.98763273353685,63.55687101216595,0.0
3.29,6.336478775126285,4.775324141413383,15.689265419708292,100.80953986934594,61.89863222017071,62.88901394556537,0.0
3.2920000000000003,6.984972276758016,5.135268428361611,15.445775777139657,100.80953986934594,61.745331784199294,63.02526000836217,0.0
3.294,9.03035192335797,6.681713019533966,9.077226742892154,100.80953986934594,59.682570282667854,61.789365911259885,0.0
3.2960000000000003,11.421553517494253,8.343796533134089,7.831587905879246,100.80953986934594,56.93783727106624,60.41090424924115,0.0
3.298,9.857066331342718,7.37357148512559,6.360204134148575,100.80953986934594,58.563073417898494,61.006155569493046,0.0
3.3000000000000003,12.34287158037357,9.19725789552121,1.42401600895393,100.80953986934594,55.64377369657018,59.51215349115107,0.0
3.302,11.134805629237611,8.610211140885372,4.720073998559626,100.80953986934594,56.99284387127028,59.8387701894998,0.0
3.3040000000000003,10.558983491553196,8.245584564884933,2.1496610170430346,100.80953986934594,57.81080958668678,60.294445117222246,0.0
3.306,9.958463668080656,7.824129437372145,3.594935801610041,100.80953986934594,58.53421644647223,60.701077566732984,0.0
3.3080000000000003,14.24074245954542,10.753183281670593,8.980413230338591,100.80953986934594,52.45224265097144,57.42887602052956,0.0
3.31,10.035403473714496,7.823087870466988,6.220868421319497,100.80953986934594,58.2454122078525,60.501030343727756,0.0
3.3120000000000003,9.883826719589953,7.696595549829311,7.698368689799671,100.80953986934594,58.601332972221755,60.79665124096064,0.0
3.314,3.4272382939598405,2.7146018229467175,6.789866200017108,100.80953986934594,63.44675475591178,63.69663870001543,0.0
3.3160000000000003,3.3175299898962276,2.5918021507117013,3.702193135242148,100.80953986934594,63.64893001892196,63.89377089914653,0.0
3.318,1.9507675151762354,1.4276073135115395,5.520587783971789,100.80953986934594,63.99060128872263,64.09150664324416,0.0
3.3200000000000003,7.063799059872725,5.155481431085609,9.745421114965977,100.80953986934594,61.43724239054313,62.768519825107425,0.0
3.322,11.611590741076151,8.489063556455868,17.452298000979244,100.80953986934594,56.493436083901074,60.07680149867211,0.0
3.3240000000000003,8.057880769945825,5.974292541804175,14.769628520328528,100.80953986934594,60.6507033191145,62.319907114984794,0.0
3.326,8.474776690552279,6.126939862083496,12.720285838126335,100.80953986934594,60.162974455145495,62.120216395207564,0.0
3.3280000000000003,9.847948217791624,7.383987668659247,8.320353587986101,100.80953986934594,58.545196861732585,60.969245286405624,0.0
3.33,10.864067852597895,8.389892634906243,9.793808269105154,100.80953986934594,57.47190356671787,60.19162663248743,0.0
3.332,10.966449434218687,8.1613429600034,15.55920302735419,100.80953986934594,57.53655591761092,60.59984641679904,0.0
3.334,6.525441914666072,4.888148144229813,13.421124610618527,100.80953986934594,61.82146870985994,62.88836218567879,0.0
3.336,3.4442246603443394,2.7134927327097467,11.132430882204947,100.80953986934594,63.574617926309436,63.83150934811848,0.0
3.338,4.739774138439287,3.3752007162743527,12.61334499113305,100.80953986934594,62.92868314500556,63.5608853104701,0.0
3.34,8.58589749266327,5.991916200451403,17.54772118743636,100.80953986934594,60.18843134626899,62.34732807847392,0.0
3.342,3.597783573177705,2.5638426590681047,13.066595278849167,100.80953986934594,63.51119441183155,63.874910775206345,0.0
3.344,5.202902964611348,3.9727909442314058,14.079744164619242,100.80953986934594,62.590975364023066,63.23537542343816,0.0
3.346,0.9519244885139378,1.0822312953280953,9.096953531552694,100.80953986934594,64.03467493416356,64.01954200507076,0.0
3.348,6.992761338337028,4.952253944173671,17.353664844637066,100.80953986934594,61.50418638486984,62.89573095610802,0.0
3.35,4.806648945409285,3.504468239507021,15.552073691686006,100.80953986934594,62.94670710402839,63.564584846673114,0.0
3.352,5.423444730437627,3.7573477766261836,13.965315405037641,100.80953986934594,62.7364607050512,63.60973837802543,0.0
3.354,2.2990323453244628,1.6072842851217548,13.22303113109871,100.80953986934594,64.03164961020582,64.18592159175977,0.0
3.356,4.428621013128377,3.4528678331005183,8.103028816490202,100.80953986934594,63.199948624084755,63.63900479247423,0.0
3.358,5.2745508636246745,4.207122855332102,5.11780728741326,100.80953986934594,62.57739154470882,63.15521558524374,0.0
3.36,8.654326054144377,6.71104958850622,1.4637532612922808,100.80953986934594,59.92105002493601,61.62576053574374,0.0
3.362,11.661587641116174,8.946330231343058,3.1524232023220597,100.80953986934594,56.22495298957121,59.41958049026671,0.0
3.364,5.172782556899954,3.9321773491945264,3.963105722083604,100.80953986934594,62.60084159311347,63.2457285991567,0.0
3.366,2.578394565968567,2.126760419850265,5.19417394771834,100.80953986934594,63.6534342230912,63.77475424110264,0.0
3.368,3.6119760631843505,2.684054257057479,3.810290450343343,100.80953986934594,63.395814021228325,63.72935561124012,0.0
3.37,4.815237641078554,3.680468876792092,2.2119050052231586,100.80953986934594,62.898896614201846,63.44929707262389,0.0
3.372,4.9015257640742025,3.616657893506988,2.1224258010824535,100.80953986934594,62.96796539539078,63.59281766396091,0.0
3.374,4.9152772167894705,3.558979112987001,10.996125049398671,100.80953986934594,62.926733629408425,63.58292216818363,0.0
3.376,2.025568857498378,1.537653645867674,6.914744443175152,100.80953986934594,63.99420151997543,64.09345802557993,0.0
3.378,6.985988418343656,4.8810484787736605,6.990224271119359,100.80953986934594,61.81969345287301,63.24580705557772,0.0
3.38,3.577744640144075,2.424468906577668,9.500854515884358,100.80953986934594,63.961769794027454,64.35696917026465,0.0
3.382,3.5988480316429396,2.800773296288313,6.706505188170094,100.80953986934594,63.856820873824745,64.14840879560109,0.0
3.384,4.557138033704106,3.2254792544225808,10.778023313012325,100.80953986934594,63.12922349511662,63.72090837639952,0.0
3.386,3.218635152704778,2.431748503307715,10.318805191748838,100.80953986934594,63.79242616121434,64.04626719350028,0.0
3.388,7.3942124657532275,5.445249165588229,12.822339027094493,100.80953986934594,61.08383677533661,62.51247698492787,0.0
3.39,1.5747995926558283,0.9841637302070637,8.439069776011209,100.80953986934594,64.2457902187742,64.33207923108446,0.0
3.392,1.6113989871154486,1.080801121513157,6.149872648073648,100.80953986934594,64.15554462822578,64.23709848063794,0.0
3.394,5.339936626176905,3.692910586273979,9.77278601098548,100.80953986934594,62.65139228281669,63.50076258659651,0.0
3.396,4.744562881959323,3.4252771815407352,10.7903320986919,100.80953986934594,63.273861003582226,63.88921384264519,0.0
3.398,7.303161094998144,5.533940598421694,7.669370070624184,100.80953986934594,61.61473670942935,62.91138191487194,0.0
3.4,6.509361970310788,4.8898125869845215,9.760610195365624,100.80953986934594,62.172519919770636,63.226517615732575,0.0
3.402,5.836316983990139,4.316476763096125,11.42682948173194,100.80953986934594,62.49209993830686,63.373058506815156,0.0
3.404,8.762150593728723,6.586299449803387,16.363962676175447,100.80953986934594,59.807497194862634,61.71412789440642,0.0
3.406,2.5556958379320913,1.9985763855931526,10.376707941028402,100.80953986934594,64.01087426882569,64.15573109986917,0.0
3.408,1.5787968179502534,1.0708010578996916,6.703298646471149,100.80953986934594,64.19850441957354,64.27534872507111,0.0
3.41,7.116731029197822,5.301035055671684,5.568185308335299,100.80953986934594,61.423454772108556,62.710692893012315,0.0
3.412,11.361086843707296,8.425140232538444,9.66386211959066,100.80953986934594,56.61332485981872,59.92986924990768,0.0
3.414,13.295299141958461,10.363238639603697,11.091278505917986,100.80953986934594,53.838884251707306,57.79928042652572,0.0
3.416,10.807085761741316,8.413948544940288,9.158463436065219,100.80953986934594,57.08883407961045,59.714980110318116,0.0
3.418,9.185167462179214,7.077559131792208,5.053569369433656,100.80953986934594,59.16188080316516,61.11872607711595,0.0
3.42,10.325355735244605,7.575069906265411,7.963063805366407,100.80953986934594,57.99683404564719,60.8075367740729,0.0
3.422,13.95580934075006,10.341314708633217,13.121859018217789,100.80953986934594,52.75613884547167,57.770105113571255,0.0
3.424,10.49336419105827,7.909277787588835,10.746947147873966,100.80953986934594,57.74420345243194,60.45914917557354,0.0
3.426,12.709092983900323,9.684915151559233,13.488979020173504,100.80953986934594,54.77032782641042,58.63680662125706,0.0
3.428,8.279122945019173,6.4780458718403136,10.967384270962816,100.80953986934594,59.80998898269004,61.32741775129621,0.0
3.43,9.057016081194813,6.905729716551067,13.057481042383733,100.80953986934594,59.34654664608768,61.307101213098676,0.0
3.432,7.157149330539736,5.305456343262906,11.799581984352894,100.80953986934594,61.51171988913853,62.829218253197,0.0
3.434,8.090282174541352,5.8792905034610845,13.14155074274864,100.80953986934594,60.53993429992964,62.30330161174189,0.0
3.436,9.451651225694942,6.7902344821561424,14.540507832252262,100.80953986934594,59.28191058873419,61.749781013015344,0.0
3.438,11.718250292401983,8.6765759330755,17.77232732287034,100.80953986934594,56.502110068455956,60.04377450115697,0.0
3.44,7.300854854053166,5.348306711837765,13.539267958080416,100.80953986934594,61.21466641184894,62.624720708043135,0.0
3.442,6.123485788204784,4.5638150108071045,13.294830459099321,100.80953986934594,62.46928228377298,63.420922860552416,0.0
3.444,8.778425267672583,6.463564819825815,16.16848994993434,100.80953986934594,59.898688894830784,61.913059121406874,0.0
3.446,6.964078285457537,4.993982528996117,15.632434233885194,100.80953986934594,61.632547482773184,62.977541316881734,0.0
3.448,4.107833832588913,2.9629466805845177,13.122763503096312,100.80953986934594,63.18934888572337,63.65151902275241,0.0
3.45,4.9549986237014325,3.5818125823698743,10.713960330834492,100.80953986934594,62.63127278090013,63.30053611518081,0.0
3.452,7.472954164818859,5.389400572623476,11.86657040313737,100.80953986934594,61.06064734322439,62.590668876527076,0.0
3.454,8.188194298449979,6.0847194266836935,11.835575865684602,100.80953986934594,60.28061280600098,61.99465952703746,0.0
3.456,6.798764385272896,5.156277403400174,8.721920927648751,100.80953986934594,61.53941832106838,62.660469160515575,0.0
3.458,11.82893216916346,9.128942398684217,10.946736200805141,100.80953986934594,56.14888426370879,59.379494177131306,0.0
3.46,12.439834347616515,9.480188836049713,11.664533710745907,100.80953986934594,55.3982319226613,59.10210825336458,0.0
3.462,5.291648429454264,4.183524279030644,8.58095146394694,100.80953986934594,62.54297251524733,63.14241506744449,0.0
3.464,6.371267079371738,5.009019426072311,6.21709410569728,100.80953986934594,61.96004325715481,62.84512101340802,0.0
3.466,12.223108157004917,8.963263015158821,7.801687115457391,100.80953986934594,55.60681373787719,59.54983358375223,0.0
3.468,13.12347622119919,9.965837309476115,9.760670939638889,100.80953986934594,54.35997692409984,58.5224396488117,0.0
3.47,10.151339688717348,8.13088231782198,9.023571716723835,100.80953986934594,58.29226831959404,60.401150963277715,0.0
3.472,6.052229937963949,5.003866837278431,3.329984129283467,100.80953986934594,61.950715053074,62.61245257677243,0.0
3.474,3.7350685996433404,2.9231995882394757,4.301011989935666,100.80953986934594,63.12640588379941,63.43502237569085,0.0
3.476,2.498569980584085,1.501732519925237,5.928919384633514,100.80953986934594,63.61287666047396,63.840537820114314,0.0
3.478,1.9187426394884455,1.333222606684098,6.228165208817035,100.80953986934594,63.509285577206505,63.617993064333234,0.0
3.48,2.0002308480212228,1.5496815646863746,6.437656159779592,100.80953986934594,64.08330406375386,64.17461685144549,0.0
3.482,4.763217627122183,3.4026904267962195,8.6699958841269,100.80953986934594,63.154048188235905,63.788331876810346,0.0
3.484,3.070201774657247,2.2124641318011617,7.56113244146385,100.80953986934594,63.917454384047076,64.176144178389,0.0
3.486,4.748262925520301,3.4441822063909373,6.404164409407373,100.80953986934594,63.375793517542135,63.985737270863005,0.0
3.488,5.027750384774281,3.7237901797711985,7.556463110144481,100.80953986934594,62.72251655089196,63.37402611900353,0.0
3.49,6.0927520682458365,4.627985666819017,9.182982570386436,100.80953986934594,62.207600739147395,63.1041313389577,0.0
3.492,2.2053430483109953,1.6545284501046613,4.923223545717583,100.80953986934594,63.7856040462598,63.906984852439585,0.0
3.494,2.474692963847871,1.8591353485481206,6.187562033777878,100.80953986934594,63.8566649468256,64.00896923063388,0.0
3.496,7.809606437403281,5.698187676087542,7.6824861081757785,100.80953986934594,60.748354754221566,62.37664305832083,0.0
3.498,9.030777064604564,6.85631528102721,8.38455889226601,100.80953986934594,59.34043061501871,61.31271397966961,0.0
3.5,9.189605007376912,7.081266976599143,7.263796904975929,100.80953986934594,59.39709340369128,61.35559601456177,0.0
3.5020000000000002,6.2478646699362,4.944154501231794,5.571969717016546,100.80953986934594,62.198556894265906,63.031588707497605,0.0
3.504,8.34719821508845,6.633119086569537,8.379941170171426,100.80953986934594,60.43948219115574,61.90545037873232,0.0
3.5060000000000002,6.621784803028174,5.113728800054871,7.375680779597114,100.80953986934594,61.89324324802464,62.90363951997493,0.0
3.508,6.384005526517125,4.702920104684887,5.649506049119112,100.80953986934594,62.05497416108529,63.119051063392305,0.0
3.5100000000000002,6.433357465574594,4.571927479938877,6.551183105537801,100.80953986934594,61.7718891178967,62.941442845454816,0.0
3.512,4.357068014714333,3.3582769022570065,4.495626089441218,100.80953986934594,63.104226698594985,63.544175242259165,0.0
3.5140000000000002,0.4983181642386425,0.5381857348378092,2.445704383608601,100.80953986934594,64.32748529665591,64.3251261098687,0.0
3.516,3.542129125236336,2.7204068936708463,3.3447523509278847,100.80953986934594,63.653964731546886,63.94776149999937,0.0
3.5180000000000002,5.140439551636907,3.7491590495051126,4.004565965663517,100.80953986934594,63.07880271091261,63.78490674059552,0.0
3.52,6.532049640050975,4.68261325732658,5.171238711145984,100.80953986934594,62.0662767956147,63.250402196613805,0.0
3.5220000000000002,5.902884141141436,4.376571092448409,5.7595389168021525,100.80953986934594,62.28674702458498,63.18249485830469,0.0
3.524,4.811898350946857,3.5909786413542966,5.687940303433584,100.80953986934594,63.026116416726396,63.61183227369084,0.0
3.5260000000000002,7.824477895244087,5.75853143587262,9.032861839450696,100.80953986934594,60.93437961990959,62.53647173571687,0.0
3.528,5.243218863964087,3.831474232016809,5.20078535296224,100.80953986934594,62.73178278269036,63.46319132331806,0.0
3.5300000000000002,3.19989196018806,2.342088674951522,2.606479738868978,100.80953986934594,63.808644676707644,64.08005378251275,0.0
3.532,0.6333980827588316,0.4046201003284578,1.0108773683121515,100.80953986934594,64.46068150266973,64.47423935098593,0.0
3.5340000000000003,4.011402430144883,2.8200020545704185,5.7622671229760885,100.80953986934594,63.39684246105914,63.86150698768952,0.0
3.536,6.501823905954525,4.836776926295972,8.659565684679947,100.80953986934594,62.02104661324954,63.09889597085609,0.0
3.5380000000000003,8.141767614144708,6.079206763762142,11.21037506704871,100.80953986934594,60.7551924669139,62.42978290321691,0.0
3.54,5.756522313841172,4.542947588937429,9.573542028487205,100.80953986934594,62.362299261803926,63.07589697513218,0.0
3.5420000000000003,4.3975953860098445,3.4186672930107918,7.671663796479247,100.80953986934594,63.16076635858019,63.59760574832063,0.0
3.544,6.251369619976046,4.576692201860159,10.626574303007622,100.80953986934594,62.167479637868404,63.20275042109173,0.0
3.5460000000000003,7.156834565892389,5.3270189781351815,11.95372523251779,100.80953986934594,61.44845095529152,62.75260310910974,0.0
3.548,7.060083209862661,5.246707903408614,12.409555138520776,100.80953986934594,61.619939526856314,62.89404312891655,0.0
3.5500000000000003,8.3720977631604,6.117466296515926,14.594362349345117,100.80953986934594,60.324618624706574,62.1897246138284,0.0
3.552,6.669750253687619,4.845160149271156,13.760673456094434,100.80953986934594,61.575326834706246,62.77482095770229,0.0
3.5540000000000003,6.236423573280741,4.831281493488874,13.967880173001006,100.80953986934594,61.98464792430569,62.87251912682897,0.0
3.556,6.648769526690021,5.011676007953329,15.16893164354083,100.80953986934594,61.402732952183506,62.492568490234376,0.0
3.5580000000000003,7.93394832801467,5.965733446457375,14.805023529646009,100.80953986934594,60.52037860267258,62.08226692333018,0.0
3.56,4.7132012965641294,3.4992736822727264,12.490266533235296,100.80953986934594,63.153090869346265,63.72225652726166,0.0
3.5620000000000003,8.356086870339855,6.016982736934005,16.527352823227503,100.80953986934594,60.44575000003655,62.36517723429502,0.0
3.564,7.284712152675369,5.310839349328896,17.093266929192747,100.80953986934594,61.28179023023529,62.701202872442266,0.0
3.5660000000000003,6.4588982441150735,4.569246418980634,17.40779991915441,100.80953986934594,61.82483392763805,63.014585818678086,0.0
3.568,7.725197285270624,5.715151534449733,19.602441234028458,100.80953986934594,60.827559513126914,62.36993090358673,0.0
3.5700000000000003,5.87988445046167,4.620080164477686,18.50136775800861,100.80953986934594,62.61148767981752,63.36668925290677,0.0
3.572,4.519603694399066,3.601494247416802,16.283734774433984,100.80953986934594,63.42900759352088,63.854685379029334,0.0
3.5740000000000003,2.9889943221137396,2.4555233289093215,13.899970441999715,100.80953986934594,63.94805460556228,64.11387651213931,0.0
3.576,7.1382286518452664,5.2855329383402765,13.299649512789887,100.80953986934594,61.42711014561206,62.741213387596545,0.0
3.5780000000000003,6.253495503224094,4.647139708767362,13.681524922054548,100.80953986934594,62.118617823508785,63.118308494394235,0.0
3.58,3.0691053060566316,2.204417158564803,15.402744663922766,100.80953986934594,64.08423291140052,64.34456754435102,0.0
3.5820000000000003,2.002567333921643,1.57831879268785,10.812563814030927,100.80953986934594,64.10293385156928,64.18966648335721,0.0
3.584,3.1305535283275896,2.355697494390669,9.40513082604839,100.80953986934594,63.64705857683066,63.88975783186355,0.0
3.586,7.669664756051092,5.895767137953548,5.097352495479461,100.80953986934594,60.79753640223104,62.17137179674559,0.0
3.588,2.7628529311960093,2.077570960344124,9.25009061842995,100.80953986934594,63.76380113493263,63.95317691215059,0.0
3.59,3.3382359937367805,2.693630624424256,8.445887244463371,100.80953986934594,63.652315596085806,63.87429741137954,0.0
3.592,6.027049711764653,4.267700014813036,10.049075167416653,100.80953986934594,62.52484233796533,63.55888847818196,0.0
3.594,5.905506368973571,4.460817898823461,4.956673229117923,100.80953986934594,62.59734521382409,63.45235474308072,0.0
3.596,3.5470335418858583,2.5912293074245007,6.805342972269227,100.80953986934594,63.49262578281475,63.827580585448885,0.0
3.598,1.2737665573992287,1.083738621851042,8.868922599632214,100.80953986934594,63.93059147102608,63.95616801210026,0.0
3.6,4.824899693432256,3.431796035190621,11.16202059062638,100.80953986934594,62.761166150505346,63.41785803806843,0.0
3.602,0.20377758391317996,0.21642404309272978,9.84731299871691,100.80953986934594,64.17569706241032,64.17539367446145,0.0
3.604,3.4865650028531525,2.6140954490321198,12.55140070691526,100.80953986934594,63.58980531668997,63.89368305854012,0.0
3.606,2.356483537825758,1.6891380584363935,10.490435878803007,100.80953986934594,63.864656985754245,64.01879426454302,0.0
3.608,6.105892886900434,4.772801766506135,12.182753260081663,100.80953986934594,62.056266246447,62.88422511185949,0.0
3.61,3.7732913887011406,2.8588487833081375,12.233287486208146,100.80953986934594,63.23068088857818,63.5769246806141,0.0
3.612,1.883707632594678,1.0434296933012264,9.48069361363709,100.80953986934594,63.776955040442466,63.91737789217344,0.0
3.614,4.044891662026551,2.812577785381862,7.932461965325573,100.80953986934594,63.15667205643433,63.63912734208506,0.0
3.616,3.096891353690934,2.195415774687357,9.735588330278985,100.80953986934594,63.7795707496118,64.05194792883454,0.0
3.618,6.469490159916069,4.7298690925133755,6.8475567586746005,100.80953986934594,61.71872464913623,62.83101979930833,0.0
3.62,7.869544856130766,5.600133692430197,6.0099579802092995,100.80953986934594,60.81538353557305,62.56057412223715,0.0
3.622,8.311002120258932,5.9852514698078565,2.7457055521483116,100.80953986934594,60.34327059709892,62.241540719141184,0.0
3.624,5.691845545594818,4.539758942508044,3.0733985493182376,100.80953986934594,62.301141807913595,62.97411993772521,0.0
3.626,2.043874986001547,1.718495347290729,8.907430791562664,100.80953986934594,64.08219667825377,64.152088052066,0.0
3.628,5.618335386071243,4.022090969822181,1.7594725753138,100.80953986934594,62.460973008821206,63.33952532785456,0.0
3.63,2.7208070705676337,1.7557818190705048,4.293485462795901,100.80953986934594,63.880903395628515,64.12754002725296,0.0
3.632,6.995493972540575,5.165468619220768,3.019853022335928,100.80953986934594,61.47471125116614,62.74527754556857,0.0
3.634,9.840249035037878,7.0300396418552396,5.771586194157723,100.80953986934594,58.721605572690414,61.428270372954586,0.0
3.636,10.751206303536097,7.780037412622962,6.304554924578015,100.80953986934594,57.63727733526311,60.78072176875099,0.0
3.638,11.435075088721689,8.605888033695077,8.724403884523472,100.80953986934594,56.87665616355484,60.11374573074046,0.0
3.64,12.286332854889858,9.649499715364922,11.384263683862192,100.80953986934594,55.57265660929432,58.87492632568696,0.0
3.642,6.577539793058694,5.211976825882262,5.496995257432875,100.80953986934594,61.963130171688256,62.882266400608614,0.0
3.644,4.607935456825956,3.5492912975423576,4.284163160357659,100.80953986934594,63.30800110214989,63.801020885416186,0.0
3.646,2.3672718779663553,1.76325674701523,2.261499834233615,100.80953986934594,64.22407676300081,64.36651450372625,0.0
3.648,4.6657180530158815,3.6116510608366554,4.583707535207602,100.80953986934594,63.26531883330009,63.763436967206964,0.0
3.65,7.411829795460963,5.368534728487377,8.474008131831887,100.80953986934594,61.3217863634032,62.81267984865291,0.0
3.652,6.7642874404250835,5.126188458337359,8.715632799728755,100.80953986934594,61.9785277598174,63.09054493566536,0.0
3.654,8.568219584053189,6.623841311057155,11.184382151541165,100.80953986934594,60.418536543780526,62.10497338340286,0.0
3.656,9.63173576815429,7.328039150485333,12.839937190169678,100.80953986934594,59.23018713885035,61.460770593322145,0.0
3.658,7.938251593550898,6.1468572938158506,11.144179177976289,100.80953986934594,60.899542656086616,62.34007782225285,0.0
3.66,9.90758767868657,7.378705762111311,13.826906920593148,100.80953986934594,59.063775553727766,61.5595398392934,0.0
3.662,10.208958219955868,7.643809925861839,14.099328437456636,100.80953986934594,58.8294485006163,61.443964367552425,0.0
3.664,10.021070444879431,7.591496966598536,14.635466657331138,100.80953986934594,59.08596112031417,61.52897447570375,0.0
3.666,6.8824203315032975,5.2125134854398,12.679809451360628,100.80953986934594,61.88157375450135,63.034676180526105,0.0
3.668,6.0854467080946515,4.563462630530393,11.340775140053788,100.80953986934594,62.5902371235128,63.51554698134963,0.0
3.67,4.318867906647018,3.1992224651919896,9.708441606367263,100.80953986934594,63.439595607740316,63.92016912046246,0.0
3.672,4.894626505521814,3.6419120420131526,10.224535189535965,100.80953986934594,63.195630152205105,63.806158337278646,0.0
3.674,8.725471690079248,6.363516144660981,11.759447588797522,100.80953986934594,60.20718677522873,62.241905957073584,0.0
3.676,8.362500410161426,6.165047569490796,10.887445240180996,100.80953986934594,60.45288014263109,62.27545118683472,0.0
3.678,7.77800130889462,5.7420372490103775,12.084792317383345,100.80953986934594,61.0399142115093,62.611436056490476,0.0
3.68,2.412883034132249,1.7125746513247655,10.060281069785427,100.80953986934594,64.2095827303436,64.3745254248152,0.0
3.682,3.637816798007674,2.738309154194772,11.406803933728549,100.80953986934594,63.64986257929787,63.97730390005914,0.0
3.684,5.060600400468675,3.6491079501646326,13.15986684569575,100.80953986934594,62.92230855537384,63.624174316139246,0.0
3.686,7.040605784051465,5.062707131922172,16.047996546916846,100.80953986934594,61.36906208648278,62.73578535984011,0.0
3.688,8.952109790875042,6.61462068044535,17.019265005555017,100.80953986934594,60.06433486984619,62.14173288155968,0.0
3.69,4.150462526296017,3.177083608010272,11.570434488120526,100.80953986934594,63.39792385485181,63.80512809378594,0.0
3.692,6.077255822352216,4.42419580127315,16.187285576741726,100.80953986934594,62.3129131930607,63.30399609871208,0.0
3.694,2.7283424841683663,1.8961142217535674,13.060354929309014,100.80953986934594,63.96616623141093,64.18588889314006,0.0
3.696,3.524138056266515,2.494825924786261,14.228140981443989,100.80953986934594,63.80800357503777,64.16170803102855,0.0
3.698,3.169810865829818,2.376741731503405,13.427438079240174,100.80953986934594,63.776389898897335,64.02752412151165,0.0
3.7,1.6544265617205485,1.0905239521216796,9.296122494938107,100.80953986934594,64.33042955244507,64.41880064577308,0.0
3.702,2.441698962514159,1.7402740822061935,11.425625360680025,100.80953986934594,64.28919965795265,64.45666849354973,0.0
3.704,1.5248294614129063,0.8587531056844099,12.318728579067653,100.80953986934594,64.41849728320406,64.5091385157763,0.0
3.706,1.8076587590670277,1.1587875750217416,11.985972059092658,100.80953986934594,64.21105031902457,64.3209424544302,0.0
3.708,2.8866395501742157,2.0327033851285043,14.154429633594521,100.80953986934594,63.979425592155934,64.21925595990797,0.0
3.71,3.804622523310466,2.6641669269060695,15.411521070585431,100.80953986934594,63.381837773675585,63.80302306060958,0.0
3.712,2.7711479110187507,1.9706199301790754,12.708524660956828,100.80953986934594,63.828879517229595,64.04559428664871,0.0
3.714,2.9381183040185763,2.281311898609329,11.721252871849783,100.80953986934594,63.99310781254114,64.18882643187757,0.0
3.716,5.173298190743142,3.891477302591259,12.583735680857302,100.80953986934594,62.91539078971834,63.57876149453317,0.0
3.718,6.862392709549961,4.811449432823585,14.009603418876056,100.80953986934594,61.33998867480309,62.70689820175719,0.0
3.72,4.763079098450814,3.5108648111426284,14.831399794950435,100.80953986934594,62.722842928567246,63.314354420140376,0.0
3.722,7.953316444629018,6.125930406988388,13.708890336695495,100.80953986934594,60.50785941132923,61.97672602699906,0.0
3.724,5.6053466668724905,4.1526964142124685,10.279267630550647,100.80953986934594,62.32815003515172,63.137424514748666,0.0
3.726,2.228746933769402,1.638797656150004,13.975513621798504,100.80953986934594,63.60291863363835,63.73318184427828,0.0
3.728,1.0692693420994304,0.7307836489141832,12.503459323248592,100.80953986934594,63.784724548132495,63.81950997584938,0.0
3.73,5.570211621112062,4.036188694675259,17.80487402447524,100.80953986934594,62.37816603416459,63.21949251719417,0.0
3.732,1.493634113726078,1.0924055249834035,13.937602078421818,100.80953986934594,64.08570642592832,64.1449441973273,0.0
3.734,3.5465872034972343,2.679239218820304,14.70963903248627,100.80953986934594,63.10764524163484,63.415937251179855,0.0
3.736,5.204326797318528,4.108337547527898,13.6599093186,100.80953986934594,62.61889467661226,63.20160436230683,0.0
3.738,0.542966141693245,0.3473552181647617,12.710967860736499,100.80953986934594,64.16126067786344,64.17120354298368,0.0
3.74,2.4081731274280913,1.629402878428765,15.30582478351914,100.80953986934594,63.87359255229873,64.0531079738227,0.0
3.742,1.6282156257266924,1.2002682486550875,14.379099033541523,100.80953986934594,63.88111021263885,63.95021621775658,0.0
3.744,3.432291664601853,2.5561578989304645,9.41362320503697,100.80953986934594,63.53592615068387,63.835467364153686,0.0
3.746,4.855795341098875,3.5786081191016508,7.727226385311055,100.80953986934594,62.78008555302365,63.3950937087438,0.0
3.748,4.009900001007551,2.8967442811388744,11.692810107263316,100.80953986934594,63.221032991844595,63.65996256998511,0.0
3.75,7.559002574034549,5.762082585809029,10.150308738211102,100.80953986934594,60.75354143165689,62.12013977587503,0.0
3.7520000000000002,6.833233868552087,5.403475239815583,12.814125138278296,100.80953986934594,61.112594297648506,62.111443274948186,0.0
3.754,13.938546006947929,10.365491019685384,13.532196079720464,100.80953986934594,53.09638258376019,58.05426799223234,0.0
3.7560000000000002,13.24235238079348,10.026336128466884,13.840946951397123,100.80953986934594,54.04357250621697,58.31592829073063,0.0
3.758,10.27029231098788,7.96931093793154,14.038430381532873,100.80953986934594,58.00094132619932,60.39702703623305,0.0
3.7600000000000002,11.9762972005289,8.867517091733069,17.734392388238458,100.80953986934594,55.92915806863088,59.62865253775091,0.0
3.762,10.096530085614074,7.584080222610095,17.490813482135508,100.80953986934594,58.477964047558324,61.01407434942103,0.0
3.7640000000000002,8.187349470654633,6.332619660528655,15.080217738567715,100.80953986934594,60.3757494224722,61.913263235564315,0.0
3.766,7.90739061960295,6.034310429516856,12.590438235741798,100.80953986934594,60.74569959270487,62.236586360870554,0.0
3.7680000000000002,7.013382813324103,5.327224721857288,8.11239952833921,100.80953986934594,61.78706851898418,62.975042703931344,0.0
3.77,6.842564137598118,4.956756058793875,3.213849248893247,100.80953986934594,61.86605625072809,63.13641566122777,0.0
3.7720000000000002,6.130176849213306,4.508004325050741,4.534014651036228,100.80953986934594,62.191873945927874,63.17710136612207,0.0
3.774,11.761952094027246,8.861137810729911,4.010322201269168,100.80953986934594,56.603509314247454,60.01896221726392,0.0
3.7760000000000002,13.998242745706365,10.314205157589983,7.296992151547581,100.80953986934594,53.09302813350768,58.20667815740495,0.0
3.778,13.960137776802675,10.790788698387384,9.097330740368761,100.80953986934594,53.08986831897131,57.56844767220821,0.0
3.7800000000000002,12.986047057002812,10.199066495602041,10.761044032111064,100.80953986934594,54.70528452402534,58.39437948839724,0.0
3.782,14.217008511988825,11.057079756496165,13.533379004990133,100.80953986934594,52.84474165612941,57.4043961011748,0.0
3.7840000000000003,12.95278260251547,9.849300873328806,14.101316329344442,100.80953986934594,54.52181893614173,58.561996374918465,0.0
3.786,11.53869708237272,8.820056548297053,13.685717255601801,100.80953986934594,56.89845482213567,60.05838473583432,0.0
3.7880000000000003,12.25601536160319,9.265325792529378,15.24719111192308,100.80953986934594,55.93954437290585,59.6141932805547,0.0
3.79,14.724826249467165,11.061766266233375,20.08910423083068,100.80953986934594,52.25781873327766,57.65065990473241,0.0
3.7920000000000003,13.911134129598711,10.944380329778914,21.00770578323417,100.80953986934594,53.453262474946335,57.663266844020185,0.0
3.794,12.669524574889707,10.01051182182091,21.51107934444396,100.80953986934594,55.490930117801966,58.93395342458278,0.0
3.7960000000000003,13.472605414961292,10.38217975710063,23.242467095361963,100.80953986934594,54.05722886608628,58.266153038424086,0.0
3.798,11.533787348111824,8.875044184253126,22.3480995333056,100.80953986934594,56.765514424142594,59.86342692251783,0.0
3.8000000000000003,19.643772557198055,14.994857504063193,31.658961078055547,100.80953986934594,42.295097322490626,51.49001160584109,0.0
3.802,14.882488653090926,11.473970090594927,28.55604688400857,100.80953986934594,51.78767389615382,56.91668501178593,0.0
3.8040000000000003,14.30474721722147,11.023230071621883,28.940153634554523,100.80953986934594,52.47720237336337,57.2224066915991,0.0
3.806,10.316811451116044,8.297154919794245,27.32563856090192,100.80953986934594,58.27307770066704,60.4193765219153,0.0
3.8080000000000003,7.231155807260621,5.9293234220653535,25.02785536358381,100.80953986934594,61.286154765669885,62.26429061093063,0.0
3.81,9.778113904839687,7.580823649679649,27.836375093025723,100.80953986934594,58.72865376533425,60.906283288428284,0.0
3.8120000000000003,12.859088735685916,9.852100164175972,32.26619402801943,100.80953986934594,54.83349026623035,58.7324434446152,0.0
3.814,6.894690965676632,5.434369848878191,27.015003966571083,100.80953986934594,61.255586494509906,62.283486248636855,0.0
3.8160000000000003,3.027110582543409,2.409953807787563,23.661820906559484,100.80953986934594,63.667547309228006,63.859119174333046,0.0
3.818,5.407932292469156,4.132129760483305,26.201463365424956,100.80953986934594,62.427261061787725,63.122136074897426,0.0
3.8200000000000003,8.273705394130753,6.274256076024874,25.272857202098496,100.80953986934594,60.3302763011784,61.99095347932325,0.0
3.822,1.135160352684304,1.1116407138476876,22.709261482577205,100.80953986934594,64.26763016263179,64.27064710419346,0.0
3.8240000000000003,3.83443996022423,2.5526032278196618,19.064343609896753,100.80953986934594,63.97993123566019,64.44734791601483,0.0
3.826,3.9595064752449196,2.889752467652146,17.11198099211443,100.80953986934594,63.29350382660331,63.71181486712426,0.0
3.8280000000000003,3.337994373241974,2.4472166719929414,24.05807767772632,100.80953986934594,63.44868959803166,63.74290156787897,0.0
3.83,4.566668245146105,3.3859756110844867,26.219506608302144,100.80953986934594,63.28498175137658,63.82105013478188,0.0
3.8320000000000003,6.038196489198691,4.5764025060708,20.783972681000435,100.80953986934594,62.16613919452403,63.05199258756141,0.0
3.834,6.432134399913414,4.930866854395651,21.721498566347588,100.80953986934594,61.8713814658508,62.845301565479865,0.0
3.8360000000000003,7.8417343440838785,5.963441917833429,17.536222699016015,100.80953986934594,60.70357205627336,62.18396739000569,0.0
3.838,9.669445665096251,7.420942248056286,18.762324472734715,100.80953986934594,58.80609167561686,61.000001856975565,0.0
3.84,7.999612004157929,6.112907541191241,16.736404597001158,100.80953986934594,60.85955650424387,62.379687107229,0.0
3.842,5.295304835154607,3.9699613336069857,15.842701166830633,100.80953986934594,62.82462167294953,63.525686640715406,0.0
3.844,8.030396508545948,6.119932909521016,12.636293827194642,100.80953986934594,60.62124883415211,62.164646663127556,0.0
3.846,12.217050793554227,8.796171439210596,13.82404718778311,100.80953986934594,55.99503673050454,60.09901782758177,0.0
3.848,8.411461015861398,6.507447740691354,14.253168793421365,100.80953986934594,60.311811067137896,61.933545442010775,0.0
3.85,4.508079140766319,3.262523889796774,13.080086371529651,100.80953986934594,63.147952285202315,63.70052515924556,0.0
3.852,3.665201644512702,3.0226891159574354,17.7963078093815,100.80953986934594,63.50359291144569,63.748918335028144,0.0
3.854,2.4353660491724156,1.7976180617991497,15.40415895421232,100.80953986934594,64.23086341613809,64.38498638079358,0.0
3.856,4.113355587991306,2.8283989924900754,13.178278331993152,100.80953986934594,63.42337828085259,63.93262646186184,0.0
3.858,5.562061695257629,4.004027386222537,12.37612564836572,100.80953986934594,62.37346957234463,63.224379257026,0.0
3.86,4.226310028008254,3.0654313735388024,15.964712334777968,100.80953986934594,63.28345259409744,63.766722662272414,0.0
3.862,8.909901926471397,6.6523730000063335,18.261269023930794,100.80953986934594,59.60559842469269,61.61136026596327,0.0
3.864,8.962433942537164,6.666332109774812,21.634285850720136,100.80953986934594,59.50255245784628,61.55130185118122,0.0
3.866,9.376863998764316,7.317838149307076,25.335866758942586,100.80953986934594,59.19517331889085,61.15769142972654,0.0
3.868,9.048323366733957,6.914407427831656,25.570093285911618,100.80953986934594,59.51582196636675,61.4605439262607,0.0
3.87,12.761655803844555,9.434948490181714,27.522790315048407,100.80953986934594,54.732821016567925,58.948596380984874,0.0
3.872,14.345455369562567,10.8765235108043,28.201723401922457,100.80953986934594,52.37980596171042,57.37502627966972,0.0
3.874,13.585152841198253,10.377660954750835,30.008352154588398,100.80953986934594,53.475240702576066,57.8633910000502,0.0
3.876,13.971770916216215,10.932610798945692,33.92736807266186,100.80953986934594,52.997210032317604,57.31844999592983,0.0
3.878,9.469836351931905,7.551168607998293,28.616566810847754,100.80953986934594,58.89417167955894,60.758654493182775,0.0
3.88,8.313057182343671,6.586121979339411,28.613543893952862,100.80953986934594,60.11865138654117,61.58761556944002,0.0
3.882,9.234236902277136,7.099378076360539,32.61668995202559,100.80953986934594,59.56840198148661,61.55918742521776,0.0
3.884,5.6200441341925655,4.493886114755715,28.733316825055457,100.80953986934594,62.438756593282186,63.08902301295718,0.0
3.886,3.0061729893935567,2.7115691421608146,27.047384263884773,100.80953986934594,63.74803136665435,63.84420028267375,0.0
3.888,5.029882016353413,3.726710526290248,28.758262492541146,100.80953986934594,62.9974889579836,63.648980200182336,0.0
3.89,6.894362568654796,5.236364160949871,31.763617507417266,100.80953986934594,61.843762208011164,62.992029745067015,0.0
3.892,8.472610871366577,6.416669629959494,34.32931202238051,100.80953986934594,60.45751638617091,62.20517663442271,0.0
3.894,11.028676870126628,8.36567855317424,37.016802694552965,100.80953986934594,57.50042973029748,60.44905982504649,0.0
3.896,7.9985996729572095,5.971015403007146,35.77416656131601,100.80953986934594,60.91693969249155,62.53403560378247,0.0
3.898,9.476991721020957,7.25174450151833,37.95990150166969,100.80953986934594,59.26786843162846,61.39314039939421,0.0
3.9,10.871918624827567,8.125085070646504,40.557727585832794,100.80953986934594,57.93267948313431,60.91182124647892,0.0
3.902,8.141557257969644,5.956261438058957,36.38789412078318,100.80953986934594,60.77622935690151,62.53510288710717,0.0
3.904,5.587124960611536,4.463329115876829,34.38699519745543,100.80953986934594,62.4235574119776,63.068387287432934,0.0
3.906,1.842043821531144,1.510864044500557,30.698131766604046,100.80953986934594,64.43631114983273,64.49970644276132,0.0
3.908,5.7230840325982575,4.383509147597701,26.394056266865068,100.80953986934594,62.55357251863141,63.32650892760273,0.0
3.91,7.890717153897901,5.893789923908463,25.544062512996053,100.80953986934594,60.88671789788776,62.45825966310707,0.0
3.912,4.787362513876858,3.425261248549965,25.420801827017193,100.80953986934594,63.21999420250612,63.858644522186836,0.0
3.914,3.8765152642099054,2.8197636415284855,26.29946074907589,100.80953986934594,63.74111221698644,64.14510923832277,0.0
3.916,4.651719354779735,3.4050069988595553,24.245486755196882,100.80953986934594,63.12477579902405,63.698227336921306,0.0
3.918,7.904176261172442,6.060068234647101,20.46709233503843,100.80953986934594,60.68173958020677,62.15193937628526,0.0
3.92,11.59634493165785,8.749910187889986,15.184346660777612,100.80953986934594,56.60113863216274,59.907576793043404,0.0
3.922,14.767922739350006,11.00567901695926,10.810424270589376,100.80953986934594,52.30522504549054,57.84129370829972,0.0
3.924,14.527088756614505,11.03894210712487,10.139459091449874,100.80953986934594,52.59916491862938,57.69056518500343,0.0
3.926,17.197568362903006,12.95815806708955,6.947869766140845,100.80953986934594,47.614850172769124,54.91392898001227,0.0
3.928,18.43922259576452,14.112259082558817,4.279471074567395,100.80953986934594,45.04448445794324,53.086451754784996,0.0
3.93,13.420502843089153,10.231405295659025,5.511599307018824,100.80953986934594,54.26023607177551,58.566601842621154,0.0
3.932,6.511691154864785,5.356777892620567,11.590068493671517,100.80953986934594,62.30620419263712,63.08876146449621,0.0
3.934,2.6539030526640714,2.4055235239352633,14.951498738509775,100.80953986934594,64.13385769418119,64.20560221634841,0.0
3.936,7.057662642671989,5.423332234674641,13.918145880897775,100.80953986934594,61.49780445769917,62.66236305949362,0.0
3.938,7.533399790046871,5.64115387694261,10.857450706617184,100.80953986934594,60.98701398390446,62.41027948255207,0.0
3.94,6.045105666146205,4.496077236989618,11.614715172360574,100.80953986934594,62.0729186592159,63.00514388892697,0.0
3.942,7.193179385297924,5.080878492970062,8.256838616894337,100.80953986934594,61.397978726712566,62.87816445339815,0.0
3.944,8.223903153419483,6.2290895921164,7.134914051616595,100.80953986934594,60.54530245177027,62.1913132368846,0.0
3.946,8.43551385242593,6.6760943906675925,5.5188425934959335,100.80953986934594,60.411283327577294,61.929216830142565,0.0
3.948,7.973182944833688,6.24386134457902,7.621229019456425,100.80953986934594,61.05003358399944,62.45367927016437,0.0
3.95,4.4403548411294755,3.4935293358769774,9.521305386614458,100.80953986934594,63.365069581431,63.793941492648756,0.0
3.952,8.95975939316674,6.712179827402386,5.122274596370259,100.80953986934594,60.00290459285294,62.013897632315505,0.0
3.954,13.416996279025017,9.855354432173717,6.4705585304257704,100.80953986934594,54.26568615732012,58.99793057766072,0.0
3.956,13.439541348658965,9.985056516504137,11.654596097610389,100.80953986934594,54.0597428764771,58.67964169619641,0.0
3.958,10.223702660169323,7.850801143705085,9.281692276559347,100.80953986934594,58.29499413568658,60.7436047569327,0.0
3.96,12.690474452476295,9.836362968541165,16.05066644087807,100.80953986934594,55.0285958420833,58.69928326232669,0.0
3.962,13.126906371070696,10.173542018828515,12.851552144957335,100.80953986934594,54.426802360684164,58.35558701211003,0.0
3.964,15.149447693896374,11.487867253339502,13.326246788408707,100.80953986934594,51.32219527729639,56.89072642301498,0.0
3.966,13.56275266149334,10.341995362508067,10.769508296738907,100.80953986934594,54.03326503775975,58.42887732130154,0.0
3.968,7.816844870274518,5.904398498392213,8.715433105868769,100.80953986934594,61.00075973344882,62.498909212917475,0.0
3.97,9.249095364187045,6.8102836560390525,10.980518404210892,100.80953986934594,59.69463508323186,61.9306766638576,0.0
3.972,5.041819933525424,3.771204280726297,4.764958225667613,100.80953986934594,63.05624249307756,63.69555178937133,0.0
3.974,5.548612433902912,4.199643209837878,5.287914269158833,100.80953986934594,62.71974825667573,63.470507846314995,0.0
3.976,8.092503723183016,5.997696859083278,7.906288000675686,100.80953986934594,60.64519418948464,62.33032528077466,0.0
3.978,2.5282808661761256,1.992183709904282,4.1336270740186185,100.80953986934594,64.29974932679838,64.43810538471773,0.0
3.98,4.805558777143117,3.46492538416869,10.411620895994512,100.80953986934594,63.45797364174415,64.09098676762767,0.0
3.982,3.362284353573258,2.537115636585524,6.914593042200816,100.80953986934594,63.8614967722598,64.13941836473296,0.0
3.984,2.69050431158313,1.8433078538775547,6.8732747838238,100.80953986934594,64.14635237292488,64.36564260435117,0.0
3.986,3.236057548025337,2.31043101327388,6.8573046117036665,100.80953986934594,63.89364225050408,64.18674885166863,0.0
3.988,6.360104559144737,4.716622161748084,2.621107910157642,100.80953986934594,62.06665997137964,63.10597832787943,0.0
3.99,6.160032974464237,4.8459966080501005,3.261555803834621,100.80953986934594,62.293096500449764,63.11877337158646,0.0
3.992,7.3869670387821875,5.77626315125233,3.774933140098184,100.80953986934594,61.3059493535798,62.5164095968805,0.0
3.994,6.285349248453317,4.873956363348133,3.5445709554594433,100.80953986934594,62.1393772954196,63.03857914867203,0.0
3.996,3.482721668666726,2.601077837365384,1.9279210481769256,100.80953986934594,63.62498928427855,63.93121369896014,0.0
3.998,6.356618248626217,4.821626630368862,4.464702332855741,100.80953986934594,61.98475120016074,62.96435794175032,0.0
