t_s,qsd_err_urad,pid_err_urad,open_err_urad,qsd_iss_bound_urad,qsd_snr_db,pid_snr_db,qsd_ber
0.0,48.69524016261862,36.94211182371519,54.79254174101029,386.5093096345571,-201.74656852455644,-86.82089981418144,0.499999999976929
0.002,47.04785719207142,37.401728761608254,60.205071912259605,382.6070319210215,-183.73702605925487,-90.72246097759805,0.499999999816539
0.004,35.7625910189712,30.848669512610552,53.6541076897772,379.00930963455704,-77.0291273428987,-39.67256086148194,0.49996028645094365
0.006,43.73360372866211,36.699175020857595,66.74022900545386,375.6923735780518,-149.38253494381811,-84.77817064228255,0.4999999904221436
0.008,30.27467058151428,26.700903586814206,57.59386719686938,372.63430963455704,-35.6771630588853,-12.801596136721717,0.4953599023234133
0.01,20.728313472783913,19.858097400902647,50.32991462604825,369.81491398652764,12.932734816196827,15.282437235835726,0.0008617219865964293
0.012,5.713498172241399,4.2079656142326325,26.86646127542082,367.21555963455705,36.55635772021462,37.41017590243599,0.0
0.014,18.23883767242361,11.461764810241416,19.60297325340645,364.81907333373204,19.142904396032623,30.9043569260553,7.43814673337974e-11
0.016,21.574374403059025,14.608291250897134,19.137741279013316,362.60962213455707,10.399186121063764,26.180093932231134,0.009610129608073071
0.018000000000000002,10.92744508397246,6.360944643371288,14.756625647263602,360.5726087788558,31.590436161960213,36.109411891275045,3.8009533795544926e-159
0.02,17.444082110061743,11.616714210561552,17.716710353105395,358.69457525955704,20.850526342289157,30.69917506952948,3.1322594718857044e-15
0.022,21.69011725418613,15.070310051197959,16.812248411328298,356.963113907211,10.030057899800228,25.38503970129512,0.012422012074756902
0.024,15.306033815035562,11.398525707807739,23.247488574202453,355.36678541580704,24.968949181951416,30.987292178521955,2.575510137147414e-36
0.026000000000000002,10.458550408979258,6.7783035295426926,11.202283610871067,353.8950432663129,32.1651820035615,35.79585246911617,2.477952189867767e-181
0.028,13.394821955064138,9.051749179786052,9.327491190085613,352.53816404861954,28.142476182599914,33.737007747636724,3.572521947432725e-73
0.03,19.767480142952788,13.924950062046118,5.00876703349028,351.2871832215495,15.514553772365913,27.30728069547972,1.2267740551176006e-05
0.032,19.5276081711633,14.330156072411365,10.641647939096048,350.13383588651016,16.118766433015907,26.645832251133392,3.0489518205314743e-06
0.034,16.601044174233365,12.176090237018173,13.78788512318838,349.07050218350065,22.551811118528626,29.935080891919487,1.2022529538448762e-21
0.036000000000000004,18.476816991948493,13.534968980805669,12.958206954685135,348.0901569487172,18.60991331732619,27.924981109109567,8.438368975972189e-10
0.038,22.54397492041143,16.89912772432707,28.56792954147608,347.1863233011591,7.1124375488899965,21.9624235936138,0.05439671452859565
0.04,36.06887356296651,28.813320805074493,45.21186354967239,346.3530298515932,-79.54116903472031,-25.878187538981603,0.49997026029776764
0.042,34.66563525636726,28.480715256254637,52.08092811601032,345.5847712511688,-68.20818429939928,-23.727417679689843,0.49989035575344476
0.044,26.01242510457736,22.33229260534369,47.12666010925007,344.87647181903776,-8.886814263875973,7.869474675249104,0.3996775918258729
0.046,44.064661626240564,36.12074307359009,71.18269127359925,344.22345200867704,-152.70140707328414,-79.9687107225482,0.4999999934638093
0.048,55.063014443970275,45.224265589438666,89.96506469902872,343.62139749136566,-277.1881792765978,-164.5238691408829,0.4999999999999961
0.05,38.132529780804255,33.33697491339643,77.22593733321943,343.06633065255903,-97.02538291318538,-57.89305798394906,0.4999960269326939
0.052000000000000005,36.51497916872495,32.843251189507285,80.83028320816595,342.5545843128444,-83.23835057392166,-54.163367389826305,0.49998056978800104
0.054,26.60041087039837,25.728641485909964,75.78731968802138,342.0827774998587,-12.217974029280667,-7.333716349162792,0.4312410909856195
0.056,29.24234780560104,27.821256662433456,82.2011275543819,341.64779311110124,-28.697395867166744,-19.55852569798751,0.4896372164519783
0.058,14.846182879085907,16.23927949030772,67.80432200503347,341.2467573200635,25.77408593591656,23.25004826054969,2.675998161486625e-43
0.06,5.062661731129342,4.558651046690692,51.4351281402938,340.87702058961963,36.95728250900205,37.234460882451664,0.0
0.062,13.998804355749572,10.112718844664814,54.182390378631716,340.53614016723753,27.188220840365595,32.57276494965409,3.668253950799e-59
0.064,17.112560221978022,11.914896149631872,52.856815981066916,340.22186394636026,21.53235511143744,30.296429515278533,1.6511612670383326e-17
0.066,25.46191894758477,21.047942817960845,73.22369371979009,339.9321155873355,-5.908955583523334,12.007738133525196,0.36012408825562264
0.068,33.71268699150941,26.222652429590223,63.09849510348497,339.6649807995898,-60.76884626178767,-10.060877112380338,0.49974180208877467
0.07,25.510435385647682,21.229558863242598,65.01362397449414,339.4186946944187,-6.165515696305063,11.465308863038665,0.3640313873296994
0.07200000000000001,33.38649538558384,27.34380398660058,69.83881778924145,339.1916301248349,-58.270242876489874,-16.625461530618907,0.49965574292829673
0.074,49.39230238148127,39.74930760855708,83.08315793293006,338.98228693543945,-209.55360184070292,-111.4029883832022,0.49999999999060896
0.076,31.467384889937165,27.213102486728914,75.51912349863433,338.78928205129324,-44.06772324474215,-15.83594922011825,0.4982339317325095
0.078,22.381348682080123,20.569274027660857,81.60405414630218,338.6113403403071,7.696106300367647,13.379752631864818,0.04316313217046307
0.08,19.97338878240302,18.081178217778707,77.76732407674265,338.44728618878275,14.983931226181113,19.49029417991658,3.6086798035342615e-05
0.082,19.53679826612937,17.312237391345995,68.0524222726035,338.29603573444456,16.09588309174193,21.12373593637094,3.2251361288572694e-06
0.084,8.334901903554991,6.6344961089141945,56.22275567782928,338.15658970564897,34.45025236155811,35.90614752858199,3.2490817995416315e-305
0.08600000000000001,5.878968160134588,5.133170170366471,66.77025787434562,338.02802681946145,36.446695892657345,36.91618948576603,0.0
0.088,22.29986267031566,15.385873585094687,71.67129092724612,337.9094976949852,7.983409235878737,24.826396228428578,0.03813237443977532
0.09,34.4396778351532,25.329372939488216,82.07545971003196,337.8002192417258,-66.42539213688083,-5.214079495899789,0.4998653750816513
0.092,23.567678046078306,17.376915215722665,69.84188714143819,337.69946948592093,3.103465682799536,20.990052441256125,0.1560599516608264
0.094,27.979262502716686,21.383245611398962,78.8043190820132,337.6065828006505,-20.545369056335122,10.996175693975378,0.4735267350246864
0.096,16.50601705977916,12.990829433783615,71.29596986864189,337.5209455082163,22.737009242601843,28.756257012249613,1.6584036005445043e-22
0.098,20.889682047112615,14.792997941023158,48.16403462815343,337.44199182573647,12.470315159330077,25.86547312313027,0.0014809182982764787
0.1,15.277228461398277,11.130360646217811,58.85934405726285,337.36920012716746,25.020178418304035,31.33380071310874,1.0088692359883464e-36
0.10200000000000001,17.05165866553045,12.182643992549771,45.93232738266699,337.30208949705957,21.655770304951062,29.925911054545544,5.839829739277684e-18
0.10400000000000001,22.72866855275768,16.042211415618123,41.860769271798226,337.2402165532759,6.432539281551451,23.622751649679973,0.06905044487759368
0.106,18.85344349886435,13.724793070812773,39.04533725225826,337.18317251768417,17.7440539714915,27.626615510911346,2.467237788316923e-08
0.108,33.306215172121235,24.685261423074213,30.24292842109014,337.13058051546807,-57.659052832333664,-1.96903052155486,0.4996306463761972
0.11,32.67189338164785,25.900982287442698,29.74116819328047,337.0820930852151,-52.882038558063094,-8.27246257111401,0.4993598334852708
0.112,28.74544696643717,24.096157757615256,30.877271661752477,337.0373898833314,-25.436769229907302,0.7958662252696974,0.4849182019988714
0.114,23.413891635770014,19.69161249146709,22.457452003711765,336.99617556761643,3.744047924630452,15.707236716305943,0.13826520327108455
0.116,7.013382985616068,6.599010723368784,36.21675367934366,336.95817784601525,35.61045191510357,35.932999062374236,0.0
0.11800000000000001,7.117239675890718,3.902451724885435,50.82202095362257,336.92314567765754,35.52652583843588,37.55179304156759,0.0
0.12,16.330849941980293,11.082197888844474,61.60502884812471,336.89084761429655,23.07504440847245,31.395147338050933,3.569631181438712e-24
0.122,10.90203595557625,7.0838492841524285,48.4299495437305,336.86107027119243,31.622235019723455,35.55364330223664,2.676353758289664e-160
0.124,14.896687212103133,11.0424591120543,40.90041292662109,336.83361691733563,25.6869745540069,31.445560928312805,1.7645802335981373e-42
0.126,13.043358766674716,10.750283660360664,30.472945435288413,336.8083061756971,28.677552667575107,31.810588384837672,1.7562179845432825e-82
0.128,24.195425051106596,18.95671953875631,17.60083634860544,336.78497082491884,0.3440586096265217,17.501584836266293,0.23096325625331904
0.13,26.187986908936708,20.894100856882993,13.329069195161724,336.7634566945261,-9.865943264680553,12.457523205225376,0.4101789476513557
0.132,15.106380905389258,12.439420388662548,28.4329699566829,336.74362164636455,25.321830291762524,29.562656479967742,3.2202558940278686e-39
0.134,16.313498925192025,12.827114584023066,38.94191395730463,336.72533463553077,23.10829410026281,28.99944304463769,2.4076809563023878e-24
0.136,18.732284524987975,13.503711570456266,54.48258575669352,336.70847484459347,18.025691066903747,27.97369451385652,8.835236889745249e-09
0.138,33.277598824905006,26.400657879603568,61.79481316730282,336.6929308853847,-57.44154903913693,-11.069944650647205,0.49962128060151445
0.14,28.96642042686629,23.444114134140058,64.22468939969895,336.678600063088,-26.878523800581732,3.619253937770326,0.48722400821826095
0.14200000000000002,25.80111729499547,21.43697243603305,66.34409986443622,336.66538769776054,-7.726796174193548,10.829907245348236,0.38571711670265363
0.14400000000000002,16.51289562167048,14.537920764471616,60.16583062695529,336.65320649880834,22.723646775243793,26.298837718646794,1.9186066547091858e-22
0.146,24.30034875887675,20.180190648870767,56.49735979202113,336.64197598828,-0.13975712153367628,14.439201944304115,0.24327066156783209
0.148,31.983256524614628,26.12299401575046,67.85868342767844,336.6316219691707,-47.801348306204325,-9.501881586540508,0.4988509814178452
0.15,28.97118212612042,24.31565375095575,66.7256812702609,336.6220760352216,-26.90973872057826,-0.21086600851998816,0.4872698239553859
0.152,28.012641317449006,24.349750150697524,61.35105760101871,336.61327511897866,-20.754832434578653,-0.3697708988687821,0.4741566172880558
0.154,26.029942665213593,21.772664070692127,43.86240608913456,336.6051610751219,-8.983895862852341,9.763177757490613,0.4007692282848842
0.156,21.320535872514593,17.850024904484865,39.30760419660906,336.5976802963154,11.188747012598107,19.99170915105029,0.005173296014891578
0.158,44.4443495875253,34.95365431072432,30.559079614240606,336.5907833590372,-156.53861160715522,-70.49758269551154,0.4999999957979183
0.16,38.87452657144046,30.931886960920426,23.391277947938026,336.58442469705165,-103.54965872049144,-40.25840763096011,0.49999812538480926
0.162,37.99074463612395,31.679319055688886,27.25744685759653,336.57856230036515,-95.7929948180419,-45.59404934650394,0.49999542126691715
0.164,30.78471698269729,25.054198169757115,7.750661669430311,336.5731574376774,-39.22346657607954,-3.8004515662532152,0.4969152681932508
0.166,40.58000692717116,34.01624909731734,19.300354570772893,336.56817440049394,-119.02234659980827,-63.11605583593109,0.49999968429770575
0.168,31.407163622268598,26.405268112188175,13.188406105333572,336.5635802672094,-43.63594485774424,-11.096256196333565,0.4981439218494662
0.17,33.94282258938478,27.510221965483662,22.612914850153054,336.55934468560343,-62.546367384680295,-17.639218660411395,0.49978958500863274
0.17200000000000001,34.40026719338251,27.346771633853766,30.4738454360108,336.55543967231154,-66.11564171796202,-16.64345668815286,0.4998604875475124
0.17400000000000002,35.45079063656028,28.688198911133213,35.92561087159391,336.55183942794645,-74.49385569038336,-25.065450946996492,0.49994682563869086
0.176,14.81674856683962,12.847159641977676,21.726851057916516,336.54852016664836,25.824706675065915,28.969838802101346,8.788366878136306e-44
0.178,7.286034144380308,8.037095404097512,5.301232204112825,336.54545995893807,35.387485920013134,34.72919879344316,0.0
0.18,16.443398020304592,15.224294420630473,6.930360786712509,336.5426385868347,22.858346527064334,25.114040689776893,4.325399121350923e-23
0.182,15.78519290902522,14.90695914412816,10.282027815533896,336.5400374102809,24.100912419463643,25.669217777857437,4.260718397195408e-30
0.184,9.085319976334558,9.70874008770917,2.778425697784745,336.537639243993,33.70215676080842,33.031372783958915,2.6188345319179675e-257
0.186,9.62051701934514,5.537780657552398,13.78970428067979,336.5354282439223,33.1290198772194,36.66937958354217,8.500356645474218e-226
0.188,2.5645596771271335,2.392393423607685,7.482327349675001,336.53338980257763,38.04625557870668,38.095024687552616,0.0
0.19,23.67200072403853,18.97125842726261,19.92828969560733,336.5315104525175,2.6610019753769105,17.467270018504593,0.16838082609546967
0.192,13.906911198670619,12.067074319327032,10.28579578694949,336.52977777737453,27.336259964645492,30.08687264209391,3.860819040906362e-61
0.194,9.984042812771238,7.005312914530269,14.009610708104061,336.52818032982344,32.720887158200405,35.61692153217841,9.261705470296862e-206
0.196,18.043098929872805,13.838626013491625,21.107560847769065,336.52670755595193,19.57353488731923,27.445600821153437,8.35161821987169e-12
0.198,20.071915235465475,15.176363560935746,26.441502080232684,336.5253497255335,14.725923770344565,25.198720458900112,5.8377385746004556e-05
0.2,22.350534429431303,17.508745385818663,29.764784149557638,336.5240978677427,7.805150674273942,20.715522778174996,0.04121380798303669
0.202,33.2574429886007,25.691121353531063,45.524587505839555,336.522943711887,-57.28846401276809,-7.131203827149565,0.49961454667194427
0.20400000000000001,20.162923622578607,16.43525169845848,34.42835181232993,336.52187963276486,14.485153912803419,22.87409100315871,8.929967441269029e-05
0.20600000000000002,20.635349166266764,16.79840061938461,32.17156486085693,336.5208986002875,13.195059776057128,22.163036246927888,0.000618380229780128
0.20800000000000002,16.152209317791012,13.47319719065396,34.50319266373173,336.51999413303366,23.415375799573297,28.021136429796552,5.485558483431262e-26
0.21,27.96187871290685,20.757114356613855,44.89751976446086,336.519160255428,-20.436415923770713,12.85086822511363,0.4731930713261191
0.212,31.64791299639124,24.506003577346263,53.12781570475539,336.5183914582622,-45.36720049421887,-1.106571221724173,0.49847933345455575
0.214,32.115959637199715,25.600416249848056,56.893834673127884,336.5176826622973,-48.771848088499695,-6.644430963522656,0.4989724518460081
0.216,21.61440034411739,17.963646203169095,49.843389536680554,336.5170291847064,10.272196739597463,19.746399431037105,0.01052041627372922
0.218,48.84433336165035,38.75287096706259,80.59826478059942,336.5164267081363,-203.40707020722718,-102.47133996530113,0.4999999999809436
0.22,21.929235650619994,18.9138964562181,59.507543826332366,336.515871252184,9.248446983401985,17.60239584705312,0.020146884612210186
0.222,25.603473647857292,23.171129964658945,67.02638555247884,336.5153591470994,-6.660773549634199,4.727167423255818,0.3712922798118573
0.224,34.3948314746134,29.3497688962158,79.23628468125841,336.51488700953996,-66.07294726201812,-29.410965835698878,0.4998598001025548
0.226,23.639883469036295,20.950729543143648,68.77879451331883,336.514451720218,2.797904431561858,12.292966263283853,0.16457098433192724
0.228,10.353753965074354,11.391778227833022,59.56165120421537,336.5140504032925,32.29015215611969,30.996113661576608,1.4776508314836704e-186
0.23,13.470403394322666,9.863008375091605,51.73598660804524,336.5136804073689,28.025474455016504,32.8584672532143,2.7571281173224457e-71
0.232,8.551259200199864,7.5561304907858675,52.885735043239464,336.51333928798226,34.24120729459588,35.15820474190075,5.479841442755941e-291
0.234,9.740501863937062,7.347327031345017,50.222952836211014,336.51302479144715,32.995998373157995,35.33618906385672,4.654281209144425e-219
0.23600000000000002,25.563236907964725,19.57612606952579,59.63065225737646,336.51273483996846,-6.446063900255442,15.997721868536452,0.36818944806492526
0.23800000000000002,49.63624178807899,39.48676155758983,85.98455711412251,336.5124675179136,-212.3119113193626,-109.02763201559526,0.499999999993164
0.24,34.87057083347632,29.150714356608017,69.41134706058556,336.51222105915673,-69.83522266572656,-28.091106193808017,0.49990908533748024
0.242,30.43509616170298,25.165889528253903,58.347385065387584,336.5119938354101,-36.785765782749415,-4.3694390220048405,0.49591587343050403
0.244,25.5941963415363,19.469068369851094,38.096052762112194,336.51178434546676,-6.611198036042327,16.264046870102916,0.37058189818285225
0.246,8.977616272005756,3.7134016694652376,46.78117827591142,336.5115912052822,33.813508145062386,37.634078874829996,6.295913849250468e-264
0.248,10.157565841772799,7.776548986450216,42.386063512889436,336.51141313883033,32.52069075530735,34.96489341213047,1.3447102713308362e-196
0.25,11.499623649641334,7.976378944867802,38.42033087860793,336.5112489696734,30.85448350864743,34.78482026345659,1.0614100059854381e-134
0.252,25.16177670548582,18.56894147656796,25.142805358834863,336.51109761318935,-4.348369963250696,18.40070952494649,0.3341020233099343
0.254,25.572495463586268,18.334871357051536,17.595008481190487,336.51095806940594,-6.495398702267822,18.929091484714274,0.3689084448415302
0.256,17.489084102303014,12.688004136123288,23.518795973427746,336.5108294163945,20.756642264052093,29.203579529470712,6.064984238412548e-15
0.258,21.86720655749156,15.457598968153908,45.85246576678729,336.51071080417864,9.453722024586478,24.69762589771541,0.017874671813390874
0.26,12.361652378875599,8.407191132736852,45.11571699627608,336.5106014491189,29.673492866275968,34.38100466019675,3.6023395651576126e-103
0.262,8.566271077643252,6.637276641196159,49.70838388547586,336.5105006287354,34.22650319095536,35.90403742515093,5.175623999108452e-290
0.264,12.932098414729667,9.694768152378908,52.41794724890042,336.5104076769346,28.843864178030117,33.046897046342195,1.2897847917436582e-85
0.266,10.697432662276364,8.438773175394974,53.99185161139528,336.51032197960865,31.87555909939463,34.35056295175258,8.712866677537913e-170
0.268,17.492993082022277,13.482078407447927,60.691601822503046,336.510242970578,20.74847198645606,28.007340014538755,6.4197152485200395e-15
0.27,14.515667317084944,10.07239735555511,40.37920028877542,336.5101701278509,26.336260037711913,32.61938586681953,5.358206691124786e-49
0.272,8.990395732202817,6.492602121090585,36.75313642700788,336.51010297017484,33.80036568143237,36.01265283351539,3.882749738922416e-263
0.274,8.175364882410028,5.774304171671255,44.29939103144483,336.5100410538568,34.600952607375895,36.51642406410838,6.647276e-316
0.276,15.034337572237913,11.403355012674089,40.54001264339529,336.5099839698322,25.447911459458222,30.980975209335163,2.585205412229899e-40
0.278,10.73025307234457,8.73478250803333,54.89777076888275,336.5099313409618,31.83525048716845,34.05966892977938,3.0690108431573384e-168
0.28,4.938617434665619,4.354320117309347,46.904904028977214,336.5098828195409,37.028196162777526,37.33855346119797,0.0
0.28200000000000003,9.910719069091071,7.449628046972415,45.60743508909031,336.50983808500115,32.80443640544928,35.24961235172197,1.0388129253918815e-209
0.28400000000000003,28.76687363621222,21.972442443431543,72.809650458483,336.50979684179333,-25.575979988166825,9.104395390620216,0.48515788315917696
0.28600000000000003,35.71665325893924,27.740057357678044,80.02346260093468,336.50975881743454,-76.65420809162514,-19.05444776467618,0.4999585347142461
0.28800000000000003,31.408161634294654,25.510737735698815,83.1790741057245,336.5097237607079,-43.643093500831974,-6.167118231669938,0.4981454487956549
0.29,40.409547975946936,32.79235070234044,91.94597240657828,336.50969144000294,-117.4460085795073,-53.782050603098234,0.4999996214749382
0.292,22.93348678882394,20.50949591313532,81.12933682942752,336.50966164178527,5.656770084948541,13.545612268835985,0.08751788705002983
0.294,24.102328773390028,21.482693479821197,87.39757892380264,336.50963416918603,0.7679478104125202,10.687469046673073,0.21991764843644263
0.296,20.860105710134604,18.440434732274703,86.92153501198707,336.50960884070105,12.555755557381588,18.692084722908902,0.0013452656863339634
0.298,28.008039315928208,23.359293036143242,97.04466458304134,336.50958548899166,-20.725932947863,3.9681420032749166,0.47407060977415116
0.3,16.48084289847414,13.569531302525286,83.00756991248628,336.5095639597795,22.785856016170527,27.87098003765626,9.697595829529687e-23
0.302,27.925478722955106,21.593163282839036,73.74791090692955,336.50954411082654,-20.208581701635467,10.339661497182444,0.4724817284838244
0.304,24.809080989670672,19.071649023614057,68.28336957863468,336.5095258109961,-2.5753203653623213,17.22908870171172,0.29955631998256377
0.306,26.984109402911105,22.552122429341004,69.26641876060062,336.5095089393861,-14.467333984829239,7.082830204494487,0.44682149766786317
0.308,19.747732439172626,16.555476289964396,64.21444489650231,336.50949338453023,15.564851038842297,22.64077886956311,1.1001414215649966e-05
0.31,21.669273763530935,18.1611212965048,65.87172621674137,336.5094790436617,10.096966036744137,19.314703581847073,0.01187435165726075
0.312,34.494968899385306,27.104997861662326,58.96592271402631,336.50946582203426,-66.86055535162478,-15.18748596769308,0.4998719536235631
0.314,35.6261376650308,28.12277626456647,47.505517312578455,336.509453632296,-75.91688024839031,-21.448383133508116,0.49995486109135334
0.316,28.552132684997698,23.652757729883696,53.65269086544603,336.50944239391265,-24.186599909979304,2.743099902938643,0.48258485600580225
0.318,15.109573966763609,13.837757855142183,54.526315124874046,336.5094320326352,25.31622686796583,27.446987299709697,3.596192879094032e-39
0.32,19.96963747161189,17.56539205657138,52.78428565091514,336.50942248000933,14.993701126831757,20.596704353257348,3.541637819359795e-05
0.322,9.45931644117695,9.405117088103493,58.07330383392013,336.5094136729235,33.30512153925423,33.36365806645743,4.848157844386567e-235
0.324,16.533712035344752,14.030621533496094,48.13804975969316,336.50940555319147,22.683167356429024,27.136723487143417,2.9754847102135033e-22
0.326,21.06483431948304,17.27733039981647,45.499541546214004,336.5093980671685,11.957819376638724,21.195613878276536,0.0025440273325902187
0.328,21.669821504347244,17.983718882562794,45.424395196211876,336.5093911653963,10.095210232462247,19.70283126948918,0.011888504227606981
0.33,31.7136937458988,25.668715375787755,55.67190837123568,336.50938480227677,-45.842606029165545,-7.010591087926804,0.4985603271192013
0.332,33.41460202035167,27.41113379643491,53.00709465592094,336.5093789357704,-58.48457487479672,-17.03447759116266,0.49966413382144836
0.334,32.52353874420321,28.206795294082283,53.37068269206005,336.50937352711884,-51.77819881264769,-21.979940107709815,0.49927308289712385
0.336,37.29810500088223,32.282621170826864,62.405392844912086,336.5093685405884,-89.83861432031867,-49.99650213613101,0.4999909120830007
0.338,51.05573989865376,43.35330695863443,78.3983021174829,336.5093639432346,-228.6322941275654,-145.60093004296647,0.49999999999895584
0.34,35.06387989412098,32.11535725868453,73.20205609766157,336.50935970468373,-71.37876316482075,-48.76743343712675,0.49992388733875587
0.342,37.291344128098146,34.06285362087322,66.87478585507601,336.50935579693294,-89.78103348595154,-63.47828409084173,0.49999085163689666
0.34400000000000003,39.284948755515906,35.507506132038394,80.31836172818385,336.5093521941647,-107.21245377977091,-74.9533597898323,0.49999877037586465
0.34600000000000003,31.712069298073306,29.96439368817765,77.34150824637885,336.5093488725766,-45.83085372822414,-33.551026003405184,0.4985583778834314
0.34800000000000003,34.405171737163975,32.36391308099171,69.6741825149501,336.5093458102236,-66.15416990694142,-50.596188651392715,0.4998611050154272
0.35000000000000003,19.396393006353605,16.524658105022247,41.53543761187206,336.5093429868736,16.443258805507536,22.700781116983965,1.3321635188886955e-06
0.352,10.270262714296969,11.785552011276392,49.87797896514119,336.5093403838736,32.38880605569227,30.472408632423292,8.666672353336966e-191
0.354,22.591149087303016,20.288892273781496,50.32297752330217,336.50933798402616,6.940520957349876,14.147895710414964,0.05795072048135344
0.356,18.192901688127844,16.144790811884185,45.07846645380733,336.5093357714761,19.244582023767627,23.429413737595798,4.523459113006895e-11
0.358,29.168269765992623,23.348391693348177,35.68107657932126,336.5093337316058,-28.2070883981881,4.012677148284994,0.489035572440934
0.36,38.98331051194081,28.060472900850126,7.772923336055193,336.5093318509382,-104.516749409287,-21.055587619704625,0.4999983229052573
0.362,31.893916025539717,25.727319855392693,16.899447682897037,336.5093301170485,-47.1502858931894,-7.3265714990711945,0.49876154544222945
0.364,16.606455451380505,14.619864690051559,22.08903467873036,336.509328518481,22.541226294236786,26.160505670561687,1.343004981589795e-21
0.366,10.007332588540862,10.114134666644011,28.732821287616606,336.50932704467476,32.69421951004615,32.57112451876425,1.6278769849798416e-204
0.368,17.713597946229438,13.46769513971009,18.014569484241047,336.50932568589246,20.283365044995048,28.029678760050242,1.380616152683094e-13
0.37,12.39363809786005,10.035392312955532,21.71516751785003,336.50932443315713,29.627992588388587,32.66200686485358,4.059435089498391e-102
0.372,27.07095449346784,21.35316099213153,10.307897722987784,336.50932327819214,-14.98414573479791,11.088760312470479,0.4498766206405021
0.374,17.52386225647432,13.354646839805419,12.110303413658503,336.5093222133671,20.68386522057049,28.204388749057884,1.0025827035470906e-14
0.376,23.12796799422577,19.392007295871785,8.010065887701161,336.5093212316469,4.898397142141392,16.454033379505283,0.10696886491851856
0.378,32.45719793141032,26.172519949905926,13.839325376848851,336.5093203265456,-51.28623540778554,-9.779136650572811,0.4992307225032285
0.38,13.546841734854489,11.812814261774111,7.316907728271861,336.5093194920834,27.906447049559368,30.43547994106114,2.0384560014814847e-69
0.382,17.5632905626681,13.452313301937483,11.543067873761716,336.5093187227473,20.601121573291678,28.05354084541443,1.7578044653414174e-14
0.384,18.58712175673881,13.12360965891468,20.657000725491137,336.50931801345445,18.3592299491235,28.556677966650884,2.400653361775056e-09
0.386,23.518013586136377,16.36561232148004,31.764667000707288,336.5093173595188,3.311855885671409,23.008303006288735,0.1502579696200415
0.388,29.239575856911607,21.24290703749987,37.595073880717344,336.50931675661985,-28.679022745058077,11.424937539575064,0.48961527797482923
0.39,16.61215935993219,12.648709342509523,31.382326261227256,336.50931620077455,22.530064520562046,29.26082687689755,1.508880180211391e-21
0.392,16.835107030857014,12.666530761222107,35.76027340486976,336.50931568831044,22.09010294700006,29.234886073036552,1.1836174066767305e-19
0.394,9.165671099112128,6.788924806779022,29.753055431617696,336.5093152158419,33.61821462688156,35.787612367705954,1.9813871864348652e-252
0.396,15.984071597387214,11.256166451514614,33.399253299429006,336.5093147802474,23.731695380650546,31.1722840503504,8.368802487126802e-28
0.398,12.619903760637333,9.112025886165224,26.82768665373703,336.50931437864915,29.302676695565395,33.67433979362402,6.563952820238207e-95
0.4,6.477593992533036,5.064571011907314,19.41750750434837,336.50931400839386,36.02378302480252,36.95617725404545,0.0
0.402,24.356448291366114,18.4097236602373,18.432809474766398,336.50931366703537,-0.4010665033193862,18.761251979156697,0.2497747269494075
0.404,33.25726674745421,26.835490629043047,34.1205190617622,336.5093133523184,-57.287125860903075,-13.589397633656512,0.499614487284284
0.406,43.089216530678726,35.74707366412839,49.15860616207261,336.50931306216364,-142.9942920206084,-76.90242910127844,0.4999999800160899
0.40800000000000003,39.42440475535348,33.39860254653186,51.33875503223045,336.50931279465414,-108.46577913625316,-58.362545852412914,0.4999989355969479
0.41000000000000003,42.447538654574274,36.55390198183082,56.97169562104101,336.50931254802265,-136.72713663699184,-83.56308726645054,0.4999999588814079
0.41200000000000003,17.546521593318392,16.215163209029733,41.815894072196926,336.5093123206396,20.63634337254303,23.295944525410167,1.3858890523274858e-14
0.41400000000000003,21.412102154340662,19.012637457604917,47.88990564504804,336.5093121110028,10.907021606565902,17.369359639496505,0.00652877038615895
0.41600000000000004,23.827423460882464,20.71494616891905,52.19969738921241,336.50931191772725,1.989894800096583,12.970634767972856,0.18695864461376555
0.418,10.860029306851423,12.064298062390995,39.934043697481705,336.509311739536,31.674640804670886,30.090720021623618,3.235519919755169e-162
0.42,28.042466131320506,24.50838584079316,58.414028207136425,336.5093115752517,-20.942282643314233,-1.117913144458387,0.47470762041892184
0.422,15.432891107857014,14.635673389839749,45.02488962852054,336.50931142378914,24.742060108940716,26.133722122047637,1.4364138159347944e-34
0.424,18.197705751303033,13.446282183322685,24.591735705698373,336.50931128414754,19.233966302079995,28.06288924636827,4.767093866033467e-11
0.426,7.233697122381766,6.67112857493147,30.952463645753177,336.5093111554043,35.43094653726559,35.87827667360112,0.0
0.428,15.986296455342107,10.274818989580128,15.216410635840353,336.50931103670894,23.72753482247491,32.383443131744436,8.85968036371852e-28
0.43,34.36152217072909,23.898529053775743,7.787818929732658,336.5093109272772,-65.81146957918317,1.6781068573194167,0.4998555153934856
0.432,35.06830479659692,27.16713056422668,15.226950444399673,336.5093108263861,-71.41419535596475,-15.559678389722418,0.49992419719132497
0.434,29.044856448521077,24.045889687454416,18.824266281112397,336.5093107333692,-27.393486121322557,1.0224511888599566,0.48795921477273496
0.436,21.84272784212841,18.070201365035928,28.541698165406178,336.50931064761176,9.5342388050833,19.514315625414284,0.017031632646196674
0.438,14.213515363245314,12.537582657344723,21.328709324054607,336.50931056854733,26.83829905973416,29.421734739555554,9.568059179392954e-55
0.44,25.051393646776383,20.499767676997337,32.773003744541434,336.50931049565355,-3.786250045022126,13.57249482205734,0.3237385743401887
0.442,41.80681312669808,33.38098272923102,55.35182058299266,336.5093104284488,-130.56310321454106,-58.22822647205445,0.49999991639352614
0.444,50.63115406497879,41.531904430208805,70.2588633625974,336.5093103664891,-223.70247351773617,-127.94711432239419,0.4999999999981581
0.446,38.87300086856359,34.9869038853765,67.14614916065757,336.50931030936505,-103.53611441937254,-70.76309823346132,0.4999981224593566
0.448,34.36074523567386,32.09680542410385,65.95586473136748,336.50931025669934,-65.80537368044452,-48.631513967414755,0.49985541395625027
0.45,33.48839519864707,31.014148562508655,68.98004803158743,336.50931020814386,-59.048161898716074,-40.839153049388166,0.4996852346429831
0.452,32.027627044681346,29.803471042338927,68.63351849405831,336.50931016337796,-48.12538729567714,-32.45777580746854,0.4988930572862831
0.454,19.377692831300585,19.536400869566876,55.99166550258032,336.5093101221059,16.489168740062784,16.096873038179904,1.1791324587560522e-06
0.456,18.790349573765038,18.93337359040277,62.93274028505033,336.5093100840548,17.89109215689344,17.556592247637155,1.4550338303298402e-08
0.458,22.18812738664774,20.595603064129687,68.97284600356267,336.5093100489735,8.371896017193349,13.306330604452318,0.031878719619605894
0.46,8.079049934994412,3.6031465611813327,42.53497909365568,336.5093100166302,34.690517583177616,37.680181740852426,2e-322
0.462,18.0790255937812,13.604802308242695,54.57092506756325,336.50930998681105,19.495006601633257,27.81572313548518,1.2644411364957608e-11
0.464,9.779439632946941,8.830969475200684,55.627966090858855,336.5093099593192,32.952472929627895,33.96297543198582,6.734549544977268e-217
0.466,12.418424084633562,9.228203468003779,52.19487429258273,336.50930993397293,29.5926510941586,33.55237319910277,2.617823169158588e-101
0.468,13.039990983377262,8.199043394129449,46.66323124977973,336.5093099106048,28.682608460716974,34.578770397545966,1.415982769236172e-82
0.47000000000000003,35.68401739549218,25.37528719982232,47.522948686340854,336.50930988906055,-76.38814483836701,-5.453777038356028,0.4999572449099732
0.47200000000000003,30.58753761603597,22.810075995335215,60.36971196819069,336.5093098691977,-37.84501176985572,6.126978757444893,0.496384748331585
0.47400000000000003,28.069365659600994,23.015301181650624,71.12968319168688,336.5093098508851,-21.11158047404183,5.340348807328863,0.47519518847386405
0.47600000000000003,24.79778643952323,20.665513578836258,67.55831427373249,336.50930983400156,-2.5196621995894204,13.110261969829264,0.2983831967174945
0.47800000000000004,54.44945475421561,43.444407954164056,93.9037284258594,336.50930981843584,-269.5159596826778,-146.50381422526064,0.49999999999999056
0.48,46.18771560417308,38.83126402488851,101.08186320299014,336.5093098040849,-174.5800469404458,-103.16580522530734,0.4999999994735069
0.482,41.43108685766202,36.65470960972416,100.97401621069704,336.50930979085405,-126.9920750384084,-84.40574388362259,0.4999998738778644
0.484,36.22089920153336,31.90540373337506,92.25881126688388,336.5093097786558,-80.79600134192106,-47.233897339211026,0.49997426080260066
0.486,35.97916702837615,31.67286548098052,91.64912519350705,336.5093097674095,-78.8032015865298,-45.547415696286436,0.4999676231205542
0.488,17.137557493973667,17.710626563761323,77.61190733698864,336.50930975704097,21.481535920309398,20.289682703162164,2.5119530518995867e-17
0.49,20.415894387015516,19.72878316888612,81.52974628505905,336.5093097474816,13.803015755624827,15.613019409732276,0.0002656466938698369
0.492,18.939950630967665,16.575298004639457,71.83548071680876,336.5093097386683,17.54110719424509,22.60211496646143,4.973010031463956e-08
0.494,32.52005834552737,23.345727626745575,48.24861387607384,336.50930973054295,-51.752363892125565,4.023550107304322,0.49927091757127573
0.496,22.7626280192377,16.858140786840274,51.650413840445246,336.5093097230517,6.30551555737867,22.044235290506723,0.07195669113018084
0.498,20.6986508072107,17.23035625918323,63.26778408720242,336.5093097161451,13.016754143478472,21.292040913400328,0.0007764058830594807
0.5,13.139107306717001,9.163936245554202,52.748001432938786,336.5093097097775,28.53324669290383,33.62003486515321,7.389877447221162e-80
0.502,21.389454759664495,17.54234020406986,60.95643790991887,336.50930970390687,10.977021076919446,20.64511894338501,0.006169799327030182
0.504,15.490298985867394,11.450787445876069,49.14421575125416,336.5093096984944,24.63869631426864,30.918786705118556,8.38166958833349e-34
0.506,11.28466312626224,7.964663079723304,50.10786856639544,336.50930969350435,31.135442437041945,34.79550428770566,1.506367135878982e-143
0.508,21.73776108509543,15.503892198326568,37.568051312081074,336.50930968890384,9.876394574649016,24.614158526111126,0.01374555784641896
0.51,18.07334046239022,12.81896476923821,39.373249976339906,336.5093096846623,19.507448282952254,29.011465738773662,1.1846014179370097e-11
0.512,16.524672849265336,12.503175420957028,41.70779774574554,336.50930968075176,22.700752442607055,29.471259300288256,2.4602848696152557e-22
0.514,30.48523915685026,22.431426629328236,23.764179329472455,336.5093096771465,-37.13356294846136,7.517846917054838,0.49607617239504287
0.516,33.00597666580694,24.841306662513617,28.6905984432063,336.5093096738226,-55.386422893400706,-2.7345124439763104,0.49952018500239065
0.518,14.52256603089716,11.967619140833687,32.31263165560471,336.50930967075806,26.324665463026413,30.22413488478395,7.14684763286978e-49
0.52,20.980499822114588,16.695860987907192,22.16259127580604,336.50930966793277,12.205989287721987,22.365733836585594,0.0019720361231379646
0.522,17.17895569999937,13.603510940705076,25.392158973928403,336.5093096653279,21.397164045174346,27.81774888932134,4.988105401263379e-17
0.524,24.42640594609052,19.30188388312775,15.108913306491813,336.5093096629264,-0.7294784090377947,16.674443549193892,0.25779886876816216
0.526,33.52155248692133,26.12242913482357,10.848227824015336,336.5093096607123,-59.3018044737428,-9.498725496541173,0.4996942934092598
0.528,26.063151046981844,20.85349022574462,26.00154557856687,336.50930965867104,-9.168313277770093,12.574823789747256,0.40281168312212506
0.53,27.928261041624946,23.289233118279466,30.612871592113944,336.509309656789,-20.225982220162017,4.253151455212357,0.4725367137298074
0.532,30.106048048139954,24.42138326935338,48.8762062861692,336.5093096550539,-34.51873587222422,-0.7058056661391342,0.49469792961516873
0.534,30.110768020363505,25.004886970570656,46.49092990997561,336.50930965345424,-34.55106619047741,-3.5513655197712737,0.49471762696166677
0.536,18.180765481434882,15.531557601823707,46.789993114136436,336.5093096519794,19.271381310753593,24.564143665247535,3.96015396932852e-11
0.538,5.741492005395242,3.2442036744277027,28.597267482019873,336.5093096506196,36.53802565772543,37.82064452990154,0.0
0.54,5.122996058231974,2.0429991748897183,31.607144787425902,336.509309649366,36.92215417815245,38.183581783819484,0.0
0.542,8.336173271966315,7.6624718601676385,29.775392146770752,336.50930964821026,34.44903967196377,35.06563719261822,3.94713347540014e-305
0.544,19.715840609761127,16.219335071384624,15.798590778879365,336.5093096471447,15.645865544990889,23.288010701159795,9.20716836264968e-06
0.546,16.700787845124324,14.156175122884736,16.4269405726089,336.5093096461623,22.356029483350632,26.932301457085135,8.929906849078577e-21
0.548,21.07852031695458,17.80847775334743,21.425190223188082,336.50930964525656,11.917294988018728,20.080860571484504,0.0026487342986537396
0.55,27.591815561260958,22.573261659709715,23.701343059990027,336.50930964442153,-18.13965416960463,7.005847539122502,0.4650974463803952
0.552,25.15965066624335,20.955880362475593,28.144516713524215,336.50930964365165,-4.337482239814937,12.277940799352544,0.3339063960508695
0.554,11.314980354282593,10.901824655428353,19.026769859128073,336.50930964294184,31.096143294294958,31.622499141946182,2.8195682257137025e-142
0.556,26.844388580940564,21.0763281091675,10.019540208138585,336.5093096422874,-13.641726523731757,11.923790891777893,0.4415551433695958
0.558,28.7082044812126,23.80389426033774,19.784460103608595,336.5093096416841,-25.195105729870214,2.0924092802594947,0.48449290763862374
0.56,26.545960897123354,22.42084928682237,16.37103169577119,336.50930964112786,-11.903429095540696,7.555606709825216,0.4287321310325857
0.562,8.390018358102862,9.040242184857876,9.256345880964865,336.509309640615,34.3975092744892,33.74892369738403,1.4658995371688014e-301
0.5640000000000001,2.6019475070737896,4.408999653910594,10.827098758646633,336.50930964014225,38.03521702663759,37.31116596617669,0.0
0.5660000000000001,14.00018945214393,11.411886150455482,24.69904192881053,336.5093096397064,27.18598158149062,30.969809414778684,3.925209868279606e-59
0.5680000000000001,21.372830013513106,17.22524542709413,31.183321157095733,336.50930963930443,11.028271292995267,21.302511677527256,0.0059164472137187545
0.5700000000000001,25.070187769638185,20.325911765631645,37.32612956528833,336.509309638934,-3.8814999876025458,14.047878761262268,0.32553265864399344
0.5720000000000001,31.924154314096022,26.987680400914563,46.13566497762132,336.50930963859236,-47.37043664798517,-14.488530278818647,0.4987925405007241
0.5740000000000001,17.438262909411872,16.171366235177537,37.772548134130936,336.50930963827744,20.86264290023468,23.37909047941684,2.873256893156722e-15
0.5760000000000001,13.030472466972707,12.925335557588427,33.5067845990167,336.5093096379871,28.696890563575526,28.853925757332885,7.696350203434835e-83
0.578,14.754337738646276,13.421414347279201,32.61402972427891,336.50930963771935,25.931679155833727,28.10138888186977,8.005166054290654e-45
0.58,29.83157934544785,24.58681816633906,47.53366457589898,336.5093096374726,-32.648263790570475,-1.493136382967937,0.49342399385942054
0.582,21.670216496570507,18.900603653105758,43.02937109776481,336.509309637245,10.093943987488327,17.63361015782497,0.011898718032072186
0.584,24.352050360900947,20.864304195528927,43.852886904104984,336.50930963703524,-0.3805152011195834,12.54364592864194,0.24926697688336882
0.586,13.718498920532856,12.579322369837783,32.23281361137788,336.50930963684186,27.63657849684453,29.361468253509727,2.3018351164616486e-65
0.588,10.544236858631885,7.4010187646261265,18.553116136259845,336.5093096366635,32.062055566893086,35.29089973955738,3.9242352037707466e-177
0.59,24.799961276149098,17.81227200299362,13.123028418500022,336.50930963649915,-2.530374034251458,20.072731013931914,0.29860939483593185
0.592,29.178527798375335,22.34636894367941,26.87252657946632,336.50930963634755,-28.2748974248099,7.819853942821124,0.48912081508971433
0.594,21.861047472725755,17.509963499586625,27.222765735483517,336.50930963620783,9.474006885965757,20.712973181174288,0.01765973987540815
0.596,36.89040278751409,29.189515555356945,42.35430883583538,336.50930963607897,-86.38497597255568,-28.347561178305533,0.4999864747198551
0.598,40.30397264914534,31.769205108413217,43.89679264165571,336.50930963596016,-116.4730166569426,-46.244582469973,0.49999957660645244
0.6,48.323154373593304,40.934023898702904,61.229182246585395,336.5093096358507,-197.62466520180683,-122.31735862748265,0.4999999999629181
0.602,32.20846407336354,28.299311312366,39.62756636862918,336.50930963574973,-49.450787247588735,-22.567688351138706,0.49904971189109043
0.604,25.76883463492209,22.317508351973448,30.638062623852548,336.5093096356567,-7.551400829537791,7.921481922880373,0.38345273332451774
0.606,24.03156669801787,19.428027170899735,23.77600840195178,336.50930963557084,1.086740407409861,16.36540647599,0.2114646430045987
0.608,30.028450081167097,25.0128013636567,37.06908223507195,336.5093096354917,-33.98800745857877,-3.5912554421376837,0.4943638797894079
0.61,23.40049030390888,19.81150067560595,33.18912209957573,336.5093096354188,3.7992134292206146,15.402066243145434,0.13674089084822216
0.612,20.6340348942018,18.659076235919045,36.78869760633708,336.5093096353515,13.198747523436996,18.19442416672414,0.0006154196307047564
0.614,20.26325317012641,18.94800500701456,42.425991762117576,336.50930963528947,14.216922867998228,17.522131413092534,0.00013977410019031227
0.616,40.96067669981094,34.90014091844476,68.27291772041198,336.50930963523234,-122.5665880010257,-70.07078094875031,0.499999790074272
0.618,26.755634005061342,23.762743428234927,52.90515616220827,336.50930963517965,-13.121115410315898,2.2709132333379722,0.4379733694478951
0.62,6.8412952659533,8.424835763247367,34.08741965119732,336.50930963513105,35.74679379217286,34.36401125421256,0.0
0.622,13.958022333625431,8.166332863634821,20.16798585431134,336.50930963508625,27.254047418927914,34.60939690624824,4.9353073665391495e-60
0.624,5.932772658413278,7.0769489796660485,36.04812357951506,336.50930963504493,36.41036276005235,35.55923133758783,0.0
0.626,22.343501498702512,18.056513803141407,50.83903730829031,336.5093096350069,7.829970242126172,19.544239331411102,0.04077690873988922
0.628,11.988884410677139,11.543520593072497,44.62017037761735,336.50930963497177,30.194883346694606,30.796446363043604,4.832621270346705e-116
0.63,16.851408104089337,15.237105599345021,52.163949294373424,336.5093096349394,22.0576503150874,25.091357090041157,1.6054146798460714e-19
0.632,3.0437539817020247,4.401175205836555,38.4279064551673,336.5093096349095,37.892675242292654,37.31510598578367,0.0
0.634,9.596647491298153,4.806271350574097,25.852387285469625,336.5093096348821,33.15528485009432,37.10191471902228,3.7531326085323925e-227
0.636,23.252002246069136,15.352926618169,15.097352088543524,336.50930963485666,4.403450261115861,24.885322700003524,0.12020324159062784
0.638,31.159637424151924,22.210609484907277,18.956367095285493,336.5093096348333,-41.870215468127306,8.294231790135058,0.49772552094546757
0.64,24.20895522992357,17.616514878646385,12.292209731504263,336.50930963481176,0.2820301326779031,20.4890260471219,0.2325596301391932
0.642,13.948957214786471,10.697310318277758,17.14041575778804,336.50930963479186,27.268651938018213,31.8757091232955,3.1495554418967686e-60
0.644,20.65478098742741,15.695384160681309,43.1633498784974,336.5093096347735,13.140468230343242,24.265908977061116,0.0006636171596420176
0.646,29.799238963781608,22.950971357568697,55.63237698790577,336.5093096347567,-32.42911259077566,5.589464217384709,0.4932559815131433
0.648,10.58547457634681,9.10825667686176,37.197522134858616,336.50930963474104,32.01212144155212,33.678270791282806,3.905994138823282e-175
0.65,12.674700786405152,10.67714547522374,42.89972110204744,336.50930963472666,29.222981235830318,31.900412471143706,3.1805248052990143e-93
0.652,14.07578757976186,10.551559097654447,33.66830887270037,336.5093096347135,27.06340796145046,32.053203566808406,1.5154480498908475e-57
0.654,21.701447012010487,16.191208188928996,38.36842462283949,336.50930963470125,9.99360829126844,23.34145443807319,0.012727622883245814
0.656,26.324240799077817,21.189455993137795,46.912685443777164,336.50930963469,-10.635111553732346,11.586178341256694,0.4176768951963458
0.658,14.637966210234483,12.515056187568774,36.247704612742325,336.50930963467965,26.1298349679645,29.454174354434784,8.075860041868279e-47
0.66,10.44337507322554,8.249844784337963,24.755579561608727,336.5093096346701,32.183357378132186,34.530961987775825,4.4009855972955036e-182
0.662,29.75640672700811,23.391522338812486,51.48776313740361,336.50930963466124,-32.13927139231604,3.8360707348923357,0.49302716506613486
0.664,17.760433981342015,14.255234576714406,34.72020910182937,336.5093096346531,20.18358978327833,26.76965142508527,2.5592291247552345e-13
0.666,21.654429343166214,16.442939409729064,22.846869197342606,336.50930963464566,10.144500031740689,22.859233136622322,0.011495662799554935
0.668,19.35759101554674,14.404762493569368,11.998839631529648,336.5093096346387,16.538427870746183,26.521845106718466,1.0329957637786002e-06
0.67,18.35276817053475,14.11524150867308,9.35011021495566,336.50930963463236,18.889057088351887,26.99916030124333,2.452526110592156e-10
0.672,5.220457821928365,4.922770405123638,22.773801821565794,336.50930963462645,36.8645293664988,37.03712877759521,0.0
0.674,20.255940127660715,15.10782941693242,4.734703956325222,336.50930963462105,14.236575281087521,25.319288496431316,0.00013537944572517018
0.676,18.739420225683435,14.249268538149392,2.946649825025292,336.50930963461605,18.00918686389683,26.779481476482797,9.400185394098603e-09
0.678,20.681066561430413,15.922291617284317,1.4053782467593523,336.50930963461144,13.066420209984349,23.84695883100094,0.0007293532255214677
0.68,16.054610895369482,11.973496327247679,15.036741166047092,336.50930963460723,23.599457826486635,30.216055798288227,4.9895916203782546e-27
0.682,9.169197614149487,7.390334409046115,8.300830875789238,336.5093096346033,33.614513478262424,35.29993841030348,3.235380325656494e-252
0.684,7.5454462339473265,6.093947430422616,18.083933048616387,336.5093096345997,35.16743340812884,36.29954105127804,0.0
0.686,19.653548790111703,15.393748327058638,26.061941529029593,336.5093096345964,15.803351099231067,24.81229120118335,6.4537456566111836e-06
0.6880000000000001,23.297055589795516,18.03544406492251,28.120931970919276,336.50930963459325,4.221470460849836,19.590237505054862,0.12514791001269732
0.6900000000000001,13.489527612251003,10.639715207289841,30.968854802368874,336.50930963459047,27.995760819013206,31.94614218990101,8.161735177186516e-71
0.6920000000000001,10.021045167528385,7.62456216099035,8.956018023017018,336.50930963458785,32.678488794634106,35.098785461018934,8.75807332450272e-204
0.6940000000000001,11.798517563403173,9.030004456889094,21.950263528987115,336.50930963458546,30.454856702812485,33.759512459265125,4.634783210760941e-123
0.6960000000000001,17.218220553418316,13.316874423859877,16.6969335410713,336.50930963458325,21.31689723771446,28.26242191717945,9.464848429431927e-17
0.6980000000000001,3.303292562779661,3.3546031048675378,18.169467910394907,336.5093096345812,37.79853454347867,37.779011250119574,0.0
0.7000000000000001,15.415261959271932,12.221828207270926,26.723747299995726,336.50930963457927,24.77371548917505,29.87098017367991,8.299056648072159e-35
0.7020000000000001,11.633337690461081,8.153218057806937,8.993442510173995,336.50930963457756,30.67699594527015,34.62164164443935,2.1274179121237348e-129
0.704,11.783574621151132,8.275575282168685,3.473359906973381,336.50930963457597,30.475083766630647,34.50663431922641,1.2653209699421957e-123
0.706,6.734885102384673,4.960541860701225,10.687718673451608,336.5093096345745,35.82940252803407,37.01579048416185,0.0
0.708,8.282786102156505,5.985748970021115,6.725118371732046,336.5093096345732,34.499802991444554,36.37426506595163,1.091363304789573e-308
0.71,9.134239988522593,6.4014135985149005,10.55240427749664,336.5093096345719,33.651138954423594,36.07988137655862,2.480693807972002e-254
0.712,9.786044565213034,7.427693191995383,23.83108361832643,336.50930963457074,32.945072442417455,35.26827676595296,1.561338225652841e-216
0.714,28.412648158349977,21.418543005465487,43.879704288402245,336.50930963456966,-23.29113957822736,10.887075298984888,0.48069505845749977
0.716,15.852416062293328,12.75769807234689,34.49578022355597,336.50930963456864,23.976706870984067,29.101594631641102,2.6460767859405477e-29
0.718,8.804388131629054,7.221329344473629,26.950890798281257,336.5093096345678,33.98980315725708,35.44117085228827,9.259052288022012e-275
0.72,10.953841794146198,8.491260170382523,26.492378275279655,336.50930963456693,31.557321950009417,34.29971757688585,5.90182063627336e-158
0.722,13.573556314600266,10.628003778944443,31.07859024318809,336.5093096345662,27.86468188846188,31.96041704317759,8.975260109434361e-69
0.724,22.482088707889226,17.21725710761954,41.98017661419463,336.50930963456545,7.3361807317782795,21.318869591913604,0.04993487338274641
0.726,7.8413061186888475,6.1437787664946235,22.87561165572486,336.50930963456483,34.9070406485588,36.2646756953482,0.0
0.728,21.28704032521474,16.498241592601236,43.43906098909474,336.5093096345642,11.290954563973205,22.75210598092229,0.004738154933725011
0.73,19.464562115354017,14.953649071478754,45.2960048592271,336.50930963456364,16.275195770790813,25.588338009502635,2.0607372343743625e-06
0.732,12.859260714044174,10.324187555386656,40.2849529994886,336.5093096345631,28.951943808578733,32.32518029380372,1.0202019674080299e-87
0.734,9.735372898844409,7.365718161354379,33.26010516371252,336.50930963456267,33.001718595597154,35.320713251908266,2.411618130063134e-219
0.736,21.414860739761533,15.76182629841095,34.191076304411084,336.5093096345622,10.898480800549791,24.143944736727214,0.006573606053137407
0.738,33.430680745545686,25.342192985666337,46.11771743480148,336.5093096345618,-58.607267647931224,-5.28089875577572,0.4996688447567456
0.74,36.368272204987726,29.181155714107785,39.97164281485587,336.5093096345615,-82.01747165791863,-28.29227332563111,0.49997763744174806
0.742,34.48585751,28.71643244455359,54.22780542852411,336.5093096345611,-66.78879682301988,-25.24846306007642,0.4998708913859042
0.744,37.27213531410558,30.9909143304835,61.50713047086201,336.5093096345608,-89.61749330639213,-40.674961701538486,0.49999067775735917
0.746,45.39682707398505,37.86529700075717,76.95716705133617,336.50930963456045,-166.3094264612958,-94.706439683099,0.4999999986356564
0.748,36.73920926307284,31.875821847783094,75.41017417366557,336.5093096345602,-85.11386989942777,-47.01865282716511,0.49998434325158997
0.75,23.420695316622208,21.95798439515409,65.34776832891544,336.50930963456,3.716000940943598,9.15269667662427,0.13904087970225665
0.752,35.03616223986937,29.3472144014689,81.20060471752738,336.50930963455977,-71.1569173005401,-29.393961855656777,0.49992191831079835
0.754,23.121760791880483,18.376653852088793,65.05644248858816,336.50930963455954,4.922934193948453,18.835532856540972,0.10632233825152768
0.756,24.882696133468198,15.68776201361857,38.97524532842717,336.5093096345593,-2.9398126067869863,24.279863101405923,0.30710465798044123
0.758,29.312605747316187,19.382169844691134,31.01552984811129,336.5093096345592,-29.163757936754315,16.478184950554514,0.49017882845429583
0.76,33.42092507945279,23.720123920879068,15.571834418830404,336.50930963455903,-58.532817482804845,2.4547334280156177,0.49966599409638585
0.762,26.066930373104338,18.467336594662335,19.629807559371475,336.50930963455886,-9.189332405212994,18.63134962215756,0.40304189999798246
0.764,33.223729217000276,24.31312302269602,38.25741760100021,336.5093096345587,-57.03261448240469,-0.199098542805843,0.4996030239809811
0.766,27.785061030653974,20.79358513972794,37.89395000662181,336.5093096345586,-19.33356699455414,12.746788722129647,0.46957049088633396
0.768,22.68813285301103,17.914975456189158,26.92333559425293,336.50930963455846,6.583337197894204,19.851751179470867,0.0656659868683127
0.77,26.811799640589026,21.13188421926518,31.483832827759546,336.50930963455835,-13.4502178648569,11.758605556301408,0.4402619012195224
0.772,30.361321461591267,23.530779612282185,7.411357283018166,336.50930963455824,-36.27517173771645,3.2584285965709943,0.4956686034280147
0.774,16.904172833325784,13.061239478423188,9.794372840347547,336.5093096345581,21.952336170682866,28.65068708387114,4.251060705266131e-19
0.776,18.89205123895507,15.225894547998834,8.570486952973853,336.50930963455806,17.653673434118463,25.111208642245696,3.384408060722621e-08
0.778,43.59281767096446,33.942538725394684,25.67399810415093,336.509309634558,-147.9787326673137,-62.54416739103669,0.49999998874207285
0.78,28.64478443180069,22.832499740541003,15.319901259840995,336.50930963455795,-24.784470163126766,6.0421708955001785,0.48374259205721404
0.782,40.50574482118091,34.0869683323955,32.894254000410825,336.5093096345579,-118.33478384902082,-63.66590839874587,0.4999996582914264
0.784,32.763884838290785,28.443866487491217,30.59323437655916,336.50930963455784,-53.56906179990944,-23.491068470489367,0.49940851761023664
0.786,25.265242459164337,22.878242904974957,27.12648788993644,336.5093096345577,-4.881094119502068,5.868303505645547,0.3434313564983449
0.788,25.68327474587041,22.39781683769827,31.692925264150368,336.50930963455767,-7.088937577339822,7.637628862452626,0.3772788478739201
0.79,20.723980971963023,18.948215221003032,26.408154568181992,336.50930963455767,12.945025327883386,17.521635973415187,0.0008487787659329375
0.792,26.67482495567178,23.11469172569473,36.03612215494978,336.5093096345576,-12.649758913717017,4.950851345386045,0.43454475056010666
0.794,11.838213346725167,11.308396392139127,23.870078870248335,336.50930963455755,30.40099674628102,31.104686951837298,1.4277540354517208e-121
0.796,16.683243966918027,13.515520229495435,29.718023637087036,336.5093096345575,22.390569377297997,27.955305032842958,6.3098421553352085e-21
0.798,24.02479253956647,19.57397877731811,40.607728999463085,336.5093096345575,1.1171043742461648,16.003091328409504,0.21065348905463308
0.8,25.8852260132763,21.679952514066393,45.45885005566419,336.50930963455744,-8.18606184857141,10.062710992604211,0.39145136829391936
0.802,22.388579005436494,19.262911431195185,44.09481143926568,336.50930963455744,7.670449094197306,16.769172352809928,0.04362880593419221
0.804,20.903232963129177,17.792233138270614,45.29447527580176,336.5093096345574,12.431064578611048,20.11563886419816,0.001546840659156635
0.806,18.076695219174205,15.480314193539428,44.41832833066412,336.5093096345574,19.500107223259118,24.65670498152511,1.2311061060882879e-11
0.808,21.16902921559001,17.80108359682211,49.57894330830717,336.5093096345573,11.647503158749263,20.09669631788929,0.0034349293582264517
0.81,10.69141480331673,10.24416792147821,40.28202726811108,336.5093096345573,31.882936420683386,32.41947444192364,4.523784168087972e-170
0.812,8.800364826329162,3.9720318464692173,21.916410632941815,336.50930963455727,33.99385667298576,37.52047872247162,5.155767336106601e-275
0.8140000000000001,14.63998109296537,8.823663483698207,17.768743296964256,336.50930963455727,26.12641847571176,33.970357241745965,8.757483975084791e-47
0.8160000000000001,20.450151142404245,13.991259722082768,21.824465438369025,336.50930963455727,13.70913226113711,27.200413992891352,0.00030490067161857725
0.8180000000000001,25.61650722416471,18.02822608142549,15.205771185872477,336.5093096345572,-6.73049256371991,19.605977452240243,0.37228520160819434
0.8200000000000001,38.143692100749405,28.198603594043725,31.052658236142115,336.5093096345572,-97.12260009821662,-21.928021264781723,0.49999607115348366
0.8220000000000001,35.600747477724425,27.135548865339373,38.484570955776945,336.5093096345572,-75.71039157158691,-15.37032221629979,0.49995377515235295
0.8240000000000001,32.2620389253554,26.37229347089024,44.46583293987042,336.5093096345572,-49.84491129949498,-10.90825808509279,0.4990918676890792
0.8260000000000001,26.681912319409655,22.482365784097958,42.93099264108161,336.50930963455716,-12.690997162940626,7.3351834872699415,0.4348520004866505
0.8280000000000001,27.64036894387325,23.331748908801156,47.590405887316805,336.50930963455716,-18.43848731742196,4.080534278169302,0.46627496236203886
0.8300000000000001,16.457830741912776,14.697696839735835,35.72476972599539,336.50930963455716,22.83042929353008,26.028338420462926,5.912196450091415e-23
0.8320000000000001,10.117189281010967,9.665834368672584,35.34217591908809,336.50930963455716,32.567584524880495,33.07897385686378,1.0476780138502815e-198
0.834,3.1496214298574476,4.223426695624077,29.016630632768052,336.50930963455716,37.85520462548223,37.40272534221948,0.0
0.836,2.0428538980645254,3.138749535786347,28.247605600360334,336.50930963455716,38.18361570340433,37.85911164893753,0.0
0.838,7.886183443738952,5.686099716317031,31.55208462725232,336.50930963455716,34.86666578808184,36.574213032086554,0.0
0.84,15.860746805883803,10.908021852710716,32.87401708649618,336.5093096345571,23.961272387277685,31.614750578148584,3.3082389621341006e-29
0.842,14.742580982007414,10.501862296948604,32.18873761640151,336.5093096345571,25.951775493752578,32.11316102861039,5.070242431322064e-45
0.844,23.986304779007543,17.324952374761832,35.724144277754974,336.5093096345571,1.2891058445236656,21.097506936063866,0.20604000142840634
0.846,24.17997829765913,17.59565157944021,26.77091794306168,336.5093096345571,0.4147426485983064,20.533021097744864,0.2291377395367641
0.848,23.033712356843985,16.772622634371256,3.875716701925897,336.5093096345571,5.268621681018452,22.214137559961756,0.0973278678065359
0.85,27.409988943753977,20.831632050670787,8.769718307784014,336.5093096345571,-17.027509884154973,12.637716761043672,0.4603445851088471
0.852,28.07212762557227,22.51246372870517,13.16670623834627,336.5093096345571,-21.12897596767917,7.226615508635598,0.4752447522977644
0.854,30.576390088225747,24.83315900486738,18.758249585014195,336.5093096345571,-37.7673614687174,-2.6942095301304176,0.4963522846307875
0.856,25.199953115954344,20.96989367904994,16.138640157658294,336.5093096345571,-4.5442808626894236,12.237013462971628,0.3375879924436592
0.858,39.3729644987765,31.853642545948077,35.12126022502649,336.5093096345571,-108.0029559182274,-46.85740530949459,0.49999887734252574
0.86,14.012082707278958,13.051562545845636,11.712781544748797,336.5093096345571,27.16674434099272,28.665231307851364,7.012032676734431e-59
0.862,11.33309877888067,10.902146864765081,10.324278547433705,336.5093096345571,31.072605904143074,31.622096382717125,1.6094781825210995e-141
0.864,11.36688646920442,9.921558467937642,11.354096516166395,336.5093096345571,31.028610603575775,32.79212448837602,4.0717767210668726e-140
0.866,23.16401010749889,19.644974411459973,26.285894061925323,336.50930963455704,4.755486540963816,15.824951407675382,0.11075373733353805
0.868,15.85843993528296,14.483068243730058,20.761654102415957,336.50930963455704,23.965547289471615,26.390968833569346,3.110043632290667e-29
0.87,8.875019244596622,8.934700162083168,14.624269549091823,336.50930963455704,33.91833842006413,33.85750576917847,2.574873299110232e-270
0.872,12.42038282158599,8.288269875961692,10.633490056398646,336.50930963455704,29.589855108183592,34.494603820270534,3.031799471211746e-101
0.874,14.880205706791923,9.831216937269183,12.468033521214478,336.50930963455704,25.715437758138407,32.89432414237757,9.567141250477009e-43
0.876,15.861418523636658,10.799347584118335,14.648752907087204,336.50930963455704,23.960027481280935,31.74998314082584,3.368257597125439e-29
0.878,19.51845402294895,14.154989530297412,21.375369095064237,336.50930963455704,16.141539692202336,26.934240832717965,2.882355876930968e-06
0.88,10.640496737601827,7.692339937143281,13.404340115780691,336.50930963455704,31.945189030463684,35.0394043948743,1.7143984355228914e-172
0.882,7.523969037730367,5.163953689247856,10.179076517162947,336.50930963455704,35.18594500005775,36.89807015458585,0.0
0.884,3.7955504644046765,3.386173888087708,8.394201191621171,336.50930963455704,37.59882492824895,37.766849210690076,0.0
0.886,6.203697272656905,4.882678930128501,11.409456308654173,336.50930963455704,36.22237616708364,37.05959915448477,0.0
0.888,10.802870354430471,8.57663328753492,16.16093479207252,336.50930963455704,31.745620960095955,34.21633831566662,7.508650932712132e-165
0.89,5.127048598291413,4.099644257433325,11.645756914857458,336.50930963455704,36.91977974835809,37.46160829466308,0.0
0.892,13.994672623244416,9.667941678067029,17.20441477956126,336.50930963455704,27.194899141891412,33.076640894867104,2.9969363985486973e-59
0.894,27.86701606109689,21.27567906162402,32.20284423416693,336.50930963455704,-19.84351721003279,11.325519969936567,0.4713024945496007
0.896,20.7027945552292,16.57236662795053,30.348839646069575,336.50930963455704,13.00503501113491,22.60783639369445,0.0007878676934177335
0.898,16.478144312960847,12.778699474355273,28.374725608528767,336.50930963455704,22.791086901685063,29.07074982675358,9.152836644700536e-23
0.9,5.786200613966558,4.843071734384907,13.452569480753338,336.50930963455704,36.508561706314495,37.081617536316614,0.0
0.902,17.780495019493536,13.666886824543605,31.49295992076234,336.50930963455704,20.14074153373061,27.7180941879555,3.3217932187532485e-13
0.904,27.546370883448333,20.612702610677566,43.752111295039825,336.50930963455704,-17.860657273865687,13.258523917382215,0.4639612073302795
0.906,16.128081878092978,12.84400257841601,34.215809439333626,336.50930963455704,23.461004188163518,28.974504587723594,3.0564237558716563e-26
0.908,2.8086267506075906,2.3232295284114546,19.771823650346583,336.50930963455704,37.97131294125174,38.1136626024169,0.0
0.91,18.700815259125733,14.452874972591335,38.4044651884368,336.50930963455704,18.098354115619717,26.44152241270764,6.7067916936286586e-09
0.912,11.012158708999667,8.473507316921033,32.52936600074606,336.50930963455704,31.483877404429194,34.31695061113329,2.402092244944048e-155
0.914,10.87554601820589,8.748265276918966,32.98991488101028,336.50930963455704,31.655306651058225,34.046179281805195,1.6599639661925193e-161
0.916,7.398844856692812,5.770342447585601,29.475225056729474,336.50930963455704,35.29273986669081,36.51903877132775,0.0
0.918,4.462882674904203,3.591818588234433,24.98217001676065,336.50930963455704,37.28384288875429,37.684839759592506,0.0
0.92,16.384388851931785,12.308471504632308,38.42695743667862,336.50930963455704,22.972183061589494,29.748876728490437,1.1845857616216607e-23
0.922,19.179452534025867,15.118717536218513,37.497260920193355,336.50930963455704,16.970867315162046,25.300173837142488,3.0319514810902536e-07
0.924,16.3553395176007,13.329468640522983,36.103838367917874,336.50930963455704,23.028043663517266,28.243091305416645,6.196925504153177e-24
0.926,24.39036135820093,19.377059577903495,42.94422349618849,336.50930963455704,-0.5599163594575542,16.49072196617859,0.2536771778602152
0.928,32.4330479390415,25.679979201289765,56.019715771213654,336.50930963455704,-51.107399532326376,-7.07119474507068,0.4992147195041861
0.93,36.09030034480625,29.013139731981614,67.34450960484772,336.50930963455704,-79.71770774554912,-27.185053691555666,0.49997085864910545
0.932,17.219586303532264,14.218986064395764,38.77688825986494,336.50930963455704,21.314101045950103,26.829309393547543,9.676386994180442e-17
0.934,10.689271818441256,9.904597272215902,43.297653573999916,336.50930963455704,31.885562501741532,32.81138384524575,3.581426679064913e-170
0.936,20.931246483878073,17.06051787997469,58.423635445862864,336.50930963455704,12.349712955552622,21.637852246556196,0.0016910223045883807
0.9380000000000001,14.69783703566167,13.159767884754352,52.87930476671808,336.50930963455704,26.028099668864915,28.501964837786108,8.777447115026918e-46
0.9400000000000001,18.101570773651098,15.284492696593519,58.73561808201602,336.50930963455704,19.44561107778873,25.007269348685842,1.6352263802119717e-11
0.9420000000000001,1.9102942652625747,2.9046776116928985,43.098289619562145,336.50930963455704,38.213560712516205,37.939952539727884,0.0
0.9440000000000001,18.332702813507787,13.306579749211148,45.93277914623564,336.50930963455704,18.933938379899008,28.278208880225165,1.995922415635424e-10
0.9460000000000001,8.521911334330253,6.156337140525672,44.18765069658018,336.50930963455704,34.26987865057108,36.25584415266638,6.72562296701547e-293
0.9480000000000001,21.57801044540847,16.622660586812287,60.2734068904369,336.50930963455704,10.3876787544127,22.509502845012964,0.009690212820007519
0.9500000000000001,20.946635758188275,17.580887549817763,63.71859820442313,336.50930963455704,12.304901350782478,20.56411160059141,0.0017749453254375116
0.9520000000000001,30.683651712761087,25.237244155742008,73.6981881389991,336.50930963455704,-38.515760710980985,-4.7363851932108085,0.4966534143935385
0.9540000000000001,31.10884204758264,25.488901900604674,71.14984849000895,336.50930963455704,-41.50966240282841,-6.051499432033919,0.49762912099190576
0.9560000000000001,33.90051796962522,28.267961946694392,77.73192883384694,336.50930963455704,-62.218703358168,-22.368244087492112,0.4997814957551484
0.9580000000000001,30.706376428115846,25.659182189274468,73.34970966917766,336.50930963455704,-38.67467524494293,-6.959346729579451,0.49671408446861975
0.96,46.6623826707767,38.24964049580781,95.0620792571776,336.50930963455704,-179.61241158440967,-98.04676465812236,0.4999999997050323
0.962,31.09564515255975,27.188028629181648,86.24744466197497,336.50930963455704,-41.41608928154967,-15.68517355539825,0.4976034417361554
0.964,37.32954156563623,33.653188318194125,95.20004453674801,336.50930963455704,-90.10648962054519,-60.31126822197588,0.49999118807916365
0.966,26.543561480496813,25.36464075543962,89.55444134473605,336.50930963455704,-11.889595662265389,-5.3981009750741755,0.4286197561041271
0.968,31.388091984828456,29.05090700040547,100.08785593820103,336.50930963455704,-43.49938211393501,-27.433279245794743,0.49811450951346625
0.97,29.382275453044887,26.87368139564995,103.59292938787594,336.50930963455704,-29.62749447141039,-13.814209833138804,0.4906893304441763
0.972,41.06350412027347,36.00756594187191,120.51900559853216,336.50930963455704,-123.52964372157295,-79.03662523745245,0.499999812106013
0.974,34.731735893704496,31.454391967135216,119.22849770387192,336.50930963455704,-68.73192473795069,-43.9744934119434,0.4998967716878872
0.976,26.89853943032905,25.642644257832462,114.70682813515548,336.50930963455704,-13.960834249494088,-6.870553514757387,0.44364902290038666
0.978,16.711194146623512,15.649084675055903,91.29785205708781,336.50930963455704,22.335520804252887,24.35055257454995,1.096085077544317e-20
0.98,1.8006327790533199,4.415400529888734,88.07692991318967,336.50930963455704,38.236815060944075,37.30793758242668,0.0
0.982,20.49551217142952,19.23464871013531,108.56662434823276,336.50930963455704,13.584244736006886,16.837651729089433,0.00036468737520674505
0.984,17.947648581965773,16.712751374330495,109.87015443422179,336.50930963455704,19.781072638667194,22.332450479409367,2.691927959195877e-12
0.986,17.34923864037797,15.118687109929027,108.1123060876957,336.50930963455704,21.047337882204516,25.300227273191197,7.482932258085357e-16
0.988,15.548718789420482,12.363720207357225,102.9218183526516,336.50930963455704,24.53306845824003,29.67055498872478,4.871616331651316e-33
0.99,30.322154805826067,22.628449584178842,109.71805094399845,336.50930963455704,-36.00464062503971,6.803745279488975,0.4955315803218608
0.992,24.48507001447303,19.743614499760035,109.61401152740245,336.50930963455704,-1.0070464844757194,15.575326613948379,0.26444592297983355
0.994,6.462562400201094,6.724448292768105,102.38382174630938,336.50930963455704,36.03490475560474,35.837435003097,0.0
0.996,18.86083023941805,13.34770678253046,95.66818397947183,336.50930963455704,17.72678565410064,28.215064220350566,2.622123935997685e-08
0.998,17.40474352891515,13.3228534610127,99.03900058350771,336.50930963455704,20.93233121646665,28.253247184080678,1.740918467811243e-15
1.0,18.410595900358302,12.743643302689318,82.94455182421216,336.50930963455704,18.75928998379958,29.122207682973823,4.398233200973811e-10
1.002,21.841097911897236,15.08329282990751,76.73205240818965,336.50930963455704,9.53959025447259,25.362308226517317,0.01697655511836465
1.004,15.008855152404516,11.036317737276722,88.0165099813952,336.50930963455704,25.492349271003288,31.453335647831796,1.0442860638961078e-40
1.006,17.529875509759925,13.667599914197563,92.75467337638243,336.50930963455704,20.67126211548606,27.716970136151463,1.0928438134659791e-14
1.008,17.015175968565465,13.584685198660706,94.43254673500455,336.50930963455704,21.729433165617394,27.847257761534937,3.096582368921481e-18
1.01,15.024617619073144,11.875791620750457,91.58862932881726,336.50930963455704,25.46487145786498,30.34983983659231,1.8311273320291554e-40
1.012,7.275462886077877,5.937890096270467,90.85525936326569,336.50930963455704,35.39628959554444,36.40688979321006,0.0
1.014,8.161934202243362,6.972855105218303,99.92836349658889,336.50930963455704,34.61350595135152,35.642866932810485,8.2300546e-317
1.016,8.420315812096112,5.562974675682065,84.51003381034914,336.50930963455704,34.368367792180365,36.653391768685275,1.4664025138533456e-299
1.018,24.809092291900928,17.857303180605612,70.44078855317986,336.50930963455704,-2.5753760967635095,19.97606140749715,0.2995574919297143
1.02,23.882106969212725,18.78287052148364,78.10022083349048,336.50930963455704,1.7503805855158028,17.908467627919975,0.1935259950815162
1.022,18.34588942103093,15.059489188518903,86.21818340505014,336.50930963455704,18.904451600859343,25.40396946350988,2.2857394189212963e-10
1.024,33.39600965613778,26.542382708987006,76.9883558448943,336.50930963455704,-58.342775252057365,-11.882800505233925,0.49965860571051457
1.026,28.3819906897468,23.045643603184377,81.705228633531,336.50930963455704,-23.095077364485856,5.222036739432858,0.4802546984405649
1.028,16.186119386739964,13.399804025618327,68.30353525779205,336.50930963455704,23.351111998046235,28.134784966655285,1.2374053635165682e-25
1.03,18.279742733656057,13.97769959210578,62.93325343951802,336.50930963455704,19.05203909682363,27.222311538881453,1.1490763007731367e-10
1.032,12.529142852801323,10.423591592699873,68.6104041661057,336.50930963455704,29.43389564359635,32.20701184849818,9.421968296333953e-98
1.034,16.091760487808347,12.422835247469258,63.339360284314004,336.50930963455704,23.52954276065943,29.58635377111318,1.2550521084308571e-26
1.036,19.845741414772043,15.30479169969124,56.597788833901085,336.50930963455704,15.314215438895143,24.971160447767147,1.8712027684035684e-05
1.038,19.989320739761094,16.117463128556135,62.81830271964286,336.50930963455704,14.942394688819967,23.4810604650231,3.906425233070578e-05
1.04,21.2694489739632,16.976817894214904,50.97302400587765,336.50930963455704,11.344452477080978,21.806667119982528,0.004521775500411213
1.042,20.88218192111207,16.70557859825325,53.431660067596546,336.50930963455704,12.492011160712579,22.346589842820652,0.0014454665708950466
1.044,11.739152605927208,9.205240542056353,61.11331854190928,336.50930963455704,30.535059985572314,33.57660358475649,2.5993969357803105e-125
1.046,21.289872582611846,16.184306230063807,49.22345624520681,336.50930963455704,11.282329698349274,23.35455215657972,0.004773762771749655
1.048,35.75840457112179,28.77309778316897,29.055990713513165,336.50930963455704,-76.9949398339157,-25.61644263392774,0.4999601298310886
1.05,45.38196824919836,36.82268631358821,25.272323952526946,336.50930963455704,-166.15540915954966,-85.8150279898245,0.4999999986112483
1.052,33.186602906969355,28.817365446281695,21.30000568885273,336.50930963455704,-56.75117033541782,-25.904532122516034,0.4995899503224199
1.054,38.55938361542828,33.30181939838781,24.48208858394972,336.50930963455704,-100.76328901539709,-57.62562969978635,0.49999741636822437
1.056,20.384929098255522,19.268372072208553,29.30997178186342,336.50930963455704,13.887562271727631,16.75592041235847,0.00023407417104489805
1.058,28.258311731389853,21.981889708164896,38.59551074522978,336.50930963455704,-22.30690795275533,9.072780559575218,0.4783809333152514
1.06,12.336015097756189,10.7250423933823,39.0077731051906,336.50930963455704,29.709875302412062,31.84165836168775,5.099680733635092e-104
1.062,23.996657826622904,18.660656534350075,53.75835571124054,336.50930963455704,1.242923986891459,18.190793141491586,0.20728174561337329
1.064,39.891072231797416,31.638349287781253,55.59477517669457,336.50930963455704,-112.6921328978352,-45.29816691461559,0.49999934568266985
1.066,35.03754822592263,28.750311614742138,59.169811106728886,336.50930963455704,-71.16800624648431,-25.46836404644475,0.4999220179311246
1.068,33.3556735783482,27.99029688197146,60.515814010410345,336.50930963455704,-58.0354147012696,-20.61457557302845,0.4996463087824661
1.07,27.534620374519346,23.965247219515277,57.7966043052615,336.50930963455704,-17.78862908779673,1.3828423540772725,0.4636619391071981
1.072,22.200308920007373,19.636129202642504,54.84149860139551,336.50930963455704,8.32984623139126,15.847214508603102,0.032524658005611704
1.074,15.173668647734756,11.133272533101385,61.49358183122113,336.50930963455704,25.203472823274158,31.330083089028527,3.21961270352638e-38
1.076,35.14275679430611,27.768377727344987,86.85124892585867,336.50930963455704,-72.01103776726626,-19.230019266124316,0.499929230980692
1.078,36.34375066743593,30.246771200007803,88.27885463221502,336.50930963455704,-81.81388584963706,-35.485011797889605,0.4999771071018944
1.08,37.10064854581966,31.6431337407679,92.07279197247044,336.50930963455704,-88.16122257133527,-45.332699779254675,0.49998897613364934
1.082,25.548941111160925,23.096224667116072,86.43549710568877,336.50930963455704,-6.369970679212102,5.0236466840035785,0.3670733567435147
1.084,20.20939806467279,18.000566103381747,85.05290720796883,336.50930963455704,14.361274466058402,19.666210013853007,0.00011018556275178112
1.086,5.736777077758583,5.032489657397347,68.91928514687781,336.50930963455704,36.54111956071565,36.9746933098905,0.0
1.088,14.53130135280643,8.298084068507812,60.12646085787547,336.50930963455704,26.309975632814677,34.485290351660275,1.0283191887326979e-48
1.09,29.845648725959773,21.143584353978568,33.104949142134245,336.50930963455704,-32.74368583374446,11.723667235784285,0.49349583522052737
1.092,33.478622121775295,25.218263131876824,24.08989119892712,336.50930963455704,-58.97344922175974,-4.638513953144714,0.4996825154753444
1.094,62.21253413499255,48.994117771338395,15.638703932118272,336.50930963455704,-372.92631670063145,-205.08038178246022,0.5
1.096,56.85675904982767,46.80020194171523,22.785780715955507,336.50930963455704,-300.11100037472113,-181.08319379804485,0.4999999999999997
1.098,51.93178630463044,45.48996722673731,23.760749674707377,336.50930963455704,-238.93407654447333,-167.2760077090694,0.4999999999996811
1.1,49.40946751444704,44.24915285393553,28.595077369046844,336.50930963455704,-209.74724962433882,-154.56180135837354,0.49999999999081596
1.102,48.784172784698164,44.51438089783649,33.597094305497926,336.50930963455704,-202.73643048858762,-157.24995853765296,0.4999999999794139
1.104,52.13755500347314,49.399346315751316,47.91988745135262,336.50930963455704,-241.37921103337385,-209.6330595722834,0.4999999999997593
1.106,49.29924153060627,48.29502858502582,53.01219150424055,336.50930963455704,-208.5049107064723,-197.31437775366516,0.4999999999894038
1.108,59.344868491403545,56.778717668326365,71.99433087605293,336.50930963455704,-333.1237976114521,-299.09839664825245,0.5
1.11,57.81525842702977,56.54263290464354,78.91304764158436,336.50930963455704,-312.66117944928163,-296.04361385359107,0.49999999999999994
1.112,40.25807564754803,43.41334402925414,65.82268489028667,336.50930963455704,-116.05081949159378,-146.19573278014232,0.4999995555180868
1.114,30.84093323755601,34.63308509403915,57.0261268385914,336.50930963455704,-39.618182167943154,-67.95064453598035,0.497052308643899
1.116,21.04010895657238,27.04873841343995,53.03062607382158,336.50930963455704,12.030852911497,-14.851676261055156,0.0023635895149527034
1.118,19.411726612152023,25.42472084946343,54.77818011129746,336.50930963455704,16.40555220253699,-5.713046201429487,1.4712337705664426e-06
1.12,24.90864558979175,27.78684311409129,62.0189555951422,336.50930963455704,-3.0690066854442053,-19.344633039147773,0.30972430419939095
1.122,32.34045428644083,32.78928275646301,72.8185451436641,336.50930963455704,-50.42297681650082,-53.75908645677847,0.49915033858028907
1.124,29.191608441739298,30.727527898371907,74.09829925261643,336.50930963455704,-28.361405396041572,-38.822699910860806,0.4892286032811399
1.1260000000000001,23.079239546328566,25.189035343755044,69.81572502391714,336.50930963455704,5.09042853204459,-4.488175714513602,0.10193675467847424
1.1280000000000001,26.957772538274785,27.867798899067797,77.47709877434893,336.50930963455704,-14.311152489376015,-19.848398496279017,0.4458625348755756
1.1300000000000001,31.09057270366531,29.466001168257236,82.0320461250193,336.50930963455704,-41.380133899199265,-30.186465142833875,0.49759350070272973
1.1320000000000001,32.21751694844963,30.983184332474277,87.5523036377645,336.50930963455704,-49.517338001546506,-40.620364019882174,0.49905696510439274
1.1340000000000001,33.450511883691036,31.19938539903769,90.51239966168791,336.50930963455704,-58.75867601717466,-42.15277981426529,0.49967456727784604
1.1360000000000001,31.618122818995012,28.938643550860387,88.20058398457972,336.50930963455704,-45.15223720481622,-26.696557510064615,0.498441229770607
1.1380000000000001,25.394161046987662,23.097942490871215,81.58874426130362,336.50930963455704,-5.552620310388718,5.016883406418944,0.35452782207321654
1.1400000000000001,24.2951315165186,20.564011490373215,77.1516362953645,336.50930963455704,-0.11554827649384597,13.394400659914297,0.24266288584417683
1.1420000000000001,37.88242076623026,30.37302753687487,87.70400588916146,336.50930963455704,-94.85454404616588,-36.356100597666725,0.4999948988526844
1.1440000000000001,22.018958241703753,18.564506623560618,76.90707049624443,336.50930963455704,8.948322003400817,18.41081817259909,0.023791384429755084
1.1460000000000001,29.64583741335038,23.450442953393964,71.16275270798258,336.50930963455704,-31.393213533244868,3.5930534367748463,0.4924018452805047
1.1480000000000001,16.71963588991998,14.861970338597366,71.92425277946381,336.50930963455704,22.31887233724796,25.74688985659931,1.293555910262629e-20
1.1500000000000001,19.04114960878538,17.123404084359528,79.7620663195119,336.50930963455704,17.301680323236763,21.510321337238842,1.092577418104044e-07
1.1520000000000001,24.13467259562205,18.870785621424183,73.57703304928386,336.50930963455704,0.6212547925291376,17.703494564411915,0.22376631855098914
1.154,17.013791161997563,13.429305306568077,67.84552925134568,336.50930963455704,21.732225310359738,28.089180389230858,3.0223745534351604e-18
1.156,37.55118574424799,26.938783952818856,43.58736011606768,336.50930963455704,-92.00155652787016,-14.198707040661096,0.4999929153688949
1.158,28.249230239698644,20.215009258652938,40.756901835665346,336.50930963455704,-22.249211761435742,14.346274603134866,0.4782369927726632
1.16,28.850914427469057,23.25747736221608,55.30589950465902,336.50930963455704,-26.123225522872424,4.381397887477679,0.486063765867492
1.162,23.61292495501197,19.322088580882433,55.57724632921086,336.50930963455704,2.912347714271766,16.62519479451827,0.16138388357952044
1.164,23.28312498410596,18.48834720059231,40.86066592992499,336.50930963455704,4.277864706506215,18.583818998785095,0.12361175676355007
1.166,14.131082147388366,10.728122079626605,42.088843433887,336.50930963455704,26.973311394120895,31.837871473294676,2.0830262785041335e-56
1.168,9.111604861417172,4.941439283190109,56.112814155766145,336.50930963455704,33.674778971450195,37.02660253655886,1.0464475230433353e-255
1.17,15.1155685179047,9.813474560811462,46.80198352334841,336.50930963455704,25.305703660107724,32.91428466635227,4.423150152319997e-39
1.172,33.86838860200344,24.371870558319316,35.797762647746886,336.50930963455704,-61.970124524556674,-0.47322242613315685,0.4997751521088001
1.174,32.48996763136042,25.48783709820686,22.49090592696684,336.50930963455704,-51.529118175601745,-6.0458674695225,0.49925193574241
1.176,20.477856918731412,17.0452199405617,32.78066530180301,336.50930963455704,13.632930906535785,21.668785412464878,0.0003402944483083724
1.178,27.1935314081619,21.36534044720838,41.56778028279435,336.50930963455704,-15.718244139694411,11.051322905498049,0.4539198682834682
1.18,21.858070235380925,17.610314135787316,31.455946895299313,336.50930963455704,9.483806088910018,20.502109151372686,0.017556525069093453
1.182,10.030166254370707,8.880454364984166,38.501667677821466,336.50930963455704,32.66801328889588,33.91281537200743,2.6766686839542145e-203
1.184,4.629652076687412,2.0453093203264894,46.077587788214785,336.50930963455704,37.19717270404891,38.18304208129433,0.0
1.186,4.363810675022055,2.2745606264447065,46.24245336181852,336.50930963455704,37.33382442462656,38.126449878151035,0.0
1.188,13.480750329234322,10.763696244993708,41.237118958883585,336.50930963455704,28.00940370472607,31.794048495446038,4.963346022680062e-71
1.19,31.791660584245406,24.934234028490774,36.43568659710128,336.50930963455704,-46.40739509808945,-3.1967637879311033,0.49865096106110934
1.192,36.016868670821125,28.856438841187735,20.281039906411113,336.50930963455704,-79.11312869617191,-26.15926680730874,0.499968758014051
1.194,24.126694619380654,20.545599413412408,14.96255876794837,336.50930963455704,0.6574953553986222,13.44557868969044,0.2228180101687872
1.196,21.50791596338355,18.54195003210557,22.40965628561854,336.50930963455704,10.608515517232156,18.462173702500706,0.008234781593115331
1.198,31.137056232911235,25.39624362314538,20.768320490250705,336.50930963455704,-41.70985514532329,-5.563537938997056,0.49768313958490284
1.2,22.700356116234847,19.00300261443552,6.926175165331436,336.50930963455704,6.537959252580791,17.39219024342628,0.06667676503577923
1.202,25.06108844264149,21.95324738573346,19.977287806628347,336.50930963455704,-3.835360358107817,9.168500524842809,0.324665542414573
1.204,36.1326145580564,30.08201134536487,20.731608729378575,336.50930963455704,-80.0666495531456,-34.35417779221234,0.49997200615265625
1.206,17.89944881929557,15.582172517008347,1.1236437210435448,336.50930963455704,19.885274129316286,24.47237990205696,1.4940241634542353e-12
1.208,26.48534755517844,22.582288080470136,13.008152200006288,336.50930963455704,-11.554688623212066,6.972903539884422,0.42584568176875237
1.21,30.02836063656209,24.67689708811979,19.739873988633562,336.50930963455704,-33.98739656968613,-1.9283832389488265,0.49436348340684383
1.212,31.177853995311306,26.267305891224954,25.21775073088845,336.50930963455704,-41.999668690098844,-10.312740112308088,0.4977591677314852
1.214,32.093214680285975,26.970887742208266,29.46489450016001,336.50930963455704,-48.60521574361343,-14.38889548463858,0.49895254884054524
1.216,18.4178249078103,17.218488085922225,18.892527547859654,336.50930963455704,18.74302371176619,21.31634952313258,4.726679550955147e-10
1.218,18.38508653701034,17.244909537061826,21.381129866490856,336.50930963455704,18.81661099297178,21.26220293283881,3.405188770620435e-10
1.22,30.047677617343613,25.336624994580948,35.573058148553365,336.50930963455704,-34.11937395565765,-5.2518675354874595,0.49444847432064504
1.222,36.0759613488583,30.51726074625949,46.45307740310529,336.50930963455704,-79.59955483289252,-37.35598828853629,0.4999704595350928
1.224,35.329191870814114,30.460030960247494,50.26002794099256,336.50930963455704,-73.51115176881399,-36.95863964983331,0.49994045607239807
1.226,21.42232537561906,19.772263386029888,38.55836690810616,336.50930963455704,10.875353887038596,15.50235557668068,0.006696156953419324
1.228,8.869753928797,8.528065991650218,22.983791646870028,336.50930963455704,33.92368567565399,34.26387407032933,1.2043383470788644e-270
1.23,19.354398287338306,14.168437843711105,24.58828838580948,336.50930963455704,16.54624286053583,26.91223215131769,1.0114024573636457e-06
1.232,21.33567785280231,17.97805839294536,39.99614526282878,336.50930963455704,11.142394788045982,19.715124553513206,0.005380291862191719
1.234,4.661638892533152,5.289705616066692,23.437570952048155,336.50930963455704,37.18018551958543,36.82292573360763,0.0
1.236,6.301672019619226,6.333440106337215,23.470668996925905,336.50930963455704,36.152325036791304,36.129375103528716,0.0
1.238,17.59433392531814,14.46458556659582,37.525807091305246,336.50930963455704,20.53579729163954,26.42192841375264,2.7182024284076908e-14
1.24,32.97777938899942,26.458555775470085,55.91038875707851,336.50930963455704,-55.17405281259971,-11.401019096126683,0.49950830893382603
1.242,16.950341807289384,14.9617103009018,43.645190970815094,336.50930963455704,21.859848371845935,25.57434578613027,9.80924452093477e-19
1.244,16.731030612291228,15.072910374373153,45.88651734322889,336.50930963455704,22.296383728940626,25.380488532033283,1.6163314497755586e-20
1.246,16.650346387486636,10.567264240234378,18.936896968245787,336.50930963455704,22.4552174019801,32.03419635634036,3.2696830575738264e-21
1.248,8.78773866953841,4.532002107331226,19.333624382236632,336.50930963455704,34.006565548333676,37.24830748702711,8.194802772625865e-276
1.25,21.388294498742233,15.065298286213723,22.35347955486171,336.50930963455704,10.980601571545233,25.393809020909963,0.006151841408354105
1.252,24.574574957028368,17.875565991322297,31.176891684310856,336.50930963455704,-1.4343337467951465,19.93675808674326,0.27442935881823277
1.254,15.76856610888162,11.190947237108443,17.137473891062733,336.50930963455704,24.13154005784879,31.256246149543728,2.6941657851205354e-30
1.256,4.435341839250445,3.6799760129797496,23.12456637048178,336.50930963455704,37.29784982419655,37.64820254167095,0.0
1.258,15.671104465049899,12.533773697742086,36.73178105042152,336.50930963455704,24.310331877905448,29.427224107004516,1.7384992242346504e-31
1.26,3.6357942802666665,3.6015227285873372,28.289621880856085,336.50930963455704,37.66667504423041,37.68085035543534,0.0
1.262,22.048022208354734,16.6122843653639,42.88223758634969,336.50930963455704,8.850278912572534,22.529819849697454,0.025065767990239785
1.264,28.950743208709305,22.621916797341278,56.194873687535605,336.50930963455704,-26.775796590154826,6.827754003226393,0.4870720635943265
1.266,28.925446960102533,22.851632092377642,54.368147844985934,336.50930963455704,-26.61018017267672,5.969591176021658,0.4868232874244063
1.268,26.558539262297806,21.543217421003114,58.902322721408225,336.50930963455704,-11.975985558302591,10.497558820318336,0.42931870974555647
1.27,12.60167574318676,10.287416762070794,39.59963511919347,336.50930963455704,29.32910830757274,32.3686025338269,1.7838710666943015e-95
1.272,21.41120951670272,17.22535841650752,47.0563256152112,336.50930963455704,10.909784611938127,21.302280235218877,0.006514314380708542
1.274,10.51261068577214,6.982638305951553,25.91965755162385,336.50930963455704,32.10021771980798,35.635059368259434,1.125274707814088e-178
1.276,11.727994529482993,7.0252164659886525,22.75160869935492,336.50930963455704,30.550088742517033,35.60095174888705,9.736593967452912e-126
1.278,20.092674302611346,14.455077618149659,17.275240231490788,336.50930963455704,14.671213438013053,26.437838276618685,6.442402858208374e-05
1.28,19.141070432314386,13.49466784482801,11.465558665984547,336.50930963455704,17.063099012772568,27.987766841506023,2.2982741997340298e-07
1.282,3.0670485159450096,1.5173317793504684,30.19851151719443,336.50930963455704,37.88454034972418,38.290528627335,0.0
1.284,8.986893405473324,6.633544161670685,35.82029605165005,336.50930963455704,33.80396936210823,35.90686974325456,2.359043362774273e-263
1.286,3.104967551682776,1.7331853776200696,27.735235749327902,336.50930963455704,37.87116562239543,38.25043500655343,0.0
1.288,14.13761326855688,9.74126717756173,16.278303189235153,336.50930963455704,26.962644890797705,32.9951445753712,2.8306748271459845e-56
1.29,36.24371328223465,26.729162193103342,19.749287376668597,336.50930963455704,-80.98476641428228,-12.966426021213914,0.4999748141422004
1.292,21.50842963464363,16.435248808534457,16.099501158719654,336.50930963455704,10.60690478517017,22.874096586884352,0.008244785797329313
1.294,37.426270832617156,29.09910236485837,38.86375296001108,336.50930963455704,-90.9321489149919,-27.750600424659602,0.4999919871387572
1.296,37.62782754170247,29.474694601325595,32.4907733229024,336.50930963455704,-92.65945792508839,-30.244608619978205,0.4999934321659376
1.298,45.03325002701673,36.22571446472586,48.27815109053697,336.50930963455704,-162.55529053734105,-80.83583321625756,0.49999999789801053
1.3,35.42707382471943,30.47815653340407,51.737518163429435,336.50930963455704,-74.30192218572563,-37.084399980859864,0.49994563755799504
1.302,21.827726633348664,20.75353965057656,43.11945395062234,336.50930963455704,9.583445252709211,12.861044854657514,0.016529656098213875
1.304,19.10760627589802,17.896754571949675,43.27531624657378,336.50930963455704,17.143245827069357,19.891086967939923,1.798133299529853e-07
1.306,24.2092647838207,21.01668848898848,36.43763254264146,336.50930963455704,0.2806097450884194,12.099821295094928,0.2325961235303986
1.308,25.889368508187918,22.173952211876248,39.98454211107402,336.50930963455704,-8.208766424151953,8.42073497484363,0.3917276680229965
1.31,20.776166782526154,18.42949179113247,38.20270212264061,336.50930963455704,12.79655442362361,18.716750789171673,0.0010163625327194567
1.312,22.933449472613127,20.167430438457693,49.47429939632627,336.50930963455704,5.656913548156684,14.473168525435053,0.08751432448349072
1.314,18.628001675057835,16.635472590619116,49.88882516124659,336.50930963455704,18.26572310249755,22.48439516923833,3.4935452940508645e-09
1.316,15.154226869075922,14.36544812026853,48.20875295617538,336.50930963455704,25.237729982072857,26.587266765263827,1.6640688929930482e-38
1.318,21.364461729919363,18.644407063031707,52.30124347393807,336.50930963455704,11.054025945920376,18.228105628875664,0.0057921036739800825
1.32,32.35776457701442,26.259858832136704,58.7149342795464,336.50930963455704,-50.550777822821225,-10.270676297679717,0.49916274864698157
1.322,39.10186950608897,32.23577013734051,72.65093606476984,336.50930963455704,-105.5738182315024,-49.6515813017729,0.4999985150762399
1.324,28.47929780928548,24.828877102578563,71.48588313514439,336.50930963455704,-23.718318905735487,-2.6730435106435895,0.481620850516761
1.326,25.90433885147531,23.14589685110072,71.87418160297511,336.50930963455704,-8.29088334298855,4.827400525572346,0.39272141879151434
1.328,6.354620396214727,7.5794334505135845,52.90253336174385,336.50930963455704,36.114009796986316,35.1380310806335,0.0
1.33,19.64767036506947,16.127186871269124,63.896635634740086,336.50930963455704,15.818161850174754,23.462695237628868,6.23766271943254e-06
1.332,21.86760562839277,18.642257634992525,72.11701365332198,336.50930963455704,9.452407084629819,18.23303728617483,0.017888663755798298
1.334,16.039623956968196,14.033707320373418,67.48403620717892,336.50930963455704,23.627609845841814,27.13172244023019,3.427251804799069e-27
1.336,27.915185388808318,22.310041181878855,78.29793927588918,336.50930963455704,-20.144228521491627,7.947707194561363,0.47227741878931273
1.338,40.69211725588595,32.62894449773169,97.5944631974789,336.50930963455704,-120.06271649906452,-52.56195167011069,0.4999997199347388
1.34,19.90311025239811,17.775443792138415,81.50096442049971,336.50930963455704,15.166322402592181,20.151536769951022,2.5257774188546782e-05
1.342,20.428957343187264,18.48483474515343,82.72998501365377,336.50930963455704,13.767259194734018,18.591770823129615,0.00028005526880684893
1.344,25.733059549654733,22.152966668994736,89.51431935558128,336.50930963455704,-7.357606832128742,8.492855724363743,0.3809018477091156
1.346,7.815491539898499,8.847541965168636,73.84598583858752,336.50930963455704,34.9301605754558,33.94620820013129,0.0
1.348,6.617911088718736,7.419741674066907,72.93796437956938,336.50930963455704,35.91871524882018,35.27502910197078,0.0
1.35,21.869487995620318,14.561179263053285,48.9999283640063,336.50930963455704,9.446203684249985,26.25965939303247,0.017954769955912844
1.352,28.060080150881525,21.25202260769176,67.01918102645492,336.50930963455704,-21.05311524265907,11.39732721259762,0.47502788089449716
1.354,31.143026979376568,23.588190191162393,56.57376017507914,336.50930963455704,-41.75224461932699,3.016974041852614,0.49769441881450277
1.356,49.69536338527538,39.772858870810566,50.29146575840829,336.50930963455704,-212.98246607381952,-111.61683520115368,0.4999999999936719
1.358,56.79600050893561,46.82839504859278,45.26666363765052,336.50930963455704,-299.32252532489144,-181.3845999327781,0.4999999999999997
1.36,51.35189021585626,44.867159606283685,60.66576803791607,336.50930963455704,-232.0952356069586,-160.8503592152981,0.4999999999992991
1.362,30.926063343971155,29.776957755555625,44.7500263965171,336.50930963455704,-40.21735570417814,-32.27828007451522,0.4972487893730531
1.364,26.48315065778039,25.78967589165854,39.838111111781934,336.50930963455704,-11.542076815741298,-7.664577521795083,0.4257391846833741
1.366,28.147821273726127,26.44716840722686,49.921311717048404,336.50930963455704,-21.606611800272574,-11.335793897567699,0.4765677207433824
1.368,41.02671653078375,35.87150893544482,72.67645055228553,336.50930963455704,-123.18482302159575,-77.91998433503352,0.49999980449677905
1.37,27.939787360896894,27.341886175817713,68.79178037416294,336.50930963455704,-20.298093037803003,-16.613833962859903,0.47276341729986404
1.372,21.882255223041593,21.158265005261647,72.79204175040347,336.50930963455704,9.404085541134835,11.679754158324616,0.01840785606561094
1.374,20.06832911375013,19.07652908042699,73.35799337805868,336.50930963455704,14.73536253504175,17.21745486917453,5.7386306675089846e-05
1.3760000000000001,21.382175531124997,20.636023984683632,60.28202410750336,336.50930963455704,10.999475188809118,13.193166063144378,0.006057823653678049
1.3780000000000001,14.930854378045481,15.476016843820316,57.05922170319514,336.50930963455704,25.627859164651262,24.664451715154666,6.212963050453625e-42
1.3800000000000001,12.921079731020791,10.746414535147936,41.639567797421,336.50930963455704,28.86025466131302,31.815355764244423,6.2390285675333576e-86
1.3820000000000001,14.339398487018311,14.004273960773014,55.15628348629508,336.50930963455704,26.630509771779074,27.179376870509767,2.757046885359139e-52
1.3840000000000001,11.874363590041648,11.342864386750193,46.88320724283532,336.50930963455704,30.35178689936957,31.0599036752561,3.153096887730285e-120
1.3860000000000001,26.56184162426428,23.337251612337358,64.6581051321665,336.50930963455704,-11.995045319285039,4.0581161085221575,0.42947201219607617
1.3880000000000001,36.92211219486193,31.104829429841796,70.12573781026255,336.50930963455704,-86.65222406094499,-41.481206390437805,0.49998688452980433
1.3900000000000001,45.02553265488935,38.388695238159876,89.2925420026458,336.50930963455704,-162.47593154436635,-99.26359905016565,0.4999999978787176
1.3920000000000001,31.369304962372485,28.459152086389814,86.0396259321959,336.50930963455704,-43.36494130023782,-23.589063358242328,0.4980850989586976
1.3940000000000001,44.06328746191526,38.60788249880941,97.75319428883247,336.50930963455704,-152.68757927723794,-101.19062031327893,0.4999999934533955
1.3960000000000001,20.13999342465097,20.21451466945912,82.40708757818834,336.50930963455704,14.546042722067584,14.347597114841747,8.036670326937562e-05
1.3980000000000001,5.907446382864715,9.383490647347854,71.91512334754523,336.50930963455704,36.42750638803866,33.3869206198137,0.0
1.4000000000000001,15.846886257395482,9.825767428194775,49.35839083966863,336.50930963455704,23.986946882425233,32.900458814144486,2.280670060622495e-29
1.4020000000000001,11.500898574092254,5.125074133669777,53.2905886712518,336.50930963455704,30.852801073379187,36.920936844610694,1.1944385179201099e-134
1.4040000000000001,5.856443492992231,5.113987200782186,68.40711077674567,336.50930963455704,36.46180794776314,36.92742583942745,0.0
1.4060000000000001,11.837257142487578,9.591770402379256,74.44694079776058,336.50930963455704,30.402296310152916,33.16064329862212,1.3150781382737888e-121
1.408,16.462809723489883,10.07228403538116,64.58510440000671,336.50930963455704,22.820791623516868,32.619516626227764,6.582687222938104e-23
1.41,24.067318054672768,15.50883233496162,51.09720046271211,336.50930963455704,0.926043828095825,24.605234852757576,0.21574039609277149
1.412,20.32562673236804,14.058079621704483,42.598545421781445,336.50930963455704,14.048650439260975,27.09218203798144,0.0001827382392117839
1.414,9.969083056260153,6.755251005068509,66.38833940790663,336.50930963455704,32.73798357867884,35.81369239206643,1.4606604239127856e-206
1.416,2.805064603998927,2.940598411826902,60.78231733300492,336.50930963455704,37.97245569258771,37.92795351011792,0.0
1.418,6.120087045598964,5.676238362798295,63.8086891726252,336.50930963455704,36.28128747400845,36.58061855278813,0.0
1.42,6.267162921294421,4.9577686383925625,67.21356768889943,336.50930963455704,36.17712416437488,37.01736271755675,0.0
1.422,11.417731421217447,9.33216567819248,65.95032440268848,336.50930963455704,30.962154059420786,33.441912775733755,5.0406873836287574e-138
1.424,0.9192751422035151,0.5865511323701195,60.4909484102903,336.50930963455704,38.37379809481269,38.402427482441524,0.0
1.426,17.211325758546767,12.485407351559878,66.06037442722706,336.50930963455704,21.331009024566097,29.496779275577644,8.463959460263812e-17
1.428,8.125542614814554,6.198221904223021,62.46090651926281,336.50930963455704,34.647416213153186,36.22625857675702,2.8284e-319
1.43,19.352380903232362,14.269626632992106,45.97381146248615,336.50930963455704,16.551179674323485,26.745920052446458,9.979761205787331e-07
1.432,2.4090504097481054,1.961823186360491,59.01047484579043,336.50930963455704,38.09045435109284,38.20215903413529,0.0
1.434,20.96463757103048,15.76200298816068,64.1408693511042,336.50930963455704,12.252372889247173,24.143619614905127,0.0018775425934055188
1.436,24.775823677550665,18.622208590233086,69.50469953167915,336.50930963455704,-2.4116349511193427,18.27899392208465,0.2960907923971928
1.438,21.877604146964813,17.115099178124197,78.52140140228272,336.50930963455704,9.419437853361018,21.527197779621318,0.018241843251672645
1.44,24.30133845453259,19.717212809329613,82.82038923821243,336.50930963455704,-0.14435125419004624,15.642385170970297,0.24338590119931905
1.442,15.531305762258551,12.650012781198223,64.21017117929786,336.50930963455704,24.564599404996542,29.25893087003071,2.893606651451082e-33
1.444,11.105235467826482,9.306836051987547,63.594412724029596,336.50930963455704,31.365837212259024,33.46894036085553,3.0444131652204465e-151
1.446,9.959689969548588,8.634612283152613,70.86226292016573,336.50930963455704,32.74870504479862,34.15923570667023,4.5698333112867276e-207
1.448,31.473675843739766,23.99679969384386,61.78206290102495,336.50930963455704,-44.112877846272895,1.2422907207359235,0.4982430889600022
1.45,40.49882435013696,31.525582201892274,65.51281984745783,336.50930963455704,-118.27077416258578,-44.48580195851331,0.49999965576394195
1.452,37.52069760143934,30.650585364623478,74.46737284513901,336.50930963455704,-91.74021605541552,-38.284749481148815,0.49999269896777704
1.454,38.00351762221911,32.91356459358198,77.16840253915554,336.50930963455704,-95.90382867780278,-54.69109811164409,0.49999547932137556
1.456,48.98339372403188,41.76562312139671,78.68716384165917,336.50930963455704,-204.96040816328647,-130.17004622989523,0.4999999999840642
1.458,48.4378951234397,42.563647070434754,87.09230190900449,336.50930963455704,-198.89237220131022,-137.8541794028678,0.4999999999679538
1.46,25.561965696975584,24.451898714496874,56.063202955913205,336.50930963455704,-6.439293462153309,-0.8498540993897463,0.36809049390492987
1.462,32.73874780839533,30.31436572960196,72.15029502456966,336.50930963455704,-53.38113580440722,-35.950884893406965,0.49939558099494746
1.464,38.53954679662115,34.47390377843634,83.26263173527967,336.50930963455704,-100.58865847426917,-66.69468170559539,0.4999973638984027
1.466,34.56219522850042,30.63489898294658,60.569744901273914,336.50930963455704,-67.39059703152559,-38.17525217766517,0.4998795338003631
1.468,27.206488051940674,26.100827478918323,60.44838455814294,336.50930963455704,-15.79615329635045,-9.37813889747202,0.4543295311939183
1.47,20.663093326037966,20.594301573717065,57.71014748294945,336.50930963455704,13.11707701114965,13.309965339994543,0.0006838267143187424
1.472,20.04493952385622,19.51769489354516,58.372435993684455,336.50930963455704,14.796835131791637,16.143427298118233,5.1286140055862886e-05
1.474,22.912685857484067,20.486024178312835,51.97366536816343,336.50930963455704,5.736618845105179,13.610421234536389,0.08554275212016085
1.476,25.116976744828264,21.56985801871734,48.71817673713583,336.50930963455704,-4.119448371654307,10.413471664228407,0.32994657297827457
1.478,33.67789444066501,27.890742004172406,42.646048013283284,336.50930963455704,-60.50117341759618,-19.991542696361893,0.4997337213387204
1.48,27.556211931980016,22.909066727346378,38.94731461484219,336.50930963455704,-17.92101612499739,5.750486903745571,0.4642101023228185
1.482,25.399812663816665,22.300731492325507,38.495554452133916,336.50930963455704,-5.582253271122717,7.980363819279654,0.355000815763842
1.484,15.26117824797848,13.404374610091267,35.19256977907664,336.50930963455704,25.048676674790915,28.127726371646528,5.961222230653985e-37
1.486,21.869582691131114,19.880798504637156,51.72289308029831,336.50930963455704,9.445891568872996,15.223945880540384,0.017958100244054347
1.488,16.086867063202774,14.560199033361506,40.80599238796058,336.50930963455704,23.5387628871963,26.261311923759276,1.1122385325797467e-26
1.49,8.201934180554387,7.637008676959223,38.77463938124701,336.50930963455704,34.57605787633531,35.08792039850265,4.11220173e-314
1.492,10.463210452513959,10.212835537348708,45.29296749136566,336.50930963455704,32.15959535588048,32.456194344376,4.2088271029520767e-181
1.494,21.398533553427065,17.952439445593793,62.856318726132436,336.50930963455704,10.948985359378565,19.770693571393554,0.006311763617314445
1.496,19.990304019572413,17.46601623748077,68.08673118872207,336.50930963455704,14.93982885311349,20.80480731006871,3.925510891960088e-05
1.498,18.468391901291085,16.619097512681865,57.747768822098884,336.50930963455704,18.628964296798642,22.51648121027246,7.77489356823099e-10
1.5,20.985869241593118,18.384133213719995,68.55687721007698,336.50930963455704,12.19026736482035,18.81875079624428,0.0020049135487797656
1.502,21.423203692041376,18.348013172782313,60.72548930265964,336.50930963455704,10.87263117188105,18.899699624124985,0.006710695145979788
1.504,32.82310993908157,26.875476374617882,67.18532883961664,336.50930963455704,-54.012409358015645,-13.824789665112062,0.4994379506415575
1.506,18.860352859342346,16.46708933992753,58.160692302191414,336.50930963455704,17.727901989612388,22.81250489657035,2.611842019134332e-08
1.508,17.562059279373948,14.769414247258394,48.03458810163265,336.50930963455704,20.6037093279301,25.905882812727874,1.7274812809448367e-14
1.51,18.946127521766794,15.598503362494027,45.61597365106908,336.50930963455704,17.52655592040657,24.44270063094821,5.222996856516734e-08
1.512,20.055516618246823,14.713546174708855,29.390622934342474,336.50930963455704,14.76905555143075,26.001331635260613,5.396817555891834e-05
1.514,10.391672787364678,8.745268361717478,40.50933856112722,336.50930963455704,32.245080603829294,34.049179533033104,1.178080423686007e-184
1.516,5.449538559199652,4.930912004130814,43.91002897203607,336.50930963455704,36.724804120697186,37.032543129657924,0.0
1.518,12.448909659399337,10.755257872642852,48.07944536311391,336.50930963455704,29.54908335876106,31.804456810261282,2.5516922145027346e-100
1.52,11.662836337295413,9.829010018606226,46.70770722786679,336.50930963455704,30.637559216589352,32.89680894830472,2.998027991588725e-128
1.522,22.461069355771432,17.956019441232677,58.56382618557485,336.50930963455704,7.41171562996276,19.762935175515242,0.048471569775520085
1.524,29.390063943892365,23.94282515718116,53.142915895729644,336.50930963455704,-29.67941515633501,1.4823653607086318,0.4907448098097555
1.526,25.877033273836975,19.953024829662958,26.10738874773477,336.50930963455704,-8.141181684356031,15.036920367243463,0.3909032390968036
1.528,31.665638476532184,24.445979787228225,13.725719561822299,336.50930963455704,-45.49520482320852,-0.8218718760864241,0.4985015791561021
1.53,22.360334571130444,17.096162308336112,16.356331081982052,336.50930963455704,7.770523194976912,21.56564028264695,0.04182757258123719
1.532,16.358216904478397,12.901493481020333,20.3199073166665,336.50930963455704,23.022515842093373,28.889353899228418,6.609704146808676e-24
1.534,9.905368110697731,5.783740531507258,43.67726935513453,336.50930963455704,32.81050928241109,36.51018890332767,5.326542430362108e-210
1.536,16.125365854362823,10.939583680501865,30.744566557430165,336.50930963455704,23.466135576286966,31.575218557208913,2.8607634969166484e-26
1.538,8.689818083914815,5.7388689505410895,32.866983792104705,336.50930963455704,34.104505189455104,36.53974720227903,4.77566094912364e-282
1.54,14.0557492582157,10.027917603359104,29.59070469709428,336.50930963455704,27.095965843805526,32.67059674193067,5.800034962303276e-58
1.542,17.843431489821082,12.774086211279153,31.931079075510134,336.50930963455704,20.005876732300557,29.07752982061545,7.426580245774644e-13
1.544,27.72391563975841,20.572256201799433,35.7778645375465,336.50930963455704,-18.954492608122557,13.371447866333948,0.46821587842853685
1.546,17.619036482353824,13.436988870831547,23.933011832759288,336.50930963455704,20.483703855448447,28.07728557449189,3.830495329499196e-14
1.548,22.71086117986908,17.429138961589352,31.08093423789457,336.50930963455704,6.498895104091229,20.88162966186484,0.06755222583879805
1.55,27.108309727019602,20.41688036946012,33.1899302468784,336.50930963455704,-15.207290007859564,13.800318744000053,0.45114145386227933
1.552,19.760290815889164,15.830063270567198,40.48592860056823,336.50930963455704,15.532876705543309,24.01807427079214,1.1792021766911617e-05
1.554,0.2993153956957849,1.4744675815677106,30.609928334394002,336.50930963455704,38.41696726524311,38.2978566795053,0.0
1.556,19.26128876026729,13.965936796310585,51.48373888823277,336.50930963455704,16.773108951455534,27.241288491305205,5.389344499094188e-07
1.558,15.074206311411206,11.174584932842935,48.64527880007641,336.50930963455704,25.378220019321752,31.277233007305636,1.0516764127965817e-39
1.56,31.603105260766217,23.79547302445204,67.27976061851051,336.50930963455704,-45.04395082435644,2.129020314393909,0.4984216751518474
1.562,16.570137448662752,12.756514503038366,55.67777475706764,336.50930963455704,22.612186458804274,29.103331385176023,6.360797465014882e-22
1.564,21.133909768109117,16.385992639026856,61.02653617806407,336.50930963455704,11.752560731062598,22.96909560702478,0.003109733131924474
1.566,21.08620235250023,16.822020370701892,51.10043023882473,336.50930963455704,11.89451740738187,22.11612797460014,0.0027090586517802715
1.568,24.74815831348022,18.834142928198798,33.14787282845301,336.50930963455704,-2.2759402690541974,17.789120406404933,0.29318233754921863
1.57,27.53646830171755,21.94565615553238,38.69376434343162,336.50930963455704,-17.79995345844705,9.193804683202014,0.4637091536793928
1.572,26.139319373721158,20.952400058532035,40.5118721655671,336.50930963455704,-9.59315495965426,12.28809426047945,0.4073645324589088
1.574,13.294686227617232,11.568407835087408,45.18675073098932,336.50930963455704,28.29643186943845,30.763442449726156,9.791172855473195e-76
1.576,13.23420017137534,10.88789121297734,31.168080757941382,336.50930963455704,28.38884500309906,31.63990430593643,2.5634600617132406e-77
1.578,13.66648074803526,10.699169037707012,30.73984914858978,336.50930963455704,27.718734263762297,31.873429687940984,1.4281038165675193e-66
1.58,8.861713563771778,7.552934390904941,44.94364440150451,336.50930963455704,33.931845012589655,35.160966787534285,3.770593746205981e-271
1.582,14.536531841031948,11.72038980190529,50.75050074423477,336.50930963455704,26.301175192567065,30.56032316677586,1.2780172131605128e-48
1.584,31.137579629900287,23.9881458266396,73.43524182880667,336.50930963455704,-41.71357067749737,1.2808980989201622,0.4976841304369807
1.586,22.21571844610209,17.197448137929996,66.39898784163424,336.50930963455704,8.276547812284331,21.359390581744158,0.033354252522345744
1.588,32.11189016866161,25.404967093293546,79.17442432000598,336.50930963455704,-48.74202581682455,-5.609293449674971,0.4989689177902
1.59,36.13270900258648,28.641918874439398,88.5506338704057,336.50930963455704,-80.06742884235607,-24.76594274785441,0.49997200866412317
1.592,36.950354123892986,30.061857906577007,93.4556541202203,336.50930963455704,-86.89044150163079,-34.21631556226663,0.49998723934424516
1.594,16.341171697210374,15.486727412394215,74.2533156029876,336.50930963455704,23.055244954836063,24.645139534416977,4.5066116472770176e-24
1.596,3.9778155854704593,3.0353167556020098,57.20094598036231,336.50930963455704,37.51785084565264,37.89560637770616,0.0
1.598,2.578939949045399,0.6093544753195612,57.315280332802224,336.50930963455704,38.04202879230944,38.400869196043395,0.0
1.6,4.642215073121774,5.209558828280066,64.66166303279141,336.50930963455704,37.190514851515765,36.871027434321675,0.0
1.602,17.38133687539803,11.362364596783097,50.36475866990292,336.50930963455704,20.980889244427175,31.034506292272695,1.222120393251012e-15
1.604,27.631587099161788,18.82662087337411,39.10169065662459,336.50930963455704,-18.384380207735376,17.806663393864458,0.46606473034838675
1.606,12.976702058307266,8.98845254813302,45.84082001573064,336.50930963455704,28.777367870635736,33.80236527370022,2.3877491465515944e-84
1.608,19.350497150599733,14.696345940112272,53.89040556868632,336.50930963455704,16.555788613250705,26.03063885645083,9.855893788501042e-07
1.61,19.10000758063733,14.925636343615704,72.66980606107515,336.50930963455704,17.161410295197825,25.636896869114434,1.6998126220835797e-07
1.612,36.69714513022402,28.72418267796593,95.86904866677769,336.50930963455704,-84.76115914741061,-25.298739639590686,0.49998369438775087
1.614,21.012646599486615,16.46660849376364,79.13571841946028,336.50930963455704,12.111703167738796,22.813436099878245,0.002175818792419264
1.616,13.918104887775641,9.974162776003535,65.03909462952504,336.50930963455704,27.318282071279114,32.73218123412939,6.767992957574576e-61
1.618,3.8834277319451216,2.303665428295232,60.13818987188785,336.50930963455704,37.56025835298952,38.11883542053225,0.0
1.62,17.53526719410854,13.70930640755499,81.4118039006929,336.50930963455704,20.659956793291222,27.651120669819264,1.180456619101441e-14
1.622,19.9841367876792,16.079062435920005,84.65655002721061,336.50930963455704,14.955917600130626,23.5534615014569,3.807187083056514e-05
1.624,15.007633249618676,12.087911039141217,76.91769887578965,336.50930963455704,25.49447802518731,30.05796790729661,9.996778434535233e-41
1.6260000000000001,24.588457903599178,17.484827024642634,63.005526755273294,336.50930963455704,-1.5010183030373636,20.765537327114828,0.2759596830118574
1.6280000000000001,18.140902877368532,13.250935517019373,60.16212875554044,336.50930963455704,19.35921991773658,28.363319882886152,2.5464513015517717e-11
1.6300000000000001,18.982784953556816,14.211395593307325,56.90790683328779,336.50930963455704,17.440032981321366,26.841781357867948,6.96874710407277e-08
1.6320000000000001,6.461115857402656,4.466978624447302,59.01890022609601,336.50930963455704,36.035973673557926,37.28175232760483,0.0
1.6340000000000001,8.333682038701058,6.357947606413871,63.08644919211887,336.50930963455704,34.45141575012911,36.111591392556306,2.695587643505831e-305
1.6360000000000001,3.601265391380239,3.1085399414696604,66.79551714170064,336.50930963455704,37.68095628659397,37.86989710334756,0.0
1.6380000000000001,11.521607477112138,8.226216121225209,60.457431123725364,336.50930963455704,30.82544630723593,34.55323543241934,8.093944547493473e-134
1.6400000000000001,13.214401015517677,9.498061165727398,62.69967862375852,336.50930963455704,28.418999825642615,33.263068827315195,7.678989727758866e-78
1.6420000000000001,11.032242913343028,8.05587335512129,63.165447546352226,336.50930963455704,31.458491782111263,34.71191089509152,1.872328199698328e-154
1.6440000000000001,17.043660751687852,12.457123056001448,71.2198292444664,336.50930963455704,21.671936185142535,29.53732662309521,5.085460428254246e-18
1.6460000000000001,18.066084250023682,13.958611296619475,76.86977661146969,336.50930963455704,19.523319922438958,27.253098213099808,1.0897357200188738e-11
1.6480000000000001,24.853880253604014,19.286040116749223,92.41145056965736,336.50930963455704,-2.796780341167545,16.71299653161215,0.30417032816136547
1.6500000000000001,31.718559226949758,25.80273629398925,103.33802103381656,336.50930963455704,-45.87780975013905,-7.735605307075508,0.4985661502482851
1.6520000000000001,18.480975831453645,14.413147563967549,75.52574603023203,336.50930963455704,18.600504270080037,26.507867057744186,8.785512417930072e-10
1.6540000000000001,9.183635650969297,6.610993992261224,69.60560285738295,336.50930963455704,33.59934553440584,35.923947542154636,2.403055696227378e-251
1.6560000000000001,21.836101818408665,16.52756947934012,72.27964080781173,336.50930963455704,9.55598600749131,22.695118521832388,0.016808546432970865
1.6580000000000001,29.403993594523648,21.38236355989599,54.38638806602097,336.50930963455704,-29.772314287538112,10.998895453273294,0.4908432529808748
1.6600000000000001,24.52663192414181,18.624763920905025,64.49711260930621,336.50930963455704,-1.2048900553535555,18.273140976990184,0.26910646378126407
1.6620000000000001,30.167943944078242,23.498379352562605,66.27926013735924,336.50930963455704,-34.94314147239496,3.3938405654585804,0.49495075552413165
1.6640000000000001,39.32007001403281,31.606027556932737,55.1528329815762,336.50930963455704,-107.52767874329632,-45.06501833337312,0.49999881420086056
1.666,27.810231176000023,23.814577601133966,57.65599531124772,336.50930963455704,-19.48995739410632,2.0459035268727206,0.47011244841325567
1.668,37.469054060837706,31.36348544339178,54.78278690356752,336.50930963455704,-91.29801861718411,-43.323313455498,0.49999231764915425
1.67,25.489058184501058,20.512851532008494,33.088032496519126,336.50930963455704,-6.052326097813548,13.536332449924714,0.3623200096048272
1.672,17.687090093121906,15.447868101792809,40.93519917721589,336.50930963455704,20.339673517389073,24.71513522305201,9.685298787680385e-14
1.674,34.16278138732854,28.301412698086445,52.33725926964595,336.50930963455704,-64.25663960392592,-22.58106769680846,0.49982719230626416
1.676,30.27882043670834,25.626305623172488,47.74272262937886,336.50930963455704,-35.70576068442942,-6.782960506307672,0.4953751536829135
1.678,23.898549878437056,22.071818738112942,48.82702440785595,336.50930963455704,1.678015106710296,8.769701684229684,0.19550161000126764
1.68,38.69142588951908,33.024643743049104,66.57055576990662,336.50930963455704,-101.92799394716047,-55.52711634456911,0.49999774058831414
1.682,35.89547704960299,31.40529579715095,72.8813672988334,336.50930963455704,-78.11638735004554,-43.62256647694737,0.49996495906387334
1.684,34.27232149504268,29.585630015144808,85.56733354691688,336.50930963455704,-65.11249695769402,-30.988280542605228,0.4998434077699666
1.686,32.07781185679064,26.46500756057391,91.49537422603895,336.50930963455704,-48.49244117186771,-11.437997660306982,0.49893886046037067
1.688,23.42548372167812,20.01060323727885,85.8770939017096,336.50930963455704,3.696245348218614,14.886798608639051,0.1395875132122905
1.69,37.98196507072531,31.404803308888226,104.47829440086929,336.50930963455704,-95.71683430964032,-43.61903914490596,0.4999953809426709
1.692,14.687739350749021,15.20244889242513,82.54646763338197,336.50930963455704,26.04528957968458,25.15267192436815,5.88816039944889e-46
1.694,32.49289169583807,28.525882805759966,99.86027368053672,336.50930963455704,-51.550802873724486,-24.01765550813543,0.4992538009856152
1.696,30.3414389941938,26.83153986447991,100.74431897138498,336.50930963455704,-36.13779301189624,-13.566172825669948,0.495599554865021
1.698,36.99966486660797,32.3735793899277,106.81500035691106,336.50930963455704,-87.30680876990327,-50.667598562236186,0.4999878366100703
1.7,35.652459968842365,31.7328135369852,108.1614490664429,336.50930963455704,-76.13110505977751,-45.980977372283654,0.4999559607601501
1.702,23.547168722754712,22.362439129212067,95.70136618116165,336.50930963455704,3.1896978486283385,7.763080593309218,0.15365832170119784
1.704,14.981653301806462,15.101960174729529,87.38253996479966,336.50930963455704,25.539694434598395,25.329585971404548,3.9351053895050917e-41
1.706,11.917838499924224,6.277681970815309,70.19511206902472,336.50930963455704,30.292403501951803,36.169579354450434,1.2606171931801486e-118
1.708,25.926926259022828,20.79793456772098,76.51532895324748,336.50930963455704,-8.414977494488816,12.734345551323965,0.39420675069453964
1.71,34.75369707529283,27.984434265966836,87.25107372059462,336.50930963455704,-68.90615284726609,-20.57780116098918,0.4998988216900145
1.712,22.63854717035466,19.803192545509425,82.53719824395829,336.50930963455704,6.766590364506206,15.423335402554786,0.06165326269613076
1.714,29.99459828231713,24.150251914984736,67.88682216224227,336.50930963455704,-33.756948839042934,0.5503769338378449,0.49421194846955113
1.716,37.135198089872226,29.994400642175343,74.97114270312109,336.50930963455704,-88.45407797299254,-33.75560066705536,0.49998934162075254
1.718,28.79057322988813,24.112023829897545,68.35768157328417,336.50930963455704,-25.730106367056592,0.7240410431410778,0.48541880824643835
1.72,32.59830431877085,28.496400050078563,73.50863653796026,336.50930963455704,-52.33385912385843,-23.828138873390323,0.49931812950231863
1.722,25.902263111403062,22.685540077875938,62.13711183451495,336.50930963455704,-8.279491100740247,6.5929522534415606,0.3925840726224623
1.724,25.37334369364041,21.547812503391043,54.975293554512106,336.50930963455704,-5.443609079897943,10.483076831246914,0.3527758221726594
1.726,11.493716519329567,11.550238391286923,63.31692221992357,336.50930963455704,30.862276290561947,30.787544762712727,6.139038362081031e-135
1.728,16.89718384854562,14.859768015649522,58.57539391805849,336.50930963455704,21.96630926240456,25.750685549779494,3.7408206317521235e-19
1.73,40.077912845988116,33.01586897166708,74.61650327029122,336.50930963455704,-114.39818904329174,-55.46097103340142,0.49999946236737397
1.732,25.96386748803939,22.898018127580013,75.73450968976792,336.50930963455704,-8.618434626034562,5.792778478899737,0.3965997799541015
1.734,26.444554859098595,24.69809183573598,80.09614282756282,336.50930963455704,-11.320831408589875,-2.0314575002874724,0.4238464763984131
1.736,17.113796339274476,16.874917998463825,76.38345115368205,336.50930963455704,21.529844333052516,22.0107772425066,1.6859390462878034e-17
1.738,11.405175326912593,10.718856916447134,61.624569491358145,336.50930963455704,30.97859344275602,31.849260913656575,1.5409504984821267e-138
1.74,10.090286496224229,10.622845914035686,68.59085349244238,336.50930963455704,32.598725094974284,31.96669883045881,4.050348372933127e-200
1.742,15.716204431803282,13.28663536250794,58.745768121338955,336.50930963455704,24.227753366678712,28.308757603446214,6.251190285131845e-31
1.744,15.252597800408145,11.623229352371837,52.09197748185457,336.50930963455704,25.063898229103785,30.69048638455071,4.4944509062377856e-37
1.746,15.87091277644999,11.806986374889034,49.197585595010565,336.50930963455704,23.942425149159718,30.44338154705871,4.340852695242678e-29
1.748,15.336037803485532,10.242718350093273,51.46172562498,336.50930963455704,24.915474225179878,32.4211757681883,6.771346394664128e-36
1.75,24.35292606266527,16.622618111768254,66.86372687989198,336.50930963455704,-0.38460641721742683,22.50958604412595,0.24936810837227466
1.752,23.64701558598755,16.82393831954785,60.3328679006775,336.50930963455704,2.7675557519421066,22.11231538276218,0.16541586412609893
1.754,33.62184926686939,24.98081508402098,81.90496094976342,336.50930963455704,-60.070580273747225,-3.430246815285447,0.4997201882042321
1.756,34.33541776042882,25.82519486788,67.69994078836496,336.50930963455704,-65.60672787855175,-7.857931520957053,0.49985206918017033
1.758,28.961772602949793,22.350460988022004,59.84167233611432,336.50930963455704,-26.848061312695965,7.8054099836455135,0.48717913800188306
1.76,17.785682972160675,14.200321375519257,51.80817080217871,336.50930963455704,20.12964963935993,26.85996478866881,3.5523361960256695e-13
1.762,29.27586699259057,23.830942281210163,63.77415301803823,336.50930963455704,-28.919729308813572,1.97453551901968,0.4898990506697097
1.764,48.78251106674715,39.07430952576655,75.0717257240495,336.50930963455704,-202.71791822650897,-105.3278078086381,0.49999999997937
1.766,49.649280352076524,41.69263463591348,84.42208523885648,336.50930963455704,-212.45972557524513,-129.4745027684492,0.4999999999932794
1.768,48.77432739817191,42.190027175725106,95.65308357936908,336.50930963455704,-202.62675779235892,-134.2385063799366,0.49999999997915234
1.77,36.125464922343355,32.98722506846259,91.31611194793548,336.50930963455704,-80.00766175297568,-55.2451732956217,0.49997181539322794
1.772,26.06531017373382,25.116219497933812,87.85464204551819,336.50930963455704,-9.180320712620437,-4.115588074991456,0.4029432614409698
1.774,35.61980507873177,31.600490433235414,101.48029046472917,336.50930963455704,-75.86536595281396,-45.0251016282392,0.4999545925859652
1.776,20.27379269867989,20.243619356718355,93.175413829334,336.50930963455704,14.188571657188039,14.269648824525476,0.00014633145824976263
1.778,22.92732500383439,20.951196815972292,99.43813203831873,336.50930963455704,5.680448659967113,12.29160358006803,0.08693055687778485
1.78,23.092671231957876,20.68154465826427,102.10629455549515,336.50930963455704,5.037631638548618,13.065071226653078,0.10331380330624187
1.782,18.276594340035327,17.252729927315336,99.2106823466464,336.50930963455704,19.059043727976537,21.24615558061551,1.1115403463563676e-10
1.784,13.221876611979976,12.972684960991216,95.67533702469696,336.50930963455704,28.40761973696778,28.783366370756248,1.2114388565932354e-77
1.786,12.346752134908463,11.467993137898784,80.22097063184715,336.50930963455704,29.69464756140006,30.896163519407924,1.1581645003123948e-103
1.788,8.31132043823525,9.251876185788111,87.7131306906118,336.50930963455704,34.47271178221812,33.52733027086616,8.752445808395214e-307
1.79,23.36265668321642,18.40758047720134,106.58742358208254,336.50930963455704,3.9543865506717712,18.766072193200973,0.1324640140596725
1.792,30.173815035963344,23.81020586133169,111.79137227238537,336.50930963455704,-34.9834473841535,2.064942340847004,0.4949741304667472
1.794,40.186027107965835,32.56342016950708,128.8567606322207,336.50930963455704,-115.38902997311209,-52.074437922702415,0.4999995203288822
1.796,17.394915683642637,16.07114948250539,112.17605385751071,336.50930963455704,20.952730011042608,23.568355646970854,1.5011755083042467e-15
1.798,19.764872591627224,17.78542521909186,115.41950778204586,336.50930963455704,15.52120101477752,20.13020082462887,1.209320222378416e-05
1.8,23.482863784728185,20.148827466337966,121.96448493469266,336.50930963455704,3.458467272177441,14.522602913867726,0.14618161150922493
1.802,34.92243533260055,29.083344159357694,134.4090382790921,336.50930963455704,-70.24851279243444,-27.646778901672896,0.4999133099157645
1.804,14.005179634054782,13.178621949895986,112.12053699326445,336.50930963455704,27.177912107454198,28.473373679701144,5.0083786489452475e-59
1.806,33.025146818498385,26.96988281838246,118.24856709866692,336.50930963455704,-55.530909127432665,-14.382936342605374,0.4995281005074404
1.808,32.91480694560684,27.489985763737444,137.91622773936552,336.50930963455704,-54.7004327258869,-17.51544747719952,0.4994807538213368
1.81,36.608559305938144,31.019032876213195,136.45238162084812,336.50930963455704,-84.01968275836933,-40.87368583138232,0.49998224130984564
1.812,11.628970378373975,11.390320930666386,114.05756597848394,336.50930963455704,30.682825960601523,30.99801819766047,1.4358557015517939e-129
1.814,14.692002286440713,13.527094543944754,115.725467567616,336.50930963455704,26.038034079593537,27.937264191819104,6.970222096409192e-46
1.816,14.64219847739289,10.498002939195025,101.32074801117125,336.50930963455704,26.12265802939852,32.117805237598866,9.573723428094818e-47
1.818,20.464165489238816,15.063912816842834,93.28823431167032,336.50930963455704,13.670617980896386,25.39623267639317,0.0003223766467448586
1.82,35.766036893583625,27.549146336044092,84.53464877245375,336.50930963455704,-77.05727016400944,-17.87767691675548,0.4999604149170736
1.822,41.05139418387427,32.11845173432514,81.21481474238553,336.50930963455704,-123.41609966740413,-48.79011281796654,0.4999998096336931
1.824,23.459822400255554,19.121975620055576,80.0982053451952,336.50930963455704,3.554180577213269,17.108861521170535,0.14352428988667426
1.826,31.112672779658702,25.361152073000426,75.78168884536977,336.50930963455704,-41.536832121624265,-5.379869311557718,0.4976365254976281
1.828,38.44141066165686,30.70561438286158,69.55121674127996,336.50930963455704,-99.72605336205285,-38.66934422420714,0.499997088663536
1.83,40.122765616924774,32.8899071621849,58.42842382517089,336.50930963455704,-114.80892979257688,-54.51341210309256,0.49999948719933657
1.832,36.74383599763237,31.493250340763506,48.51830964899615,336.50930963455704,-85.15269007463105,-44.253437408484686,0.4999844130707491
1.834,25.927005427290833,24.017195084127295,58.59457501904109,336.50930963455704,-8.41541285330748,1.1511264728040216,0.3942119271144474
1.836,39.5240619155368,34.11861851857395,64.82707136299972,336.50930963455704,-109.36414352039128,-63.91236472151809,0.4999990401842062
1.838,39.01098940362343,33.834341518896274,75.7908076108254,336.50930963455704,-104.76324643240216,-61.70696716801211,0.4999983698305638
1.84,22.06759767884884,21.733662032645288,64.27296656014106,336.50930963455704,8.78401455588584,9.889654938644014,0.025950567797708803
1.842,19.60485599564686,19.276542584099605,68.09729580123441,336.50930963455704,15.925770256697874,16.73607936046463,4.85401793686132e-06
1.844,22.433621787524633,20.668385141165885,70.70596493881948,336.50930963455704,7.510003187236628,13.102173557991163,0.046600714079359444
1.846,26.596526490105642,24.578209706059855,57.99773812079535,336.50930963455704,-12.19549548829166,-1.4517821157098596,0.4310646984599401
1.848,21.467627132779473,20.50544514097992,71.41972500960009,336.50930963455704,10.734503088719949,13.556809678146102,0.007479270684822156
1.85,22.901013457518978,21.352745879391442,72.61846989794687,336.50930963455704,5.781319762476783,11.090035227743634,0.08444389726038537
1.852,20.628242915977697,19.376633426666164,72.8128018580615,336.50930963455704,13.214992516048785,16.491767164748484,0.0006025183609538725
1.854,29.675372111019296,25.789986068146888,53.424150457489894,336.50930963455704,-31.592191939758397,-7.6662634568824375,0.4925739069221104
1.856,22.02063346937651,18.950933420359547,44.45957229659702,336.50930963455704,8.942681878727447,17.515228781906153,0.023863572986910785
1.858,19.959173598586066,18.171903960988175,47.95442967180031,336.50930963455704,15.020932670889904,19.290932641249753,3.360560665058283e-05
1.86,17.849791253333905,15.443987438588186,42.33581168664978,336.50930963455704,19.99221133435819,24.722114488615603,8.046429184637195e-13
1.862,16.72095843084962,13.750620076265134,42.3929110692159,336.50930963455704,22.316263138841453,27.5856837940338,1.3275023771103263e-20
1.864,11.401301776201402,7.343858484533757,54.555406478634225,336.50930963455704,30.983661276311175,35.33910343754824,1.0683833171376137e-138
1.866,13.686610797218755,12.273251849849625,44.711621166961756,336.50930963455704,27.6869803747163,29.79861719284584,4.2082106109674297e-66
1.868,6.062002604216288,5.387196230670116,50.05786738634155,336.50930963455704,36.32174223994137,36.763423911375284,0.0
1.87,13.606781543495861,10.630923584390745,42.19559934378995,336.50930963455704,27.812617940449854,31.95685963174867,5.5839281921212094e-68
1.872,25.17433446086696,19.940276586457205,27.23335855951193,336.50930963455704,-4.412728408884318,15.070034562382626,0.33525431253589455
1.874,44.39579145018053,36.61561372724185,7.688515558115458,336.50930963455704,-156.04603714536356,-84.07866360220649,0.49999999555273295
1.8760000000000001,52.25255269609973,43.98992003917396,16.67958359580804,336.50930963455704,-242.74993215999527,-151.94993143531332,0.49999999999979444
1.8780000000000001,57.105242430202495,49.74595968127927,29.765930214740767,336.50930963455704,-303.3443900627771,-213.55696107343414,0.49999999999999983
1.8800000000000001,50.11877855822961,45.03031041931511,32.67039965790782,336.50930963455704,-217.8081528424953,-162.52506046948844,0.49999999999636935
1.8820000000000001,44.65667823670438,41.149045804705544,34.95315615534315,336.50930963455704,-158.69880157007847,-124.3326454772129,0.49999999672316187
1.8840000000000001,55.265923010360886,50.02454706293155,52.726850483407304,336.50930963455704,-279.744353507898,-216.73064925037878,0.4999999999999971
1.8860000000000001,68.79981283113244,62.11538046528175,75.998889233857,336.50930963455704,-471.46775549851463,-371.54711274846414,0.5
1.8880000000000001,60.189969656091954,59.81042522770009,79.03067215578649,336.50930963455704,-344.65843197589527,-339.45792204557,0.5
1.8900000000000001,51.03536863687932,53.83071288876509,79.40536844936892,336.50930963455704,-228.39482536813009,-261.86600158791583,0.49999999999892686
1.8920000000000001,35.382217769406616,41.05917281744353,68.83479579330962,336.50930963455704,-73.93926637142002,-123.48902911765072,0.4999433197511966
1.8940000000000001,42.40497809051631,45.36211796719185,81.39834360807573,336.50930963455704,-136.31478025130085,-165.94973219859926,0.49999995688225346
1.8960000000000001,46.350635446401256,47.78801080508657,91.89141390944864,336.50930963455704,-176.30150470356355,-191.75187093644843,0.49999999956816304
1.8980000000000001,28.32865155160413,34.535071097912045,76.25280727297535,336.50930963455704,-22.75461259642747,-67.1766140272535,0.4794660479963945
1.9000000000000001,22.091790314048236,28.66652225343961,72.84612255979786,336.50930963455704,8.701864383342711,-24.92509238281532,0.027073805242113832
1.9020000000000001,17.904035729376858,24.369906814693806,72.06057604225848,336.50930963455704,19.875375012160127,-0.4640270435494468,1.5809174811280388e-12
1.9040000000000001,10.367037856554127,17.708345005023094,65.55930336448468,336.50930963455704,32.27438142694343,20.294532686424667,6.873754023243338e-186
1.9060000000000001,10.722886772567088,17.114111506516196,67.05994460975063,336.50930963455704,31.84430833285234,21.529204134065502,1.382460638226929e-168
1.9080000000000001,33.0669733364926,32.65503685410205,89.17675283084189,336.50930963455704,-55.84645134988519,-52.75636037726321,0.49954493607714273
1.9100000000000001,14.350400223972779,18.834177990199784,75.60578114314912,336.50930963455704,26.61225685671951,17.789038607218675,4.476705075935254e-52
1.9120000000000001,12.632629037360026,14.151926541604006,70.50977844542949,336.50930963455704,29.284201050950664,26.939250427996633,1.6241451878192201e-94
1.9140000000000001,20.157934466580354,17.182789134145747,73.95441121192222,336.50930963455704,14.498415124681454,21.389338017682537,8.72835285514171e-05
1.9160000000000001,33.386010995603904,24.365978480901575,67.70320562767847,336.50930963455704,-58.266550669347694,-0.44563900862199624,0.4996555965600664
1.9180000000000001,44.39059101948369,33.99296009377162,78.59337762334233,336.50930963455704,-155.99331582145763,-62.935231386429976,0.499999995525657
1.92,40.550611531866714,32.256037727885854,78.02282097651063,336.50930963455704,-118.75003595045392,-49.800730249760676,0.4999996742433648
1.922,20.922465079013786,19.49471232187447,77.64046270970636,336.50930963455704,12.375244781609581,16.200507840311207,0.0016446530061842608
1.924,24.331602645822894,19.047234259871924,64.49121847446422,336.50930963455704,-0.2851112567377527,17.287214403195232,0.24690137895427033
1.926,25.29426756229312,18.677390808836364,58.96195721174173,336.50930963455704,-5.031538836383847,18.152312597215904,0.3459809027371225
1.928,17.650493411713526,11.019323158371298,44.90121859199,336.50930963455704,20.417222201920993,31.474827209610893,5.899831673729124e-14
1.93,22.8374152362904,15.137973799604161,41.507995012467646,336.50930963455704,6.023543037078728,25.2663313503847,0.07857928800461127
1.932,18.837221687638127,13.081899236415486,42.7285204252976,336.50930963455704,17.78193673320532,28.619598528896958,2.1569691654232272e-08
1.934,33.101693527222686,23.978008224749384,22.4914747439389,336.50930963455704,-56.10868915540901,1.3260686912213016,0.4995584696906684
1.936,18.553939322494564,13.43128964225952,42.0314787460491,336.50930963455704,18.43488948617798,28.08610914768138,1.7618419151279474e-09
1.938,3.8588326456665927,2.8420105136512657,54.38355544619358,336.50930963455704,37.571141354358865,37.96053279354019,0.0
1.94,9.421692411768491,7.483550703333963,60.755066798305336,336.50930963455704,33.34579227881455,35.22063883130494,3.1401248515695546e-237
1.942,20.824562614704615,16.33613998454126,73.09937809691607,336.50930963455704,12.658021691086475,23.064898770952848,0.0011963552973280568
1.944,16.34272467019237,13.33191364356546,72.46598994507737,336.50930963455704,23.052264715870336,28.239336314007623,4.667102888249837e-24
1.946,25.18608456830868,20.231676129046818,81.21153471671072,336.50930963455704,-4.473022755594017,14.301665677069789,0.3363275119203309
1.948,39.41823914732911,31.19074579588315,101.4252173031916,336.50930963455704,-108.41027346081604,-42.09132985604732,0.49999892877328483
1.95,19.668018891829725,17.024153525323953,85.44286374180189,336.50930963455704,15.766856202051914,21.711324995460494,7.015361370105384e-06
1.952,10.587732351304762,10.178649119609105,75.4192703495895,336.50930963455704,32.00938184622002,32.49612950846363,5.0198002904693124e-175
1.954,6.696952026113289,5.030905305682435,67.0356067251019,336.50930963455704,35.85853718402865,36.975604682043894,0.0
1.956,12.539110273265514,9.559119890653745,72.32840282810507,336.50930963455704,29.419532699938262,33.1964457061485,1.9477192499690327e-97
1.958,25.68651438860424,20.651887105238483,87.68614064495328,336.50930963455704,-7.106384531817734,13.148606278593382,0.37751720920838633
1.96,19.08791487643177,16.29235740525948,89.75615367886681,336.50930963455704,17.19029139336875,23.14875087745206,1.5537045666059335e-07
1.962,11.624201740173401,9.887639822702381,81.66493362770541,336.50930963455704,30.68918916911914,32.83060573949351,9.343120575819672e-130
1.964,14.514335781866023,12.328921947541224,83.46516349101795,336.50930963455704,26.33849724950418,29.71992767035507,5.068082402957782e-49
1.966,17.091401888103878,13.876120243904221,91.45597398046347,336.50930963455704,21.575295539184403,27.385633834595907,1.1539038347023705e-17
1.968,20.68197953304706,16.675360337712544,93.7316104004002,336.50930963455704,13.063844130256275,22.406075958941592,0.0007317340887677788
1.97,36.49362605191152,28.963973481702173,108.68602758892396,336.50930963455704,-83.06034654268616,-26.862485449160207,0.4999801674873177
1.972,27.927288663274027,23.95876671910307,106.58766973658847,336.50930963455704,-20.219900727951362,1.411637303529782,0.47251750881240734
1.974,27.684076678205496,24.084675906673116,111.27051302264951,336.50930963455704,-18.708155109611376,0.8477519543621659,0.46730357716500115
1.976,13.727553810661174,12.579943838843242,92.38062420101441,336.50930963455704,27.622244032681998,29.36056938021477,3.7188016413726966e-65
1.978,12.663223091345476,12.121223064512513,97.88395598032804,336.50930963455704,29.239703549653417,30.01165147314438,1.417171696649766e-93
1.98,7.830700583184941,7.1115201974952695,88.7417578325545,336.50930963455704,34.91654838222686,35.531179890910856,0.0
1.982,13.375562318893243,10.932998258685537,88.30774815047347,336.50930963455704,28.172180765989907,31.583476524124492,1.1631996374323062e-73
1.984,6.748788791951274,3.6339885611413543,80.8011581056171,336.50930963455704,35.81868245222458,37.667425272749135,0.0
1.986,9.860829844903632,8.818912499715704,96.71466271482979,336.50930963455704,32.860928095143265,33.97515423477339,2.005877704052603e-212
1.988,13.848415154114488,8.644334575192872,74.66185243952891,336.50930963455704,27.429960890131344,34.14962253781988,1.9938272913499837e-62
1.99,17.325272336857008,12.038521707980836,73.4018045250621,336.50930963455704,21.09684657881381,30.126398086035607,5.167016978274633e-16
1.992,31.76152422807806,23.1377942224584,53.471008913108314,336.50930963455704,-46.1889196127367,4.859508993964787,0.4986165985805047
1.994,42.55907171392023,32.20450336722407,41.96771477630277,336.50930963455704,-137.8097090014581,-49.42167674447232,0.49999996369974986
1.996,31.942237043553508,24.789279084702244,42.60758651761684,336.50930963455704,-47.502190498428334,-2.47778568553291,0.49881071785211195
1.998,21.358658161369128,17.161508219658295,49.608909378171504,336.50930963455704,11.071870511135886,21.43275495048797,0.0057071037713747235
2.0,24.750974974298877,20.278526578120974,44.07163870850969,336.50930963455704,-2.2897360962285807,14.175826705244528,0.2934795045387499
2.0020000000000002,26.773654216341022,20.713166553317127,56.31283548449254,336.50930963455704,-13.22657256160318,12.975675860960438,0.43871594211091286
2.004,20.344399445666355,15.266030099249095,69.98512010358566,336.50930963455704,13.997773503294892,25.040065381893697,0.00019778590124087904
2.0060000000000002,21.274168970461417,15.47719081792089,82.10415531408262,336.50930963455704,11.330110379959235,24.662335658368015,0.004579030538218814
2.008,24.577085774793655,18.201635436260013,87.96983735206894,336.50930963455704,-1.4463859573857272,19.225279626160695,0.2747065008532316
2.0100000000000002,18.191598141334296,14.163311810705748,64.62570485984696,336.50930963455704,19.24746180192655,26.920623719288983,4.459444898519761e-11
2.012,16.701132731341023,13.134682131389894,66.03205334520987,336.50930963455704,22.35535003482266,28.53994015007329,8.990876967979375e-21
2.0140000000000002,5.12750523562831,2.651188789992498,73.08836840784372,336.50930963455704,36.9195120814948,38.02043499685615,0.0
2.016,7.3022409075996535,6.013651450030398,63.26566319901237,336.50930963455704,35.373964151504225,36.35512331998267,0.0
2.0180000000000002,14.094105543254164,10.603424776360592,61.194857980045285,336.50930963455704,27.033602287950895,31.990324256948842,3.6280270558929975e-57
2.02,26.516094985067138,20.56792738605835,63.188632396264595,336.50930963455704,-11.73140819904946,13.38350180853999,0.42732234718054163
2.0220000000000002,17.39050486576441,13.721705991308276,49.60191513133799,336.50930963455704,20.961880195002603,27.631502636561333,1.4043352891274046e-15
2.024,22.668345346442724,17.901316846326083,46.96589347428756,336.50930963455704,6.656625043776452,19.88124313165183,0.06404774929154722
2.0260000000000002,31.785378336596658,24.528391275430618,28.29519544800969,336.50930963455704,-46.36183399494214,-1.2132867255693038,0.498643866226656
2.028,33.99176637206039,27.818238244007887,19.828354056545255,336.50930963455704,-62.92596624005693,-19.53975010559622,0.49979858271503347
2.0300000000000002,26.487969325316183,22.914592724438425,27.240775275991986,336.50930963455704,-11.56974209583816,5.729309020085811,0.42597260164534234
2.032,37.8076244772828,31.333917410170887,20.683206726094703,336.50930963455704,-94.20811956167896,-43.11193270637939,0.49999450472931234
2.0340000000000003,41.7363940804636,34.74665680911501,17.396571102182275,336.50930963455704,-129.89136216332295,-68.85028717040842,0.49999990967105046
2.036,49.60370309288602,42.037410215326,25.51974993545925,336.50930963455704,-211.94319931076902,-132.77073977282186,0.4999999999928676
2.0380000000000003,29.51699479579037,26.70261431501739,6.873940082588111,336.50930963455704,-30.52779998367409,-12.811565795977849,0.49160592162031785
2.04,26.148471964620445,22.510380829449293,21.173845175540507,336.50930963455704,-9.644377382913788,7.2341442164040295,0.40789940405629466
2.0420000000000003,21.45186723362351,19.55973581550357,21.000828603304047,336.50930963455704,10.78360038787972,16.038677963921394,0.007199046216599236
2.044,14.999555950668112,15.223599742794793,15.64125790065029,336.50930963455704,25.50854522505935,25.11527008980089,7.487557202642587e-41
2.0460000000000003,17.30030835057491,16.348778304794862,15.361319671225504,336.50930963455704,21.148320706451177,23.040644249767162,3.5002258527795873e-16
2.048,21.892618278411923,19.79859141880159,11.431982024901094,336.50930963455704,9.369842928627145,15.435106640576652,0.018781703172077766
2.05,31.10258047489191,26.455629293017754,25.666963351164505,336.50930963455704,-41.46525930197626,-11.384251531878391,0.4976169699426218
2.052,23.59273021423858,20.343895997247333,26.99368612088543,336.50930963455704,2.9977970658974757,13.999139334883745,0.15900355808561573
2.054,31.708112010239226,26.528380818112247,36.471708832278445,336.50930963455704,-45.80222674982443,-11.802128064661499,0.4985536187639195
2.056,26.819160984240668,23.966522875386254,36.238599380949765,336.50930963455704,-13.493441340044326,1.377171286410475,0.44055622679680745
2.058,33.93801119837385,29.257035185443787,49.29938905386199,336.50930963455704,-62.509080793849066,-28.794781088656304,0.499788679802461
2.06,34.988199390030715,29.76371878327699,55.61521422884436,336.50930963455704,-70.77344864665578,-32.1887184234141,0.4999183938982251
2.062,29.444667953628926,25.979425068622234,53.97984751906765,336.50930963455704,-30.043867184681844,-8.704305562870093,0.4911250506649788
2.064,26.560054037179537,22.7300816883854,56.259009272407525,336.50930963455704,-11.984727618461452,6.427266090560975,0.4293890647752253
2.066,9.277827674965582,8.298846972447,39.37223451050079,336.50930963455704,33.499802507750466,34.48456590790258,1.0496428443253507e-245
2.068,13.051205830327447,8.355632461346028,38.80076227405845,336.50930963455704,28.665767230283656,34.43045543074939,2.8984151371009376e-82
2.07,27.240125013478867,18.636521575355328,44.3196387752738,336.50930963455704,-15.998691216846465,18.246193652487726,0.4553777040304435
2.072,24.061664633058978,16.40951676356477,26.58334657899996,336.50930963455704,0.9515051041471422,22.923767798199847,0.21506489379656357
2.074,36.8772210083402,27.001421181182565,38.041294913735186,336.50930963455704,-86.27394702735187,-14.570134983275551,0.49998630072081335
2.076,21.13444858497002,15.931447877951411,21.292509742614367,336.50930963455704,11.750952480302452,23.829908423117374,0.003114523269026585
2.078,18.687069312725217,14.136036640014897,17.142248843156953,336.50930963455704,18.130031354012683,26.96522028960626,5.939057261243365e-09
2.08,19.0577564566897,14.165685949555808,22.14105063708383,336.50930963455704,17.26217948803911,26.916737538309295,1.23912306883055e-07
2.082,11.211886888796267,8.302943916323365,26.678862499121994,336.50930963455704,31.229342771593046,34.48067435913919,1.2333667190249424e-146
2.084,2.9103947867692592,2.389392901185446,21.487968642010753,336.50930963455704,37.9380526376195,38.09584459849934,0.0
2.086,23.052113550877607,17.24677084151919,18.34774745610613,336.50930963455704,5.19674136541739,21.258384415579187,0.09917962700859999
2.088,29.775519448731373,22.769876992887532,30.189040603556414,336.50930963455704,-32.26854777978215,6.278319305821912,0.4931301664666214
2.09,15.701072531873818,12.591895994630146,28.714043716103617,336.50930963455704,24.25549006789174,29.343273269995684,4.078044515643327e-31
2.092,28.040090577305328,21.574311429045324,49.78276084340961,336.50930963455704,-20.92734220728606,10.399385371347673,0.4746641365687073
2.094,41.46553357227006,32.1110493139731,68.30026159934044,336.50930963455704,-127.3181258067912,-48.73586426496482,0.49999987852447697
2.096,28.087743255212605,23.141946787134845,56.2686542346368,336.50930963455704,-21.22737039533105,4.843058233537395,0.475523247121564
2.098,16.320313175903223,14.373833256141392,49.7604690910824,336.50930963455704,23.09524097765881,26.573329397613815,2.811215791230474e-24
2.1,5.348930507240643,6.109771601541552,39.055582881648114,336.50930963455704,36.786908450754744,36.28850020620044,0.0
2.102,13.14090716724651,10.528818289871808,44.68476485769651,336.50930963455704,28.530523580323685,32.080675068673855,8.266528844429479e-80
2.104,17.561770599282248,14.316724719405373,49.71077619871999,336.50930963455704,20.60431600349275,26.668080536734436,1.7204457739680477e-14
2.106,16.709862625857795,13.730751208028385,52.622536247234336,336.50930963455704,22.338145832860935,27.617179977694487,1.06776614048688e-20
2.108,7.132630254676425,4.978290946634361,32.62427130847907,336.50930963455704,35.513983598369514,37.00570709079281,0.0
2.11,7.4472644561588215,4.027043848386537,29.735110715049817,336.50930963455704,35.25162618879258,37.495328838327126,0.0
2.112,13.460411682638998,9.439753109933548,21.491476607580697,336.50930963455704,28.040981248969644,33.326289426931666,1.5602870573555815e-71
2.114,11.007892702096097,7.734384403591737,32.92665806233826,336.50930963455704,31.48926342770472,35.00230375450866,1.5513484798424263e-155
2.116,23.851632861564994,17.456362860433778,31.517183904635697,336.50930963455704,1.8840753406649706,20.824938054494517,0.1898652941202864
2.118,29.243206318711465,22.082165270199194,42.07792041123764,336.50930963455704,-28.703086703727678,8.734581876230841,0.489644002209923
2.12,21.124672861245028,16.10090959531534,25.86167412483992,336.50930963455704,11.780113577896682,23.51229536035204,0.0030285568253080194
2.122,42.03205393850747,32.278728765529024,28.354553698250058,336.50930963455704,-132.71932334422604,-49.96782653583388,0.49999993477277527
2.124,47.96296603501628,38.012191879419376,43.84726424621408,336.50930963455704,-193.66467628271215,-95.97911825855667,0.4999999999414993
2.126,31.721481075854964,27.767884254377247,36.525449395714276,336.50930963455704,-45.898953173314005,-19.226957795327813,0.4985696363038006
2.128,39.90941619817592,34.65526047074845,49.670862813055514,336.50930963455704,-112.8592801446326,-68.12607174442934,0.4999993581536723
2.13,41.231159805746344,35.52830857485178,51.07946409885785,336.50930963455704,-125.1050426378019,-75.12208374803762,0.4999998432733192
2.132,41.62494017386831,36.678265942959925,55.483090983172616,336.50930963455704,-128.830496098893,-84.60298724336538,0.49999989793654565
2.134,39.75288683160783,35.67744802257953,56.52954644612129,336.50930963455704,-111.4354797722223,-76.33461758852246,0.4999992438271514
2.136,30.895487799752267,28.609606601472173,46.59683778300165,336.50930963455704,-40.0019552662392,-24.557186126356957,0.49717971052156207
2.138,41.16780957774347,34.78534193008632,50.62088522735281,336.50930963455704,-124.50900930820316,-69.15740009641783,0.4999998321410112
2.14,34.79511381754567,32.55298669442768,58.222981716780566,336.50930963455704,-69.23503121316593,-51.99690253693535,0.49990258103684115
2.142,22.66667957328971,23.895476148991083,50.840830931376495,336.50930963455704,6.662784964531974,1.6915547676132787,0.06391254384468187
2.144,4.487889045934156,7.790226129432585,31.405180770041298,336.50930963455704,37.2710498026817,34.95271460542624,0.0
2.146,10.74915704354184,13.371681078181387,41.221461786571105,336.50930963455704,31.811976735683388,28.178161500873284,2.3638380334026787e-167
2.148,13.329182034730865,14.367840322909343,47.147078977164725,336.50930963455704,28.243531422451348,26.583291447923294,7.610936698796583e-75
2.15,21.161778508333114,20.165825076357677,56.8157726056589,336.50930963455704,11.66923216298423,14.477438491124918,0.003365596126356126
2.152,25.03936884882562,22.910808628648898,59.40276067537273,336.50930963455704,-3.725406756430982,5.743813067949198,0.32258438120160626
2.154,12.054597488050733,12.93876643588549,46.304080966105154,336.50930963455704,30.10415612131155,28.833938365494014,1.0873622124605461e-113
2.156,4.823750895187271,7.636473433167812,43.97702474797325,336.50930963455704,37.09229322669302,35.08838799996626,0.0
2.158,18.357311615481045,14.954186737461411,41.34870536291629,336.50930963455704,18.87888411055205,25.587405015952616,2.569022994811472e-10
2.16,18.65762776364651,15.734763828253952,45.88876818257828,336.50930963455704,18.197751861495806,24.193692605214615,4.566474212190158e-09
2.162,19.31499390130269,12.986360840478099,21.829870268990014,336.50930963455704,16.64249878881493,28.7629371028526,7.773357570730207e-07
2.164,36.341111252948686,25.433383745590366,7.34355254966752,336.50930963455704,-81.79198075925285,-5.758608485225229,0.49997704929505044
2.166,44.1519252872308,32.55932700556133,16.685647499785958,336.50930963455704,-153.5803978387089,-52.044016957434174,0.4999999940928884
2.168,40.86594887317396,33.12592783983413,20.90079192483532,336.50930963455704,-121.68152786431685,-56.29189284662389,0.49999976755582104
2.17,40.05096723243866,33.50310152927651,26.92951918309179,336.50930963455704,-114.15165459381495,-59.16062941112806,0.4999994468889456
2.172,22.716466286704193,19.979319011735413,18.676118760457587,336.50930963455704,6.478027368416383,14.968478618615515,0.06802188751927604
2.174,37.51467626112959,31.529751687825648,31.76319488775704,336.50930963455704,-91.6886270002872,-44.51578537644163,0.4999926554749241
2.176,34.95353714178921,29.777240720155923,33.16564749757652,336.50930963455704,-70.49664748648188,-32.2801948144715,0.49991575140044303
2.178,23.57697213637928,21.7193705893773,24.614567979330868,336.50930963455704,3.0643068538243643,9.935828634519158,0.15715075414442103
2.18,14.949897002429587,13.06130615299487,12.179883658700623,336.50930963455704,25.594847827429152,28.650586834668673,1.2455439804174539e-41
2.182,7.8449736717475815,8.858311685024022,12.516246817695864,336.50930963455704,34.903749727950206,33.935294989398166,0.0
2.184,8.366519576522492,5.002100064857826,3.6860480409643315,336.50930963455704,34.42003885685301,36.99212434326281,4.078963381200514e-303
2.186,13.625827951911655,7.896492683753879,14.44332678817791,336.50930963455704,27.782712110864473,34.857358206884264,1.5801022692718435e-67
2.188,23.72646014737435,15.594908972102811,25.34261372827741,336.50930963455704,2.4274728417769453,24.449235996928053,0.1748680574948241
2.19,15.804752305803468,10.717652878857354,14.112047319928875,336.50930963455704,24.064835570044117,31.850740276809194,7.280769016416494e-30
2.192,15.937924610294141,11.1871092344302,16.532921578380478,336.50930963455704,23.817840898632188,31.261171701788278,2.5397328793495347e-28
2.194,18.56923973964184,13.955907555924142,19.336121482091006,336.50930963455704,18.400029537144075,27.257455364792513,2.0330946469420046e-09
2.196,15.581402335117485,12.339668727153487,18.181247307243193,336.50930963455704,24.47377874552336,29.704695088464973,1.2843471380853774e-32
2.198,11.433217414592425,9.406462706148483,15.945990549021849,336.50930963455704,30.94185331070948,33.36220886681445,2.1647516235337475e-137
2.2,22.32901959820965,15.692317287185892,29.097863140342938,336.50930963455704,7.88099789428104,24.271524531867872,0.039886628207219256
2.202,18.22466755100558,14.319848743368723,24.581252172421983,336.50930963455704,19.174310282928822,26.662907752880894,6.386698677444503e-11
2.204,26.01220319703562,20.079565941386637,35.85280617063284,336.50930963455704,-8.885585347648902,14.705774693970053,0.3996636999292721
2.206,25.659448279009037,20.430245361832913,35.588543597886364,336.50930963455704,-6.9607764637261385,13.763730664467438,0.3755146107810096
2.208,14.779329126064923,11.104177170115374,12.90727434752191,336.50930963455704,25.888902596881294,31.3671850101583,2.1014874602508083e-44
2.21,20.252614500375632,16.926748680890373,26.83104389480056,336.50930963455704,14.245506975547727,21.907150762233805,0.00013342205893063718
2.212,37.51134572033926,30.086465855311804,46.95518195015912,336.50930963455704,-91.6600954732422,-34.384663063712615,0.49999263130986227
2.214,26.467989530004903,22.304501063423526,36.653840657608804,336.50930963455704,-11.455094668624856,7.967146185056829,0.425000610317021
2.216,26.20857781505106,22.47169799609504,40.15823013702617,336.50930963455704,-9.981668865526048,7.373549602323419,0.4113478357617045
2.218,14.300627529869901,12.350097076582093,25.56129117186169,336.50930963455704,26.694715303568795,29.68990084167187,4.930718152878132e-53
2.22,12.089445257951784,7.189177952008236,18.666841486451027,336.50930963455704,30.055837620850753,35.46766802566054,1.858687750823437e-112
2.222,10.01699032275616,5.613119449973706,11.556072960205661,336.50930963455704,32.68314266969854,36.621354313152786,5.327006754099025e-204
2.224,21.81350172619123,16.29338711845498,28.718760628932404,336.50930963455704,9.63000996943683,23.146781840300918,0.016063815125122012
2.226,34.396793097682824,26.283622043802648,47.11011308479028,336.50930963455704,-66.08835390660884,-10.404982823873755,0.4998600485624663
2.228,38.29768280610127,30.256530065660588,54.8006073701273,336.50930963455704,-98.46667198385715,-35.552202209883646,0.49999663440798375
2.23,31.7791427164026,25.916558425103915,53.09210385159061,336.50930963455704,-46.31662018474864,-8.357987990180339,0.4986367885864507
2.232,23.052406805397858,19.818875110090023,50.11430516617014,336.50930963455704,5.195594273060905,15.383172093795272,0.09920926055224731
2.234,9.793514674554693,6.618570037865123,28.567690083601192,336.50930963455704,32.93669650132008,35.91821651451874,4.0371178553604466e-216
2.236,15.80904945555663,11.685586950103247,34.30581486978949,336.50930963455704,24.056902737796065,30.60707445948216,8.186286824888647e-30
2.238,6.149033070847524,5.630081689635711,33.818584113477435,336.50930963455704,36.26098285912938,36.61045200928079,0.0
2.24,12.587476488320895,10.840166938401806,41.79375951542009,336.50930963455704,29.349670760063905,31.699348947877123,6.438965658863563e-96
2.242,28.679136503767808,21.452658534189872,47.77580917739148,336.50930963455704,-25.006754923037086,10.781137702089094,0.4841531456942524
2.244,34.51381578059938,25.882483412488394,48.416667361369356,336.50930963455704,-67.00904798264564,-8.171034309901621,0.499874124078866
2.246,27.780533151100407,22.20906661943346,49.291262782510216,336.50930963455704,-19.30545517457171,8.299569650173382,0.4694720389087293
2.248,24.442418346036824,19.43100431801923,44.425984722896835,336.50930963455704,-0.8050445709105463,16.358067384534376,0.2596208899485191
2.25,29.660963566655486,22.332455948680163,33.058621626104745,336.50930963455704,-31.495092232423445,7.868899451891622,0.4924904345529286
2.2520000000000002,20.611691887560568,16.89598705937052,35.12366493756103,336.50930963455704,13.261352373133823,21.968701280259992,0.0005669374723718396
2.254,35.38633329817007,27.245385880841514,24.47334267126634,336.50930963455704,-73.97252075726125,-16.030404429533903,0.49994353633963756
2.2560000000000002,21.98347624083209,18.04930500952134,29.547836253596707,336.50930963455704,9.067467146000698,19.559985911079856,0.022298401369449463
2.258,26.665769730766893,21.381549698432146,49.83208236741598,336.50930963455704,-12.597099289212675,11.001404669128947,0.4341503357682248
2.2600000000000002,30.266802658961534,24.2431454459258,60.07574529978969,336.50930963455704,-35.622954979031014,0.12481011350694271,0.49533085454134396
2.262,29.526221678651268,24.32151373063134,63.01041348639173,336.50930963455704,-30.589633502560112,-0.238128213399884,0.49166545689132923
2.2640000000000002,9.950495587997855,8.54338229524814,44.639830107870075,336.50930963455704,32.75918983491605,34.248912345303985,1.462805183440554e-207
2.266,1.6975660397204937,2.5773632477401853,35.00344130355846,336.50930963455704,38.2574179755302,38.04249338518179,0.0
2.2680000000000002,14.597472823228482,9.380189037243353,25.67476064206844,336.50930963455704,26.198389204930322,33.390467265734486,1.5675146359530137e-47
2.27,15.093111260830415,10.407396630313086,43.27081149927974,336.50930963455704,25.345102905733498,32.22634191244206,2.0326844876371122e-39
2.2720000000000002,21.615899192684385,15.388857297344225,43.402609304607765,336.50930963455704,10.267427871348453,24.82105283026953,0.01055574744822811
2.274,10.48048897311729,6.768083080566901,24.929104543984295,336.50930963455704,32.13885922057858,35.803769399630234,2.989043025597818e-180
2.2760000000000002,6.521991494710903,4.282207575954894,27.6697181919833,336.50930963455704,35.99078262190516,37.37414979585794,0.0
2.278,14.163243126586465,9.93383874716756,21.727406282780773,336.50930963455704,26.920736136669312,32.77815955542537,9.377154546734517e-56
2.2800000000000002,14.031629252154724,10.594331884123156,19.072810377238234,336.50930963455704,27.135090434183674,32.001370553139935,1.8115632364755224e-58
2.282,23.819210360059408,17.834551640474384,7.983661303654879,336.50930963455704,2.025715657705657,20.02494563817686,0.18597300217449392
2.2840000000000003,32.26189926532942,23.982997443285576,21.006149900024965,336.50930963455704,-49.843883021859305,1.3038455662256576,0.4990917601738047
2.286,29.29261340225118,21.832076129347133,39.85127832790809,336.50930963455704,-29.030919438031994,9.569188825283318,0.4900275042667659
2.2880000000000003,21.564534785199147,16.50861159996081,38.46260702353544,336.50930963455704,10.430298035767695,22.7319698120414,0.009395982250454703
2.29,31.89123892110962,24.7383618658405,49.92968108364042,336.50930963455704,-47.13080544489137,-2.2279923523663143,0.49875876476603925
2.2920000000000003,28.499550145050726,22.340422111067422,50.438146877931494,336.50930963455704,-23.84837597326953,7.8408295848803355,0.48189380926677516
2.294,31.281378739867566,25.91520846247016,51.109277626095015,336.50930963455704,-42.73684563646124,-8.350571200863978,0.4979415000584304
2.2960000000000003,14.286576512891711,13.410127010220833,37.41251501186922,336.50930963455704,26.717938304390838,28.118839068924583,2.6291004836386247e-53
2.298,5.723637614536997,6.350647895592204,36.873412019517986,336.50930963455704,36.54972815877579,36.11689557436081,0.0
2.3000000000000003,16.003054563470013,9.849421212354564,34.26952734661216,336.50930963455704,23.696175065201942,32.87380620351493,1.3590934274816497e-27
2.302,12.327454440528022,7.5737633357588985,29.138441874987898,336.50930963455704,29.722006671973894,35.14294550382152,2.6476266498648863e-104
2.3040000000000003,16.895891017663956,11.457381551749663,38.90819546037721,336.50930963455704,21.96889322925561,30.91012041867768,3.6532432939612786e-19
2.306,4.487341541714609,2.9390907495024674,35.28160831411128,336.50930963455704,37.2713306679029,37.928460097197174,0.0
2.308,9.454614521838222,6.488162313971783,33.56359144468317,336.50930963455704,33.31021313030584,36.015948130102146,2.5864318079619057e-235
2.31,10.913833317123238,7.586790528572463,20.906535800629356,336.50930963455704,31.607480256562415,35.131649029006276,9.189348182558415e-160
2.312,14.771209938316742,10.279443666009218,26.72413775252088,336.50930963455704,25.902808429646306,32.37799724090486,1.5371545021298123e-44
2.314,8.32122536920972,5.75710575311204,25.689894467161178,336.50930963455704,34.46328592521345,36.52776185737954,3.998216213376533e-306
2.316,18.26838632341978,13.024014565927686,40.92182351917342,336.50930963455704,19.077296595367137,28.70657420264317,1.0191372275998597e-10
2.318,13.443869026022224,9.415199713740265,21.647996162966923,336.50930963455704,28.066628481639707,33.35279423491427,6.057988675190135e-72
2.32,6.731996278239076,4.776146112123131,35.44191775946712,336.50930963455704,35.831627101084685,37.118414913921086,0.0
2.322,10.550167025538013,7.842345358957114,40.07065366738609,336.50930963455704,32.05488694866452,34.90610828785266,7.620789382715763e-177
2.324,18.662607998382576,13.899619620948647,46.80735644694886,336.50930963455704,18.186308610534823,27.347962572581142,4.775175736876757e-09
2.326,16.088972253309844,12.221611199660263,49.84385209501941,336.50930963455704,23.534796716202322,29.871284885861584,1.1716004911962232e-26
2.328,12.794737722379889,9.9633758288566,48.00672930483691,336.50930963455704,29.04715917700536,32.74449914259126,1.2980758612492334e-89
2.33,14.996083090368344,11.680306321359186,49.395960008984275,336.50930963455704,25.51459091341829,30.61415564746615,6.611056329334189e-41
2.332,17.343197289380672,13.288247274277477,52.6539204993951,336.50930963455704,21.059826367470244,28.30629041655004,6.818242933084138e-16
2.334,8.013996480827,6.3484933003787685,42.99423133912953,336.50930963455704,34.750409261087526,36.11845999927485,0.0
2.336,24.718021836555792,19.21824153608359,36.46408233928941,336.50930963455704,-2.1286109329715517,16.87732223452271,0.2899880955554199
2.338,14.496392241239661,11.4579995784697,49.54399369501241,336.50930963455704,26.36862403558565,30.909307918687826,2.3882328631872046e-49
2.34,29.148418247201167,21.67613408225493,69.84946969923212,336.50930963455704,-28.0759427008358,10.074965457656006,0.4888688106378821
2.342,26.670780778648833,20.988225166749118,62.36452675988864,336.50930963455704,-12.626236477019654,12.183365751118709,0.4343688574960656
2.344,7.091980162705589,6.293425721060338,50.93025967713413,336.50930963455704,35.54705171306985,36.15826344084045,0.0
2.346,14.216425638549884,10.696126659821433,58.452905417065104,336.50930963455704,26.83351724175829,31.8771604907037,1.0933371455819695e-54
2.348,13.362563627169186,9.87244598462035,59.418547059415474,336.50930963455704,28.19220377497523,32.84780031261731,5.436074122606743e-74
2.35,7.0001645033749575,5.7495244605560405,54.264122631726536,336.50930963455704,35.62104501190661,36.53274895561233,0.0
2.352,7.417873122532993,4.990532421636579,50.48567259106446,336.50930963455704,35.27661480187476,36.99873161216358,0.0
2.354,8.745387828048067,6.296627571775285,54.67951083328417,336.50930963455704,34.049059953484566,36.15595861810811,1.6816437921170904e-278
2.356,9.285554529175466,6.7113182142227785,57.57105046589497,336.50930963455704,33.49159134288413,35.84752256978191,3.0238415881844515e-245
2.358,10.12320179883239,7.734919037249879,59.98049184724101,336.50930963455704,32.56061346463007,35.00183068008741,2.163196613462752e-198
2.36,9.972055232559255,6.846266730298166,40.37986955791938,336.50930963455704,32.73458895178977,35.742902600639475,2.1089767836159963e-206
2.362,14.59198937452786,10.470814004182989,61.782116268675665,336.50930963455704,26.207656804939134,32.1504745129075,1.2534321378093944e-47
2.364,4.402829402402559,2.8772425252961638,52.23453380075215,336.50930963455704,37.31427359484546,37.94901763753327,0.0
2.366,6.999531943726921,4.928644227726005,46.39724237429446,336.50930963455704,35.62155143376608,37.033821186702134,0.0
2.368,10.367638857454875,7.428468450666979,41.789801523100984,336.50930963455704,32.27366743154127,35.26761803740094,7.368215003556694e-186
2.37,16.27755630965084,11.810722668700668,37.908780848349764,336.50930963455704,23.17703754157614,30.4383162367259,1.0564946470036318e-24
2.372,12.555577607642753,9.186638091322747,44.94764061004214,336.50930963455704,29.39577772733701,33.59618829244472,6.439687746190561e-97
2.374,38.3097884313599,28.78429338673454,40.53937291805188,336.50930963455704,-98.57256271411167,-25.68925130597201,0.4999966751892331
2.376,43.246633136338,33.92688295202688,45.29356323571902,336.50930963455704,-144.54611557532556,-62.42286113621514,0.4999999832856578
2.378,38.308945837763005,32.89954308948879,40.04412550715598,336.50930963455704,-98.56519126750163,-54.5857699463707,0.4999966723663711
2.38,33.35916984271226,29.16216461041602,28.491698154059627,336.50930963455704,-58.06204139317182,-28.16674455577191,0.49964739136638503
2.382,38.33745700224178,33.25084498818869,36.2768577404963,336.50930963455704,-98.8147118318065,-57.23837203685687,0.49999676659968423
2.384,22.045316951047738,19.084248366133636,9.770062267379659,336.50930963455704,8.859421854683928,17.19904180915931,0.024945173882740226
2.386,15.655030736834652,15.958478020189292,29.993037620710066,336.50930963455704,24.33969798764607,23.77950806962116,1.0964417071089363e-31
2.388,21.324438311188533,18.291097862697782,12.243374380471508,336.50930963455704,11.176809835318323,19.026760771192034,0.0052260198804409234
2.39,15.676989808904379,12.589042647831896,10.52498896270199,336.50930963455704,24.299571028720457,29.34740391819504,2.056816071754339e-31
2.392,17.569512772945576,15.586492853093555,10.137948040249876,336.50930963455704,20.58804076504369,24.464531642767525,1.9191269148619558e-14
2.394,10.333395829628358,8.441437292357643,13.433960139130726,336.50930963455704,32.314281845341924,34.34798978626695,1.3912060420974658e-187
2.396,19.384341091848075,13.424514951308941,17.380987071014484,336.50930963455704,16.47285636591245,28.096592677038984,1.2315559809299236e-06
2.398,18.394237765080888,14.10531373249154,7.518476851691589,336.50930963455704,18.79606172373135,27.015344865724447,3.733774049967212e-10
2.4,29.370367137792723,23.467604248207873,13.43566333374266,336.50930963455704,-29.548140252237502,3.521889794797186,0.49060389422137984
2.402,24.276991461020383,20.408926164673268,14.745018162589947,336.50930963455704,-0.031498704555905414,13.822067638030703,0.24054604669050972
2.404,7.159276745449644,7.7542358093976915,8.029758455743934,336.50930963455704,35.492204375812776,34.98471609524697,0.0
2.406,10.276307568026615,9.084741423046923,20.79654197023305,336.50930963455704,32.3816904930355,33.702758475287744,1.7631728002114452e-190
2.408,6.309098573332676,5.621992452694122,6.916556872626376,336.50930963455704,36.14697029015588,36.615655390254865,0.0
2.41,12.964082516842037,11.131446525295546,21.076662757795575,336.50930963455704,28.796205442811758,31.332414479877233,1.049283201014443e-84
2.412,27.45362330404336,21.691451581398148,36.900338235512514,336.50930963455704,-17.29338817823481,10.025768121435231,0.461536292803235
2.414,28.505519855164614,22.769624195114936,43.8678375989209,336.50930963455704,-23.886734873907866,6.2792682222506935,0.4819735396529315
2.416,29.728951164826437,24.376848597604564,48.4223965731043,336.50930963455704,-31.953726994992103,-0.4965424747213576,0.4928766277678018
2.418,12.723174715459677,11.219875053862069,34.56787130058709,336.50930963455704,29.15218549431463,31.219066084337385,9.418210876951019e-92
2.42,6.284179432720196,2.6141017405327345,18.624893824417455,336.50930963455704,36.164912705436535,38.031594139795864,0.0
2.422,11.586844848097936,7.715764950541823,8.864554073106563,336.50930963455704,30.738945789606824,35.01875884980636,3.1753351076210633e-131
2.424,7.288605689638573,6.02776486600978,27.78583338964745,336.50930963455704,35.38534241612495,36.34540724341868,0.0
2.426,9.699849306484131,7.976017047568152,30.4001683585915,336.50930963455704,33.04125396563888,34.785150523546335,2.503007396303447e-221
2.428,10.867014137183993,8.159888293981407,32.76425912263825,336.50930963455704,31.665941016545908,34.615416396010176,6.759009085146187e-162
2.43,4.10400164684423,3.581030456558764,23.141928369346434,336.50930963455704,37.45956525345577,37.68926215728376,0.0
2.432,8.712244495341235,7.068725176775541,27.109085971433476,336.50930963455704,34.08217176216742,35.56588404570143,1.2974602027185533e-280
2.434,14.107383371200735,10.060756792572391,18.70569873140918,336.50930963455704,27.011971873725308,32.63281008306001,6.810701618328283e-57
2.436,16.776404514643886,12.196351861341306,30.594118962194504,336.50930963455704,22.206646577499217,29.906715045008106,3.887604870659331e-20
2.438,16.979352312380826,12.81066352540965,33.953484360537466,336.50930963455704,21.801570866540366,29.023703715576694,1.6464952601162843e-18
2.44,18.533436832268404,13.996696582105772,23.340810380627943,336.50930963455704,18.481530417278535,27.191627988306024,1.4520919738894988e-09
2.442,27.783614748480918,20.760049918291944,30.336042396386862,336.50930963455704,-19.324586888553664,12.842507841075887,0.46953907558142804
2.444,28.816555434077312,22.27617128720183,37.599603524184445,336.50930963455704,-25.89925578423676,8.066305393068635,0.4856998943825097
2.446,20.384235362655094,16.241154941086748,19.133045503343613,336.50930963455704,13.88945300283854,23.246475677590173,0.00023340657625777348
2.448,31.407898527000057,25.420596025562983,33.475825614805856,336.50930963455704,-43.64120887133122,-5.691365090590753,0.4981450463618138
2.45,25.779337334169647,21.620984045126246,35.772687887378545,336.50930963455704,-7.608409220902176,10.25124216530112,0.3841933088779319
2.452,10.560619438499543,10.40706886037696,25.835863933106786,336.50930963455704,32.04224174173852,32.226732820224534,2.4507417864233786e-176
2.454,3.8594433114000104,3.9497883783945116,15.769717457891767,336.50930963455704,37.57087198024992,37.53054953070884,0.0
2.456,19.108673883749756,14.603683751436638,8.267742197042226,336.50930963455704,17.140692721774574,26.187887557893838,1.812368225517389e-07
2.458,15.221527850148277,11.935268977925428,7.8321247753359176,336.50930963455704,25.118936435139542,30.268532593451436,1.6054009727612787e-37
2.46,14.874535700407822,11.689192918626459,5.569078818646005,336.50930963455704,25.7252218016275,30.60223707470483,7.744506422986996e-43
2.462,15.446205604527139,11.94084711796562,2.970486395126999,336.50930963455704,24.718125418700858,30.26088584967729,2.16909965177033e-34
2.464,7.572910997274389,6.603960507816513,5.176642320591996,336.50930963455704,35.14368392697173,35.929262254215494,0.0
2.466,15.98891780124482,10.664126082026204,24.245115828393462,336.50930963455704,23.722631958874224,31.916337091993793,9.474563850502514e-28
2.468,11.632627933715446,7.90394698075229,22.760254465281445,336.50930963455704,30.677943565920028,34.850620579605064,1.995793868395041e-129
2.47,12.67438942276298,9.17826967207129,25.76767650368111,336.50930963455704,29.22343507987657,33.6049855902009,3.111632934850324e-93
2.472,25.855218509546862,18.597999275792873,34.811183207248256,336.50930963455704,-8.021831241988886,18.33438124135659,0.38943281022293935
2.474,16.61722257766203,12.087197115978261,24.23944857016516,336.50930963455704,22.520152583478,30.05895910634955,1.6728647687204896e-21
2.476,9.947613262747948,7.591219421695534,26.611239559212915,336.50930963455704,32.76247467713203,35.1278040987802,1.0231729126412943e-207
2.478,5.994443666411677,4.35250317801746,19.79686019273094,336.50930963455704,36.36830986392512,37.33945764639038,0.0
2.48,9.240941909512935,6.457804738767007,7.022668330129931,336.50930963455704,33.53890545959731,36.03841951135645,6.6190035127256215e-248
2.482,17.115126979057116,12.639934461054215,6.86927174774903,336.50930963455704,21.52714130270644,29.27358575272706,1.7241761010151567e-17
2.484,16.45500933079825,12.092034952137395,16.334176082658992,336.50930963455704,22.83588906373678,30.05224116341725,5.562544449330052e-23
2.486,35.29606486023803,26.4878820068355,42.60158899102646,336.50930963455704,-73.24402091239224,-11.569240692252038,0.49993859637359744
2.488,43.34778859368391,33.77790809498914,53.43021419418122,336.50930963455704,-145.5462994853267,-61.27136675642933,0.49999998510364224
2.49,48.02152809027598,40.418275986556516,66.52656178290795,336.50930963455704,-194.30650334466975,-117.52656064282431,0.49999999994566624
2.492,50.83315100305188,44.06735181159374,77.55931132068805,336.50930963455704,-226.04270439883481,-152.72847883558478,0.4999999999985931
2.494,56.98205685259969,50.042342608961576,92.65660991849217,336.50930963455704,-301.7396754846375,-216.93397966844427,0.4999999999999998
2.496,39.235984265800376,37.37820384641172,81.20125555752615,336.50930963455704,-106.77345134877552,-90.5215927813731,0.49999870663084167
2.498,30.752923982025703,30.989367761271527,76.1402879118721,336.50930963455704,-39.00057210100198,-40.66403700058213,0.49683508604447685
2.5,46.179985570893784,41.77409392546226,98.24462455800558,336.50930963455704,-174.49851981441978,-130.25084751042988,0.49999999946854184
2.5020000000000002,43.19488791147672,39.707204645424085,101.03388326260752,336.50930963455704,-144.0353832951648,-111.02100668792903,0.49999998227338127
2.504,27.271071720601626,29.380766600760218,89.68888869361275,336.50930963455704,-16.18538137984907,-29.61743778660901,0.4563227180963074
2.5060000000000002,27.580392722051126,28.98157530687395,92.9099022708497,336.50930963455704,-18.069462156214485,-26.97789169411498,0.4648149831928357
2.508,14.1404825101221,18.01386975102386,81.89924045238611,336.50930963455704,26.95795724599597,19.63725657860317,3.238342367931939e-56
2.5100000000000002,13.941887817965014,16.79115758848471,82.73189030670018,336.50930963455704,27.280034261482562,22.177404370673052,2.2170101474224437e-60
2.512,24.11629629471424,23.461718594363607,91.36813341288475,336.50930963455704,0.70467447569458,3.546315589142215,0.22158099277640408
2.5140000000000002,19.407736971624082,19.739841605455506,90.26139895926005,336.50930963455704,16.415368429482946,15.58492056873174,1.4338039273216676e-06
2.516,26.537383519507454,25.210908747691832,102.35802070157706,336.50930963455704,-11.853988374066244,-4.600643312590404,0.42832970498647016
2.5180000000000002,35.36141244843051,32.74625539790112,115.43926086760534,336.50930963455704,-73.77121403973734,-53.43724772028959,0.49994221243905324
2.52,22.49966469653527,23.518338339665405,107.1570110752694,336.50930963455704,7.27284187911438,3.310497941791609,0.0511787956137124
2.5220000000000002,20.101788067113446,20.159268944913777,104.815231198387,336.50930963455704,14.647155322396195,14.49486878228872,6.725256231193822e-05
2.524,18.12512255793827,17.776215851053088,103.59534637223867,336.50930963455704,19.393913775396506,20.149887040333525,2.1337150866495237e-11
2.5260000000000002,26.415916357358174,24.156126808763574,115.65313582865092,336.50930963455704,-11.157061685287253,0.5236122579029627,0.42241524484566406
2.528,14.445414621082257,12.490250667563862,97.25042360295579,336.50930963455704,26.45399609603586,29.489826599826596,2.7526142929135824e-50
2.5300000000000002,6.948792765569074,9.335795913640657,98.94039433707101,336.50930963455704,35.662023412440604,33.438033133304714,0.0
2.532,14.7490529168685,14.457373406918553,106.01924540302657,336.50930963455704,25.94071488013983,26.43399770902416,6.520860142802815e-45
2.5340000000000003,28.172857665266857,24.494823929251215,124.7345216313478,336.50930963455704,-21.764974574377838,-1.0533884459288165,0.47699059737184696
2.536,21.227368901151504,18.267085862247168,115.7053737363182,336.50930963455704,11.471925660180178,19.080187408684907,0.004036565620478192
2.5380000000000003,16.8883416710234,10.764281181902682,93.09486757820174,336.50930963455704,21.98397708688153,31.793326698523803,3.1805340682701524e-19
2.54,8.123135896136048,4.089639104119575,92.08109360326186,336.50930963455704,34.64965347060022,37.466291175722894,1.94227e-319
2.5420000000000003,9.360291682176873,5.376074774714931,91.18859812366236,336.50930963455704,33.41181474965485,36.770266673901794,7.946261718200032e-241
2.544,6.189719128924017,3.2040186035499487,91.22147086483764,336.50930963455704,36.23228081917894,37.83545300328395,0.0
2.5460000000000003,3.03010777797691,3.305670241963711,96.03159828919082,336.50930963455704,37.897411939933825,37.797636504644956,0.0
2.548,14.739007184791078,11.726872134245658,96.87718524491103,336.50930963455704,25.957880902073786,30.55159968485761,4.411538333550396e-45
2.5500000000000003,14.329899778967699,12.438813894155329,109.87347420955606,336.50930963455704,26.646256995316534,29.5635236272164,1.8118372884444214e-52
2.552,20.255355437468225,16.923608815144213,113.07191756985462,336.50930963455704,14.23814583338025,21.913439710467642,0.0001350334656943596
2.5540000000000003,17.704496529707573,14.979227006220201,113.20519312955867,336.50930963455704,20.30271155972366,25.54391286730441,1.2229152674653792e-13
2.556,29.127780393578053,23.456196256340327,131.09969333905,336.50930963455704,-27.93971351429356,3.5692151422408065,0.4886928999655528
2.5580000000000003,31.116453954030106,25.24506903994592,137.9491275504554,336.50930963455704,-41.563653771257634,-4.7767870166206725,0.497643812462456
2.56,21.25300196605489,17.940824764835,119.52161218855215,336.50930963455704,11.394358858392696,19.795849116213653,0.004326787846195429
2.562,30.036363636114604,21.44041611510046,88.45446103503527,336.50930963455704,-34.04206335440072,10.819209310815143,0.4943988444796721
2.564,29.899969859493854,23.781360887636346,103.74676328504745,336.50930963455704,-33.11257287761889,2.19027840375985,0.49376625906115595
2.566,18.87522544690758,14.74952901185103,92.6870699746972,336.50930963455704,17.693100728112864,25.939901020477606,2.950805729339645e-08
2.568,20.637293156997558,15.540702274263875,86.54434934194596,336.50930963455704,13.18960402982795,24.54758944166207,0.0006227820190646414
2.57,37.89625481379665,28.033085812948066,60.73351458043619,336.50930963455704,-94.97424437104132,-20.883297588468338,0.4999949686694646
2.572,46.6530158069889,35.86254506959649,45.122327441414285,336.50930963455704,-179.51260753696698,-77.84656505365884,0.49999999970162345
2.574,36.28519869903181,30.554430301922604,54.490456059511075,336.50930963455704,-81.32832400699174,-37.61448436650547,0.49997579088756877
2.576,49.70075664468446,41.873848753313375,40.679066522684806,336.50930963455704,-213.04367593238578,-131.20362128859733,0.49999999999371636
2.578,55.099151732814136,47.089996285976184,46.19897395570431,336.50930963455704,-277.6427366097912,-184.189975907597,0.4999999999999963
2.58,50.23975703795862,45.0815208937875,48.0727018684403,336.50930963455704,-219.1944715141442,-163.05197630310624,0.4999999999969049
2.582,54.01105452585678,48.847351336083946,56.575720907058894,336.50930963455704,-264.0866696113618,-203.44073483290202,0.4999999999999824
2.584,43.086865768613116,41.08417859323636,56.78062383783248,336.50930963455704,-142.9711609332689,-123.72356717682642,0.49999997996280054
2.586,31.21797146167298,31.967222640492977,42.45053763976985,336.50930963455704,-42.28503487370948,-47.68436538815734,0.4978315910763916
2.588,30.393528271552004,31.371155710200068,60.09676985688853,336.50930963455704,-36.497911247828675,-43.3781816381508,0.4957782608144677
2.59,20.684299287771182,23.649836564413125,52.97093450875631,336.50930963455704,13.057297343916813,2.75554360664126,0.000737813818513902
2.592,12.67307893663906,17.24806472284008,52.229892722338974,336.50930963455704,29.225345120276017,21.255729666601688,2.8376058186419186e-93
2.594,17.618089032258354,19.958209036061646,53.889457900661334,336.50930963455704,20.485703701122997,15.023441362337355,3.78066591653973e-14
2.596,26.888119156748374,26.015045551040625,60.37047409350234,336.50930963455704,-13.899342234457597,-8.901327883494979,0.443251370718364
2.598,16.26931411323251,15.132901344612561,69.97986773269298,336.50930963455704,23.192776184591025,25.275250688064936,8.733196815818723e-25
2.6,16.461725109377372,13.516346930066714,73.23957326271231,336.50930963455704,22.822891377737122,27.954016992970075,6.430539192869096e-23
2.602,20.40034111380368,17.93478086536817,78.62036775093593,336.50930963455704,13.845519236739145,19.80893003441483,0.0002493474560757647
2.604,12.045586942566658,9.66830432348927,73.1309102658989,336.50930963455704,30.116626577029066,33.076239365380495,5.1995471833562564e-114
2.606,13.01126220609104,5.546313539302157,66.36114460638073,336.50930963455704,28.72568180118715,36.663972857218965,2.2381155307924178e-83
2.608,4.923612656429073,5.239687332945396,56.311325569052386,336.50930963455704,37.03665474237144,36.85303142983785,0.0
2.61,13.021223371639431,12.170220970717583,53.1545971352468,336.50930963455704,28.710758067177512,29.94328872384166,4.249771232935401e-83
2.612,11.459129956791246,11.635945395550126,60.64567817211213,336.50930963455704,30.907821731131047,30.673513803029536,2.45363471579487e-136
2.614,17.924671093806353,14.608413539286069,78.57806554897923,336.50930963455704,19.830796731335404,26.179887044257097,2.0360733637325073e-12
2.616,15.77676690831545,12.841493259361357,79.90002921903074,336.50930963455704,24.116438259201736,28.97821223519303,3.3787007055603975e-30
2.618,14.556634688751915,10.711980224044884,49.93694393381437,336.50930963455704,26.26731990344576,31.857707827254558,2.9373583389200415e-48
2.62,32.583489129726075,23.792520280807718,27.148366744246104,336.50930963455704,-52.22364934878438,2.141847344567144,0.49930942256463773
2.622,17.47963763106755,14.316073906556312,42.45324245054422,336.50930963455704,20.776376518098687,26.66915800626256,5.284631212281605e-15
2.624,11.336558922689141,7.101154562355277,53.25911567212464,336.50930963455704,31.06810652994222,35.53960505626338,2.243011789716565e-141
2.626,17.36384284730186,13.112643483166675,38.25068209376737,336.50930963455704,21.01712486356731,28.573240668475034,9.361308766947532e-16
2.628,17.363962128694787,12.329315663925678,40.61654648450984,336.50930963455704,21.016877957530824,29.719369853360355,9.378398684410713e-16
2.63,38.39368601447084,30.22443332193801,16.090308672765403,336.50930963455704,-99.30735421866423,-35.33130233288753,0.4999969448864453
2.632,29.233898386422535,23.976411545642527,19.53557722142941,336.50930963455704,-28.641397482851563,1.3331775664419785,0.4895702064429206
2.634,16.059201758241535,14.659494481260404,28.5869379860273,336.50930963455704,23.59082806469827,26.093304763571894,5.595747723569733e-27
2.636,31.96000483579787,26.182890520828156,11.35319333438491,336.50930963455704,-47.63172399590986,-9.837328835245284,0.49882832208534156
2.638,35.612659491237075,29.167567066595037,4.6696055322307215,336.50930963455704,-75.8072490671265,-28.20244434363393,0.49995428774837025
2.64,30.977687823508468,26.575316562724357,6.6085542961938915,336.50930963455704,-40.5815503534959,-12.072862121302679,0.49736175948899425
2.642,19.04767341110259,17.253609181649075,10.67669224219242,336.50930963455704,17.286170034655868,21.244350768511573,1.1480826392595177e-07
2.644,17.106817287618632,15.83623663767014,12.525017520168515,336.50930963455704,21.544017006608755,24.00665615622097,1.498565914000179e-17
2.646,21.168822620826603,17.891721291059792,21.736286726946577,336.50930963455704,11.64812256596841,19.9019429445813,0.0034329377300238635
2.648,29.607245872810864,23.69804653694082,32.889904258337125,336.50930963455704,-31.133554101968095,2.5495325771298454,0.4921713029650077
2.65,22.04466033012987,18.308649870003297,29.67933251800193,336.50930963455704,8.861640500678952,18.987640503404098,0.024915964631459266
2.652,2.983394247176199,4.652290231939967,21.44787868271357,336.50930963455704,37.9134653775274,37.18516240163512,0.0
2.654,10.003721260237356,8.574604808034032,25.520287465621898,336.50930963455704,32.69835871839292,34.21832913705298,1.0444567669424775e-204
2.656,11.93481000132073,9.153560166391102,28.49182603778588,336.50930963455704,30.269161615030637,33.6309143916334,5.267397411311611e-118
2.658,16.081910100242947,13.910469958007011,5.263046034770947,336.50930963455704,23.54809939987863,27.33054598801079,9.839186820229555e-27
2.66,16.37765142777569,13.996673378511495,4.073680515030989,336.50930963455704,22.985149356286453,27.191665493147468,1.0199283345384488e-23
2.662,18.693101654273985,15.25356701740257,24.735617646736774,336.50930963455704,18.116134608805538,25.06217933137939,6.265067207590966e-09
2.664,18.476798740981174,14.87901462490107,28.50733224517291,336.50930963455704,18.609954601419048,25.717493400890742,8.436874858235529e-10
2.666,16.540742437275128,14.129471599861118,14.492348175694959,336.50930963455704,22.669482181861106,26.9759409058903,3.4481733122732213e-22
2.668,16.489852107687984,13.616051452497553,22.78399822690313,336.50930963455704,22.76838527816315,27.79806821138343,1.1757293682351143e-22
2.67,5.814707338785535,5.133487801991131,20.837098814746685,336.50930963455704,36.48965569046904,36.91600307985143,0.0
2.672,4.766371033744631,4.522774809824501,21.016019677371318,336.50930963455704,37.12374661026536,37.25308299406017,0.0
2.674,23.45834069137405,16.49159894521744,40.97879529531127,336.50930963455704,3.560324907008865,22.764996465482096,0.14335382838916616
2.676,10.002629123215014,6.8819316873935374,30.135560006452813,336.50930963455704,32.69961020004649,35.71490440753485,9.132347985048561e-205
2.678,22.906180084887474,17.003932516155828,43.44079739409223,336.50930963455704,5.761542910019005,21.752094690277488,0.08492944316242813
2.68,29.954703357964053,22.04895823542758,51.869879920175414,336.50930963455704,-33.48500952539838,8.84711460600604,0.49402788213877485
2.682,25.73058793422456,19.719166490721893,53.07417188359376,336.50930963455704,-7.3442405353095825,15.637429119947136,0.38072399354920033
2.684,19.451388717322306,15.219694026280235,47.38865415992324,336.50930963455704,16.307759958184814,25.122181042208066,1.8960954829697852e-06
2.686,9.037815060869804,7.506666213201817,39.99815821426389,336.50930963455704,33.751435134215136,35.20082014032225,3.2341796722083897e-260
2.688,18.388324720555342,14.030271801672093,50.82101306828947,336.50930963455704,18.809341382433423,27.137290214126924,3.5181580495905493e-10
2.69,28.643377472468178,21.859295678867174,64.11599508149023,336.50930963455704,-24.775373103189793,9.47977319143295,0.48372556558914914
2.692,34.16424540340685,26.679737384954745,74.38407953397336,336.50930963455704,-64.26806010430963,-12.67834007807945,0.4998274193703203
2.694,25.7010506994813,21.08026234845561,69.17088162376713,336.50930963455704,-7.184731254868561,11.912131742595548,0.37858227238081554
2.696,31.042232159932546,25.057392327444624,78.13702341733186,336.50930963455704,-41.03778568756479,-3.816631246984073,0.4974967574417367
2.698,21.252941480238928,17.738465060963748,70.90986164922433,336.50930963455704,11.394542196908484,20.230435885674176,0.004326083578603175
2.7,18.034883811892147,15.356479698968922,65.2716757761181,336.50930963455704,19.59145955169149,24.878974696917805,7.589370189958538e-12
2.702,23.23169751833854,18.447474793774425,63.044921611905366,336.50930963455704,4.485081187716531,18.676203988018433,0.11799755168962317
2.704,13.38055129490118,11.424591674419437,59.457542099464256,336.50930963455704,28.164490427634835,30.953164333221522,1.556458776073489e-73
2.706,19.978947549138876,16.3820110908934,68.75728034679238,336.50930963455704,14.969446837569581,22.97675983193831,3.710142157519222e-05
2.708,6.6837726322239375,6.4995224318192495,60.48897289939546,336.50930963455704,35.8686210811634,36.00751196441755,0.0
2.71,15.725797045015522,11.442888103577266,60.95942582156541,336.50930963455704,24.210154423628097,30.929161717522806,8.185795723580241e-31
2.712,24.24170113761628,17.917345974915186,62.677545892574074,336.50930963455704,0.13146541190562344,19.84662944786456,0.23641236906313928
2.714,17.60179740640936,12.40152924910208,35.32999362489363,336.50930963455704,20.520068586851377,29.616748727012453,3.016108873418778e-14
2.716,5.69470845763256,3.9429552300302184,46.22497813969258,336.50930963455704,36.56861205541383,37.533631902241396,0.0
2.718,12.160354130633225,9.332939600274049,43.28921853938137,336.50930963455704,29.95707780591546,33.441085810455476,5.582741738788334e-110
2.72,20.597664258375442,14.977657561091139,29.887527825209183,336.50930963455704,13.300573064307926,25.54664115519571,0.0005382256521225962
2.722,14.95679619437301,11.088741873857582,32.66624983886388,336.50930963455704,25.58287639321598,31.38682786861704,1.6007998730323525e-41
2.724,21.111288060804803,15.917973241949182,24.342968706247113,336.50930963455704,11.819981307802554,23.85499641094671,0.002914040048000819
2.726,24.342518066262407,18.368222527429158,18.214771896712197,336.50930963455704,-0.3360097371788128,18.854438360134345,0.24816517340815883
2.728,32.77875427538697,26.081229580595483,17.75818116809854,336.50930963455704,-53.68029534554737,-9.268916564266894,0.49941604397235123
2.73,28.948308970750062,23.938279352951568,24.68530612688242,336.50930963455704,-26.759851885320323,1.5025062915094223,0.48704831829958817
2.732,43.80324052098541,35.24962442526393,53.37648860279376,336.50930963455704,-150.07856865671448,-72.86995526985939,0.4999999911597075
2.734,52.33257723966166,42.8481752228454,62.40546381680786,336.50930963455704,-243.70557097339432,-140.62905716348703,0.49999999999981587
2.736,51.9525936541225,44.427049001872945,67.34560683408446,336.50930963455704,-239.18088932700573,-156.3630524639094,0.49999999999969
2.738,36.96165092277746,33.90581555794276,61.046884530767244,336.50930963455704,-86.98577972534393,-62.25971253974275,0.4999873786421122
2.74,42.92382568612089,38.5782383807887,63.936143700767424,336.50930963455704,-141.36995403328717,-100.9293574968423,0.4999999759066402
2.742,29.43101906652926,29.033641034122585,63.229722428360745,336.50930963455704,-29.952695636880748,-27.319750912437087,0.49103141972326725
2.744,20.1199438826879,21.55113119628227,60.14810227857017,336.50930963455704,14.59915738836937,10.47261192516662,7.322302291584296e-05
2.746,13.28474853652494,15.638371592788845,49.095456769124674,336.50930963455704,28.3116451776157,24.370097617673842,5.4038422432288335e-76
2.748,20.10981775539277,20.191545630180023,52.69063624861831,336.50930963455704,14.625939179278202,14.408935851673286,6.983679584345929e-05
2.75,42.89369573875981,37.632128097892924,78.92190873470538,336.50930963455704,-141.074714189588,-92.69641411364033,0.49999997507361155
2.7520000000000002,62.67003127264795,53.699821119980186,97.14413627123929,336.50930963455704,-379.449969322595,-260.2588946594151,0.5
2.754,44.9871962480742,41.95046668161326,88.60836166715026,336.50930963455704,-162.08191363076412,-131.9369539551732,0.49999999778027393
2.7560000000000002,23.487793850666993,26.80267068457061,73.01453568864325,336.50930963455704,3.4379474715463436,-13.396644311366387,0.14675174886878223
2.758,16.318167099640256,20.13141389235155,68.88876034348341,336.50930963455704,23.099352618333334,14.56878558668915,2.6774309155450396e-24
2.7600000000000002,9.627097157556394,14.244175272287267,66.48480036801311,336.50930963455704,33.12176783003089,26.787870020873818,2.0051153678153237e-225
2.762,4.334416608127321,6.8887596371352116,60.981438674700605,336.50930963455704,37.34843769553764,35.709527612158624,0.0
2.7640000000000002,3.896407487441512,6.253813801327854,56.186118193608486,336.50930963455704,37.55448709678054,36.18668060367446,0.0
2.766,12.278361403042604,12.324974708616738,59.59290898276146,336.50930963455704,29.79141006584578,29.725519105258766,6.009326176379592e-106
2.7680000000000002,9.217077467683444,7.892494014231658,52.344368258671345,336.50930963455704,33.56412089267192,34.8609698087619,2.4628325375537017e-249
2.77,6.639005400269355,7.59352902516188,55.42616656566373,336.50930963455704,35.90272504977469,35.12579813080233,0.0
2.7720000000000002,0.8675757148322115,4.157715777817169,58.168983195070815,336.50930963455704,38.37907680854788,37.434202042811286,0.0
2.774,1.5233963790838032,3.0471848704728712,57.53276494412849,336.50930963455704,38.28947486783731,37.891481006511356,0.0
2.7760000000000002,14.195681382222856,11.500869138715535,54.048789839446535,336.50930963455704,26.867578994597594,30.852839919479692,4.2142249968801405e-55
2.778,24.658757641822977,18.444338043414614,45.58017728255556,336.50930963455704,-1.8403680755898733,18.683280926183198,0.28362950143119736
2.7800000000000002,21.501876345722966,15.5681048426671,36.72327589900724,336.50930963455704,10.62744571762773,24.49791803685639,0.008117866068813366
2.782,11.288246716759968,8.96511953966275,45.15374789014804,336.50930963455704,31.130802736416797,33.826341675077565,2.131736022429772e-143
2.7840000000000003,26.541929813554773,20.771171105873247,36.88779757713083,336.50930963455704,-11.88018988939135,12.810808033855993,0.42854324999795257
2.786,5.066737397739517,2.714623303398339,44.45438439403218,336.50930963455704,36.9549226595819,38.00098369140173,0.0
2.7880000000000003,24.513369481608624,19.069669549382986,30.059204523814337,336.50930963455704,-1.1416506832767401,17.233806194775163,0.26762382813685615
2.79,17.257097036171324,13.225524031822475,34.06579797872552,336.50930963455704,21.23719020165643,28.402064848236893,1.7675814053372253e-16
2.7920000000000003,24.47574452407834,19.54901966262841,39.10525643964572,336.50930963455704,-0.9627909939193269,16.06541966060818,0.26339454547903474
2.794,24.916402350590523,20.172419170417708,45.71240276000728,336.50930963455704,-3.107696637434091,14.459894619421743,0.3105031321300301
2.7960000000000003,25.672671186003196,20.93406247768094,44.50664064659036,336.50930963455704,-7.031867884073206,12.341519570733155,0.3764961348298827
2.798,28.396433704992386,23.55445764948959,38.21621060629268,336.50930963455704,-23.187410077747117,3.159079647818091,0.48046331532410447
2.8000000000000003,26.571896553154414,22.75177744757603,52.14547338470276,336.50930963455704,-12.053104902353182,6.346170211390922,0.4299369972190896
2.802,30.788178145131504,25.978925896024556,61.31259003441744,336.50930963455704,-39.24774677628965,-8.701548644409646,0.4969238789215391
2.8040000000000003,16.688132821196934,15.19943500167097,48.264488811472056,336.50930963455704,22.380948811339213,25.157996820462188,6.95262417111117e-21
2.806,10.865265715141684,10.247025809836138,39.15044492301024,336.50930963455704,31.668119253231268,32.416119496744216,5.621307814101664e-162
2.8080000000000003,11.565046281971586,9.426800469492509,32.382527822925034,336.50930963455704,30.767904557238943,33.34028015336484,4.357395592529104e-132
2.81,21.94184482692206,16.537233019314396,18.41450290124147,336.50930963455704,9.206498898009887,22.67631439114009,0.02063313549651657
2.8120000000000003,20.70228359088977,15.755783502104102,15.548352733266018,336.50930963455704,13.00648040923251,24.155061415245743,0.0007864464983806127
2.814,17.247539766584598,12.834830784656939,21.812707105117457,336.50930963455704,21.256806788186395,28.98805275398258,1.5173065140041244e-16
2.816,12.390011082654885,9.829082960020456,20.763584677328073,336.50930963455704,29.63315814864083,32.89672683135392,3.0874515961819674e-102
2.818,15.866321000353675,11.842449328282136,17.767950012654754,336.50930963455704,23.950939805411938,30.395238394856587,3.840066179049618e-29
2.82,5.8034415440081055,2.9871864440152134,35.25451789199221,336.50930963455704,36.49713842365859,37.91217146592133,0.0
2.822,8.605440725687574,5.567605504778051,40.40371441342172,336.50930963455704,34.1880146222775,36.650445197522295,1.7824095631153094e-287
2.824,23.040967835869857,17.16252763920142,57.08278240035275,336.50930963455704,5.240302659872937,21.43067673098043,0.09805619006959868
2.826,7.521555300970766,5.994719848831156,43.37249437420887,336.50930963455704,35.188022137002434,36.3681205582568,0.0
2.828,17.182452150742677,13.758054331148578,49.22870356498716,336.50930963455704,21.39002606597211,27.573886693037064,5.282985641823621e-17
2.83,4.039182449219527,2.218945686578818,36.32759019394961,336.50930963455704,37.48973281624198,38.14073069014208,0.0
2.832,15.889264957458565,12.588257005872267,45.611623355638436,336.50930963455704,23.908365942531304,29.34854108389864,7.071172073411524e-29
2.834,25.142534906330475,19.012291742881022,62.88122552493862,336.50930963455704,-4.249917058645835,17.37017918626784,0.3323257658495464
2.836,20.423525136218654,16.03240349145033,61.205018490677666,336.50930963455704,13.782135002128818,23.64116213354718,0.00027398187109645914
2.838,15.79009989639491,12.816277329690799,57.6144723366009,336.50930963455704,24.09186639127168,29.01542854938414,4.875394162462361e-30
2.84,4.2069079904182995,3.2002144119250864,39.797832932260704,336.50930963455704,37.41068456309065,37.83684530786583,0.0
2.842,11.86505324651577,8.205471622158415,32.40659790151507,336.50930963455704,30.364475324288456,34.572737271209604,1.4243857126216971e-120
2.844,20.34977616180381,15.446462389390666,58.93872242719582,336.50930963455704,13.983181873832148,24.71766358462758,0.00020229345690988987
2.846,22.062855712377505,16.644776148405867,65.65273842825277,336.50930963455704,8.800083445099819,22.466148207655692,0.02573426585251503
2.848,3.5248710845192908,1.7004784261144232,44.977358558234684,336.50930963455704,37.712068722938646,38.25685246228771,0.0
2.85,24.975356701684348,17.821475414901546,45.25300719763019,336.50930963455704,-3.4028263155244143,20.053001697950144,0.31635808408732957
2.852,34.89150485192632,26.231314519973903,45.291598220068735,336.50930963455704,-70.00196448676957,-10.10966762780358,0.49991081396841225
2.854,45.09833713079436,36.68050816415237,57.69217986706005,336.50930963455704,-163.2251328835383,-84.62176855755473,0.4999999980540198
2.856,30.825123451584503,26.953474935017535,46.49865632072404,336.50930963455704,-39.50709898825447,-14.28569146755134,0.497014369459875
2.858,30.52244828445079,26.07439625049881,32.62279648610871,336.50930963455704,-37.39204493565148,-9.230873392749302,0.49619121705787794
2.86,21.817486339848063,18.125205420225562,18.864191530725364,336.50930963455704,9.616975819546207,19.39373171437517,0.016193313441424915
2.862,42.13985368776711,33.530061470647304,19.807218508513536,336.50930963455704,-133.75538484447162,-59.366936195810005,0.4999999421070306
2.864,38.24690713568661,32.01467571413568,30.280892087210685,336.50930963455704,-98.0228899417894,-48.03075597838061,0.49999645798357395
2.866,20.681432397440847,19.67550583756138,27.582776430467902,336.50930963455704,13.065387985279997,15.747952558093576,0.0007303064540012902
2.868,32.614254703730936,29.205485012578492,37.19882824646636,336.50930963455704,-52.45257035954461,-28.453226799931535,0.4993273853160034
2.87,21.76604344575915,20.83829653800149,37.116094076615944,336.50930963455704,9.78469569479535,12.61855879491862,0.014579802787314076
2.872,16.12145096121165,16.367487634140517,36.66325718720135,336.50930963455704,23.47353021325073,23.00469773249215,2.6002718103665906e-26
2.874,3.0379329959223433,5.838166776655116,29.06763549577153,336.50930963455704,37.8946983529812,36.47402731947752,0.0
2.876,23.06063427833613,20.47479326611663,36.63041245696162,336.50930963455704,5.16339182442239,13.641369109430478,0.10004220525001975
2.878,30.802659541874654,25.81364630764695,38.274313401454194,336.50930963455704,-39.349365606114986,-7.79499986823177,0.49695965698719663
2.88,15.192622102142318,15.01915679525783,31.728624067571285,336.50930963455704,25.17002944853568,25.47439457956184,6.101927790660262e-38
2.882,22.35165665823244,20.40914253746879,47.47042200792962,336.50930963455704,7.801187927586133,13.821476279659827,0.041283798173405085
2.884,5.194623098071818,6.826065003458519,34.36519504442443,336.50930963455704,36.87991016061477,35.75869697054923,0.0
2.886,23.063408082300796,18.858188252387723,54.20961885527835,336.50930963455704,5.152526440130138,17.732963248190927,0.10032369731031146
2.888,37.98293114629562,30.01209600040436,73.81220143770373,336.50930963455704,-95.72521390876838,-33.876345474221104,0.4999953853966976
2.89,41.120546670623064,33.943313247128344,82.65739571636131,336.50930963455704,-124.06493116428152,-62.55017010826172,0.49999982333581683
2.892,30.915180907844686,26.985331336672797,76.48302903019908,336.50930963455704,-40.140664818903545,-14.474586460279683,0.4972243907683686
2.894,8.060568953900606,8.32547372688658,52.80537651153575,336.50930963455704,34.70758157010407,34.45923959502164,1e-323
2.896,14.936665685947059,13.43118744517253,61.83299434373231,336.50930963455704,25.61778984403858,28.08626733406326,7.685590352386999e-42
2.898,18.028099016533176,15.539592011483142,67.3353072322196,336.50930963455704,19.606254455449974,24.549599889127496,7.010862431011052e-12
2.9,9.550127745877834,8.313482359675488,57.349125230474336,336.50930963455704,33.206284312335704,34.47065538842995,8.31321843991035e-230
2.902,20.063725397042727,13.94478466215265,52.55836690370468,336.50930963455704,14.7474742839551,27.27537083537326,5.613626410732857e-05
2.904,18.039846161938506,12.62372915983021,53.490560809616994,336.50930963455704,19.58063355681554,29.29712466853841,8.041366832222977e-12
2.906,25.975636951556503,18.912605398800856,58.12840820777737,336.50930963455704,-8.683386709542448,17.60542915079274,0.39735281707997916
2.908,19.36359329398469,13.537213053913755,48.51925937420046,336.50930963455704,16.523729341627895,27.921479282776026,1.0747590306073733e-06
2.91,26.1035945108648,20.635951431238006,68.24454654272897,336.50930963455704,-9.393573740228977,13.193369673939081,0.4052518274401294
2.912,14.585128030550681,12.115229425491243,60.800773970527615,336.50930963455704,26.219247909311335,30.019994537612632,9.470054498522773e-48
2.914,16.638918384578492,13.196130494714847,58.132309388978065,336.50930963455704,22.477638424203693,28.446784873285715,2.5971619475316376e-21
2.916,30.868579240661155,24.023831622014182,73.27894478211083,336.50930963455704,-39.812573406651886,1.121409328669745,0.4971175444491687
2.918,39.5108050944572,31.479330520001486,89.30114844431381,336.50930963455704,-109.24450846512256,-44.153473391998546,0.49999902687272607
2.92,25.349452704532933,21.589393483646127,80.18734898569596,336.50930963455704,-5.318774374525806,10.35161674962745,0.3507462276194806
2.922,20.75510230495788,17.78571652268313,72.26956438066944,336.50930963455704,12.856596764223793,20.12957789330741,0.0009455861885154491
2.924,16.69617399589833,14.887751430458982,74.81775173865269,336.50930963455704,22.365117414150074,25.702410716997775,8.152236909547327e-21
2.926,12.31265444453807,10.612649952804437,63.78089308570901,336.50930963455704,29.74295948716496,31.979107465116453,8.497384922808754e-105
2.928,16.369777082606515,12.174374347019612,55.488384322311596,336.50930963455704,23.00029561877021,29.937480884528938,8.558573445698316e-24
2.93,3.337230347154786,2.718283646729691,59.28484857778778,336.50930963455704,37.78565516450722,37.9998472612235,0.0
2.932,12.545266861189777,9.439742005164035,70.37434025305716,336.50930963455704,29.41065525831901,33.326301429971714,3.0474700378315684e-97
2.934,25.81491196782265,20.28340850905028,88.74988731394252,336.50930963455704,-7.801893790013777,14.162676085127329,0.3866739213904001
2.936,26.51401107501032,21.307048681565565,93.61782768118492,336.50930963455704,-11.719418849492962,11.229955732949472,0.4272230794511231
2.938,20.254167403407592,17.852103198771157,91.0493776382356,336.50930963455704,14.241336728965802,19.987241893015128,0.00013433289648262726
2.94,15.238107394174042,12.49335160176801,80.30496145674073,336.50930963455704,25.08958241198425,29.48537369293428,2.7844312244321674e-37
2.942,16.494062634373783,13.004760163923123,81.21296795020753,336.50930963455704,22.760216247460416,28.735416728452478,1.2861850395929938e-22
2.944,26.913721462165572,21.143516352764152,92.11419769633119,336.50930963455704,-14.050499290058562,11.723870449345004,0.44422394048221203
2.946,19.08866388042104,15.427317676800952,86.49029669243389,336.50930963455704,17.188503473831727,24.752072285583672,1.5623995397645687e-07
2.948,10.240537627918563,9.107604467828377,82.68982950155326,336.50930963455704,32.423734770304165,33.6789508295398,2.608762635114346e-192
2.95,3.963345497726872,1.850232070002104,72.46109857257197,336.50930963455704,37.524418230738085,38.22646749346424,0.0
2.952,7.1237298233041315,4.571770595179838,68.71516252020149,336.50930963455704,35.52124013540109,37.227614215863454,0.0
2.954,17.18771297282269,11.93469409923562,57.11531778095368,336.50930963455704,21.379282600943284,30.26932045345347,5.758992620285154e-17
2.956,24.456830013766012,17.590034772429803,46.91883708199989,336.50930963455704,-0.8731826032809036,20.544853304292165,0.26125588413518636
2.958,34.652901061348054,26.009687573726666,34.9367243044623,336.50930963455704,-68.1074013388212,-8.871655465983268,0.4998890761345281
2.96,35.15735513966651,26.95834840309954,27.590519751633014,336.50930963455704,-72.12821368294678,-14.314564704311788,0.4999301792705751
2.962,38.87092685210745,30.69204056023068,18.928602680254468,336.50930963455704,-103.51770336231674,-38.57440963841447,0.4999981184754044
2.964,30.921865078756557,24.974432457144687,23.026053976281887,336.50930963455704,-40.18776626284964,-3.398184916747049,0.4972394012380838
2.966,37.32039572470493,31.55226381354797,15.634379321318,336.50930963455704,-90.02853336620655,-44.677744197685556,0.4999911086358029
2.968,49.445375228206906,41.59906683477734,21.603209583285334,336.50930963455704,-210.15255870921553,-128.58462827104034,0.4999999999912347
2.97,48.478188704335956,42.14643188850171,23.542416887775463,336.50930963455704,-199.33826694841719,-133.81869372783078,0.4999999999695574
2.972,32.32666114255788,30.452897404607473,15.14248865898448,336.50930963455704,-50.32119250370713,-36.90916697454641,0.4991403233978465
2.974,40.89414447947175,36.74034924707859,33.88067656384797,336.50930963455704,-121.944750588421,-85.12343437250652,0.49999977449429234
2.976,41.0928525542637,36.90151140971973,37.161644514956606,336.50930963455704,-123.80495669753853,-86.47857372301078,0.49999981796821275
2.978,31.8264807421119,30.49977785709634,22.784952691925735,336.50930963455704,-46.660090742079426,-37.234519393007766,0.4986896426472224
2.98,24.230231481186287,25.261331710685546,25.45725716888129,336.50930963455704,0.1842737896233223,-4.860857010147674,0.23506469907394656
2.982,26.86699071792151,26.416547352264896,22.249620911896237,336.50930963455704,-13.774784857660094,-11.160666381129063,0.44243739244539493
2.984,31.390185352726903,26.84592892147682,19.44732828459039,336.50930963455704,-43.514367512093116,-13.650788327304541,0.49811775964186633
2.986,28.75719776399928,27.167605224111313,25.964897357879646,336.50930963455704,-25.513099303960644,-15.562527050124809,0.48505009548507433
2.988,23.596621291445572,22.317679885458727,20.69947607209913,336.50930963455704,2.9813515642601023,7.9208791506309515,0.15946169263582752
2.99,43.68878500269246,37.80318184280763,46.38011496582617,336.50930963455704,-148.93514851362906,-94.16976443971329,0.4999999899158884
2.992,49.574806511945546,42.80736571710132,58.20780838548424,336.50930963455704,-211.6159606008609,-140.22992435958417,0.49999999999259376
2.994,37.12314445584102,33.89373486277386,48.436528071423425,336.50930963455704,-88.35187570284415,-62.16620402285122,0.4999892154685124
2.996,48.504498859322034,42.406183761267165,64.78361608086777,336.50930963455704,-199.6296191175278,-136.32645593601288,0.4999999999705616
2.998,37.77559940573199,32.34500696544669,53.270741732765416,336.50930963455704,-93.93173459729896,-50.45658227872284,0.49999432705806873
3.0,34.07309237126074,29.505276749349807,51.80402267003137,336.50930963455704,-63.557930314576524,-30.449303709925978,0.4998127169228947
3.0020000000000002,37.832667523553916,30.362644076075775,54.00567934295949,336.50930963455704,-94.42441098265303,-36.28431382958641,0.4999946398799229
3.004,50.42427122656483,41.125445457080176,73.6379826912762,336.50930963455704,-221.31529589626962,-124.11093603681664,0.49999999999757544
3.0060000000000002,35.65106651532907,30.727173698435998,64.12560177975658,336.50930963455704,-76.11976042859902,-38.82022022036942,0.4999559032029667
3.008,24.292649600823776,24.586828156124785,60.91290822436334,336.50930963455704,-0.10403734255119201,-1.4931843974387273,0.24237359249169807
3.0100000000000002,21.87951629012753,22.35468177749102,61.44052424832717,336.50930963455704,9.413127450200431,7.790502592487407,0.018309961468194625
3.012,28.004208453039386,26.137163554064625,67.87600533700943,336.50930963455704,-20.701880992199825,-9.581095279110835,0.47399881137078864
3.0140000000000002,39.58624455445989,34.124267266284384,78.18785018619003,336.50930963455704,-109.92584110990649,-63.956375013738466,0.4999991002890368
3.016,27.63525673978571,25.216338035814562,69.24052134683916,336.50930963455704,-18.406986703880133,-4.628598140068311,0.466152725559023
3.0180000000000002,16.45165705181855,12.50703668232516,44.74836726908734,336.50930963455704,22.842374666993514,29.465708504267734,5.173456940599769e-23
3.02,26.83650955805636,18.114936003910977,36.48825156585958,336.50930963455704,-13.595388432910243,19.41628586235624,0.44124477868960643
3.0220000000000002,30.490042889118172,24.769901358779695,57.00099472995344,336.50930963455704,-37.16691428184643,-2.3825509798236273,0.49609120940100576
3.024,24.798860889002004,20.943749609266476,55.286990841375044,336.50930963455704,-2.5249539131563683,12.31331200794896,0.2984949651260534
3.0260000000000002,42.56405197213797,33.682271140569824,60.060813814756955,336.50930963455704,-137.85811509502616,-60.53482981672214,0.49999996390148693
3.028,42.997514227206864,35.167594608725686,70.71527179360959,336.50930963455704,-142.09289298742584,-72.21043147782748,0.4999999778307797
3.0300000000000002,29.403197015490566,26.385294959420385,75.15443893221291,336.50930963455704,-29.767000408537125,-10.982329204559257,0.49083765031047716
3.032,30.448224712515113,25.163383568936585,81.08042456936566,336.50930963455704,-36.87676761510205,-4.3566005000564445,0.49595843788061345
3.0340000000000003,47.18857165242085,38.18077069420927,100.1168787888465,336.50930963455704,-185.251138694365,-97.44573691219924,0.4999999998458874
3.036,46.18214372500836,40.03893499886866,106.72372135194628,336.50930963455704,-174.52128006427154,-114.0416212076707,0.4999999994699326
3.0380000000000003,59.86168985160576,52.62658667455566,131.59659523052974,336.50930963455704,-340.15842726690613,-247.22913578492012,0.5
3.04,34.63987466648245,34.16801409751592,113.22397662052865,336.50930963455704,-68.00434421382177,-64.29746120301321,0.49988775219644344
3.0420000000000003,29.410417614130143,30.010055047474005,111.57024346397654,336.50930963455704,-29.815174155404755,-33.86241498597518,0.4908883171079642
3.044,20.112699884339,21.97109170176133,104.66387514638377,336.50930963455704,14.618319467301763,9.108912125158716,7.078594476874847e-05
3.0460000000000003,9.960271310038138,13.901803163249689,94.90351945253482,336.50930963455704,32.74804178641902,27.344458778189203,4.910835731405034e-207
3.048,3.6289043152764835,6.758156087519201,86.89493031247301,336.50930963455704,37.66953563965429,35.81144755568922,0.0
3.0500000000000003,12.073626357480514,7.802861822048245,80.55957668307988,336.50930963455704,30.077789138578037,34.941444080601634,5.13826599810002e-113
3.052,30.61589344245779,19.51282710969313,59.02937751282292,336.50930963455704,-38.04266551056841,16.15552789320969,0.49646608489194594
3.0540000000000003,41.65834952673255,29.45373724496696,61.35861269343943,336.50930963455704,-129.14820291921438,-30.104474779941256,0.4999999016023057
3.056,34.710677985602196,25.913839890221904,64.03924855241779,336.50930963455704,-68.56496638355416,-8.343053024132123,0.4998947682618691
3.0580000000000003,19.755926434885158,14.712102310005761,62.64509984012688,336.50930963455704,15.543993320672504,26.00379324041247,1.1511542600916531e-05
3.06,21.70110508570135,15.681618858012143,57.7956970962026,336.50930963455704,9.994709156789582,24.291103988120636,0.012718317246370186
3.0620000000000003,11.396212247552823,6.995567101705498,60.719427092673016,336.50930963455704,30.99031733539708,35.62472460785946,6.599863076303072e-139
3.064,12.337147067357483,8.310880160039567,67.55891973635437,336.50930963455704,29.708270533668557,34.47313050375881,5.5608684519371085e-104
3.0660000000000003,11.127103169258165,7.153798339040825,58.902769204891925,336.50930963455704,31.33795838524003,35.49668873959239,2.7313995755152594e-150
3.068,18.402275654955712,12.494216262541931,50.67327639334523,336.50930963455704,18.77799950170968,29.484131847240352,4.047255075075067e-10
3.0700000000000003,23.123962016349733,16.374578378367378,42.24310466161089,336.50930963455704,4.914235283467442,22.991061383951504,0.1065514310094462
3.072,32.79232025589667,24.418879362626257,41.42903814034775,336.50930963455704,-53.781822695116624,-0.694009749602925,0.49942282995697584
3.074,49.15747054823863,37.68637102443313,7.500081186132765,336.50930963455704,-206.91111258124766,-93.16290527321641,0.4999999999872697
3.076,45.790925048488724,36.086427635092164,17.252328481854008,336.50930963455704,-170.41280277100154,-79.68579209791068,0.4999999991493421
3.078,48.05071584655554,41.185953590401986,26.24994358229652,336.50930963455704,-194.62668708970386,-124.67962437157681,0.4999999999476326
3.08,36.80565743246564,33.353178251117605,10.160642894250785,336.50930963455704,-85.67186616141271,-58.016412620471236,0.4999853174408261
3.082,24.716520524420016,24.204797703837748,12.453012092484965,336.50930963455704,-2.1212846885915053,0.3011015077700369,0.28982826776950477
3.084,22.864775099643406,22.09413356797347,16.816295844298093,336.50930963455704,5.919614686403291,8.693892363874793,0.08107656104917667
3.086,15.210396152852908,15.912081712883417,19.99354213378679,336.50930963455704,25.13862523115261,23.86595797542496,1.1073180686130418e-37
3.088,31.361273947956327,26.659157462293027,8.076755925849653,336.50930963455704,-43.30749641223457,-12.558666800703689,0.4980723927214387
3.09,28.55470177597769,25.549981402863274,16.3901205481078,336.50930963455704,-24.203145140939274,-6.375504514268652,0.48261797649637805
3.092,34.240240346213085,30.966602709794035,31.472667072190013,336.50930963455704,-64.86155620712643,-40.50329463249469,0.4998388177381724
3.094,53.801223522396064,46.95625137979004,52.786636533373525,336.50930963455704,-261.5035856993795,-182.75376124199713,0.4999999999999763
3.096,47.378143057584985,42.840489142730995,47.94155579452663,336.50930963455704,-187.29811004923948,-140.5538552473418,0.49999999987824423
3.098,43.6037018815678,40.77917113164138,50.56819568503145,336.50930963455704,-148.08709958426022,-120.87254535298482,0.4999999888816565
3.1,50.51397998638994,46.511568946610964,65.06405713354864,336.50930963455704,-222.3492261975603,-178.00792528322532,0.49999999999784756
3.102,53.432760995206415,49.47696752210936,74.36629566985516,336.50930963455704,-256.99202916082913,-210.50940089293195,0.49999999999996014
3.104,51.75757137901091,49.07349311595014,79.98246562570989,336.50930963455704,-236.87145201436581,-205.96919776074452,0.4999999999995956
3.106,54.657723657069496,53.30622977139082,89.25740039323266,336.50930963455704,-272.11060732531183,-255.44989756566315,0.499999999999993
3.108,55.94881318665682,55.60118310711134,101.30544097376647,336.50930963455704,-288.416245010318,-283.9884496350733,0.49999999999999895
3.11,68.52293863286863,66.73995216400886,126.16711674149215,336.50930963455704,-467.12639733358657,-439.58871749154895,0.5
3.112,59.22681759629339,60.84294715607526,126.75177712987494,336.50930963455704,-331.52552479012485,-353.68249979963883,0.5
3.114,66.00280764982546,67.03047929892784,141.25929174650426,336.50930963455704,-428.4158637185075,-444.0263104468841,0.5
3.116,49.71520111912957,55.27573800873171,135.11650113177626,336.50930963455704,-213.20764369854686,-279.86823797364195,0.4999999999938339
3.118,51.87906007321816,56.47847922323735,144.792635536358,336.50930963455704,-238.30909081992615,-295.2157063975252,0.4999999999996573
3.12,41.346493003335986,48.85539991770296,141.5583782413889,336.50930963455704,-126.19251306518856,-203.530524586591,0.499999861716802
3.122,43.971301039258705,49.24658995480383,147.9669366352039,336.50930963455704,-151.762928582627,-207.91246266757994,0.49999999271803414
3.124,47.96146898173553,52.59908286355022,160.09620956725942,336.50930963455704,-193.64827917907593,-246.89867859369113,0.4999999999413887
3.126,37.03021154062475,41.51008189477093,147.77895053526453,336.50930963455704,-87.56501567385749,-127.74019381492974,0.49998819287165147
3.128,34.201614249867376,38.224881216933206,148.13595276718593,336.50930963455704,-64.55973339639277,-97.83056536007376,0.49983311842668915
3.13,23.2057920130102,27.917586154406745,138.26924408461343,336.50930963455704,4.58888322234101,-20.159234982820458,0.11520494396636971
3.132,33.26727797480009,30.440849245110957,137.10214230826577,336.50930963455704,-57.36314976082003,-36.82563866991827,0.49961784678857585
3.134,40.56944140931061,39.531961534945246,156.7934398121326,336.50930963455704,-118.9244479064004,-109.43545204808252,0.4999996807192958
3.136,29.7773145647856,31.22494627596163,148.78542481204178,336.50930963455704,-32.28069450314768,-42.33468752646975,0.4931397658773134
3.138,21.463890210632666,19.46185609570027,130.40021690578016,336.50930963455704,10.746154243090817,16.28188836739587,0.007412060194876086
3.14,22.15987209868729,15.111416944995202,119.51339004932623,336.50930963455704,8.469147930926503,25.312992078352835,0.030413848613712022
3.142,22.0854722851406,14.763319454814683,118.63093331419125,336.50930963455704,8.723345733903436,25.9163146183484,0.026777277203617268
3.144,21.846987701621046,12.404573443184471,110.80419769029169,336.50930963455704,9.520246896708256,29.612409184392806,0.017176199077906035
3.146,32.624226792109006,21.458326557776207,105.60125765825777,336.50930963455704,-52.52681783814599,10.76349002697929,0.4993331103553547
3.148,34.33794295915233,25.22473118822986,108.35014170804591,336.50930963455704,-65.62652665731241,-4.671843882272958,0.49985240599240943
3.15,17.200861320831866,15.732729073908848,122.85448770087272,336.50930963455704,21.352412921808277,24.197429079370295,7.139263113068449e-17
3.152,34.4818043758815,25.02415432590855,97.1659604133172,336.50930963455704,-66.75688168237225,-3.648535266948116,0.499870416120959
3.154,58.34304147056445,42.63387090908108,66.7244403207593,336.50930963455704,-319.6613128208275,-138.53732320412385,0.49999999999999994
3.156,43.58849854954318,34.17903156001473,73.01271344927575,336.50930963455704,-147.93573751759214,-64.38343152887585,0.49999998868620793
3.158,40.45630795363999,32.23545340688293,62.20726083261635,336.50930963455704,-117.87776619064644,-49.649251243666235,0.4999996398306447
3.16,36.00595825469309,29.144642243713236,63.955845191268395,336.50930963455704,-79.02340599988185,-28.0510090500616,0.4999684336209276
3.162,39.868133646924086,33.94955765904401,56.26305479144965,336.50930963455704,-112.4832283614097,-62.59857072837852,0.49999932975489647
3.164,19.30576850209933,18.131009173481203,66.87577463583123,336.50930963455704,16.664982171312026,19.380976941339508,7.303875064411081e-07
3.166,31.020221569169383,27.011042312326225,54.49507226220908,336.50930963455704,-40.882090917877356,-14.627314995486424,0.4974514828045912
3.168,43.86616311823785,36.609634844035774,35.30769304824785,336.50930963455704,-150.70844503933333,-84.02867441903865,0.4999999917780882
3.17,46.45276258168964,39.015139758115204,24.40255262911991,336.50930963455704,-177.38370005098758,-104.80022289671561,0.4999999996187498
3.172,52.554504941359276,44.97239340887567,14.121540041834418,336.50930963455704,-246.36344353647797,-161.92986128628252,0.4999999999998644
3.174,48.72928742318241,43.6312346812068,11.795102301235442,336.50930963455704,-202.12531719528084,-148.3613463123074,0.4999999999779134
3.176,36.26273670946829,35.61517517099055,19.301931667319266,336.50930963455704,-81.142258324902,-75.82770840088773,0.49997526669509035
3.178,38.67414645249222,37.559772247877994,28.12754780298324,336.50930963455704,-101.7753508199661,-92.07519725914904,0.4999977005311698
3.18,27.720490087110704,29.051090553384512,23.951851962255734,336.50930963455704,-18.933291164857117,-27.43448658652429,0.4681383667639873
3.182,18.742139956514443,21.64664702737709,28.063287779895095,336.50930963455704,18.00289367412178,10.16938139830797,9.624416086387407e-09
3.184,14.303346080238628,17.290987982684786,27.606944322981267,336.50930963455704,26.690219373192996,21.16751377656751,5.566915139784141e-53
3.186,26.147477764367622,25.621509833019932,19.934296627525303,336.50930963455704,-9.638811567418164,-6.7572744287856,0.4078414293626688
3.188,24.4795286683265,23.923608738547628,16.11106883528031,336.50930963455704,-0.9807431981085808,1.567423664301958,0.2638214242702584
3.19,11.346013356917016,10.260621193600038,42.71491410713893,336.50930963455704,31.055805407003593,32.40014660558138,5.548331887300397e-141
3.192,17.402005376537403,17.098081873567196,35.9665876388078,336.50930963455704,20.938016093583258,21.561745978517255,1.6706123587634064e-15
3.194,9.55520297362712,10.52282007989719,36.6052111994919,336.50930963455704,33.20073248209024,32.087911080491786,1.622803991752942e-229
3.196,19.858294395268324,18.21837306165437,38.29319135024096,336.50930963455704,15.281930257752352,19.188249340758592,1.9995011293240286e-05
3.198,31.766579842898366,27.40786075204514,29.042753888732094,336.50930963455704,-46.225555782053085,-17.014558645951976,0.49862242131054546
3.2,25.121001842754797,22.39285753390088,39.79269526471973,336.50930963455704,-4.1399726392443,7.655253790705842,0.330322766119162
3.202,25.35039559554019,22.906191819351914,35.12290784570398,336.50930963455704,-5.323695629651118,5.761497975775711,0.3508267114867969
3.204,34.43462287620464,30.783063470437302,40.264648101143635,336.50930963455704,-66.38564248061273,-39.211868134422616,0.49986475757928356
3.206,23.76189226161686,22.87024435792858,37.79265098022299,336.50930963455704,2.2745948604337647,5.898789454568467,0.179103550137084
3.208,18.93855179337767,14.397757046551,49.77418029795284,336.50930963455704,17.544401398283956,26.533516626568712,4.9179895592707484e-08
3.21,9.646981269761953,11.045088843373952,28.745104726639738,336.50930963455704,33.09982297072172,31.44223045947596,2.667870858895171e-224
3.212,14.98171351287545,14.226600406386165,38.90841352088489,336.50930963455704,25.539589740264,26.816791087829756,3.9436533699625737e-41
3.214,11.67213604215247,11.393841458441527,40.53022776134114,336.50930963455704,30.6251053586956,30.99341680996668,6.878888072835921e-128
3.216,15.340450370967911,14.047699930022036,43.31846707295624,336.50930963455704,24.90760005245308,27.109030410139816,7.79936856172651e-36
3.218,18.152857590105445,16.067101156426908,49.90166143399254,336.50930963455704,19.33290722305853,23.57597230267276,2.909258918524322e-11
3.22,23.60755463253668,20.694803429134716,53.74300164436487,336.50930963455704,2.9350944392156277,13.027629878076663,0.16075027027754757
3.222,15.978435822563373,14.665592283752781,51.735874830707225,336.50930963455704,23.742231468958373,26.082947185949084,7.242187540311463e-28
3.224,19.25966703317697,16.989465450230686,55.70754500179913,336.50930963455704,16.77704265834397,21.781225624292652,5.329335503331845e-07
3.226,19.208053872125124,15.922854208054295,60.36832757372656,336.50930963455704,16.9019240540297,23.845911523525256,3.7158916279106994e-07
3.228,7.4675038219340575,7.637515445741095,43.43585854610512,336.50930963455704,35.234361007678444,35.08747764318066,0.0
3.23,11.098359641963418,10.103352774935761,50.88992198556955,336.50930963455704,31.374591612625963,32.5836110357577,1.524126729115226e-151
3.232,5.2025965745672735,5.463324236422736,41.26342804348293,336.50930963455704,36.87517127132007,36.716204124066365,0.0
3.234,12.337523556451112,8.930680975788524,30.1918123897046,336.50930963455704,29.707736759788954,33.861615388341185,5.723291137952411e-104
3.236,10.923941916220587,9.18072914448259,41.3625072794179,336.50930963455704,31.594824741100723,33.60240090744861,2.638498894634336e-159
3.238,7.619051990616558,5.021342338292025,32.82911984362607,336.50930963455704,35.10358983388284,36.981099522710295,0.0
3.24,5.104138553670031,4.034856879741115,35.55144823794199,336.50930963455704,36.93317829048499,37.491728881494225,0.0
3.242,3.8051635091154856,2.0194119320556103,36.92618257258253,336.50930963455704,37.59464908073327,38.189057390453065,0.0
3.244,2.9722025858233057,3.0030568558571114,41.144305673887054,336.50930963455704,37.91727442833175,37.90673858541423,0.0
3.246,5.956128696306945,4.306452901517267,33.3849207568844,336.50930963455704,36.39448771942243,37.362248138384885,0.0
3.248,5.701455414893027,4.699801761717288,45.11489968043195,336.50930963455704,36.56421645390802,37.159765309452354,0.0
3.25,31.52165419549012,23.06149228496881,65.3257231341319,336.50930963455704,-44.45755879896373,5.160031357971514,0.4983114425887193
3.2520000000000002,25.5400096507663,19.68573849084719,69.93336342911051,336.50930963455704,-6.322481719102646,15.722093218673796,0.3663724185219135
3.254,25.83302201762878,19.999300916176953,69.95947193744519,336.50930963455704,-7.900619556022223,14.91633927154999,0.38792027909424587
3.2560000000000002,26.79708272829078,21.11417289509316,76.87443018853386,336.50930963455704,-13.363866967744947,11.81139437356229,0.4396696003240018
3.258,23.836882628796282,19.265789542131316,73.40056358845237,336.50930963455704,1.9485899266505928,16.762188574610576,0.188094126842644
3.2600000000000002,33.33374694422883,26.380548359227145,69.03764624741915,336.50930963455704,-57.86849094224361,-10.955279035112625,0.49963944588065723
3.262,21.70413443957415,17.84006677101486,50.536165782981854,336.50930963455704,9.984954041504132,20.013103821645743,0.012800941548505373
3.2640000000000002,7.3317734339611755,4.708179557395236,45.05417290727272,336.50930963455704,35.3492468705703,37.15526021231534,0.0
3.266,11.627340895337593,6.89077238737207,52.501889145491944,336.50930963455704,30.68500062032813,35.707941615131126,1.2398339775483378e-129
3.2680000000000002,11.190619202072169,6.912292926940225,52.59297381933182,336.50930963455704,31.2566672047142,35.69095494624119,1.5144386591466502e-147
3.27,27.974602397037906,20.06749638387064,68.41334839268065,336.50930963455704,-20.516152623191065,14.737553779011893,0.4734376695717322
3.2720000000000002,14.06491251891001,11.017252712482739,67.9216300769482,336.50930963455704,27.081083648958316,31.477443227817812,9.004884947782954e-58
3.274,25.10023103986084,19.787498093594458,76.60357233645422,336.50930963455704,-4.034153121564839,15.463464192763265,0.3283754877883062
3.2760000000000002,40.234100011696135,30.897418817794584,83.666375948636,336.50930963455704,-115.83046378905894,-40.01555239884455,0.4999995440975999
3.278,21.853683837054113,18.19611533502943,72.88611790900369,336.50930963455704,9.498235910052939,19.237481167255908,0.01740526368634138
3.2800000000000002,31.848214587194263,24.749042252768188,62.217291879192366,336.50930963455704,-46.81796058385655,-2.2802692716388204,0.4987132437517651
3.282,17.986202023465463,14.962697271771148,68.29883253711411,336.50930963455704,19.69743670130005,25.572632091973148,4.27555781762848e-12
3.2840000000000003,17.5869078648607,14.638524603741743,73.11251385546049,336.50930963455704,20.551438134856546,26.128888190931285,2.4502422684736695e-14
3.286,18.677095649464583,15.268153841611396,73.16139052027826,336.50930963455704,18.152991800826786,25.03629510969343,5.4351781676245405e-09
3.2880000000000003,14.47240577436245,11.885086373797668,61.76786027979287,336.50930963455704,26.40883427740051,30.337160974043307,8.677803332066027e-50
3.29,20.614213533530915,15.958326268861631,52.2975513898752,336.50930963455704,13.254295047613933,23.779791300126885,0.0005722375693367449
3.2920000000000003,22.421190931508665,17.36493039035657,51.485919250809296,336.50930963455704,7.554387989368095,21.014873625396426,0.04576832503356384
3.294,29.861418533929,22.415729836715602,30.257422469965373,336.50930963455704,-32.85069987455611,7.573861639139055,0.49357547088503295
3.2960000000000003,36.73485446362413,28.180973690634865,26.10529302674581,336.50930963455704,-85.0773358375834,-21.81635124340092,0.49998427725843414
3.298,31.09345313203896,24.664826406687954,21.200680447296822,336.50930963455704,-41.4005506831809,-1.8697939661030407,0.49759915063442217
3.3000000000000003,39.089127538737095,30.736241412708154,4.746720003695812,336.50930963455704,-105.46005722992015,-38.88371118445772,0.49999849549995007
3.302,34.89071121804733,28.783441659004815,15.7335799635088,336.50930963455704,-69.99564127454238,-25.683711022411124,0.4999107490185291
3.3040000000000003,31.95167209318035,27.61322643695846,7.165536693052555,336.50930963455704,-47.570966178205026,-18.271337146386372,0.49882009748748235
3.306,29.69615122989309,25.833470966280288,11.983119309722415,336.50930963455704,-31.732316359409683,-7.903068919264225,0.4926927332121578
3.3080000000000003,43.370734678975985,36.04338489549117,29.934710750012506,336.50930963455704,-145.77350617120987,-79.33130043127173,0.499999985488251
3.31,28.7609642056361,25.755271692279088,20.736228048192356,336.50930963455704,-25.537573227063316,-7.477858740034307,0.48509214039822274
3.3120000000000003,28.30294986635224,25.40955725541081,25.66122894287646,336.50930963455704,-22.59085554023158,-5.6333847948831695,0.47907559955313855
3.314,8.000643206078038,8.904376006897525,22.632887304283965,336.50930963455704,34.76264289571663,33.88846633672681,0.0
3.3160000000000003,7.536183726533659,8.506202972703695,12.340643760230163,336.50930963455704,35.17542342314097,34.28518423859814,0.0
3.318,6.56484501256154,4.854298650901192,18.401959262729726,336.50930963455704,35.958715697771424,37.075394508943425,0.0
3.3200000000000003,24.968632239955923,17.480341419816313,32.48473705064144,336.50930963455704,-3.3690677793905155,20.77490675294881,0.3156960528432901
3.322,40.175096980508215,28.637791461003935,58.174326666130675,336.50930963455704,-115.28873672118586,-24.739260795365517,0.49999951475817
3.3240000000000003,27.398030399866922,20.254274822922802,49.23209506305157,336.50930963455704,-16.954755461320772,14.241048232334737,0.4600121445605696
3.326,27.173679145961373,21.01723628170846,42.40095280013549,336.50930963455704,-15.598986633368702,12.098210491630308,0.4532857231480527
3.3280000000000003,30.35579129279363,24.07864033342088,27.73451198152431,336.50930963455704,-36.236951093404045,0.8749952453999844,0.49564950268183505
3.33,33.090589122633666,27.804950910321413,32.64602758810839,336.50930963455704,-56.024788590990994,-19.457132684401564,0.4995541841056059
3.332,33.84042889769978,27.676482756752097,51.86401010660022,336.50930963455704,-61.75399832388842,-18.661257613425548,0.49976948715670527
3.334,19.84141796793523,16.431216108981115,44.73708204332388,336.50930963455704,15.325325225230626,22.881887164145308,1.828785562133481e-05
3.336,10.243042882714471,8.99927190808694,37.10810294478751,336.50930963455704,32.420794893351996,33.791226315312315,3.50720148937217e-192
3.338,14.199221305518826,11.495346125041989,42.044483309690435,336.50930963455704,26.86177023735043,30.860126895071712,4.960835105057434e-55
3.34,27.296674119504992,20.54820860556258,58.49240396262443,336.50930963455704,-16.340084124498166,13.438332919613456,0.45709075212618977
3.342,11.38712710337505,8.583526644866257,43.55531759766002,336.50930963455704,31.002191332368533,34.209569396622314,2.7896726609702825e-139
3.344,15.0039140540546,13.270215287045538,46.93248055773342,336.50930963455704,25.50095630312912,28.33387237944279,8.751961652007301e-41
3.346,3.9916456554464155,2.750158908667316,30.323178442231892,336.50930963455704,37.51155155942367,37.98988617686865,0.0
3.348,21.766207791020253,17.07008002439937,57.845549487760714,336.50930963455704,9.784161790083829,21.61849918808029,0.01458475850865565
3.35,14.219825047205411,11.517679187740853,51.8402456447819,336.50930963455704,26.827930419290162,30.830639103035793,1.2774864939293975e-54
3.352,19.424186377680986,13.044852917305317,46.55105134401097,336.50930963455704,16.37487145208975,28.67530918150404,1.5940637062064458e-06
3.354,7.940117728776703,5.41895624690745,44.076770436673584,336.50930963455704,34.81783679235504,36.74380481313386,0.0
3.356,14.57276443865579,10.939966434960374,27.010096064798837,336.50930963455704,26.240119332220498,31.574738437044886,5.705716458500396e-48
3.358,18.07913842307975,13.620906860457426,17.05935762699106,336.50930963455704,19.494759621459924,27.790443189244748,1.2660770008487033e-11
3.36,28.746937303930647,22.124987209153804,4.879177523300411,336.50930963455704,-25.446447944097926,8.588674888837517,0.4849349903434871
3.362,37.52130216433978,29.433452661666138,10.508077339669299,336.50930963455704,-91.74539622823757,-29.96894797084,0.49999270332073736
3.364,15.52443746734916,13.318180793568335,13.210352421016491,336.50930963455704,24.577025365207028,28.26041768057952,2.3541520185756307e-33
3.366,7.423815705000611,7.037436569764729,17.313913160178245,336.50930963455704,35.271570388403724,35.591124347636466,0.0
3.368,10.793219943847966,8.868351119609514,12.700968169589068,336.50930963455704,31.757567452129006,33.92510977755321,2.6787537063041405e-165
3.37,14.643212449853772,11.826763015276788,7.373016687695269,336.50930963455704,26.12093823602445,30.416551696853777,9.971705134412929e-47
3.372,15.17895256666313,12.32063003616946,7.074752659195838,336.50930963455704,25.194153980523765,29.73167139978349,3.8493466119844786e-38
3.374,17.27721735701652,11.483705145540645,36.65375016156244,336.50930963455704,21.19584633970071,30.875474158184858,2.43311532719277e-16
3.376,6.7882494931650275,4.919163736823789,23.049148139262492,336.50930963455704,35.788136668107086,37.0391577619623,0.0
3.378,22.680283642782747,16.823171486070894,23.30074755282986,336.50930963455704,6.612434046076004,22.11383979634677,0.06502139509769461
3.38,12.32714314896242,8.294223954088961,31.6695150469151,336.50930963455704,29.722447642812938,34.48895484162425,2.585196438047462e-104
3.382,11.492028402514732,9.243672801717853,22.35501728204078,336.50930963455704,30.864502533446743,33.53601578630253,5.249189534672538e-135
3.384,15.376161396532826,10.93429120560411,35.926744369189095,336.50930963455704,24.84378135446896,31.58185559598156,2.429456022684475e-35
3.386,10.982977999668455,7.725621901360347,34.39601730319297,336.50930963455704,31.520677099794536,35.0100526434555,1.1982449348911775e-156
3.388,23.838401335632597,17.87811633869943,42.74113007797564,336.50930963455704,1.941953340739528,19.93126497431017,0.18827646027811326
3.39,4.430561820527739,3.2999125910216707,28.130232579486215,336.50930963455704,37.30027204835942,37.79981003127152,0.0
3.392,5.074236932545834,3.8843574571812858,20.499575486574745,336.50930963455704,36.950575391984536,37.559845604981014,0.0
3.394,16.8528541243973,12.371179426509807,32.575953356437,336.50930963455704,22.05476964943209,29.659953077586472,1.649264975823163e-19
3.396,14.707568276139416,10.993857831534866,35.96777365050066,336.50930963455704,26.01152149089867,31.506968149737567,1.2880739342213396e-45
3.398,23.23055060796061,17.86206005009657,25.564566885274076,336.50930963455704,4.489684993326078,19.965829633972763,0.11787340002895336
3.4,20.07437800057936,15.963547568142262,32.5353673018751,336.50930963455704,14.719439592430225,23.77004441646101,5.906692392976388e-05
3.402,17.76431939762543,14.256681252134154,38.089431591102574,336.50930963455704,20.17529620713741,26.767267123952394,2.6922653055003276e-13
3.404,27.448437369431474,21.30086319844568,54.54654224087112,336.50930963455704,-17.261754853867288,11.248830362482195,0.46139639366235125
3.406,6.46662347994556,6.006482905073732,34.589026457978306,336.50930963455704,36.03190255332987,36.360049616228174,0.0
3.408,6.1878124961959875,3.7901653613869426,22.344328810977334,336.50930963455704,36.233630089475426,37.601159566098374,0.0
3.41,23.0277398834569,17.481596980763438,18.56061767926485,336.50930963455704,5.291910571839072,20.772284491311662,0.09673012410119851
3.412,35.982678359482065,27.787082531446426,32.21287372047836,336.50930963455704,-78.832052836028,-19.346119804792544,0.4999677304859242
3.414,41.62883437960672,34.41289252878895,36.97092834764776,336.50930963455704,-128.86751499189143,-66.21483260765085,0.4999998983706101
3.416,32.9688069817634,28.490806788730062,30.528211449756476,336.50930963455704,-55.106514847606164,-23.792213190511205,0.4995044708425232
3.418,29.60383275399935,24.116024148748007,16.8452312429803,336.50930963455704,-31.110607612356922,0.7059084000592641,0.49215059634338276
3.42,34.906693285664936,25.68774794618247,26.543546030131946,336.50930963455704,-70.1230048470026,-7.113029128578833,0.499912048181759
3.422,45.599353135622664,34.958369803065025,43.739530072834086,336.50930963455704,-168.41371220782366,-70.5352230177015,0.4999999989291973
3.424,33.07646273643678,26.61187598249389,35.82315717133815,336.50930963455704,-55.918096167415065,-12.28435666382094,0.4995486741934079
3.426,39.00259362305335,32.19278097038694,44.9632634139223,336.50930963455704,-104.68845851705632,-49.33554053043994,0.4999983557337518
3.428,24.619179301721413,21.31090940447363,36.55794758055799,336.50930963455704,-1.648972320639759,11.218167174599438,0.2793279617281039
3.43,28.548380080137903,22.564699619858697,43.52493681375531,336.50930963455704,-24.162436093499316,7.037056541686364,0.48253637123866905
3.432,22.408769704768588,17.498572569065033,39.33193995227197,336.50930963455704,7.598658265479586,20.736805887016434,0.04494587336969803
3.434,26.27748259679343,19.629389434504517,43.80516914361831,336.50930963455704,-10.370260366034485,15.864165036737504,0.4151662138427886
3.436,31.369134791920875,22.72920571645364,48.46835943807672,336.50930963455704,-43.363723933344545,6.430534954995042,0.4980848305598705
3.438,37.786589001171535,28.598427828229777,59.24109107275538,336.50930963455704,-94.026551356352,-24.485033175745194,0.4999943886481639
3.44,23.26464099788895,17.730493378958652,45.130893189271,336.50930963455704,4.352518387474708,20.247414650883606,0.12158344627753695
3.442,19.220272059470442,15.36827882189197,44.316101526249476,336.50930963455704,16.872415991028333,24.857882416146474,4.0500595495860025e-07
3.444,27.872449204367662,21.615363075302835,53.89496649399887,336.50930963455704,-19.877398849011584,10.269133741884552,0.47141402702766316
3.446,21.314028543426904,17.01271464261175,52.10811410845842,336.50930963455704,11.208638631835704,21.734395665827456,0.005086332132580558
3.448,12.153049089632962,10.221131010204969,43.742545006072426,336.50930963455704,29.967279355528817,32.446483538432005,3.115387785877325e-110
3.45,16.92529391752959,12.131993263509214,35.713201095125626,336.50930963455704,21.91006474129559,29.996648894427462,6.243345373160739e-19
3.452,24.996145802504397,18.250377144478595,39.55523466740211,336.50930963455704,-3.5073477712226997,19.11730192089648,0.31839526708450727
3.454,26.993834681708737,20.304055436587394,39.45191954176674,336.50930963455704,-14.525071148171998,14.106979141492369,0.44717174199623405
3.456,22.673672801017783,17.60450129486883,29.073069747914687,336.50930963455704,6.636914383699711,20.514368112771486,0.06448122982189318
3.458,38.47995856687911,30.173050955297875,36.48912065848379,336.50930963455704,-100.06462262830546,-34.97820137557938,0.4999971999619273
3.46,39.383424596733256,31.472117056964255,38.88177902581294,336.50930963455704,-108.09701956967356,-44.10168846804575,0.499998889434726
3.462,15.251468442105157,14.008117026286873,28.603171535547297,336.50930963455704,25.06590098337653,27.173160716444713,4.330182180187138e-37
3.464,19.517903268416674,16.487428657886372,20.72364700835178,336.50930963455704,16.142909179611756,22.773085982947592,2.872606838632999e-06
3.466,38.92832574597044,30.12688070293133,26.005623716537073,336.50930963455704,-104.02759631817737,-34.66147457619715,0.4999982257482099
3.468,40.680189935793976,32.867397780952224,32.53556979832855,336.50930963455704,-119.95189601294882,-54.34446875498437,0.4999997163385835
3.47,29.98356316323375,26.693532377313854,30.07857238619937,336.50930963455704,-33.68168939124575,-12.75865182638029,0.494161583209538
3.472,17.73212225872824,16.17675685671973,11.099947098668084,336.50930963455704,20.243946184346896,23.368870954651072,1.764783322976013e-13
3.474,9.042694374849283,9.947981107778372,14.336706626090821,336.50930963455704,33.74638563522809,32.76205551592583,6.4461045014717334e-260
3.476,11.334982065135886,5.4446597146890845,19.76306460663048,336.50930963455704,31.070157158844182,36.72784250696245,1.9282087320956282e-141
3.478,7.338097473023158,4.673715181766965,20.76055068622294,336.50930963455704,35.3439409579622,37.17374175020138,0.0
3.48,7.958687892717598,5.01407109319348,21.458853856378322,336.50930963455704,34.80094716009469,36.985270546976835,0.0
3.482,17.891686206450114,11.401175799348595,28.89998627277109,336.50930963455704,19.902018601233596,30.983826064637494,1.3573852469128723e-12
3.484,9.10254866053098,7.612186121484671,25.203774795361273,336.50930963455704,33.684220702826934,35.10957137999482,2.941117599769893e-256
3.486,13.876300884915274,11.572395630028575,21.347214690892823,336.50930963455704,27.385344509779472,30.75814736089295,8.240419163713955e-62
3.488,14.915762699070081,12.75787273423861,25.18821036011343,336.50930963455704,25.653988719179758,29.101338321084313,3.569304676326265e-42
3.49,18.427337228902225,15.439264196252317,30.60994189474621,336.50930963455704,18.72160463443731,24.730606462344443,5.194792046468579e-10
3.492,5.90261536721679,5.627593083832097,16.41074514482884,336.50930963455704,36.430768214685465,36.61205359625572,0.0
3.494,6.615563692810157,6.332563105030724,20.62520677181442,336.50930963455704,35.92049150194829,36.130010219073434,0.0
3.496,24.532552328977765,19.03280109054398,25.608287027273732,336.50930963455704,-1.2331527769249016,17.32151540214008,0.2697669169493736
3.498,28.437743361463212,22.888468711773612,27.94852964457952,336.50930963455704,-23.451832449465094,5.829276593984537,0.4810486563446731
3.5,29.127134450318334,23.54897335294972,24.212656357348408,336.50930963455704,-27.93545151663696,3.1821201467674354,0.48868735191668655
3.5020000000000002,18.933265878627886,16.26587178903479,18.573232395861645,336.50930963455704,17.55684576924733,23.199346584201884,4.715229853391226e-08
3.504,25.348074388460947,21.23944152273705,27.933137240105346,336.50930963455704,-5.311581311544695,11.435425685727317,0.35062851983723875
3.5060000000000002,19.362282388907715,16.422580172937447,24.58560260436278,336.50930963455704,16.526940240348623,22.89856281129729,1.0655057573873819e-06
3.508,19.49447925073399,15.490229993439772,18.831686838373823,336.50930963455704,16.201086047646193,24.63882079435647,2.48517055920499e-06
3.5100000000000002,19.442695642431197,15.384509789150304,21.837277026262402,336.50930963455704,16.329226101142947,24.828838205339917,1.7942343311129095e-06
3.512,13.124676584102879,10.908335511654638,14.985420305998023,336.50930963455704,28.555065775692977,31.614358281254525,3.0021843957304045e-80
3.5140000000000002,2.0824907804292003,1.388521632944427,8.152347948728123,336.50930963455704,38.17427172987878,38.31191733442896,0.0
3.516,10.965299652898619,8.592626491234538,11.149174510797673,336.50930963455704,31.542923072268266,34.200625455016976,1.9323261447852754e-157
3.5180000000000002,16.870647784215414,12.2207794191432,13.348553224254719,336.50930963455704,22.019297080221435,29.8724527827807,2.294969085049345e-19
3.52,21.89863641054361,15.771765720902408,17.237462371298395,336.50930963455704,9.349934291201127,24.12564902755275,0.019001324205773183
3.5220000000000002,18.845215340953732,14.350366865072656,19.198463060450933,336.50930963455704,17.76327598144029,26.612312224869722,2.3049254640571742e-08
3.524,14.646668590538075,11.521223289824494,18.95980101778612,336.50930963455704,26.115075328333276,30.82595424290886,1.1455622425085953e-46
3.5260000000000002,24.971776993885292,19.52501048141575,30.109539468326357,336.50930963455704,-3.384852206989885,16.12523092793819,0.31600584463373066
3.528,17.852443009353983,13.058201884834151,17.33595117373622,336.50930963455704,19.986511406228505,28.65525372503305,8.319413708007786e-13
3.5300000000000002,11.579002995527532,8.015579811478606,8.6882657912532,336.50930963455704,30.749369856179438,34.748957331380254,1.5558249693632534e-131
3.532,3.3342517771399898,1.764155915035106,3.369591231538074,336.50930963455704,37.78679080243474,38.24424555207775,0.0
3.5340000000000003,12.261787072544168,9.531105830577564,19.207557082983037,336.50930963455704,29.81477730517758,33.22706610473591,1.6572022791823048e-106
3.536,20.436383794246265,15.87396946077311,28.865218955597342,336.50930963455704,13.74690724075445,23.936755487501735,0.000288550231450708
3.5380000000000003,25.45049929720445,20.109883713128028,37.36791689646191,336.50930963455704,-5.8487383231924674,14.625764828288387,0.3591923029385077
3.54,17.438259142420094,14.807124883184137,31.911806766974102,336.50930963455704,20.86265074200298,25.841233677842204,2.8730961815942106e-15
3.5420000000000003,13.432243691268493,10.923208136865401,25.572212661412753,336.50930963455704,28.08463235655125,31.595743799641966,3.1077977445058273e-72
3.544,19.10412701581164,15.216564792040984,35.42191434970423,336.50930963455704,17.151564478214134,25.127716636389966,1.752468869628035e-07
3.5460000000000003,21.975231336142073,17.464827719591103,39.84575078137123,336.50930963455704,9.095066897029326,20.80728659773632,0.021961247258072664
3.548,21.808920564801795,17.50944580355886,41.36518380006144,336.50930963455704,9.644986531343223,20.71405678417069,0.0159158776865869
3.5500000000000003,25.777571179640976,20.52698873189033,48.647874502780866,336.50930963455704,-7.598818932338023,13.497196773659532,0.3840690350978113
3.552,19.830940875636266,16.17345713611509,45.86891152605903,336.50930963455704,15.352227125780384,23.3751270297607,1.7296126426398435e-05
3.5540000000000003,18.369782722834056,15.689330298470606,46.55960058247721,336.50930963455704,18.850940946605952,24.276992617465638,2.916696774108388e-10
3.556,19.58931364103998,16.546885551076723,50.56310548404696,336.50930963455704,15.964720268490744,22.65751841757004,4.4262356428143785e-06
3.5580000000000003,24.664569541160457,19.373213061731903,49.35007843791233,336.50930963455704,-1.8685480704406747,16.500154563066495,0.2842575001178414
3.56,13.875253655575351,11.268205191355788,41.63422178319608,336.50930963455704,27.387021756070958,31.156731435448208,7.814412829631303e-62
3.5620000000000003,25.661425673382745,20.255531587275172,55.09117608301575,336.50930963455704,-6.971402327912143,14.237672683343556,0.37566177677550117
3.564,21.58295311845106,17.46214954609952,56.97755643624,336.50930963455704,10.372027008113305,20.81287252983215,0.00979990119039647
3.5660000000000003,18.95683067192504,15.610755514484017,58.02599973596375,336.50930963455704,17.501322709302457,24.42041083747366,5.6845090680215214e-08
3.568,23.48870425745177,19.56377637076937,65.34147078531302,336.50930963455704,3.4341566387263027,16.028587569587046,0.14685709164225244
3.5700000000000003,17.077735559079816,15.2112557772256,61.671225865268845,336.50930963455704,21.602995000025857,25.137105368408225,9.140618482290475e-18
3.572,13.804374866990482,11.923354747720392,54.27911591961177,336.50930963455704,27.50023162829008,30.284852894115012,2.071058698587666e-63
3.5740000000000003,9.93054341133841,7.805829695371283,46.33323481138348,336.50930963455704,32.781908667191495,34.938794200884914,1.2277779848143339e-208
3.576,24.22258034207171,17.824333652060606,44.33216504609057,336.50930963455704,0.2194583272274274,20.04687159633084,0.23416460838323752
3.5780000000000003,20.74469600906764,15.553853565108316,45.60508307704871,336.50930963455704,12.886202392129613,24.523762982238363,0.0009122116156946121
3.58,8.871596308587964,7.6413707829151996,51.34248221753391,336.50930963455704,33.921814987165845,35.084108335536406,1.5712480226558007e-270
3.5820000000000003,7.932218559482232,5.007169189502309,36.041879384785936,336.50930963455704,34.825009115379665,36.989224108866715,0.0
3.584,11.423158283158877,7.57117176379084,31.35043609141131,336.50930963455704,30.955043113245576,35.14519045276958,8.404745847475189e-138
3.586,25.79278088349174,18.968971765590652,16.991174988284147,336.50930963455704,-7.681456456493524,17.472670001375413,0.3851357734308348
3.588,9.544511413056666,6.796132999989825,30.83363539941507,336.50930963455704,33.21242459971848,35.78201281045268,3.9632293613123657e-230
3.59,10.969541107768611,8.332578855226311,28.15295748566693,336.50930963455704,31.53758904665174,34.45246771212888,2.9954584142520993e-157
3.592,19.51143916174856,14.145582615372115,33.496917227364605,336.50930963455704,16.15897706775783,26.949622418392345,2.7604452222878555e-06
3.594,19.17800143745436,14.107436888149586,16.522244101439533,336.50930963455704,16.974360270049782,27.01188464756118,3.000615681242367e-07
3.596,11.304245638310748,8.430040629834947,22.684476578527097,336.50930963455704,31.110070568785197,34.35899165495567,1.0014333838983283e-142
3.598,3.7819859888532936,3.2786207964248764,29.563075336263168,336.50930963455704,37.604699277891214,37.80781480996009,0.0
3.6,15.642141598169964,11.50371558660749,37.206735304883516,336.50930963455704,24.363221313438196,30.849082971678104,7.56231142019242e-32
3.602,0.6857981497879232,0.3959746755954431,32.82437666632569,336.50930963455704,38.39521182478989,38.41312700841498,0.0
3.604,12.055178783223509,8.61727080300884,41.83800236059455,336.50930963455704,30.10335129048947,34.1763555672338,1.1403064203092184e-113
3.606,8.157606454694522,5.955868769998009,34.968119600182014,336.50930963455704,34.61754658320289,36.39466473434113,4.195897e-317
3.608,20.245500663106355,15.35462497038353,40.609177537718296,336.50930963455704,14.26460162989088,24.88228859506733,0.00012931957672174135
3.61,12.35935361694176,9.573776228700108,40.777624958147285,336.50930963455704,29.676758252070275,33.18038973390577,3.0246233546360263e-103
3.612,6.479112005319811,3.8206744310323453,31.602312049066104,336.50930963455704,36.022658422877626,37.58788895086329,0.0
3.614,13.499194588311743,9.457620292209224,26.441539887433205,336.50930963455704,27.98072431434083,33.30695855043837,1.4095267231399055e-70
3.616,10.333802184786302,7.496126470266357,32.45196110401751,336.50930963455704,32.313800677838906,35.20986426784289,1.4585123252006288e-187
3.618,21.19273127218373,15.726946674374489,22.825189197211124,336.50930963455704,11.576330277885996,24.208044454005652,0.0036698074539624477
3.62,25.4068602494356,18.86701615541092,20.033193267693754,336.50930963455704,-5.619228338523561,17.712315835319146,0.35558905540886265
3.622,26.545422371764015,20.310444016653218,9.152351839214859,336.50930963455704,-11.900324115711324,14.089719201239863,0.428706923017926
3.624,17.970942292879098,14.659610754375496,10.244661834656918,336.50930963455704,19.730571200437453,26.093107308414293,3.56322398343722e-12
3.626,7.949123358168445,5.412100924811832,29.691435975474956,336.50930963455704,34.80965108310821,36.74804931696987,0.0
3.628,17.31432680230563,13.590673472421223,5.864908586841846,336.50930963455704,21.119427546606524,27.837875934094185,4.357948753923001e-16
3.63,7.772101965936271,6.123652643132406,14.311618212271588,336.50930963455704,34.968848635312305,36.27879151447211,0.0
3.632,21.848340999476275,17.219529376205944,10.066176739476932,336.50930963455704,9.515800113575608,21.314217602825156,0.01722231387251052
3.634,30.79774369595446,23.707576150483387,19.23862064403996,336.50930963455704,-39.314864492000524,2.5086482099112946,0.4969475566979658
3.636,33.279603011065284,26.317333020794518,21.015183078807915,336.50930963455704,-57.45677608729258,-10.595925602402406,0.49962194394461185
3.638,35.17624674091018,29.34513594717775,29.081346279198215,336.50930963455704,-72.27992244738113,-29.38012789581972,0.49993138817938604
3.64,37.80923954238315,31.880243266348728,37.94754561195235,336.50930963455704,-94.22206421161792,-47.05081107802585,0.49999451354454605
3.642,18.280053621155577,17.43124327043816,18.32331752187823,336.50930963455704,19.05134732720272,20.87725180868277,1.1528481214602574e-10
3.644,11.971042259171258,12.319798621573513,14.280543865987163,336.50930963455704,30.21942978068417,29.732848474965003,1.0947568394653298e-116
3.646,4.814675430529904,6.358468002959265,7.538332778963504,336.50930963455704,37.09729311506579,36.11121302427069,0.0
3.648,12.763173179048,11.85342222011101,15.279025114456394,336.50930963455704,29.093558372386894,30.38031218182825,1.494628503273206e-90
3.65,22.12898120777801,18.25092575759646,28.246693771730527,336.50930963455704,8.575020465740401,19.116084115241932,0.02886536785475791
3.652,19.811554795414935,17.50249283476935,29.05210933079185,336.50930963455704,15.401927634386483,20.728606051410885,1.5589644073690627e-05
3.654,26.71986238421818,21.945064906121456,37.28127383874699,336.50930963455704,-12.912146713392389,9.195774378543724,0.4364756891935275
3.656,30.217389811531785,23.996413804085137,42.79979063482402,336.50930963455704,-35.28286063092027,1.2440132256639016,0.495144417768098
3.658,25.254363126532933,19.855180991592977,37.147263928319184,336.50930963455704,-4.824816052060423,15.28994159323748,0.34246806866351853
3.66,31.291437815068605,24.373053320584308,46.08968973724134,336.50930963455704,-42.80860942033583,-0.4787618787789467,0.4979584373988112
3.662,32.499379717770125,24.97719834267426,46.997761460631004,336.50930963455704,-51.598924752802034,-3.41207610251625,0.49925792366866534
3.664,31.22976950190589,24.553635875787727,48.78488886025435,336.50930963455704,-42.36903009013424,-1.3339633784099032,0.49785245898993563
3.666,20.599999461970555,17.24152119543881,42.266031506883586,336.50930963455704,13.294048439406591,21.26915283290678,0.000542915693506558
3.668,19.02805519174432,15.232781010253367,37.80258380277313,336.50930963455704,17.3327843638834,25.099016611107558,9.887116039987458e-08
3.67,13.607009213961275,10.608278067975627,32.36147202377788,336.50930963455704,27.81226072104628,31.98442442205206,5.65397851573572e-68
3.672,15.554500268374941,12.017865388176304,34.08178396772564,336.50930963455704,24.522590751680422,30.15493301789167,5.787485383366153e-33
3.674,28.79734874700141,21.27003567101085,39.19815863196513,336.50930963455704,-25.77419838671172,11.342670232689688,0.4854926062914276
3.676,27.43766614003366,20.50260948473918,36.29148413643313,336.50930963455704,-17.196081214790723,13.564645046503541,0.4611043338252125
3.678,24.580299498260857,19.12705463080972,40.282641060492566,336.50930963455704,-1.4618174211177402,17.096697080064235,0.2750609891478872
3.68,6.162961279648697,5.641880095863494,33.534270234989535,336.50930963455704,36.25117852216953,36.602849286040666,0.0
3.682,10.830083107498739,8.903836323073122,38.02267978125899,336.50930963455704,31.7118753795798,33.88901638865392,1.3594698583697046e-163
3.684,14.983410978970777,11.998725942655394,43.86622282141265,336.50930963455704,25.53663801576497,30.181327827341846,4.192357348018174e-41
3.686,21.619115632249503,17.017752612917686,53.49332182529832,336.50930963455704,10.257190861268676,21.72423718703928,0.010631873820004675
3.688,28.598080134004586,21.958596523821292,56.730883353423295,336.50930963455704,-24.48278956372103,9.150653688863601,0.4831683503023213
3.69,13.504132393375816,10.52755658738345,38.56811496194964,336.50930963455704,27.973039460050625,32.08219748461204,1.862224277402319e-70
3.692,18.231304904011004,14.733455161515252,53.9576185910894,336.50930963455704,19.15960416190437,25.96736269507344,6.86006237152735e-11
3.694,7.380198302875829,6.2033023672678995,43.534516433167106,336.50930963455704,35.308501176165244,36.222656296815416,0.0
3.696,10.129105820623986,8.557308499764874,47.427136606932194,336.50930963455704,32.55376413099285,34.23528513390184,4.405292064979664e-198
3.698,9.575524518616788,7.569299339089357,44.758126932549,336.50930963455704,33.1784728342282,35.14681196105723,2.351109704637208e-228
3.7,7.072981417488462,4.139863476977271,30.9870749850976,336.50930963455704,35.562441895148254,37.442668307953554,0.0
3.702,8.066870527310268,5.727248501028605,38.08541787106626,336.50930963455704,34.70176756399496,36.54736437913258,3e-323
3.704,4.136762651187238,3.107148882383466,41.06242859872593,336.50930963455704,37.44413512660039,37.870391227642074,0.0
3.706,5.745309853447946,4.097973628357426,39.95324019867999,336.50930963455704,36.5355185476377,37.462391023616725,0.0
3.708,8.780010060875586,7.1022783163508425,47.18143211370985,336.50930963455704,34.01433574316598,35.53869226676346,2.654781533433374e-276
3.71,11.70470036768206,9.06564307589835,51.37173690385741,336.50930963455704,30.58141659787347,33.72259975589215,1.2435911593665594e-126
3.712,8.896230456959403,6.498777508043892,42.36174887184614,336.50930963455704,33.89676481043623,36.00806560703381,5.470934678050417e-269
3.714,9.626690957703902,7.090354121126573,39.07084290815876,336.50930963455704,33.12221565225717,35.54837052839551,1.9017025267618267e-225
3.716,16.735774450772542,12.463240765342592,41.94578560488768,336.50930963455704,22.28701573786266,29.528564500167043,1.772904182905156e-20
3.718,22.07836787881685,16.29437024162466,46.698678064916585,336.50930963455704,8.747477605043978,23.144901755986616,0.02644653821844196
3.72,14.749114567763993,11.43643228420578,49.43799931847206,336.50930963455704,25.940609492738098,30.93763539902416,6.536492334463663e-45
3.722,25.334624087215406,20.030879912495084,45.69630112417345,336.50930963455704,-5.241438783423067,14.833712324957169,0.34947633792435495
3.724,17.810572521943964,13.951805383744482,34.264225437034256,336.50930963455704,20.076372621343907,27.2640644247712,4.891850286635885e-13
3.726,6.730643777546348,5.387670541230565,46.58504540786148,336.50930963455704,35.83266828153404,36.763131764864035,0.0
3.728,2.416475929289956,2.5182382500861253,41.67819774601399,336.50930963455704,38.0884067198711,38.059710105420955,0.0
3.73,17.814475664629516,13.593758416144727,59.349580083417635,336.50930963455704,20.068008335111184,27.83304106418322,5.142064844895813e-13
3.732,4.146915627641064,3.5010200562677447,46.458673596537615,336.50930963455704,37.439328255218854,37.721645631121945,0.0
3.734,12.18835834572344,8.681196432366962,49.03213010991478,336.50930963455704,29.917911564451536,34.113075703994966,5.1756610853406295e-109
3.736,17.630249761887963,13.204887407555606,45.533031063392556,336.50930963455704,20.46002409479214,28.43347270737571,4.470887977098145e-14
3.738,2.1740074115869215,1.753760579707855,42.36989287077609,336.50930963455704,38.15201169662465,38.246335280412616,0.0
3.74,7.786955885549865,5.683003593020394,51.019415946709465,336.50930963455704,34.95562854557643,36.576225342413856,0.0
3.742,4.93968776880582,3.7246382152978477,47.93033011346942,336.50930963455704,37.02759180364352,37.629302296068175,0.0
3.744,11.655548541722807,8.430365602777039,31.378744018375777,336.50930963455704,30.647311726690326,34.35867814618352,1.5619477030404412e-128
3.746,16.242122437851048,11.98320518283139,25.75742128586539,336.50930963455704,23.244632483826088,30.20270062557223,4.640866462240447e-25
3.748,12.895956939097998,9.489431686557479,38.97603369251792,336.50930963455704,28.897571254213517,33.272450061670106,1.1819352926404131e-86
3.75,24.338369538357743,18.977952465175026,33.83436246214518,336.50930963455704,-0.3166570614164016,17.451455544633035,0.2476851186366056
3.7520000000000002,21.478111673470544,17.368796864506464,42.71375046240295,336.50930963455704,10.701782601231857,21.006868431444097,0.007670406400641545
3.754,44.106737573846765,34.807630725563385,45.1073202663961,336.50930963455704,-153.1250132369766,-69.33450160830738,0.4999999937749276
3.7560000000000002,40.59655692522485,33.13668823624668,46.13648983857795,336.50930963455704,-119.1757479378409,-56.37328138838828,0.4999996898243714
3.758,30.148635521845087,26.205253805664185,46.794767939306396,336.50930963455704,-34.810646398626474,-9.962974724252017,0.49487314784745867
3.7600000000000002,35.47784272159602,29.75421372414356,59.11464129497199,336.50930963455704,-74.71293763620422,-32.1244440765313,0.49994815006874044
3.762,28.979405757822633,25.042494889472035,58.302711608032666,336.50930963455704,-26.963662523559147,-3.7412164938419346,0.4873485842123407
3.7640000000000002,22.702912928091283,21.184665947571478,50.26739246266513,336.50930963455704,6.528457014523916,11.600573461510542,0.06688926744892898
3.766,22.464710498009023,20.23590890674771,41.96812745299031,336.50930963455704,7.398647432603162,14.290323501060126,0.04872315591388342
3.7680000000000002,21.41760730439184,17.819287443269538,27.0413317614955,336.50930963455704,10.889974084501725,20.05769333915316,0.006618488987160497
3.77,23.495154025730653,16.944849392383382,10.712830830539772,336.50930963455704,3.407286590913588,21.870867634335312,0.14760391113478083
3.7720000000000002,22.32159956279043,15.190300508569177,15.113382171519401,336.50930963455704,7.9071012374456116,25.17412837842084,0.039435358502602574
3.774,38.98182175777496,29.18667772443222,13.367740670405194,336.50930963455704,-104.50349612479611,-28.32879108923773,0.4999983203443245
3.7760000000000002,43.98253701793688,34.392740292828684,24.323307170486082,336.50930963455704,-151.875769428767,-66.05652403016188,0.49999999281202434
3.778,42.887651616475985,36.19147206696326,30.324435800006594,336.50930963455704,-141.01551350454233,-80.55269510829568,0.49999997490313974
3.7800000000000002,38.33796178146783,33.98444703446191,35.87014677242336,336.50930963455704,-98.81913117018738,-62.86916388451661,0.49999676824440414
3.782,41.545815294136304,36.59441972103631,45.11126334871872,336.50930963455704,-128.0790733995118,-83.90149827212055,0.49999988871377826
3.7840000000000003,36.98276918712166,33.20247327038651,47.0043877633247,336.50930963455704,-87.16408342983932,-56.871440280027564,0.49998763509179933
3.786,32.03603105387692,29.735997828418565,45.61905751749833,336.50930963455704,-48.1868136746671,-32.001330026877575,0.4989008579201945
3.7880000000000003,34.20443479827413,31.266237204915278,50.823970371862806,336.50930963455704,-64.58176147955517,-42.62886755893093,0.49983354111493883
3.79,42.43637004060545,37.11560845968283,66.96368076839792,336.50930963455704,-136.6188872934725,-88.28799516062094,0.49999995836575406
3.7920000000000003,38.950517262370326,36.663485023733465,70.02568594300563,336.50930963455704,-104.2249324257682,-84.47920791129049,0.4999982656032674
3.794,35.160094155283105,33.737363018330754,71.70359781381852,336.50930963455704,-72.15020425352782,-60.95885714536629,0.4999303558161839
3.7960000000000003,39.32446579802457,34.69660620822884,77.47489031712686,336.50930963455704,-107.56715220021735,-68.45345438421771,0.4999988195775571
3.798,32.87253804024981,29.74894970406591,74.49366511031351,336.50930963455704,-54.38303848347607,-32.088857996171065,0.49946142894134343
3.8000000000000003,58.8749417339275,49.75719663081897,105.52987025966692,336.50930963455704,-326.78041267568483,-213.68463021024579,0.5
3.802,41.95036484952824,37.886806606019704,95.18682294616104,336.50930963455704,-131.93597840072567,-94.89248818218046,0.4999999286167778
3.8040000000000003,40.19339267758177,36.71468762881654,96.46717878139586,336.50930963455704,-115.45663075059421,-84.90820511090067,0.49999952404758974
3.806,25.843885663202663,27.487489803518685,91.08546186901147,336.50930963455704,-7.9599155831577475,-17.50019087423813,0.3886626266290415
3.8080000000000003,16.232498440544052,19.727131296069306,83.42618454464095,336.50930963455704,23.262961557054656,15.617214005438145,3.7048332205686746e-25
3.81,25.981870568924926,25.175245045456325,92.78791697625327,336.50930963455704,-8.717813636967874,-4.417398377456289,0.39774983039351947
3.8120000000000003,35.5375496687532,32.57427721933898,107.55398009290181,336.50930963455704,-75.19706793010218,-52.15514781531986,0.49995096099267244
3.814,16.256815010541086,17.9535716421848,90.05001322139786,336.50930963455704,23.21662550593825,19.768240168381478,6.535770054490696e-25
3.8160000000000003,4.2389290385940255,8.297471923598033,78.87273635465759,336.50930963455704,37.39522744975996,34.485871588238204,0.0
3.818,12.544394436747044,13.484945399287431,87.33821121759497,336.50930963455704,29.4119135160434,28.0028842948176,2.86027717043457e-97
3.8200000000000003,26.00399396187668,20.50235234945595,84.2428573401115,336.50930963455704,-8.840138498779803,13.565355424399314,0.3991486673555528
3.822,1.960802129105818,3.359935680656989,75.69753827474564,336.50930963455704,38.202387908234805,37.776964976038656,0.0
3.8240000000000003,16.39337509096863,8.730918885208343,63.54781203236138,336.50930963455704,22.954878979860162,34.063530670258764,1.44546897692977e-23
3.826,17.146836427630767,9.53876225468628,57.039936639867314,336.50930963455704,21.462647708733044,33.21870633712676,2.932272469035465e-17
3.8280000000000003,8.698675434417458,8.220646490832236,80.19359225852247,336.50930963455704,34.095691473141855,34.55847627819654,1.7613874222970096e-281
3.83,11.906991695604644,11.157189452165724,87.39835536050307,336.50930963455704,30.307240142934315,31.299510883599865,5.039837912631944e-119
3.8320000000000003,20.637756887235092,14.648405052836626,69.27990893643866,336.50930963455704,13.188302399876953,26.11212907498393,0.0006238360520454286
3.834,21.12040150306015,16.238675995937687,72.40499522098246,336.50930963455704,11.792843604797394,23.25119776536284,0.002991615263014
3.8360000000000003,26.567393631627922,19.965870643037317,58.45407566330197,336.50930963455704,-12.027098922244049,15.003507530819233,0.4297290938790153
3.838,31.457025481675682,24.310887192096693,62.54108157583994,336.50930963455704,-43.99338680197509,-0.18870539664184555,0.4982187524299364
3.84,25.781223824888727,20.072346348726136,55.788015323338776,336.50930963455704,-7.618654566407726,14.72478882310412,0.3843259327052546
3.842,17.245978065703373,13.196002590098052,52.8090038892818,336.50930963455704,21.260010882496715,28.44697924456712,1.479841035984366e-16
3.844,26.104720017815577,19.784004452332777,42.12097942392815,336.50930963455704,-9.399852925136768,15.472388190059934,0.4053189970795329
3.846,38.513386421160675,29.55850940950179,46.08015729295082,336.50930963455704,-100.35849683095554,-30.80618087092219,0.4999972931123763
3.848,25.388024634144926,21.444996506283747,47.51056264492801,336.50930963455704,-5.520463770063545,10.804972478471452,0.35401297377644964
3.85,15.256390489843819,11.03233235465716,43.60028790478884,336.50930963455704,25.05717123837043,31.458378627037735,5.092569034886128e-37
3.852,9.89697902092915,9.473098991410632,59.32102603123366,336.50930963455704,32.820023521708244,33.290182077146554,1.8670216646374288e-210
3.854,9.205604153656553,6.032306335777124,51.347196513753076,336.50930963455704,33.57622037645237,36.34227591647972,5.042153858292789e-250
3.856,13.807420580696736,9.478667498711928,43.92759443966872,336.50930963455704,27.49537946535011,33.28413993703811,2.4244495818254265e-63
3.858,18.691076302673622,13.445276257572441,41.253752160804495,336.50930963455704,18.120801236259428,28.06444803346279,6.153756438725993e-09
3.86,15.046665724441096,10.181585516107102,53.21570778217622,336.50930963455704,25.426383206200576,32.49270463652758,3.997410233798197e-40
3.862,29.98629163515562,22.481977880633163,60.87089674584083,336.50930963455704,-33.700294724207865,7.336579606683405,0.49417407493055077
3.864,29.777818494938128,22.78787254105502,72.11428616850968,336.50930963455704,-32.2841045129574,6.210679943933938,0.4931424583556906
3.866,30.699882610308013,23.998392866460417,84.45288919600262,336.50930963455704,-38.62925109508679,1.2351783106121645,0.49669685566597704
3.868,28.87349064980898,22.92150644869794,85.23364428588981,336.50930963455704,-26.27056564864,5.702788736618039,0.48629808166183264
3.87,40.088337594019855,31.737696083144673,91.74263438290156,336.50930963455704,-114.49361304065484,-46.016326448692354,0.4999994682415303
3.872,44.0209292445503,35.80179094607731,94.00574467243501,336.50930963455704,-152.26155298387258,-77.34943745942265,0.4999999931242921
3.874,40.388890065949724,34.14030559594136,100.02784051468225,336.50930963455704,-117.25542307717602,-64.08137205827123,0.4999996130775633
3.876,41.11211352104177,36.18573331030996,113.09122690830033,336.50930963455704,-123.98574765914793,-80.50526960227145,0.499999821717923
3.878,25.89071799648464,24.978081028209168,95.38855603556364,336.50930963455704,-8.216164538987497,-3.4165101112510934,0.3918175540909127
3.88,22.13719405018831,21.819407220923267,95.37847964592972,336.50930963455704,8.546918341132624,9.610689792437256,0.029271679312876216
3.882,27.017998512295662,23.450626770767645,108.72229983960787,336.50930963455704,-14.668678050799556,3.5922921058331743,0.44803303236982656
3.884,13.496699590659842,14.528293943351217,95.77772274966219,336.50930963455704,27.984606237488183,26.31503414061411,1.2243093247935608e-70
3.886,6.633128769745245,8.259012552834603,90.15794754580783,336.50930963455704,35.90718485648502,34.52230276766464,0.0
3.888,15.730396832702285,12.261420354693884,95.86087497471992,336.50930963455704,24.201711160363992,29.815293954878292,9.312641897287768e-31
3.89,20.86059783807305,17.472842818354255,105.87872502431253,336.50930963455704,12.554336444404122,20.790562467225932,0.0013474332915119273
3.892,25.49385828361051,21.515497991225306,114.43104007419325,336.50930963455704,-6.07772221587603,10.584728995519344,0.36270569198817615
3.894,34.23898052928836,27.888848350393186,123.38934231482325,336.50930963455704,-64.85170665291977,-19.979721765666348,0.49983863485836655
3.896,22.949980511891475,20.22067993143208,119.24722187064891,336.50930963455704,5.593283010630254,14.331106276155555,0.08909924190669881
3.898,27.83883441673078,23.977190927133826,126.53300500518291,336.50930963455704,-19.667922580360276,1.3297077233863441,0.47071748267903585
3.9,31.724971569554203,26.96166349054251,135.1924252857059,336.50930963455704,-45.92421411243217,-14.33421023337355,0.49857379013114306
3.902,23.553324649135273,19.94873894971687,121.29298040214242,336.50930963455704,3.16384103254089,15.048058131425751,0.15437837003505567
3.904,15.526914974270598,14.377674662031174,114.62331732439438,336.50930963455704,24.572543829379985,26.566941494449985,2.536183793030924e-33
3.906,6.685139193781896,5.167391928834879,102.32710588825151,336.50930963455704,35.86757641413934,36.89603965813855,0.0
3.908,21.00197517893213,14.289982743282058,87.98018755576093,336.50930963455704,12.143044654936565,26.712310848160826,0.002106302679833782
3.91,27.070518394523127,19.44974911316997,85.14687504283665,336.50930963455704,-14.981543648884559,16.31181008332838,0.449861681927943
3.912,17.305714745480785,11.901651014954929,84.73600608962188,336.50930963455704,21.137181323088654,30.314540247945484,3.809498170705411e-16
3.914,14.998871746008692,9.483770420663872,87.66486916322714,336.50930963455704,25.509736435985527,33.27859984434242,7.306216577637212e-41
3.916,16.78332097971189,11.34209951596438,80.8182891835891,336.50930963455704,22.192941345946387,31.0608989518707,4.4382489657868645e-20
3.918,27.09610616452324,20.015532172088854,68.22364111645717,336.50930963455704,-15.13433564248405,14.873904775910013,0.4507314465314831
3.92,38.07442206384768,29.100449326203965,50.614488868902555,336.50930963455704,-96.5197588184524,-27.759477843461553,0.49999578878778744
3.922,47.0953042139696,37.03360541922516,36.03474756833812,336.50930963455704,-184.2470591698519,-87.59371682730767,0.4999999998270016
3.924,44.887597415238126,36.800314252292424,33.79819697127459,336.50930963455704,-161.05981504108982,-85.62695969205251,0.4999999975030818
3.926,52.17699967930107,43.51372411687749,23.159565887094892,336.50930963455704,-241.84903366584302,-147.19206283856127,0.499999999999772
3.928,54.467019263861005,46.7608565350132,14.264903582043166,336.50930963455704,-269.7343987118237,-180.66286436738983,0.4999999999999908
3.93,37.221752424979535,34.37041254081646,18.371997689829605,336.50930963455704,-89.18894344287246,-65.88123402556245,0.4999902062752122
3.932,15.568364019133034,17.75249510543779,38.63356164519973,336.50930963455704,24.497447768873375,20.20052778518178,8.735658772960465e-33
3.934,2.5715741869715387,7.776693828201083,49.838329128057254,336.50930963455704,38.04419676026113,34.964764550311344,0.0
3.936,20.71187954307853,17.69479047782767,46.39381960256014,336.50930963455704,12.979320884568768,20.323328202642266,0.0008135090336232817
3.938,20.468226229075373,18.6010117537584,36.19150235496758,336.50930963455704,13.65944659577529,18.3274954093755,0.00032760227830429055
3.94,15.937827472502109,15.162536393837465,38.71571724079343,336.50930963455704,23.818021928693504,25.223094209257376,2.5333138083872154e-28
3.942,19.19643819458776,17.831098485070736,27.522795389354982,336.50930963455704,16.92994574007298,20.032357461813206,3.422320074506563e-07
3.944,22.70501447293809,20.42769233744999,23.783046838317308,336.50930963455704,6.520644087237555,13.770724173334942,0.0670642086621943
3.946,23.466130859625512,21.864328550840597,18.396141978101635,336.50930963455704,3.5280063454907493,9.463202883899765,0.14425061676137355
3.948,22.51680538800637,20.411071026182356,25.404096731446888,336.50930963455704,7.210915079240943,13.816204970576996,0.052409708674714714
3.95,11.227442465815765,11.581004592906067,31.73768462185573,336.50930963455704,31.20932383932802,30.74670984303008,5.685734879783758e-146
3.952,25.491172329391233,22.32011983968943,17.07424865458142,336.50930963455704,-6.06351009216139,7.9123034774356675,0.3624899789671536
3.954,39.71574292036049,33.00350537715564,21.56852843511487,336.50930963455704,-111.09843798313887,-55.36780285319351,0.49999921390837593
3.956,39.92488783253645,33.54847544374145,38.84865365898574,336.50930963455704,-113.00031490746356,-59.507942275188185,0.49999936849132237
3.958,28.63030411219397,25.938082326138233,30.938974255452262,336.50930963455704,-24.690870549228418,-8.476354785232084,0.483566553147707
3.96,37.810379814974084,32.98372968904578,53.502221469823944,336.50930963455704,-94.2319098095384,-55.21885271986349,0.49999451976000964
3.962,37.433421274930744,33.73043115949357,42.83850715021106,336.50930963455704,-90.9932683157067,-60.9054661749268,0.4999920433243948
3.964,43.571415912053496,38.310455023804806,44.42082262841772,336.50930963455704,-147.76572834608285,-98.57839452607078,0.49999998846258137
3.966,38.52873129407163,34.405992829398585,35.898360989498585,336.50930963455704,-100.49348363166415,-66.16062062670159,0.499997334854729
3.968,19.11777752024191,20.27696791707934,29.051443686594762,336.50930963455704,17.1189118386318,14.180023809822115,1.9381293309585502e-07
3.97,24.226368266286684,23.433265993473686,36.60172801440507,336.50930963455704,0.20204344614480393,3.664109300205165,0.23461033280828195
3.972,13.20888199338293,12.521641293682194,15.88319408592222,336.50930963455704,28.427397134044337,29.444697565468747,5.481138079032957e-78
3.974,14.902945572723258,14.240758512991523,17.626380897559507,336.50930963455704,25.676157504894668,26.793495590661117,2.2244564215030852e-42
3.976,22.86252903915565,20.248028327454065,26.354293335917983,336.50930963455704,5.928162166547474,14.257818714058693,0.08087007866300903
3.978,6.755872530393953,6.546462815642564,13.778756913729891,336.50930963455704,35.8132122038227,35.97249670537897,0.0
3.98,16.10617759562676,11.773569639105057,34.70540298686489,336.50930963455704,23.502359224158262,30.488612102556107,1.7893640679560592e-26
3.982,14.86863304807702,8.185771029759165,23.048643474065774,336.50930963455704,25.73540298026336,34.59121198036819,6.2124219883674445e-43
3.984,5.55956560082108,6.653833177256366,22.910915946384787,336.50930963455704,36.655559375807755,35.89145458348699,0.0
3.986,7.719560485067765,7.818149194727763,22.857682039332193,336.50930963455704,35.01540774283502,34.92778387109276,0.0
3.988,20.95430547631619,15.894493617457083,8.737026367335432,336.50930963455704,12.282535929929656,23.8986539658857,0.0018180643292069723
3.99,19.72487711296331,15.66290860609185,10.871852679592301,336.50930963455704,15.622936908153429,24.32530967697633,9.686120875429845e-06
3.992,23.8967085080938,18.700432776113775,12.583110466901228,336.50930963455704,1.6861269427954861,18.099236051276154,0.19528036528409035
3.994,19.69041776691662,15.647955815974019,11.815236518179896,336.50930963455704,15.710259124619776,24.352612789208976,7.973988896599583e-06
3.996,10.367315890149882,8.581966286620611,6.426403494116924,336.50930963455704,32.27405112529895,34.21110206569604,7.0982415018306024e-186
3.998,19.69382029512799,15.508514699199132,14.882341109483958,336.50930963455704,15.701650463885038,24.605808713840833,8.129725827049847e-06
