time_tag,short_flux,long_flux
2026-03-02 14:56:00+00:00,3.7674066533099904e-08,1.52406551023887e-06
2026-03-02 14:57:00+00:00,3.682029969809264e-08,1.5323187199101085e-06
2026-03-02 14:58:00+00:00,3.866225384285826e-08,1.5400283928101999e-06
2026-03-02 14:59:00+00:00,3.874863097053094e-08,1.5513962807744974e-06
2026-03-02 15:00:00+00:00,4.1770597647428076e-08,1.573613644723082e-06
2026-03-02 15:01:00+00:00,4.1482799417735805e-08,1.5821211718503037e-06
2026-03-02 15:02:00+00:00,4.33149374146069e-08,1.5848956991248997e-06
2026-03-02 15:03:00+00:00,4.18268513158182e-08,1.5869242133703665e-06
2026-03-02 15:04:00+00:00,4.035426925952379e-08,1.5874704786256189e-06
2026-03-02 15:05:00+00:00,3.917697810607024e-08,1.5882257002886035e-06
2026-03-02 15:06:00+00:00,3.607166476626844e-08,1.5868106402194826e-06
2026-03-02 15:07:00+00:00,3.583694052622377e-08,1.5799544144101674e-06
2026-03-02 15:08:00+00:00,3.5571130041489596e-08,1.5670871107431594e-06
2026-03-02 15:09:00+00:00,3.4017713090861434e-08,1.5612040442647412e-06
2026-03-02 15:10:00+00:00,3.382924163020107e-08,1.5504468819926842e-06
2026-03-02 15:11:00+00:00,3.57227101233093e-08,1.5395553418784402e-06
2026-03-02 15:12:00+00:00,3.639650003606221e-08,1.5287996575352736e-06
2026-03-02 15:13:00+00:00,3.469569875846901e-08,1.5207095884761657e-06
2026-03-02 15:14:00+00:00,3.3256402076631275e-08,1.5102399402167066e-06
2026-03-02 15:15:00+00:00,3.162305262094378e-08,1.4990101817602408e-06
2026-03-02 15:16:00+00:00,3.178384844204629e-08,1.4915543715687818e-06
2026-03-02 15:17:00+00:00,3.18407415988986e-08,1.4845294344922877e-06
2026-03-02 15:18:00+00:00,3.18364179463515e-08,1.4821299600953353e-06
2026-03-02 15:19:00+00:00,3.266905679311094e-08,1.473748056923796e-06
2026-03-02 15:20:00+00:00,3.1947958945011123e-08,1.464670958739589e-06
2026-03-02 15:21:00+00:00,3.5292689659627285e-08,1.4602229612137307e-06
2026-03-02 15:22:00+00:00,3.241724400027124e-08,1.4531826764141442e-06
2026-03-02 15:23:00+00:00,3.0849200527427456e-08,1.4427238284042687e-06
2026-03-02 15:24:00+00:00,3.0688578789295207e-08,1.4344331020765821e-06
2026-03-02 15:25:00+00:00,2.9651028299326754e-08,1.4272253565650317e-06
2026-03-02 15:26:00+00:00,2.8136071250628447e-08,1.4234037735150196e-06
2026-03-02 15:27:00+00:00,2.7582782280433094e-08,1.416492523276247e-06
2026-03-02 15:28:00+00:00,2.8777790817002824e-08,1.4130455383565277e-06
2026-03-02 15:29:00+00:00,2.7967661964112267e-08,1.4095726328378078e-06
2026-03-02 15:30:00+00:00,2.773197849137432e-08,1.4087009958529961e-06
2026-03-02 15:31:00+00:00,2.9064738171769022e-08,1.4044107956578955e-06
2026-03-02 15:32:00+00:00,3.0502551595645855e-08,1.3981874644741765e-06
2026-03-02 15:33:00+00:00,2.9249020983002083e-08,1.393381012348982e-06
2026-03-02 15:34:00+00:00,2.9266349343970433e-08,1.390643660670321e-06
2026-03-02 15:35:00+00:00,2.7655724821329386e-08,1.3890219179302221e-06
2026-03-02 15:36:00+00:00,2.6081304227432156e-08,1.384107463309192e-06
2026-03-02 15:37:00+00:00,2.6855325074848224e-08,1.3747394405072555e-06
2026-03-02 15:38:00+00:00,2.7916135181271784e-08,1.3695153029402718e-06
2026-03-02 15:39:00+00:00,2.6834701571942787e-08,1.367206209579308e-06
2026-03-02 15:40:00+00:00,2.580670255269979e-08,1.3602306125903851e-06
2026-03-02 15:41:00+00:00,2.5876143894265624e-08,1.3450199958242592e-06
2026-03-02 15:42:00+00:00,2.5729091746029553e-08,1.3296312317834236e-06
2026-03-02 15:43:00+00:00,2.4827336631005892e-08,1.3130235174685367e-06
2026-03-02 15:44:00+00:00,2.5324265351400754e-08,1.2945397429575678e-06
2026-03-02 15:45:00+00:00,2.3196774279199417e-08,1.281297500099754e-06
2026-03-02 15:46:00+00:00,2.414973288011879e-08,1.2734685697068926e-06
2026-03-02 15:47:00+00:00,2.6246752327097056e-08,1.2807668099412695e-06
2026-03-02 15:48:00+00:00,2.9657419631234916e-08,1.3133058018865995e-06
2026-03-02 15:49:00+00:00,2.7054444018403956e-08,1.2995976703678025e-06
2026-03-02 15:50:00+00:00,2.8644052463278058e-08,1.285341681978025e-06
2026-03-02 15:51:00+00:00,2.4973168422093295e-08,1.2718222706098459e-06
2026-03-02 15:52:00+00:00,2.2456443815599414e-08,1.2556907904581749e-06
2026-03-02 15:53:00+00:00,2.2816166733719e-08,1.241094764736772e-06
2026-03-02 15:54:00+00:00,2.080588856756549e-08,1.232558020092256e-06
2026-03-02 15:55:00+00:00,2.216915362396321e-08,1.2280681858101161e-06
2026-03-02 15:56:00+00:00,2.228170892237813e-08,1.2240766409377102e-06
2026-03-02 15:57:00+00:00,2.4589752456449787e-08,1.2179392570033087e-06
2026-03-02 15:58:00+00:00,2.56095873396589e-08,1.2079414091203944e-06
2026-03-02 15:59:00+00:00,2.4948198174001845e-08,1.1987682455583126e-06
2026-03-02 16:00:00+00:00,2.495979245509261e-08,1.190198986478208e-06
2026-03-02 16:01:00+00:00,2.2537705035574618e-08,1.1877669976456673e-06
2026-03-02 16:02:00+00:00,2.370155449682443e-08,1.1820972076748149e-06
2026-03-02 16:03:00+00:00,2.2758689155466527e-08,1.1787254834416672e-06
2026-03-02 16:04:00+00:00,2.217635852730382e-08,1.1873788707816857e-06
2026-03-02 16:05:00+00:00,2.62331791844872e-08,1.2158794788774685e-06
2026-03-02 16:06:00+00:00,3.547412674720363e-08,1.2673764331339044e-06
2026-03-02 16:07:00+00:00,3.1468168515402795e-08,1.272213467018446e-06
2026-03-02 16:08:00+00:00,3.4083758038150336e-08,1.2600767149706371e-06
2026-03-02 16:09:00+00:00,2.9477780216780047e-08,1.2470189858504455e-06
2026-03-02 16:10:00+00:00,3.0698835473685904e-08,1.2468503882701043e-06
2026-03-02 16:11:00+00:00,3.056713993032645e-08,1.2440884802344954e-06
2026-03-02 16:12:00+00:00,2.9355812003473147e-08,1.233602233696729e-06
2026-03-02 16:13:00+00:00,2.803017906671812e-08,1.2149508847869583e-06
2026-03-02 16:14:00+00:00,2.6047510814919406e-08,1.1968056696787244e-06
2026-03-02 16:15:00+00:00,2.621066563790464e-08,1.1796499848060193e-06
2026-03-02 16:16:00+00:00,2.5460204611249537e-08,1.1699269180098781e-06
2026-03-02 16:17:00+00:00,2.2267853339030808e-08,1.1596658850976382e-06
2026-03-02 16:18:00+00:00,2.5026212213674626e-08,1.1550763474588166e-06
2026-03-02 16:19:00+00:00,2.4450145019727643e-08,1.1448971690697363e-06
2026-03-02 16:20:00+00:00,2.52066048034294e-08,1.1415389735702774e-06
2026-03-02 16:21:00+00:00,2.7262428758945134e-08,1.1388196980988141e-06
2026-03-02 16:22:00+00:00,2.566349621702102e-08,1.1355185733918916e-06
2026-03-02 16:23:00+00:00,2.6122091156821625e-08,1.1334361715853447e-06
2026-03-02 16:24:00+00:00,2.4770198336909743e-08,1.1353881745890249e-06
2026-03-02 16:25:00+00:00,2.5168064965441772e-08,1.134197304963891e-06
2026-03-02 16:26:00+00:00,2.627899853280269e-08,1.137436925091606e-06
2026-03-02 16:27:00+00:00,2.547556476883983e-08,1.141850361818797e-06
2026-03-02 16:28:00+00:00,2.7198133523143042e-08,1.1460496125437203e-06
2026-03-02 16:29:00+00:00,2.981832025739095e-08,1.1456545507826377e-06
2026-03-02 16:30:00+00:00,3.1685058132779886e-08,1.1493831379993935e-06
2026-03-02 16:31:00+00:00,3.252958080679491e-08,1.1456012316557462e-06
2026-03-02 16:32:00+00:00,2.9932017753253604e-08,1.1358930578353466e-06
2026-03-02 16:33:00+00:00,2.987951930322197e-08,1.1293913075860473e-06
2026-03-02 16:34:00+00:00,2.8225905168710597e-08,1.1251302112214034e-06
2026-03-02 16:35:00+00:00,2.7613848985197365e-08,1.1282811556156958e-06
2026-03-02 16:36:00+00:00,2.8148702924113422e-08,1.1226979950151872e-06
2026-03-02 16:37:00+00:00,2.9746836105459806e-08,1.1219626685488038e-06
2026-03-02 16:38:00+00:00,2.788670627751344e-08,1.1233838677071617e-06
2026-03-02 16:39:00+00:00,2.6272276798522398e-08,1.1197166713827755e-06
2026-03-02 16:40:00+00:00,2.5839858253107195e-08,1.119807961913466e-06
2026-03-02 16:41:00+00:00,2.487363737202486e-08,1.1169147455802886e-06
2026-03-02 16:42:00+00:00,2.3920300407098694e-08,1.1132646022815607e-06
2026-03-02 16:43:00+00:00,2.4583151514434576e-08,1.1113002074125689e-06
2026-03-02 16:44:00+00:00,2.5712914464293135e-08,1.1089199460911914e-06
2026-03-02 16:45:00+00:00,2.6590836199602563e-08,1.1056670246034628e-06
2026-03-02 16:46:00+00:00,2.6202290115406868e-08,1.1058845075240242e-06
2026-03-02 16:47:00+00:00,2.614674876610934e-08,1.1038133607144118e-06
2026-03-02 16:48:00+00:00,2.5354154331580503e-08,1.1052080708395806e-06
2026-03-02 16:49:00+00:00,2.825921718851987e-08,1.1046656709368108e-06
2026-03-02 16:50:00+00:00,2.5949182358431244e-08,1.1007127795892302e-06
2026-03-02 16:51:00+00:00,2.552390121479675e-08,1.1045923429264803e-06
2026-03-02 16:52:00+00:00,2.883721350599444e-08,1.1032238944608252e-06
2026-03-02 16:53:00+00:00,3.013701288523407e-08,1.1076036798840505e-06
2026-03-02 16:54:00+00:00,3.1115320098251686e-08,1.1166943068019464e-06
2026-03-02 16:55:00+00:00,3.153150629486845e-08,1.1365933687557117e-06
2026-03-02 16:56:00+00:00,3.4070673393671314e-08,1.161476347988355e-06
2026-03-02 16:57:00+00:00,3.694647432439524e-08,1.1851561794173904e-06
2026-03-02 16:58:00+00:00,4.175722878585475e-08,1.199938083118468e-06
2026-03-02 16:59:00+00:00,3.873646292618105e-08,1.2101085076210438e-06
2026-03-02 17:00:00+00:00,4.195761960090749e-08,1.2260027233423898e-06
2026-03-02 17:01:00+00:00,4.002345121989492e-08,1.2414424190865248e-06
2026-03-02 17:02:00+00:00,4.128427733007811e-08,1.2648116580749047e-06
2026-03-02 17:03:00+00:00,4.714289758567247e-08,1.2936544635522296e-06
2026-03-02 17:04:00+00:00,4.923886365304497e-08,1.319101329499972e-06
2026-03-02 17:05:00+00:00,4.949666632114713e-08,1.3467342796502635e-06
2026-03-02 17:06:00+00:00,5.022608107196902e-08,1.3683086308446946e-06
2026-03-02 17:07:00+00:00,5.0493817127517104e-08,1.3837238839187194e-06
2026-03-02 17:08:00+00:00,4.9956721426269723e-08,1.3959418083686614e-06
2026-03-02 17:09:00+00:00,5.3884104289636525e-08,1.4005942148287431e-06
2026-03-02 17:10:00+00:00,5.487989440666752e-08,1.4095702454142156e-06
2026-03-02 17:11:00+00:00,5.199619224072194e-08,1.414179450875963e-06
2026-03-02 17:12:00+00:00,5.065709274276742e-08,1.414307689628913e-06
2026-03-02 17:13:00+00:00,5.123793300754187e-08,1.4160062846713117e-06
2026-03-02 17:14:00+00:00,5.1546720669648494e-08,1.4178200444803224e-06
2026-03-02 17:15:00+00:00,5.409058445593473e-08,1.422132754669292e-06
2026-03-02 17:16:00+00:00,5.0554678665548636e-08,1.4246444379750756e-06
2026-03-02 17:17:00+00:00,5.183172291367555e-08,1.422888999513816e-06
2026-03-02 17:18:00+00:00,5.05789508054022e-08,1.419976456418226e-06
2026-03-02 17:19:00+00:00,4.707229805944735e-08,1.4234581158234505e-06
2026-03-02 17:20:00+00:00,4.5883666643931065e-08,1.4210708059181343e-06
2026-03-02 17:21:00+00:00,4.824559596272593e-08,1.4183897292241454e-06
2026-03-02 17:22:00+00:00,4.267315034667263e-08,1.4062048876439803e-06
2026-03-02 17:23:00+00:00,4.292723332355308e-08,1.3977403341414174e-06
2026-03-02 17:24:00+00:00,4.264374098283952e-08,1.3904531215302995e-06
2026-03-02 17:25:00+00:00,4.0400127687689746e-08,1.3820665571984136e-06
2026-03-02 17:26:00+00:00,3.863350173105573e-08,1.3698125940209138e-06
2026-03-02 17:27:00+00:00,3.7528725016500175e-08,1.3605832691609976e-06
2026-03-02 17:28:00+00:00,3.814847104877117e-08,1.356746793135244e-06
2026-03-02 17:29:00+00:00,4.3307437636030954e-08,1.3588456795332604e-06
2026-03-02 17:30:00+00:00,4.728630642603093e-08,1.384712277285871e-06
2026-03-02 17:31:00+00:00,4.512935802836182e-08,1.4055415249458747e-06
2026-03-02 17:32:00+00:00,4.2865913485456986e-08,1.4292490959633142e-06
2026-03-02 17:33:00+00:00,4.5102630963356205e-08,1.4564398043148685e-06
2026-03-02 17:34:00+00:00,4.4281289746095354e-08,1.4740807046109694e-06
2026-03-02 17:35:00+00:00,4.303271339267667e-08,1.4869042388454545e-06
2026-03-02 17:36:00+00:00,4.378135187721455e-08,1.4888790929035167e-06
2026-03-02 17:37:00+00:00,4.368260420051229e-08,1.479078605370887e-06
2026-03-02 17:38:00+00:00,4.189877245153184e-08,1.4551214917446487e-06
2026-03-02 17:39:00+00:00,4.028909827979987e-08,1.4297307870947407e-06
2026-03-02 17:40:00+00:00,4.0339948270684545e-08,1.4087095223658253e-06
2026-03-02 17:41:00+00:00,4.153355348535115e-08,1.3874000615032855e-06
2026-03-02 17:42:00+00:00,4.0933763045813976e-08,1.3766452866548207e-06
2026-03-02 17:43:00+00:00,3.552790772687331e-08,1.366279207104526e-06
2026-03-02 17:44:00+00:00,3.9933315321150076e-08,1.3602464150608284e-06
2026-03-02 17:45:00+00:00,3.8744644825783325e-08,1.349310991827224e-06
2026-03-02 17:46:00+00:00,3.81992784070917e-08,1.345305122413265e-06
2026-03-02 17:47:00+00:00,3.955160465807239e-08,1.3483869452102226e-06
2026-03-02 17:48:00+00:00,4.3979948571859495e-08,1.37731444738165e-06
2026-03-02 17:49:00+00:00,4.810957676681937e-08,1.4202897773429868e-06
2026-03-02 17:50:00+00:00,5.239441591697869e-08,1.4570964594895486e-06
2026-03-02 17:51:00+00:00,5.6042328111516326e-08,1.4751591379535967e-06
2026-03-02 17:52:00+00:00,5.495946808764529e-08,1.4843654980722931e-06
2026-03-02 17:53:00+00:00,5.483933662731033e-08,1.4912376400388894e-06
2026-03-02 17:54:00+00:00,5.3163255131494225e-08,1.4837365824860171e-06
2026-03-02 17:55:00+00:00,5.075281350741534e-08,1.4703158512929804e-06
2026-03-02 17:56:00+00:00,4.8934559515600995e-08,1.4638869743066607e-06
2026-03-02 17:57:00+00:00,4.708005718612185e-08,1.450131776437047e-06
2026-03-02 17:58:00+00:00,4.5727812647555766e-08,1.4371397583090584e-06
2026-03-02 17:59:00+00:00,4.2736868266501915e-08,1.41658767915942e-06
2026-03-02 18:00:00+00:00,4.0839392312364e-08,1.3989694025440258e-06
2026-03-02 18:01:00+00:00,4.006854226190626e-08,1.3774645140074426e-06
2026-03-02 18:02:00+00:00,3.6496999200608116e-08,1.3597579027191387e-06
2026-03-02 18:03:00+00:00,3.664466774466746e-08,1.3396097529039253e-06
2026-03-02 18:04:00+00:00,3.9441651722427196e-08,1.3213635838837945e-06
2026-03-02 18:05:00+00:00,3.9082674874180157e-08,1.2968038163307938e-06
2026-03-02 18:06:00+00:00,4.270438580533664e-08,1.2766134886987857e-06
2026-03-02 18:07:00+00:00,4.225250904710265e-08,1.2575306982398615e-06
2026-03-02 18:08:00+00:00,4.2926778576202196e-08,1.2434239806680125e-06
2026-03-02 18:09:00+00:00,4.153290689146161e-08,1.2256833770152298e-06
2026-03-02 18:10:00+00:00,3.915696922263123e-08,1.2121121244490496e-06
2026-03-02 18:11:00+00:00,3.8461461571159816e-08,1.1991884321105317e-06
2026-03-02 18:12:00+00:00,3.8073284969186716e-08,1.1864844964293297e-06
2026-03-02 18:13:00+00:00,3.4611673527251696e-08,1.1788689562308718e-06
2026-03-02 18:14:00+00:00,3.5245001583916746e-08,1.1805557278421475e-06
2026-03-02 18:15:00+00:00,3.264698378302455e-08,1.173713485513872e-06
2026-03-02 18:16:00+00:00,3.343430066138353e-08,1.1674075039991294e-06
2026-03-02 18:17:00+00:00,3.3054817549782456e-08,1.1565397244339692e-06
2026-03-02 18:18:00+00:00,3.40008092791777e-08,1.144942643804825e-06
2026-03-02 18:19:00+00:00,3.234819345721007e-08,1.1384241815903806e-06
2026-03-02 18:20:00+00:00,3.02374587590748e-08,1.132200736719824e-06
2026-03-02 18:21:00+00:00,3.150067584556382e-08,1.1284373613307253e-06
2026-03-02 18:22:00+00:00,2.934546472488364e-08,1.1218189683859237e-06
2026-03-02 18:23:00+00:00,3.061141029547798e-08,1.1220092801522696e-06
2026-03-02 18:24:00+00:00,3.047760088747964e-08,1.1154295407322934e-06
2026-03-02 18:25:00+00:00,3.4757725586587185e-08,1.110571588469611e-06
2026-03-02 18:26:00+00:00,3.311484420009947e-08,1.1237932540097972e-06
2026-03-02 18:27:00+00:00,4.3168970620399705e-08,1.1869004765685531e-06
2026-03-02 18:28:00+00:00,5.869991781537465e-08,1.2927280295116361e-06
2026-03-02 18:29:00+00:00,6.584829748135235e-08,1.344073098152876e-06
2026-03-02 18:30:00+00:00,6.374548178200712e-08,1.3470460089592962e-06
2026-03-02 18:31:00+00:00,6.06275705195003e-08,1.3437513644021237e-06
2026-03-02 18:32:00+00:00,5.856205831378247e-08,1.3282766531119705e-06
2026-03-02 18:33:00+00:00,5.554769799687165e-08,1.3224628219177248e-06
2026-03-02 18:34:00+00:00,5.494295152175255e-08,1.3226925830167602e-06
2026-03-02 18:35:00+00:00,5.479161657717668e-08,1.3113793784214067e-06
2026-03-02 18:36:00+00:00,4.715424140044888e-08,1.2917823823954677e-06
2026-03-02 18:37:00+00:00,4.644699203026903e-08,1.271048745365988e-06
2026-03-02 18:38:00+00:00,4.5074198595784765e-08,1.2545735899038846e-06
2026-03-02 18:39:00+00:00,4.671717235282813e-08,1.2392389407978044e-06
2026-03-02 18:40:00+00:00,4.486071958353932e-08,1.2293868394408491e-06
2026-03-02 18:41:00+00:00,4.542492249015595e-08,1.2223576959513593e-06
2026-03-02 18:42:00+00:00,4.5594468645049346e-08,1.2174676840004395e-06
2026-03-02 18:43:00+00:00,4.536568098956195e-08,1.2138498277636245e-06
2026-03-02 18:44:00+00:00,4.542086529113476e-08,1.2116371408410487e-06
2026-03-02 18:45:00+00:00,4.546331666688275e-08,1.213085965900973e-06
2026-03-02 18:46:00+00:00,4.2046135462214806e-08,1.2122570751671446e-06
2026-03-02 18:47:00+00:00,4.391527141933693e-08,1.2103208746339078e-06
2026-03-02 18:48:00+00:00,4.5305068141487936e-08,1.199851908495475e-06
2026-03-02 18:49:00+00:00,4.493130489890973e-08,1.1981467196164886e-06
2026-03-02 18:50:00+00:00,4.362498273735582e-08,1.1920014912902843e-06
2026-03-02 18:51:00+00:00,4.638595640926724e-08,1.18405944249389e-06
2026-03-02 18:52:00+00:00,4.636987327444331e-08,1.1761749192373827e-06
2026-03-02 18:53:00+00:00,4.7511068856920247e-08,1.175238367068232e-06
2026-03-02 18:54:00+00:00,4.862657476678578e-08,1.1716241488102241e-06
2026-03-02 18:55:00+00:00,4.82950213154254e-08,1.175359670924081e-06
2026-03-02 18:56:00+00:00,4.647246143463235e-08,1.172719862552185e-06
2026-03-02 18:57:00+00:00,4.6562636413227665e-08,1.1700024060701253e-06
2026-03-02 18:58:00+00:00,4.649583829063886e-08,1.1714435004250845e-06
2026-03-02 18:59:00+00:00,4.552461163598309e-08,1.169879169538035e-06
2026-03-02 19:00:00+00:00,4.5807844628598104e-08,1.1698672324200743e-06
2026-03-02 19:01:00+00:00,4.280092369413069e-08,1.1671735364870983e-06
2026-03-02 19:02:00+00:00,4.061381986275592e-08,1.1631190091065946e-06
2026-03-02 19:03:00+00:00,4.116623131267261e-08,1.1575461940083187e-06
2026-03-02 19:04:00+00:00,3.866259135065775e-08,1.146130557572178e-06
2026-03-02 19:05:00+00:00,3.862056274783754e-08,1.1388261782485642e-06
2026-03-02 19:06:00+00:00,3.668177228632885e-08,1.130501004809048e-06
2026-03-02 19:07:00+00:00,3.91384737952194e-08,1.1261269037277089e-06
2026-03-02 19:08:00+00:00,3.8721815087683353e-08,1.1193028512934688e-06
2026-03-02 19:09:00+00:00,3.805992321304075e-08,1.110334324039286e-06
2026-03-02 19:10:00+00:00,3.9478262436887235e-08,1.1111134199381922e-06
2026-03-02 19:11:00+00:00,3.959627647986963e-08,1.1148617886647116e-06
2026-03-02 19:12:00+00:00,4.2555807766575526e-08,1.1234344583499478e-06
2026-03-02 19:13:00+00:00,4.048810353651788e-08,1.1319289114908315e-06
2026-03-02 19:14:00+00:00,4.4804021825939344e-08,1.145981968875276e-06
2026-03-02 19:15:00+00:00,4.350547655462833e-08,1.1533036285982234e-06
2026-03-02 19:16:00+00:00,4.246696505560976e-08,1.161006252914376e-06
2026-03-02 19:17:00+00:00,4.240227724494616e-08,1.1693418855429627e-06
2026-03-02 19:18:00+00:00,4.3406149785596426e-08,1.1778498674175353e-06
2026-03-02 19:19:00+00:00,4.4121787112771926e-08,1.176133991975803e-06
2026-03-02 19:20:00+00:00,4.36279528059913e-08,1.1662657470878912e-06
2026-03-02 19:21:00+00:00,4.7123513979840936e-08,1.155109657702269e-06
2026-03-02 19:22:00+00:00,4.40743654905873e-08,1.1427440540501266e-06
2026-03-02 19:23:00+00:00,4.383365137528017e-08,1.136046421379433e-06
2026-03-02 19:24:00+00:00,4.025099187288106e-08,1.1371182608854724e-06
2026-03-02 19:25:00+00:00,4.0948961554931884e-08,1.13531257284194e-06
2026-03-02 19:26:00+00:00,3.9105039206788206e-08,1.1127731340820901e-06
2026-03-02 19:27:00+00:00,4.1274734741136854e-08,1.094689650926739e-06
2026-03-02 19:28:00+00:00,3.592359831827707e-08,1.0784457344925613e-06
2026-03-02 19:29:00+00:00,3.116927160817795e-08,1.0685077995731262e-06
2026-03-02 19:30:00+00:00,3.2004198402546535e-08,1.05492836155463e-06
2026-03-02 19:31:00+00:00,2.8208503977111832e-08,1.0430599104438443e-06
2026-03-02 19:32:00+00:00,3.4745998078733464e-08,1.034681645251112e-06
2026-03-02 19:33:00+00:00,3.3031572144182064e-08,1.024470520860632e-06
2026-03-02 19:34:00+00:00,3.5706428036519355e-08,1.0157338010685635e-06
2026-03-02 19:35:00+00:00,3.3723541292829395e-08,1.006522097668494e-06
2026-03-02 19:36:00+00:00,3.6591540464314676e-08,1.0010013511418947e-06
2026-03-02 19:37:00+00:00,3.7180949874482394e-08,9.954849247151287e-07
2026-03-02 19:38:00+00:00,3.8432709459357284e-08,9.893871038002544e-07
2026-03-02 19:39:00+00:00,4.001161002520348e-08,9.82812707661651e-07
2026-03-02 19:40:00+00:00,3.731475572976706e-08,9.740419955051038e-07
2026-03-02 19:41:00+00:00,3.714382046382525e-08,9.680251196186873e-07
2026-03-02 19:42:00+00:00,3.3066903881717735e-08,9.629671922084526e-07
2026-03-02 19:43:00+00:00,3.1127079580528516e-08,9.591532261765678e-07
2026-03-02 19:44:00+00:00,2.8387004746832645e-08,9.527879001325346e-07
2026-03-02 19:45:00+00:00,3.2367442059921814e-08,9.498000963503728e-07
2026-03-02 19:46:00+00:00,3.492192135468031e-08,9.441731663173414e-07
2026-03-02 19:47:00+00:00,3.582046659289517e-08,9.423084748050314e-07
2026-03-02 19:48:00+00:00,3.034763196296808e-08,9.400648082191765e-07
2026-03-02 19:49:00+00:00,2.9597352124710596e-08,9.374005571771704e-07
2026-03-02 19:50:00+00:00,3.315244967438957e-08,9.389606248078053e-07
2026-03-02 19:51:00+00:00,3.519262392615019e-08,9.362472042084846e-07
2026-03-02 19:52:00+00:00,3.6147234538930206e-08,9.367770417156862e-07
2026-03-02 19:53:00+00:00,3.5010604193530526e-08,9.328640544481459e-07
2026-03-02 19:54:00+00:00,3.695005190706979e-08,9.359861223856569e-07
2026-03-02 19:55:00+00:00,3.394408665258197e-08,9.379755283589475e-07
2026-03-02 19:56:00+00:00,3.652597868608609e-08,9.421521554031642e-07
2026-03-02 19:57:00+00:00,3.5024026345809034e-08,9.588443390384782e-07
2026-03-02 19:58:00+00:00,3.673780923918457e-08,9.746896694196039e-07
2026-03-02 19:59:00+00:00,3.507042123374049e-08,9.699930387796485e-07
2026-03-02 20:00:00+00:00,3.2106171943269146e-08,9.622491461414029e-07
2026-03-02 20:01:00+00:00,3.119018643360505e-08,9.487856118539639e-07
2026-03-02 20:02:00+00:00,3.226970335390433e-08,9.413596444574068e-07
2026-03-02 20:03:00+00:00,3.422019645427099e-08,9.348640332973446e-07
2026-03-02 20:04:00+00:00,3.114418589689194e-08,9.282688324674382e-07
2026-03-02 20:05:00+00:00,3.1303162728590905e-08,9.271578846892226e-07
2026-03-02 20:06:00+00:00,3.3403278365540245e-08,9.234016715709004e-07
2026-03-02 20:07:00+00:00,3.458930564192997e-08,9.271967655877233e-07
2026-03-02 20:08:00+00:00,3.360396405582833e-08,9.288004321206245e-07
2026-03-02 20:09:00+00:00,3.4512574131895235e-08,9.262026310352667e-07
2026-03-02 20:10:00+00:00,3.758562883149352e-08,9.269185738958186e-07
2026-03-02 20:11:00+00:00,3.354268685029638e-08,9.26925736166595e-07
2026-03-02 20:12:00+00:00,3.640936796500682e-08,9.308107564720558e-07
2026-03-02 20:13:00+00:00,3.208936050214106e-08,9.292964477936039e-07
2026-03-02 20:14:00+00:00,4.078654569639184e-08,9.347905916001764e-07
2026-03-02 20:15:00+00:00,3.956141725325324e-08,9.35149330416607e-07
2026-03-02 20:16:00+00:00,4.1327663069523624e-08,9.313923214904207e-07
2026-03-02 20:17:00+00:00,3.391411951270129e-08,9.276003538616351e-07
2026-03-02 20:18:00+00:00,3.589541464066315e-08,9.312955739915196e-07
2026-03-02 20:19:00+00:00,3.896573730344244e-08,9.432822594135359e-07
2026-03-02 20:20:00+00:00,3.609462950748821e-08,9.429107308278617e-07
2026-03-02 20:21:00+00:00,4.165642764064614e-08,9.458446470489434e-07
2026-03-02 20:22:00+00:00,3.791743097281142e-08,9.384148711433227e-07
2026-03-02 20:23:00+00:00,3.869389786359534e-08,9.351462040285696e-07
2026-03-02 20:24:00+00:00,4.0338555606922455e-08,9.340043902739126e-07
2026-03-02 20:25:00+00:00,3.7676102238037856e-08,9.375705758429831e-07
2026-03-02 20:26:00+00:00,3.862541930743646e-08,9.374992373523128e-07
2026-03-02 20:27:00+00:00,3.943046422705265e-08,9.339153734799766e-07
2026-03-02 20:28:00+00:00,3.7770178096252494e-08,9.301655836679856e-07
2026-03-02 20:29:00+00:00,3.400374737339007e-08,9.248830679098319e-07
2026-03-02 20:30:00+00:00,3.531918935095746e-08,9.168316523755493e-07
2026-03-02 20:31:00+00:00,3.464563391730735e-08,9.164957646135008e-07
2026-03-02 20:32:00+00:00,3.7902360361385945e-08,9.172402428703208e-07
2026-03-02 20:33:00+00:00,3.6137230097210704e-08,9.129411751018779e-07
2026-03-02 20:34:00+00:00,3.9625614789429164e-08,9.156324836112617e-07
2026-03-02 20:35:00+00:00,4.013570986671766e-08,9.195596817335172e-07
2026-03-02 20:36:00+00:00,4.437027811832195e-08,9.236360369868635e-07
2026-03-02 20:37:00+00:00,4.02708941749097e-08,9.241267662218888e-07
2026-03-02 20:38:00+00:00,4.326577496271966e-08,9.237305107490101e-07
2026-03-02 20:39:00+00:00,3.7362358540349305e-08,9.229484589923231e-07
2026-03-02 20:40:00+00:00,3.93317485247735e-08,9.255207942260313e-07
2026-03-02 20:41:00+00:00,3.6867234598503273e-08,9.210693860950414e-07
2026-03-02 20:42:00+00:00,3.603236820026723e-08,9.21221044336562e-07
2026-03-02 20:43:00+00:00,4.008579779224419e-08,9.367391839987249e-07
2026-03-02 20:44:00+00:00,3.841984508312635e-08,9.569869234837824e-07
2026-03-02 20:45:00+00:00,4.047256041417313e-08,9.79427227321139e-07
2026-03-02 20:46:00+00:00,4.245356066689965e-08,1.0050312084786128e-06
2026-03-02 20:47:00+00:00,4.529048425183646e-08,1.027758003147028e-06
2026-03-02 20:48:00+00:00,4.383032248256313e-08,1.039162043525721e-06
2026-03-02 20:49:00+00:00,4.2773237396431796e-08,1.0403889518784126e-06
2026-03-02 20:50:00+00:00,3.9680671193309536e-08,1.035914579006203e-06
2026-03-02 20:51:00+00:00,4.0012544388901006e-08,1.0389230737928301e-06
2026-03-02 20:52:00+00:00,3.776738211058728e-08,1.0350397587899351e-06
2026-03-02 20:53:00+00:00,3.877795151652208e-08,1.0278223498971784e-06
2026-03-02 20:54:00+00:00,4.0386858302099427e-08,1.0238517234029132e-06
2026-03-02 20:55:00+00:00,4.078814797026098e-08,1.0265237051498843e-06
2026-03-02 20:56:00+00:00,4.013960008819595e-08,1.030509224619891e-06
2026-03-02 20:57:00+00:00,4.272207476674339e-08,1.0263830745316227e-06
2026-03-02 20:58:00+00:00,3.965821093743216e-08,1.0213997256869334e-06
2026-03-02 20:59:00+00:00,3.932077063950601e-08,1.0162548278458416e-06
2026-03-02 21:00:00+00:00,4.0039296322902374e-08,1.0132290526598808e-06
2026-03-02 21:01:00+00:00,4.065350012183444e-08,1.0065853075502673e-06
2026-03-02 21:02:00+00:00,4.059192448835347e-08,9.980096820072504e-07
2026-03-02 21:03:00+00:00,3.8159001292115136e-08,9.894965842249803e-07
2026-03-02 21:04:00+00:00,3.4440770235733e-08,9.762514991962234e-07
2026-03-02 21:05:00+00:00,3.5774021966972214e-08,9.650913170844433e-07
2026-03-02 21:06:00+00:00,3.6664406621866874e-08,9.50798892063176e-07
2026-03-02 21:07:00+00:00,3.812382587398133e-08,9.40034794894018e-07
2026-03-02 21:08:00+00:00,3.477008192476205e-08,9.295068252868077e-07
2026-03-02 21:09:00+00:00,3.4177237040466935e-08,9.234485105480417e-07
2026-03-02 21:10:00+00:00,3.520594660244569e-08,9.172167665383313e-07
2026-03-02 21:11:00+00:00,3.5669792453063565e-08,9.1464409024411e-07
2026-03-02 21:12:00+00:00,3.340350218650201e-08,9.082438054974773e-07
2026-03-02 21:13:00+00:00,3.3760827022888407e-08,9.033439596350945e-07
2026-03-02 21:14:00+00:00,3.5488078253820277e-08,9.016891908686375e-07
2026-03-02 21:15:00+00:00,3.216806376826753e-08,9.000286240734567e-07
2026-03-02 21:16:00+00:00,3.474537990655335e-08,8.967194276010559e-07
2026-03-02 21:17:00+00:00,3.7172856792722087e-08,8.95572668468958e-07
2026-03-02 21:18:00+00:00,3.457809683027335e-08,8.855613486957736e-07
2026-03-02 21:19:00+00:00,3.4748836696962826e-08,8.840956411404477e-07
2026-03-02 21:20:00+00:00,3.67046730787024e-08,8.812525607027055e-07
2026-03-02 21:21:00+00:00,3.329630615667156e-08,8.818014407552255e-07
2026-03-02 21:22:00+00:00,3.7612185366242556e-08,8.868431677910849e-07
2026-03-02 21:23:00+00:00,3.624848687877602e-08,8.980553616311227e-07
2026-03-02 21:24:00+00:00,3.715474505838756e-08,9.113607575272908e-07
2026-03-02 21:25:00+00:00,3.8426666293389644e-08,9.115033208217937e-07
2026-03-02 21:26:00+00:00,3.463142661530583e-08,8.994031759357313e-07
2026-03-02 21:27:00+00:00,3.484415955767872e-08,8.96079882295453e-07
2026-03-02 21:28:00+00:00,3.3792705522728284e-08,8.928680017561419e-07
2026-03-02 21:29:00+00:00,3.066954690211787e-08,8.872143553162459e-07
2026-03-02 21:30:00+00:00,3.3714712799337576e-08,8.836560709823971e-07
2026-03-02 21:31:00+00:00,3.856935038015763e-08,8.858255000632198e-07
2026-03-02 21:32:00+00:00,3.551085114850139e-08,8.852284167915059e-07
2026-03-02 21:33:00+00:00,3.901401868233734e-08,8.896049052964372e-07
2026-03-02 21:34:00+00:00,4.040031598151472e-08,8.978204846243898e-07
2026-03-02 21:35:00+00:00,4.169648448737462e-08,9.103659976972267e-07
2026-03-02 21:36:00+00:00,4.189636726437129e-08,9.325599421572406e-07
2026-03-02 21:37:00+00:00,3.9889272329673986e-08,9.582705615684972e-07
2026-03-02 21:38:00+00:00,4.1961762065056973e-08,9.830823728407267e-07
2026-03-02 21:39:00+00:00,4.4064716320235675e-08,9.963849834093708e-07
2026-03-02 21:40:00+00:00,3.9992972489244494e-08,1.0041799214377534e-06
2026-03-02 21:41:00+00:00,4.321682567365315e-08,1.0151593414775562e-06
2026-03-02 21:42:00+00:00,4.06414244480402e-08,1.0242696362183779e-06
2026-03-02 21:43:00+00:00,3.7071657743581454e-08,1.0235813761028112e-06
2026-03-02 21:44:00+00:00,4.053398683367959e-08,1.0276235116180032e-06
2026-03-02 21:45:00+00:00,4.292495603408497e-08,1.0315743566025048e-06
2026-03-02 21:46:00+00:00,4.1849357756973404e-08,1.0341576626160531e-06
2026-03-02 21:47:00+00:00,4.406675202517363e-08,1.034027036439511e-06
2026-03-02 21:48:00+00:00,4.814661735963455e-08,1.0390090210421477e-06
2026-03-02 21:49:00+00:00,4.383015195230655e-08,1.034729848470306e-06
2026-03-02 21:50:00+00:00,4.52004513817883e-08,1.0331999646950862e-06
2026-03-02 21:51:00+00:00,4.4462730386385374e-08,1.025766664497496e-06
2026-03-02 21:52:00+00:00,4.3399225546636444e-08,1.0179408036492532e-06
2026-03-02 21:53:00+00:00,4.431586120290376e-08,1.0133966270586825e-06
2026-03-02 21:54:00+00:00,4.35645723939615e-08,1.008130311674904e-06
2026-03-02 21:55:00+00:00,4.268325426437514e-08,1.0007236141973408e-06
2026-03-02 21:56:00+00:00,4.2311786074833435e-08,9.934285571944201e-07
2026-03-02 21:57:00+00:00,4.343934634221114e-08,9.91464730759617e-07
2026-03-02 21:58:00+00:00,4.371109696421627e-08,9.855765483735013e-07
2026-03-02 21:59:00+00:00,4.394507868710207e-08,9.83563381851127e-07
2026-03-02 22:00:00+00:00,4.521519159084164e-08,9.79273295342864e-07
2026-03-02 22:01:00+00:00,4.590162205886372e-08,9.729485554998973e-07
2026-03-02 22:02:00+00:00,3.8780928690584915e-08,9.63446041168936e-07
2026-03-02 22:03:00+00:00,4.155578636755308e-08,9.649297680880409e-07
2026-03-02 22:04:00+00:00,3.6261713631802195e-08,9.562422746967059e-07
2026-03-02 22:05:00+00:00,3.9211165869801334e-08,9.521676247459254e-07
2026-03-02 22:06:00+00:00,4.0510933274617855e-08,9.474277931076358e-07
2026-03-02 22:07:00+00:00,3.583904373272162e-08,9.439169730285357e-07
2026-03-02 22:08:00+00:00,4.068813197477539e-08,9.384625627717469e-07
2026-03-02 22:09:00+00:00,4.690537025453523e-08,9.404044476468698e-07
2026-03-02 22:10:00+00:00,4.4501973661681404e-08,9.384881423102343e-07
2026-03-02 22:11:00+00:00,4.410898668538721e-08,9.33990747853386e-07
2026-03-02 22:12:00+00:00,4.958606680816047e-08,9.303562933382636e-07
2026-03-02 22:13:00+00:00,4.778801354632378e-08,9.248705623576825e-07
2026-03-02 22:14:00+00:00,4.507791118157911e-08,9.254106885236979e-07
2026-03-02 22:15:00+00:00,4.7338843955913035e-08,9.239125233762024e-07
2026-03-02 22:16:00+00:00,4.373380946276484e-08,9.158963507616136e-07
2026-03-02 22:17:00+00:00,4.517248797242246e-08,9.103424076783995e-07
2026-03-02 22:18:00+00:00,4.452790847153665e-08,9.098378654925909e-07
2026-03-02 22:19:00+00:00,3.981292806543024e-08,9.016015383167542e-07
2026-03-02 22:20:00+00:00,4.252193974707552e-08,8.97374434316589e-07
2026-03-02 22:21:00+00:00,4.3250388159776776e-08,8.958353987509327e-07
2026-03-02 22:22:00+00:00,4.042345835841843e-08,8.833613378556038e-07
2026-03-02 22:23:00+00:00,4.221861615860689e-08,8.856535487211659e-07
2026-03-02 22:24:00+00:00,4.0281619817506e-08,8.826727935229428e-07
2026-03-02 22:25:00+00:00,3.725601160908809e-08,8.766770633883425e-07
2026-03-02 22:26:00+00:00,4.183538493407468e-08,8.796060342319834e-07
2026-03-02 22:27:00+00:00,3.857734753864861e-08,8.806501341496187e-07
2026-03-02 22:28:00+00:00,3.385553171142419e-08,8.782571967458352e-07
2026-03-02 22:29:00+00:00,3.592146313735611e-08,8.857732041178679e-07
2026-03-02 22:30:00+00:00,3.832375483625583e-08,8.878173503035214e-07
2026-03-02 22:31:00+00:00,3.369246215356725e-08,8.790613605924591e-07
2026-03-02 22:32:00+00:00,4.096947847642696e-08,8.825403483569971e-07
2026-03-02 22:33:00+00:00,3.861416431050202e-08,8.759784577705432e-07
2026-03-02 22:34:00+00:00,3.1494735708292865e-08,8.679784286869108e-07
2026-03-02 22:35:00+00:00,3.7962070820185545e-08,8.6567916923741e-07
2026-03-02 22:36:00+00:00,3.8714585315346994e-08,8.630546517451876e-07
2026-03-02 22:37:00+00:00,3.1561466329321775e-08,8.566330507164821e-07
2026-03-02 22:38:00+00:00,3.853723740121495e-08,8.616395916760666e-07
2026-03-02 22:39:00+00:00,4.0971762871322426e-08,8.659511649966589e-07
2026-03-02 22:40:00+00:00,3.5617667037968204e-08,8.70724306878401e-07
2026-03-02 22:41:00+00:00,4.489150029485245e-08,8.80618983956083e-07
2026-03-02 22:42:00+00:00,3.9547746411017215e-08,8.823363941701245e-07
2026-03-02 22:43:00+00:00,4.143408460777209e-08,8.931717161431152e-07
2026-03-02 22:44:00+00:00,4.339411319165265e-08,9.141088526121166e-07
2026-03-02 22:45:00+00:00,3.958244221280438e-08,9.078308380594535e-07
2026-03-02 22:46:00+00:00,3.6475022113791056e-08,8.982855774775089e-07
2026-03-02 22:47:00+00:00,4.2822495771588365e-08,8.991736422103713e-07
2026-03-02 22:48:00+00:00,4.061340774796918e-08,8.92955767994863e-07
2026-03-02 22:49:00+00:00,3.735537745797046e-08,8.869366752151109e-07
2026-03-02 22:50:00+00:00,3.641299528567288e-08,8.833044375933241e-07
2026-03-02 22:51:00+00:00,3.477770604831676e-08,8.748858135732007e-07
2026-03-02 22:52:00+00:00,3.689653738092602e-08,8.740548764762934e-07
2026-03-02 22:53:00+00:00,3.6125822333588076e-08,8.701697424839949e-07
2026-03-02 22:54:00+00:00,3.131322756644295e-08,8.682487191435939e-07
2026-03-02 22:55:00+00:00,3.4614487276485306e-08,8.684837098371645e-07
2026-03-02 22:56:00+00:00,3.3393355636235356e-08,8.622195082352846e-07
2026-03-02 22:57:00+00:00,3.1615549289654155e-08,8.558993158658268e-07
2026-03-02 22:58:00+00:00,3.352861455141465e-08,8.548161645194341e-07
2026-03-02 22:59:00+00:00,3.373878243451145e-08,8.485556577397801e-07
2026-03-02 23:00:00+00:00,3.253026648053492e-08,8.443604997410148e-07
2026-03-02 23:01:00+00:00,3.2718620701643886e-08,8.442688681498112e-07
2026-03-02 23:02:00+00:00,3.5619940774722636e-08,8.412833949478227e-07
2026-03-02 23:03:00+00:00,3.1642649389596045e-08,8.385682690459362e-07
2026-03-02 23:04:00+00:00,3.285801852825898e-08,8.37035258882679e-07
2026-03-02 23:05:00+00:00,3.305492413119282e-08,8.345567152900912e-07
2026-03-02 23:06:00+00:00,3.154539385263888e-08,8.31110071430885e-07
2026-03-02 23:07:00+00:00,3.310245233478781e-08,8.272106697404524e-07
2026-03-02 23:08:00+00:00,3.347105348439072e-08,8.259851824732323e-07
2026-03-02 23:09:00+00:00,2.874943305641864e-08,8.191979077309952e-07
2026-03-02 23:10:00+00:00,3.066300990894888e-08,8.185888304979017e-07
2026-03-02 23:11:00+00:00,3.28810081384745e-08,8.177843255907646e-07
2026-03-02 23:12:00+00:00,2.874901561256138e-08,8.129010211632703e-07
2026-03-02 23:13:00+00:00,2.9330555761930555e-08,8.115090395222069e-07
2026-03-02 23:14:00+00:00,3.275852478168417e-08,8.116299454741238e-07
2026-03-02 23:15:00+00:00,2.8558496012465184e-08,8.130191417876631e-07
2026-03-02 23:16:00+00:00,3.321797237276769e-08,8.172607408596377e-07
2026-03-02 23:17:00+00:00,3.0940814355062685e-08,8.158588116202736e-07
2026-03-02 23:18:00+00:00,2.43134365973674e-08,8.083247280410433e-07
2026-03-02 23:19:00+00:00,3.11357801763279e-08,8.047653068388172e-07
2026-03-02 23:20:00+00:00,3.1252135102022294e-08,8.032577625272097e-07
2026-03-02 23:21:00+00:00,2.5151951632551572e-08,7.94398204106983e-07
2026-03-02 23:22:00+00:00,3.2629674961981436e-08,7.982783358784218e-07
2026-03-02 23:23:00+00:00,2.7216072950864145e-08,7.928715035632194e-07
2026-03-02 23:24:00+00:00,2.8778138982943346e-08,7.88674356044794e-07
2026-03-02 23:25:00+00:00,3.2736842570102453e-08,7.877251277932373e-07
2026-03-02 23:26:00+00:00,2.9319984662379284e-08,7.845263780836831e-07
2026-03-02 23:27:00+00:00,2.8503723825679117e-08,7.813723073013534e-07
2026-03-02 23:28:00+00:00,3.0943628104296295e-08,7.792727387823106e-07
2026-03-02 23:29:00+00:00,2.8573756694072472e-08,7.75148350840027e-07
2026-03-02 23:30:00+00:00,3.144146276667925e-08,7.755944011478277e-07
2026-03-02 23:31:00+00:00,2.9322288597199986e-08,7.70730878230097e-07
2026-03-02 23:32:00+00:00,2.7072571739950035e-08,7.725048476459051e-07
2026-03-02 23:33:00+00:00,3.331559028652009e-08,7.732051017228514e-07
2026-03-02 23:34:00+00:00,2.5096586142581145e-08,7.70433587149455e-07
2026-03-02 23:35:00+00:00,2.6046587109362918e-08,7.746734809188638e-07
2026-03-02 23:36:00+00:00,3.3125136411626954e-08,7.846353469176393e-07
2026-03-02 23:37:00+00:00,2.7442792926990478e-08,7.808369559825223e-07
2026-03-02 23:38:00+00:00,2.6607004599554784e-08,7.796951422278653e-07
2026-03-02 23:39:00+00:00,3.289158101438261e-08,7.823442729204544e-07
2026-03-02 23:40:00+00:00,2.6035053224404692e-08,7.793250915710814e-07
2026-03-02 23:41:00+00:00,2.7532550461728533e-08,7.82025892931415e-07
2026-03-02 23:42:00+00:00,2.7581116057717736e-08,7.821977305866312e-07
2026-03-02 23:43:00+00:00,2.2505254548832454e-08,7.812722060407395e-07
2026-03-02 23:44:00+00:00,3.245675372909318e-08,7.908396923994587e-07
2026-03-02 23:45:00+00:00,2.7610505881625613e-08,7.960392167660757e-07
2026-03-02 23:46:00+00:00,2.3336520271755035e-08,7.960331345202576e-07
2026-03-02 23:47:00+00:00,3.03949043711782e-08,8.037329735088861e-07
2026-03-02 23:48:00+00:00,2.6394284091679765e-08,8.071743309301382e-07
2026-03-02 23:49:00+00:00,2.743011506822768e-08,8.242582225648221e-07
2026-03-02 23:50:00+00:00,3.804678527785654e-08,8.454284170511528e-07
2026-03-02 23:51:00+00:00,3.151257388367412e-08,8.482300586365454e-07
2026-03-02 23:52:00+00:00,3.0390712169037215e-08,8.482168141199509e-07
2026-03-02 23:53:00+00:00,3.991324959429221e-08,8.537616622561472e-07
2026-03-02 23:54:00+00:00,2.7781792866221622e-08,8.471741352877871e-07
2026-03-02 23:55:00+00:00,3.524999669934914e-08,8.476854986838589e-07
2026-03-02 23:56:00+00:00,3.07168512847511e-08,8.415471484113368e-07
2026-03-02 23:57:00+00:00,2.381762520542452e-08,8.308344945362478e-07
2026-03-02 23:58:00+00:00,3.0066367173731123e-08,8.278047971543856e-07
2026-03-02 23:59:00+00:00,3.055490793713034e-08,8.217660933951265e-07
2026-03-03 00:00:00+00:00,2.4736692694204976e-08,8.15809244159027e-07
2026-03-03 00:01:00+00:00,2.9155945213688028e-08,8.153523936016427e-07
2026-03-03 00:02:00+00:00,2.9364821685362585e-08,8.114777756418334e-07
2026-03-03 00:03:00+00:00,2.4518140406826205e-08,8.085081617537071e-07
2026-03-03 00:04:00+00:00,2.8645835925544816e-08,8.117868333101796e-07
2026-03-03 00:05:00+00:00,2.725002801184928e-08,8.112771752166736e-07
2026-03-03 00:06:00+00:00,2.6727310142860006e-08,8.054864224504854e-07
2026-03-03 00:07:00+00:00,2.981192182005543e-08,8.040601642278489e-07
2026-03-03 00:08:00+00:00,2.7218650444638115e-08,8.008715894902707e-07
2026-03-03 00:09:00+00:00,2.5480460408289218e-08,7.995584496711672e-07
2026-03-03 00:10:00+00:00,3.1228555741336095e-08,8.025889428608934e-07
2026-03-03 00:11:00+00:00,2.5071292597544925e-08,8.020984409995435e-07
2026-03-03 00:12:00+00:00,2.616904914987117e-08,8.020384143492265e-07
2026-03-03 00:13:00+00:00,2.9497096321051686e-08,8.025984925552621e-07
2026-03-03 00:14:00+00:00,2.580269864438378e-08,7.935502708278364e-07
2026-03-03 00:15:00+00:00,2.6261691488116412e-08,7.923401312837086e-07
2026-03-03 00:16:00+00:00,3.0950673135521356e-08,7.919885547380545e-07
2026-03-03 00:17:00+00:00,2.6942243991356918e-08,7.893150382187741e-07
2026-03-03 00:18:00+00:00,2.7540776770251796e-08,7.926758485155005e-07
2026-03-03 00:19:00+00:00,3.201999732027616e-08,8.082191698122188e-07
2026-03-03 00:20:00+00:00,2.9234209719675164e-08,8.380215490433329e-07
2026-03-03 00:21:00+00:00,4.127478447912836e-08,9.284503903472796e-07
2026-03-03 00:22:00+00:00,4.9494222054136117e-08,1.0489164878890733e-06
2026-03-03 00:23:00+00:00,6.596653179258283e-08,1.2224822967255022e-06
2026-03-03 00:24:00+00:00,8.845023558023968e-08,1.4170574331728858e-06
2026-03-03 00:25:00+00:00,1.0185137711005154e-07,1.6203628092625877e-06
2026-03-03 00:26:00+00:00,1.1821113332644018e-07,1.77914466803486e-06
2026-03-03 00:27:00+00:00,1.4582660412543191e-07,2.0101535938010784e-06
2026-03-03 00:28:00+00:00,1.9003424256425205e-07,2.402127620371175e-06
2026-03-03 00:29:00+00:00,2.531619145429431e-07,2.770024593701237e-06
2026-03-03 00:30:00+00:00,2.794857323351607e-07,2.998619265781599e-06
2026-03-03 00:31:00+00:00,2.4783759045021725e-07,2.949421968878596e-06
2026-03-03 00:32:00+00:00,2.0504367626017483e-07,2.723535999393789e-06
2026-03-03 00:33:00+00:00,1.6587701168191415e-07,2.4469165964546846e-06
2026-03-03 00:34:00+00:00,1.4732295028352382e-07,2.223313003923977e-06
2026-03-03 00:35:00+00:00,1.3592364211945096e-07,2.0692552880063886e-06
2026-03-03 00:36:00+00:00,1.2556247952488775e-07,1.968197921087267e-06
2026-03-03 00:37:00+00:00,1.283277555330642e-07,1.915057282531052e-06
2026-03-03 00:38:00+00:00,1.2529930870641692e-07,1.8890807496063644e-06
2026-03-03 00:39:00+00:00,1.2395237547480065e-07,1.911425442813197e-06
2026-03-03 00:40:00+00:00,1.3685733790680388e-07,2.0373472580104135e-06
2026-03-03 00:41:00+00:00,1.4254391089707497e-07,2.114041535605793e-06
2026-03-03 00:42:00+00:00,1.3346905802791298e-07,2.074134044960374e-06
2026-03-03 00:43:00+00:00,1.308738717398228e-07,2.021762838921859e-06
2026-03-03 00:44:00+00:00,1.2616807509857608e-07,1.9857943698298186e-06
2026-03-03 00:45:00+00:00,1.227682133730923e-07,1.9662186332425335e-06
2026-03-03 00:46:00+00:00,1.226964343459258e-07,1.954000026671565e-06
2026-03-03 00:47:00+00:00,1.1787705744836785e-07,1.945009898918215e-06
2026-03-03 00:48:00+00:00,1.1358692120211344e-07,1.93415235116845e-06
2026-03-03 00:49:00+00:00,1.0984668108449114e-07,1.920075874295435e-06
2026-03-03 00:50:00+00:00,1.0515469739402761e-07,1.90554931123188e-06
2026-03-03 00:51:00+00:00,1.0361382862811297e-07,1.89175250397966e-06
2026-03-03 00:52:00+00:00,1.0201461009273771e-07,1.8771975192066748e-06
2026-03-03 00:53:00+00:00,9.741866335843952e-08,1.864650698735204e-06
2026-03-03 00:54:00+00:00,9.27414589568798e-08,1.847774342422781e-06
2026-03-03 00:55:00+00:00,8.84273561041482e-08,1.8412292774883099e-06
2026-03-03 00:56:00+00:00,8.429730513626055e-08,1.8243262047690223e-06
2026-03-03 00:57:00+00:00,8.429999098780172e-08,1.8054007568935049e-06
2026-03-03 00:58:00+00:00,7.769301646476379e-08,1.7932013633981114e-06
2026-03-03 00:59:00+00:00,7.601200735507518e-08,1.7718962226354051e-06
2026-03-03 01:00:00+00:00,7.08483653966141e-08,1.7493545101388008e-06
2026-03-03 01:01:00+00:00,6.993910517394397e-08,1.7291663425567094e-06
2026-03-03 01:02:00+00:00,6.746627434495167e-08,1.7076597487175604e-06
2026-03-03 01:03:00+00:00,6.458581225388116e-08,1.6896128727239557e-06
2026-03-03 01:04:00+00:00,6.235715943603282e-08,1.6754785292505403e-06
2026-03-03 01:05:00+00:00,6.030719390537342e-08,1.654722268540354e-06
2026-03-03 01:06:00+00:00,5.956651705218974e-08,1.6320622080456815e-06
2026-03-03 01:07:00+00:00,5.720782425555626e-08,1.6114155414470588e-06
2026-03-03 01:08:00+00:00,5.437432548660581e-08,1.5852527894821833e-06
2026-03-03 01:09:00+00:00,5.371263256392922e-08,1.563675709803647e-06
2026-03-03 01:10:00+00:00,5.2259423455325305e-08,1.5394367665066966e-06
2026-03-03 01:11:00+00:00,5.054936025317147e-08,1.517609007350984e-06
2026-03-03 01:12:00+00:00,4.780567763873478e-08,1.4958596921132994e-06
2026-03-03 01:13:00+00:00,4.684601151438983e-08,1.474242139920534e-06
2026-03-03 01:14:00+00:00,4.651368712416115e-08,1.4544632449542405e-06
2026-03-03 01:15:00+00:00,4.567929323684439e-08,1.4472748262051027e-06
2026-03-03 01:16:00+00:00,4.434564004895947e-08,1.4320344234874938e-06
2026-03-03 01:17:00+00:00,4.410570042523432e-08,1.413279392181721e-06
2026-03-03 01:18:00+00:00,4.185835322800813e-08,1.3921974186814623e-06
2026-03-03 01:19:00+00:00,4.6816555965278894e-08,1.385961581945594e-06
2026-03-03 01:20:00+00:00,4.140065712476826e-08,1.3692805396203767e-06
2026-03-03 01:21:00+00:00,4.138563625133429e-08,1.3434732863970567e-06
2026-03-03 01:22:00+00:00,4.010165710610636e-08,1.3254764326120494e-06
2026-03-03 01:23:00+00:00,3.6290586535869807e-08,1.3184616136641125e-06
2026-03-03 01:24:00+00:00,3.985173435694378e-08,1.301292627431394e-06
2026-03-03 01:25:00+00:00,3.8655198153492165e-08,1.2923308077006368e-06
2026-03-03 01:26:00+00:00,3.9908471194394224e-08,1.2741644468405866e-06
2026-03-03 01:27:00+00:00,3.645321910994426e-08,1.2561874882521806e-06
2026-03-03 01:28:00+00:00,3.385411773138003e-08,1.2390976280585164e-06
2026-03-03 01:29:00+00:00,3.224483435815273e-08,1.2194277587695979e-06
2026-03-03 01:30:00+00:00,3.097851219990844e-08,1.2020275335089536e-06
2026-03-03 01:31:00+00:00,3.381860480544674e-08,1.1862347264468553e-06
2026-03-03 01:32:00+00:00,3.365917677911057e-08,1.1712853620338137e-06
2026-03-03 01:33:00+00:00,3.241006751864006e-08,1.158615646090766e-06
2026-03-03 01:34:00+00:00,2.959503220267834e-08,1.1511498314575874e-06
2026-03-03 01:35:00+00:00,3.183313523891229e-08,1.1469476248748833e-06
2026-03-03 01:36:00+00:00,3.233024870041845e-08,1.130392774939537e-06
2026-03-03 01:37:00+00:00,3.1649072695927316e-08,1.1223486353628687e-06
2026-03-03 01:38:00+00:00,2.9387399180791363e-08,1.1146233873660094e-06
2026-03-03 01:39:00+00:00,3.109674295842524e-08,1.1019014891644474e-06
2026-03-03 01:40:00+00:00,3.096232603638782e-08,1.0875486395889311e-06
2026-03-03 01:41:00+00:00,2.9197606110642482e-08,1.0746288126028958e-06
2026-03-03 01:42:00+00:00,2.76871361393205e-08,1.066620370693272e-06
2026-03-03 01:43:00+00:00,2.889573913478216e-08,1.0562291663518408e-06
2026-03-03 01:44:00+00:00,2.7115936163113474e-08,1.0478395324753365e-06
2026-03-03 01:45:00+00:00,2.9271228996208265e-08,1.040773099703074e-06
2026-03-03 01:46:00+00:00,2.9253968136799813e-08,1.0351866421842715e-06
2026-03-03 01:47:00+00:00,2.983955837976282e-08,1.0300956319042598e-06
2026-03-03 01:48:00+00:00,2.7434332139364415e-08,1.022119022309198e-06
2026-03-03 01:49:00+00:00,3.0222068403418234e-08,1.0157095857721288e-06
2026-03-03 01:50:00+00:00,3.0520762805963386e-08,1.0287252507623634e-06
2026-03-03 01:51:00+00:00,3.067714260396315e-08,1.0401348617961048e-06
2026-03-03 01:52:00+00:00,3.388592517694633e-08,1.0790248552439152e-06
2026-03-03 01:53:00+00:00,3.440403872900788e-08,1.1227192544538411e-06
2026-03-03 01:54:00+00:00,3.3078574546152595e-08,1.1079197292929166e-06
2026-03-03 01:55:00+00:00,3.1134280931155445e-08,1.0677747468434973e-06
2026-03-03 01:56:00+00:00,2.8539213658973495e-08,1.0322031585019431e-06
2026-03-03 01:57:00+00:00,2.6297458433077736e-08,1.0068879419122823e-06
2026-03-03 01:58:00+00:00,2.7530553836641047e-08,9.908432048177929e-07
2026-03-03 01:59:00+00:00,2.6749146897486753e-08,9.78474872681545e-07
2026-03-03 02:00:00+00:00,2.9265519785326433e-08,9.814007171371486e-07
2026-03-03 02:01:00+00:00,3.017690630713332e-08,9.97648385236971e-07
2026-03-03 02:02:00+00:00,3.2616526368656196e-08,1.019114165501378e-06
2026-03-03 02:03:00+00:00,3.4959750649932175e-08,1.0427764891574043e-06
2026-03-03 02:04:00+00:00,3.353097355329737e-08,1.0572923656582134e-06
2026-03-03 02:05:00+00:00,3.51180133861817e-08,1.0743340226326836e-06
2026-03-03 02:06:00+00:00,3.5644529106093614e-08,1.0942696917481953e-06
2026-03-03 02:07:00+00:00,4.118405172448547e-08,1.1365641512384173e-06
2026-03-03 02:08:00+00:00,4.263594988174191e-08,1.2040608226016047e-06
2026-03-03 02:09:00+00:00,4.449442414511395e-08,1.2477075870265253e-06
2026-03-03 02:10:00+00:00,4.472936865340671e-08,1.2562223901113612e-06
2026-03-03 02:11:00+00:00,4.3438198815692886e-08,1.2388451295919367e-06
2026-03-03 02:12:00+00:00,4.1606778466984906e-08,1.2117312735426822e-06
2026-03-03 02:13:00+00:00,3.981163487765116e-08,1.1845734206872294e-06
2026-03-03 02:14:00+00:00,3.5031511913530267e-08,1.1492668363644043e-06
2026-03-03 02:15:00+00:00,3.3716816005835426e-08,1.1165459454787197e-06
2026-03-03 02:16:00+00:00,3.393384417904599e-08,1.0877572549361503e-06
2026-03-03 02:17:00+00:00,3.186113062270124e-08,1.0635415037540952e-06
2026-03-03 02:18:00+00:00,3.049337493621351e-08,1.037640799950168e-06
2026-03-03 02:19:00+00:00,2.795728271109965e-08,1.016379201246309e-06
2026-03-03 02:20:00+00:00,2.848697633339725e-08,9.953791959560476e-07
2026-03-03 02:21:00+00:00,2.707797897016917e-08,9.789689556782832e-07
2026-03-03 02:22:00+00:00,2.7732641072475417e-08,9.659614761403645e-07
2026-03-03 02:23:00+00:00,2.771275653401517e-08,9.471359589952044e-07
2026-03-03 02:24:00+00:00,2.612089211595503e-08,9.310076052315708e-07
2026-03-03 02:25:00+00:00,2.535934306990839e-08,9.193764753945288e-07
2026-03-03 02:26:00+00:00,2.4136740606195417e-08,9.087390253625927e-07
2026-03-03 02:27:00+00:00,2.538697962961578e-08,9.004795629152795e-07
2026-03-03 02:28:00+00:00,2.5428548156014585e-08,8.95835682968027e-07
2026-03-03 02:29:00+00:00,2.582766711611839e-08,8.868029226505314e-07
2026-03-03 02:30:00+00:00,2.5578950513249765e-08,8.820200037007453e-07
2026-03-03 02:31:00+00:00,2.5227498312574426e-08,8.755865223974979e-07
2026-03-03 02:32:00+00:00,2.4099584550185682e-08,8.692370556673268e-07
2026-03-03 02:33:00+00:00,2.296289736136714e-08,8.628173873148626e-07
2026-03-03 02:34:00+00:00,2.6876564973576933e-08,8.55762834817142e-07
2026-03-03 02:35:00+00:00,2.706559598664171e-08,8.518102845300746e-07
2026-03-03 02:36:00+00:00,2.6446324241646835e-08,8.478110657961224e-07
2026-03-03 02:37:00+00:00,2.6610843306684728e-08,8.434944902546704e-07
2026-03-03 02:38:00+00:00,2.4891390282277825e-08,8.377090807698551e-07
2026-03-03 02:39:00+00:00,2.5594935948447528e-08,8.328667036039406e-07
2026-03-03 02:40:00+00:00,2.5217131494059686e-08,8.293760060951172e-07
2026-03-03 02:41:00+00:00,2.4822567112892102e-08,8.277040137727454e-07
2026-03-03 02:42:00+00:00,2.487955619301374e-08,8.263243103101559e-07
2026-03-03 02:43:00+00:00,2.3970430973463408e-08,8.250947303167777e-07
2026-03-03 02:44:00+00:00,2.315704605848623e-08,8.244184641625907e-07
2026-03-03 02:45:00+00:00,2.3389954861841034e-08,8.247772598224401e-07
2026-03-03 02:46:00+00:00,2.2381172470886668e-08,8.20976083559799e-07
2026-03-03 02:47:00+00:00,2.4599570380701152e-08,8.210747068915225e-07
2026-03-03 02:48:00+00:00,2.1152940732349634e-08,8.172876846401778e-07
2026-03-03 02:49:00+00:00,2.249140962362617e-08,8.152653094839479e-07
2026-03-03 02:50:00+00:00,2.322401648768846e-08,8.154567012752523e-07
2026-03-03 02:51:00+00:00,2.2279799338775774e-08,8.14307611562981e-07
2026-03-03 02:52:00+00:00,2.3443973873327195e-08,8.119839094433701e-07
2026-03-03 02:53:00+00:00,2.441482038761933e-08,8.119974950204778e-07
2026-03-03 02:54:00+00:00,2.5686253124490577e-08,8.105415076897771e-07
2026-03-03 02:55:00+00:00,2.527004561159174e-08,8.110490625767852e-07
2026-03-03 02:56:00+00:00,2.318737557516215e-08,8.092064263109933e-07
2026-03-03 02:57:00+00:00,2.1128885308030476e-08,8.081225360001554e-07
2026-03-03 02:58:00+00:00,2.094355266990533e-08,8.091121230791032e-07
2026-03-03 02:59:00+00:00,2.2704028879161342e-08,8.114527076941158e-07
2026-03-03 03:00:00+00:00,2.0239895093254745e-08,8.1111369354403e-07
2026-03-03 03:01:00+00:00,2.1419856111037916e-08,8.104764788186003e-07
2026-03-03 03:02:00+00:00,2.1806654260103642e-08,8.107977578220016e-07
2026-03-03 03:03:00+00:00,2.4083073313363457e-08,8.124079613480717e-07
2026-03-03 03:04:00+00:00,2.387704256534562e-08,8.155956834343669e-07
2026-03-03 03:05:00+00:00,2.712651969716262e-08,8.431889568782935e-07
2026-03-03 03:06:00+00:00,3.080710797576103e-08,8.968355587057886e-07
2026-03-03 03:07:00+00:00,3.596414543949322e-08,9.521195352135692e-07
2026-03-03 03:08:00+00:00,3.902603040728536e-08,1.0015103271143744e-06
2026-03-03 03:09:00+00:00,3.782145086006494e-08,1.0084490895678755e-06
2026-03-03 03:10:00+00:00,3.388619518318592e-08,1.002203930511314e-06
2026-03-03 03:11:00+00:00,3.1363580177412587e-08,9.980860795621993e-07
2026-03-03 03:12:00+00:00,2.994244496790088e-08,9.838195182965137e-07
2026-03-03 03:13:00+00:00,2.9836847659225896e-08,9.708494417282054e-07
2026-03-03 03:14:00+00:00,2.9230569964511233e-08,9.517423222860089e-07
2026-03-03 03:15:00+00:00,2.879133376154641e-08,9.298759664488898e-07
2026-03-03 03:16:00+00:00,2.5139083703606957e-08,9.120432764575526e-07
2026-03-03 03:17:00+00:00,2.4813019194880326e-08,9.006360528474033e-07
2026-03-03 03:18:00+00:00,2.5223204858093595e-08,8.893724157132965e-07
2026-03-03 03:19:00+00:00,2.555675138182778e-08,8.736914764995163e-07
2026-03-03 03:20:00+00:00,2.4539410503621184e-08,8.657643206788634e-07
2026-03-03 03:21:00+00:00,2.5788741808696614e-08,8.584340775996679e-07
2026-03-03 03:22:00+00:00,2.2572878677351582e-08,8.549114340894448e-07
2026-03-03 03:23:00+00:00,2.3949619176732995e-08,8.523302881258132e-07
2026-03-03 03:24:00+00:00,2.4353527194875824e-08,8.524474992555042e-07
2026-03-03 03:25:00+00:00,2.046092539842448e-08,8.535285473953991e-07
2026-03-03 03:26:00+00:00,2.2964165680150472e-08,8.549181984562892e-07
2026-03-03 03:27:00+00:00,2.253370467997229e-08,8.581536690144276e-07
2026-03-03 03:28:00+00:00,2.3419804762170315e-08,8.614734952061553e-07
2026-03-03 03:29:00+00:00,2.1568396846305404e-08,8.623181315670081e-07
2026-03-03 03:30:00+00:00,2.2427562029747605e-08,8.593495408604213e-07
2026-03-03 03:31:00+00:00,2.313637637030297e-08,8.609310384599667e-07
2026-03-03 03:32:00+00:00,2.341697324936831e-08,8.619372238172218e-07
2026-03-03 03:33:00+00:00,2.4726620750925576e-08,8.603242918070464e-07
2026-03-03 03:34:00+00:00,2.5805446668414334e-08,8.655095484755293e-07
2026-03-03 03:35:00+00:00,2.596992487724492e-08,8.689929700267385e-07
2026-03-03 03:36:00+00:00,2.2356299922421385e-08,8.704961373950937e-07
2026-03-03 03:37:00+00:00,2.2456177362073504e-08,8.699053637428733e-07
2026-03-03 03:38:00+00:00,2.191014303321026e-08,8.729415981179045e-07
2026-03-03 03:39:00+00:00,2.055735492945132e-08,8.745209925109521e-07
2026-03-03 03:40:00+00:00,2.466598481021265e-08,8.730896752240369e-07
2026-03-03 03:41:00+00:00,2.3105851454374715e-08,8.750197366680368e-07
2026-03-03 03:42:00+00:00,2.379266028640359e-08,8.780429539001489e-07
2026-03-03 03:43:00+00:00,2.1859955623426686e-08,8.756014153732394e-07
2026-03-03 03:44:00+00:00,2.236099483354792e-08,8.688775210430322e-07
2026-03-03 03:45:00+00:00,2.1087426915755714e-08,8.709645840099256e-07
2026-03-03 03:46:00+00:00,2.208394889180454e-08,8.678648555360269e-07
2026-03-03 03:47:00+00:00,2.1116710158253227e-08,8.651436473883223e-07
2026-03-03 03:48:00+00:00,1.955773853978826e-08,8.637790074317309e-07
2026-03-03 03:49:00+00:00,1.959976536625163e-08,8.676684046804439e-07
2026-03-03 03:50:00+00:00,1.9209410950793426e-08,8.743526223042863e-07
2026-03-03 03:51:00+00:00,1.931807069865954e-08,8.691408197591954e-07
2026-03-03 03:52:00+00:00,1.9081848989799255e-08,8.618741844657052e-07
2026-03-03 03:53:00+00:00,1.706432684045467e-08,8.556164630135754e-07
2026-03-03 03:54:00+00:00,1.7668519092239876e-08,8.490263212479476e-07
2026-03-03 03:55:00+00:00,1.6940857605618476e-08,8.438831287094217e-07
2026-03-03 03:56:00+00:00,1.5743594872219546e-08,8.398905606554763e-07
2026-03-03 03:57:00+00:00,1.4947909576790153e-08,8.346031563633005e-07
2026-03-03 03:58:00+00:00,1.4152020000324228e-08,8.302199034915247e-07
2026-03-03 03:59:00+00:00,1.5914382700543683e-08,8.248109111264057e-07
2026-03-03 04:00:00+00:00,1.3044415325680347e-08,8.226947443290555e-07
2026-03-03 04:01:00+00:00,1.4471786435876766e-08,8.238848749897443e-07
2026-03-03 04:02:00+00:00,1.5598162761421008e-08,8.2328631378914e-07
2026-03-03 04:03:00+00:00,1.5885449400343532e-08,8.175638868124224e-07
2026-03-03 04:04:00+00:00,1.567599916540985e-08,8.205711310438346e-07
2026-03-03 04:05:00+00:00,1.701894625227851e-08,8.213918931687658e-07
2026-03-03 04:06:00+00:00,1.5795938779206153e-08,8.179501946870005e-07
2026-03-03 04:07:00+00:00,1.6365047983413206e-08,8.130703008646378e-07
2026-03-03 04:08:00+00:00,1.9725895583633246e-08,8.116488174891856e-07
2026-03-03 04:09:00+00:00,1.7015997499925106e-08,8.117114589367702e-07
2026-03-03 04:10:00+00:00,1.931502247032313e-08,8.10660367278615e-07
2026-03-03 04:11:00+00:00,1.9307444532046247e-08,8.077956294982869e-07
2026-03-03 04:12:00+00:00,1.875312527488404e-08,8.038425676204497e-07
2026-03-03 04:13:00+00:00,1.6930407298332284e-08,8.011595582502196e-07
2026-03-03 04:14:00+00:00,1.752281697520175e-08,8.039294812078879e-07
2026-03-03 04:15:00+00:00,1.7805705354589918e-08,8.077139455053839e-07
2026-03-03 04:16:00+00:00,2.0069171213776826e-08,8.15873761439434e-07
2026-03-03 04:17:00+00:00,1.9816704721620226e-08,8.18933358459617e-07
2026-03-03 04:18:00+00:00,1.666329296767799e-08,8.133986852953967e-07
2026-03-03 04:19:00+00:00,1.631021007142408e-08,8.08200695701089e-07
2026-03-03 04:20:00+00:00,1.7466700086288256e-08,8.067160024438635e-07
2026-03-03 04:21:00+00:00,1.592251130944078e-08,8.100652735265612e-07
2026-03-03 04:22:00+00:00,1.7040319377770174e-08,8.266420650215878e-07
2026-03-03 04:23:00+00:00,1.561924456439101e-08,8.529678439117561e-07
2026-03-03 04:24:00+00:00,2.02292440576457e-08,8.916767342270759e-07
2026-03-03 04:25:00+00:00,2.071078597509768e-08,8.929278010327835e-07
2026-03-03 04:26:00+00:00,1.6291691551373333e-08,8.700581588527712e-07
2026-03-03 04:27:00+00:00,1.5656610230507795e-08,8.659226864438097e-07
2026-03-03 04:28:00+00:00,1.5770263317449462e-08,8.672078024574148e-07
2026-03-03 04:29:00+00:00,1.5488760496396026e-08,8.636185384602868e-07
2026-03-03 04:30:00+00:00,1.753105216550921e-08,8.547211223230988e-07
2026-03-03 04:31:00+00:00,1.6398518098981185e-08,8.484190061608388e-07
2026-03-03 04:32:00+00:00,1.600810861646096e-08,8.442596026725369e-07
2026-03-03 04:33:00+00:00,1.6394460899959995e-08,8.440667329523421e-07
2026-03-03 04:34:00+00:00,1.6864587948361986e-08,8.413290402131679e-07
2026-03-03 04:35:00+00:00,1.5911858497474896e-08,8.367164241462888e-07
2026-03-03 04:36:00+00:00,1.6273821401568966e-08,8.341419857060828e-07
2026-03-03 04:37:00+00:00,1.4877555187808866e-08,8.29022837933735e-07
2026-03-03 04:38:00+00:00,1.370551938606468e-08,8.260782919933263e-07
2026-03-03 04:39:00+00:00,1.2556284012532615e-08,8.266001145784685e-07
2026-03-03 04:40:00+00:00,1.1512862663209944e-08,8.244930427281361e-07
2026-03-03 04:41:00+00:00,1.1707390612514246e-08,8.22195090677269e-07
2026-03-03 04:42:00+00:00,1.2740231980501449e-08,8.202580374927493e-07
2026-03-03 04:43:00+00:00,1.1421269263678369e-08,8.152463806254673e-07
2026-03-03 04:44:00+00:00,1.2932580339963806e-08,8.123494694700639e-07
2026-03-03 04:45:00+00:00,1.2462500365018059e-08,8.1015315345212e-07
2026-03-03 04:46:00+00:00,1.103617019992953e-08,8.06693776667089e-07
2026-03-03 04:47:00+00:00,1.1668126020936143e-08,8.049970006140938e-07
2026-03-03 04:48:00+00:00,1.2212154842927703e-08,8.054459499362565e-07
2026-03-03 04:49:00+00:00,1.2027379980850128e-08,8.035570999709307e-07
2026-03-03 04:50:00+00:00,1.1818055867252042e-08,8.042592298806994e-07
2026-03-03 04:51:00+00:00,1.0862627242147482e-08,8.015238108782796e-07
2026-03-03 04:52:00+00:00,9.131374767434863e-09,8.016733659133024e-07
2026-03-03 04:53:00+00:00,9.811086165711913e-09,7.993431836439413e-07
2026-03-03 04:54:00+00:00,9.093733766007972e-09,7.994003681233153e-07
2026-03-03 04:55:00+00:00,9.792293198529478e-09,8.046634434322186e-07
2026-03-03 04:56:00+00:00,1.1151741752257749e-08,8.097624117908708e-07
2026-03-03 04:57:00+00:00,9.827256342020974e-09,8.201196806112421e-07
2026-03-03 04:58:00+00:00,1.1706701386060558e-08,8.249896268353041e-07
2026-03-03 04:59:00+00:00,1.0422810170496177e-08,8.239496764872456e-07
2026-03-03 05:00:00+00:00,9.404914180777268e-09,8.232194659285597e-07
2026-03-03 05:01:00+00:00,9.679639312309973e-09,8.244659284173395e-07
2026-03-03 05:02:00+00:00,8.541049645316434e-09,8.196810199478932e-07
2026-03-03 05:03:00+00:00,9.986983684484585e-09,8.162419931068143e-07
2026-03-03 05:04:00+00:00,1.1026004997916061e-08,8.110371823022433e-07
2026-03-03 05:05:00+00:00,9.298621428399656e-09,8.089639322861331e-07
2026-03-03 05:06:00+00:00,9.452257643260964e-09,8.049212283367524e-07
2026-03-03 05:07:00+00:00,9.451880167432591e-09,8.027486728678923e-07
2026-03-03 05:08:00+00:00,6.5287508732581045e-09,8.028002866922179e-07
2026-03-03 05:09:00+00:00,6.490144421888999e-09,8.011271575014689e-07
2026-03-03 05:10:00+00:00,7.496884890656474e-09,7.97209906977514e-07
2026-03-03 05:11:00+00:00,7.398156753879448e-09,7.947114113449061e-07
2026-03-03 05:12:00+00:00,6.403455543591008e-09,7.93919184616243e-07
2026-03-03 05:13:00+00:00,5.920927748093163e-09,7.903071264081518e-07
2026-03-03 05:14:00+00:00,5.180456952302848e-09,7.877590633142972e-07
2026-03-03 05:15:00+00:00,7.327987994187879e-09,7.902408469817601e-07
2026-03-03 05:16:00+00:00,5.84019810290215e-09,7.993573944986565e-07
2026-03-03 05:17:00+00:00,6.0677303181932984e-09,8.0320535289502e-07
2026-03-03 05:18:00+00:00,5.097582800317468e-09,8.059130323090358e-07
2026-03-03 05:19:00+00:00,4.760108751611369e-09,8.082679414656013e-07
2026-03-03 05:20:00+00:00,5.2923878612887165e-09,8.0250379141944e-07
2026-03-03 05:21:00+00:00,6.214774028734382e-09,8.004115557014302e-07
2026-03-03 05:22:00+00:00,6.479257130820315e-09,7.968732802510203e-07
2026-03-03 05:23:00+00:00,5.422613025274359e-09,7.958163337207225e-07
2026-03-03 05:24:00+00:00,5.324511498372431e-09,7.924140845716465e-07
2026-03-03 05:25:00+00:00,4.474861370340477e-09,7.931190566523583e-07
2026-03-03 05:26:00+00:00,4.296360156530454e-09,7.914676984910329e-07
2026-03-03 05:27:00+00:00,5.0236725890329126e-09,7.969225634951727e-07
2026-03-03 05:28:00+00:00,5.669509750561019e-09,7.97766119831067e-07
2026-03-03 05:29:00+00:00,5.029615834928336e-09,7.990096833054849e-07
2026-03-03 05:30:00+00:00,4.6914325757541064e-09,7.990255426193471e-07
2026-03-03 05:31:00+00:00,4.163692945979847e-09,8.011430168153311e-07
2026-03-03 05:32:00+00:00,5.35493205333637e-09,8.049385087360861e-07
2026-03-03 05:33:00+00:00,4.685880572452561e-09,8.052377324929694e-07
2026-03-03 05:34:00+00:00,5.830588900579414e-09,8.055865237110993e-07
2026-03-03 05:35:00+00:00,5.992252916087182e-09,8.038626901907264e-07
2026-03-03 05:36:00+00:00,6.696327048416606e-09,8.062973506639537e-07
2026-03-03 05:37:00+00:00,6.305072908219245e-09,8.076271456047834e-07
2026-03-03 05:38:00+00:00,6.6352141558922995e-09,8.096653800748754e-07
2026-03-03 05:39:00+00:00,7.2369217285483955e-09,8.115153491417004e-07
2026-03-03 05:40:00+00:00,6.270237662420186e-09,8.147777066369599e-07
2026-03-03 05:41:00+00:00,6.689174547602761e-09,8.208098165596311e-07
2026-03-03 05:42:00+00:00,7.817444469537804e-09,8.332004881594912e-07
2026-03-03 05:43:00+00:00,7.896098885851188e-09,8.517147307429696e-07
2026-03-03 05:44:00+00:00,1.0398736982608625e-08,8.902565014068387e-07
2026-03-03 05:45:00+00:00,1.5757102289626346e-08,9.389318620378617e-07
2026-03-03 05:46:00+00:00,1.6460722562783303e-08,9.546871524435119e-07
2026-03-03 05:47:00+00:00,1.5534572739284158e-08,9.611148925614543e-07
2026-03-03 05:48:00+00:00,1.584197484305605e-08,9.596567451808369e-07
2026-03-03 05:49:00+00:00,1.344490563326417e-08,9.452376161789289e-07
2026-03-03 05:50:00+00:00,1.2597117127199908e-08,9.237662652594736e-07
2026-03-03 05:51:00+00:00,1.0415559970056165e-08,9.07272806216497e-07
2026-03-03 05:52:00+00:00,1.1088375551082663e-08,8.93646756594535e-07
2026-03-03 05:53:00+00:00,1.1087933238229652e-08,8.826053772281739e-07
2026-03-03 05:54:00+00:00,1.082741718505531e-08,8.749790367801324e-07
2026-03-03 05:55:00+00:00,9.994230332210918e-09,8.670610895933351e-07
2026-03-03 05:56:00+00:00,8.931689166047363e-09,8.573410354983935e-07
2026-03-03 05:57:00+00:00,9.565000347322439e-09,8.45772206048423e-07
2026-03-03 05:58:00+00:00,6.463601209816261e-09,8.360471497326216e-07
2026-03-03 05:59:00+00:00,7.63195640018921e-09,8.271890692412853e-07
2026-03-03 06:00:00+00:00,7.160801285266416e-09,8.217944582611381e-07
2026-03-03 06:01:00+00:00,6.855282563833498e-09,8.161977120835218e-07
2026-03-03 06:02:00+00:00,7.959706671556432e-09,8.090769370028283e-07
2026-03-03 06:03:00+00:00,6.591464263294711e-09,8.118822734104469e-07
2026-03-03 06:04:00+00:00,8.17252043816552e-09,8.255493639808265e-07
2026-03-03 06:05:00+00:00,7.532181101055357e-09,8.281407986032718e-07
2026-03-03 06:06:00+00:00,9.299042424970594e-09,8.293359883282392e-07
2026-03-03 06:07:00+00:00,1.0039467923661505e-08,8.297200793094817e-07
2026-03-03 06:08:00+00:00,8.267959650254397e-09,8.260467438958585e-07
2026-03-03 06:09:00+00:00,7.035254601106544e-09,8.228095680351544e-07
2026-03-03 06:10:00+00:00,6.724755419185158e-09,8.26834707368107e-07
2026-03-03 06:11:00+00:00,6.913767336413912e-09,8.283280408249993e-07
2026-03-03 06:12:00+00:00,6.410199038242581e-09,8.298214311253105e-07
2026-03-03 06:13:00+00:00,5.295307303754271e-09,8.287852324428968e-07
2026-03-03 06:14:00+00:00,6.033153088225163e-09,8.280316592390591e-07
2026-03-03 06:15:00+00:00,7.1053145589417e-09,8.25375991553301e-07
2026-03-03 06:16:00+00:00,7.891420850114628e-09,8.229164336626127e-07
2026-03-03 06:17:00+00:00,7.94834242867637e-09,8.219075198212522e-07
2026-03-03 06:18:00+00:00,8.037832621710095e-09,8.195784744202683e-07
2026-03-03 06:19:00+00:00,5.759924537329653e-09,8.165063150045171e-07
2026-03-03 06:20:00+00:00,6.186147594178237e-09,8.148803658514225e-07
2026-03-03 06:21:00+00:00,6.822443943121925e-09,8.161701998687931e-07
2026-03-03 06:22:00+00:00,6.279292197319819e-09,8.162283506862877e-07
2026-03-03 06:23:00+00:00,5.204213948672987e-09,8.161113669302722e-07
2026-03-03 06:24:00+00:00,6.282084630271356e-09,8.152700274877134e-07
2026-03-03 06:25:00+00:00,5.979120754062706e-09,8.168601084435068e-07
2026-03-03 06:26:00+00:00,5.9394502649467995e-09,8.18149658243783e-07
2026-03-03 06:27:00+00:00,6.814212749617354e-09,8.186086120076652e-07
2026-03-03 06:28:00+00:00,6.8021783761196275e-09,8.253746273112483e-07
2026-03-03 06:29:00+00:00,4.803844433354243e-09,8.320680535689462e-07
2026-03-03 06:30:00+00:00,4.888673466041382e-09,8.326896363541891e-07
2026-03-03 06:31:00+00:00,4.986782098370668e-09,8.310715884363162e-07
2026-03-03 06:32:00+00:00,6.329103907631861e-09,8.327352816195344e-07
2026-03-03 06:33:00+00:00,7.490409181798441e-09,8.328233320753498e-07
2026-03-03 06:34:00+00:00,6.829866006086149e-09,8.369268016394926e-07
2026-03-03 06:35:00+00:00,6.224091908535456e-09,8.274437277577817e-07
2026-03-03 06:36:00+00:00,6.006894981425148e-09,8.228289516409859e-07
2026-03-03 06:37:00+00:00,7.3513906073685575e-09,8.150971098075388e-07
2026-03-03 06:38:00+00:00,6.659264695230149e-09,8.110068279165716e-07
2026-03-03 06:39:00+00:00,5.870133712448933e-09,8.055385478655808e-07
2026-03-03 06:40:00+00:00,6.439830446680617e-09,7.986789114511339e-07
2026-03-03 06:41:00+00:00,4.561817590342798e-09,7.990649919520365e-07
2026-03-03 06:42:00+00:00,5.9666094287536e-09,7.989107757566671e-07
2026-03-03 06:43:00+00:00,7.670664103898162e-09,8.023718010008452e-07
2026-03-03 06:44:00+00:00,9.037514736576213e-09,8.050710675888695e-07
2026-03-03 06:45:00+00:00,8.563500131231194e-09,8.050587894103955e-07
2026-03-03 06:46:00+00:00,5.867467844922203e-09,8.021833082239027e-07
2026-03-03 06:47:00+00:00,6.518387163367834e-09,7.965603572301916e-07
2026-03-03 06:48:00+00:00,6.910844341234679e-09,7.930183301141369e-07
2026-03-03 06:49:00+00:00,6.099107441315255e-09,7.872470746406179e-07
2026-03-03 06:50:00+00:00,6.445681322020391e-09,7.850571250855864e-07
2026-03-03 06:51:00+00:00,5.975497874288749e-09,7.84229939654324e-07
2026-03-03 06:52:00+00:00,5.750570686302581e-09,7.851176633266732e-07
2026-03-03 06:53:00+00:00,4.614351123422011e-09,7.82845916091901e-07
2026-03-03 06:54:00+00:00,4.973616629655453e-09,7.839275895094033e-07
2026-03-03 06:55:00+00:00,5.563684624121379e-09,7.838338547117019e-07
2026-03-03 06:56:00+00:00,4.897224403777045e-09,7.829834203221253e-07
2026-03-03 06:57:00+00:00,4.881536508349882e-09,7.764543852317729e-07
2026-03-03 06:58:00+00:00,3.664736070163599e-09,7.748894859105349e-07
2026-03-03 06:59:00+00:00,4.451732760202276e-09,7.731734967819648e-07
2026-03-03 07:00:00+00:00,3.0969895536969716e-09,7.763005100969167e-07
2026-03-03 07:01:00+00:00,3.530143732888291e-09,7.858643016334099e-07
2026-03-03 07:02:00+00:00,5.8743463426935705e-09,7.953158842610719e-07
2026-03-03 07:03:00+00:00,6.149594167226269e-09,8.041558317017916e-07
2026-03-03 07:04:00+00:00,5.639838374094097e-09,8.074408128777577e-07
2026-03-03 07:05:00+00:00,5.406789238548981e-09,8.11285588042665e-07
2026-03-03 07:06:00+00:00,6.788360540355143e-09,8.124329156089516e-07
2026-03-03 07:07:00+00:00,6.8506484929287126e-09,8.203670063267055e-07
2026-03-03 07:08:00+00:00,7.1953256686185796e-09,8.249329539466999e-07
2026-03-03 07:09:00+00:00,8.527385020329348e-09,8.301277034661325e-07
2026-03-03 07:10:00+00:00,6.857486578581984e-09,8.311766919177899e-07
2026-03-03 07:11:00+00:00,6.626792004027493e-09,8.271337037513149e-07
2026-03-03 07:12:00+00:00,5.486321175141029e-09,8.205743711187097e-07
2026-03-03 07:13:00+00:00,7.2299202180658995e-09,8.131864888127893e-07
2026-03-03 07:14:00+00:00,5.238456335376895e-09,8.100819854917063e-07
2026-03-03 07:15:00+00:00,3.965978212505661e-09,8.067664793998119e-07
2026-03-03 07:16:00+00:00,5.629545274388192e-09,8.007430096768076e-07
2026-03-03 07:17:00+00:00,4.378342133293245e-09,7.974276741151698e-07
2026-03-03 07:18:00+00:00,4.019800492471859e-09,7.95192534042144e-07
2026-03-03 07:19:00+00:00,3.975286766433328e-09,7.931854497655877e-07
2026-03-03 07:20:00+00:00,3.935569647950388e-09,7.977077984833159e-07
2026-03-03 07:21:00+00:00,5.040278860946046e-09,8.019993060770503e-07
2026-03-03 07:22:00+00:00,4.848994095141279e-09,8.01842190867319e-07
2026-03-03 07:23:00+00:00,6.238523475587954e-09,8.005375775610446e-07
2026-03-03 07:24:00+00:00,4.306596856906708e-09,7.949619771352445e-07
2026-03-03 07:25:00+00:00,3.5926726038582046e-09,7.91764136920392e-07
2026-03-03 07:26:00+00:00,4.8645780736933375e-09,7.900492278167803e-07
2026-03-03 07:27:00+00:00,3.445251861577958e-09,7.887438755460607e-07
2026-03-03 07:28:00+00:00,4.749604265441576e-09,7.89683042512479e-07
2026-03-03 07:29:00+00:00,3.970071382752849e-09,7.918389428596129e-07
2026-03-03 07:30:00+00:00,4.405231734949666e-09,7.93596143466857e-07
2026-03-03 07:31:00+00:00,5.825411264481772e-09,7.969925377437903e-07
2026-03-03 07:32:00+00:00,4.58535787117853e-09,8.024363182812522e-07
2026-03-03 07:33:00+00:00,4.807590325839328e-09,8.123479346977547e-07
2026-03-03 07:34:00+00:00,4.989852531167571e-09,8.106878226499248e-07
2026-03-03 07:35:00+00:00,4.805488895698318e-09,8.081024702732975e-07
2026-03-03 07:36:00+00:00,4.768218708761651e-09,8.100590207504865e-07
2026-03-03 07:37:00+00:00,5.7520463947469125e-09,8.094731356322882e-07
2026-03-03 07:38:00+00:00,4.882012127893631e-09,8.122043482217123e-07
2026-03-03 07:39:00+00:00,5.086575605162125e-09,8.16503074929642e-07
2026-03-03 07:40:00+00:00,5.30206367699293e-09,8.205271342376363e-07
2026-03-03 07:41:00+00:00,4.339263615094069e-09,8.221227290050592e-07
2026-03-03 07:42:00+00:00,5.397645885807378e-09,8.247317282439326e-07
2026-03-03 07:43:00+00:00,4.885877036286956e-09,8.245827416430984e-07
2026-03-03 07:44:00+00:00,5.0555981623290336e-09,8.256584465016203e-07
2026-03-03 07:45:00+00:00,5.398303581927166e-09,8.267678026641079e-07
2026-03-03 07:46:00+00:00,5.598372876391977e-09,8.299378464471374e-07
2026-03-03 07:47:00+00:00,7.685080127828314e-09,8.412532679358264e-07
2026-03-03 07:48:00+00:00,9.206687856533335e-09,8.516164484717592e-07
2026-03-03 07:49:00+00:00,1.0281680395962667e-08,8.53394624300563e-07
2026-03-03 07:50:00+00:00,8.59766036143128e-09,8.47190108288487e-07
2026-03-03 07:51:00+00:00,7.396003365300885e-09,8.416108698838798e-07
2026-03-03 07:52:00+00:00,7.780911914778699e-09,8.343744752892235e-07
2026-03-03 07:53:00+00:00,7.87962672887943e-09,8.26480231808091e-07
2026-03-03 07:54:00+00:00,5.5045914493234704e-09,8.19309491362219e-07
2026-03-03 07:55:00+00:00,5.190702978552508e-09,8.138858333950338e-07
2026-03-03 07:56:00+00:00,2.0994688210151935e-09,8.074160859905533e-07
2026-03-03 07:57:00+00:00,2.016335098886657e-09,8.005281415535137e-07
2026-03-03 07:58:00+00:00,3.258123770777388e-09,7.955455885166884e-07
2026-03-03 07:59:00+00:00,3.642945944903886e-09,7.994219686224824e-07
2026-03-03 08:00:00+00:00,2.4914617036131403e-09,8.067058274718875e-07
2026-03-03 08:01:00+00:00,3.979021112598957e-09,8.08783852335182e-07
2026-03-03 08:02:00+00:00,3.5301985779057077e-09,8.056579190451885e-07
2026-03-03 08:03:00+00:00,3.3856946135557564e-09,7.981406611179409e-07
2026-03-03 08:04:00+00:00,2.0036128312028723e-09,7.912830142231542e-07
2026-03-03 08:05:00+00:00,2.174860291859204e-09,7.862329880481411e-07
2026-03-03 08:06:00+00:00,1.468828170203551e-09,7.780678856761369e-07
2026-03-03 08:07:00+00:00,1.087443801672805e-09,7.74925354107836e-07
2026-03-03 08:08:00+00:00,1.134368265987007e-09,7.690613301747362e-07
2026-03-03 08:09:00+00:00,2.2193251680846515e-09,7.624295790265023e-07
2026-03-03 08:10:00+00:00,1.1659849752376772e-09,7.577932024105394e-07
2026-03-03 08:11:00+00:00,1.293003371038992e-09,7.545793323515682e-07
2026-03-03 08:12:00+00:00,9.999999717180685e-10,7.516132427554112e-07
2026-03-03 08:13:00+00:00,1.294517049110766e-09,7.47061903894064e-07
2026-03-03 08:14:00+00:00,1.4890507715747958e-09,7.45836359783425e-07
2026-03-03 08:15:00+00:00,1.1304295277625442e-09,7.487184916499245e-07
2026-03-03 08:16:00+00:00,2.2507347097189268e-09,7.652529347978998e-07
2026-03-03 08:17:00+00:00,9.999999717180685e-10,7.832776987015677e-07
2026-03-03 08:18:00+00:00,3.3325089354718784e-09,7.983116461218742e-07
2026-03-03 08:19:00+00:00,3.259912784159269e-09,8.00001203060674e-07
2026-03-03 08:20:00+00:00,2.5321711394354907e-09,7.875112260080641e-07
2026-03-03 08:21:00+00:00,3.1659257437866017e-09,7.749210908514215e-07
2026-03-03 08:22:00+00:00,1.1307348390943162e-09,7.633314567101479e-07
2026-03-03 08:23:00+00:00,1.3591020531222853e-09,7.535543886660889e-07
2026-03-03 08:24:00+00:00,9.999999717180685e-10,7.483742479053035e-07
2026-03-03 08:25:00+00:00,9.999999717180685e-10,7.41576513973996e-07
2026-03-03 08:26:00+00:00,9.999999717180685e-10,7.365125611613621e-07
2026-03-03 08:27:00+00:00,9.999999717180685e-10,7.36780521037872e-07
2026-03-03 08:28:00+00:00,9.999999717180685e-10,7.363680083471991e-07
2026-03-03 08:29:00+00:00,9.999999717180685e-10,7.406293320855184e-07
2026-03-03 08:30:00+00:00,9.999999717180685e-10,7.443844083354634e-07
2026-03-03 08:31:00+00:00,9.999999717180685e-10,7.441920502060384e-07
2026-03-03 08:32:00+00:00,9.999999717180685e-10,7.411329647766252e-07
2026-03-03 08:33:00+00:00,2.449288993844334e-09,7.368494721049501e-07
2026-03-03 08:34:00+00:00,9.999999717180685e-10,7.30863462194975e-07
2026-03-03 08:35:00+00:00,9.999999717180685e-10,7.267702812896459e-07
2026-03-03 08:36:00+00:00,9.999999717180685e-10,7.208402621472487e-07
2026-03-03 08:37:00+00:00,9.999999717180685e-10,7.158679977692373e-07
2026-03-03 08:38:00+00:00,9.999999717180685e-10,7.106867769834935e-07
2026-03-03 08:39:00+00:00,9.999999717180685e-10,7.0576351163254e-07
2026-03-03 08:40:00+00:00,9.999999717180685e-10,7.039010370135657e-07
2026-03-03 08:41:00+00:00,9.999999717180685e-10,7.006813689258706e-07
2026-03-03 08:42:00+00:00,9.999999717180685e-10,6.951400450816436e-07
2026-03-03 08:43:00+00:00,9.999999717180685e-10,6.910954084560217e-07
2026-03-03 08:44:00+00:00,9.999999717180685e-10,6.92580158556666e-07
2026-03-03 08:45:00+00:00,9.999999717180685e-10,6.928535185579676e-07
2026-03-03 08:46:00+00:00,9.999999717180685e-10,6.936841145943617e-07
2026-03-03 08:47:00+00:00,9.999999717180685e-10,6.996244792389916e-07
2026-03-03 08:48:00+00:00,9.999999717180685e-10,7.040404170766124e-07
2026-03-03 08:49:00+00:00,9.999999717180685e-10,7.092231726346654e-07
2026-03-03 08:50:00+00:00,1.1769570873454427e-09,7.149888006097171e-07
2026-03-03 08:51:00+00:00,2.2433990221060185e-09,7.185221306826861e-07
2026-03-03 08:52:00+00:00,9.999999717180685e-10,7.176507779149688e-07
2026-03-03 08:53:00+00:00,9.999999717180685e-10,7.205766223705723e-07
2026-03-03 08:54:00+00:00,9.999999717180685e-10,7.181437240433297e-07
2026-03-03 08:55:00+00:00,9.999999717180685e-10,6.885321681693313e-07
2026-03-03 08:56:00+00:00,9.999999717180685e-10,4.271417139989353e-07
2026-03-03 08:57:00+00:00,9.999999717180685e-10,5.334877783980119e-08
2026-03-03 08:58:00+00:00,9.999999717180685e-10,8.159439346400177e-09
2026-03-03 08:59:00+00:00,9.999999717180685e-10,6.634255811377443e-09
2026-03-03 09:00:00+00:00,0.0,0.0
2026-03-03 09:01:00+00:00,0.0,0.0
2026-03-03 09:02:00+00:00,0.0,0.0
2026-03-03 09:03:00+00:00,0.0,0.0
2026-03-03 09:04:00+00:00,0.0,0.0
2026-03-03 09:05:00+00:00,0.0,0.0
2026-03-03 09:06:00+00:00,0.0,0.0
2026-03-03 09:07:00+00:00,0.0,0.0
2026-03-03 09:08:00+00:00,0.0,0.0
2026-03-03 09:09:00+00:00,0.0,0.0
2026-03-03 09:10:00+00:00,0.0,0.0
2026-03-03 09:11:00+00:00,0.0,0.0
2026-03-03 09:12:00+00:00,0.0,0.0
2026-03-03 09:13:00+00:00,0.0,0.0
2026-03-03 09:14:00+00:00,0.0,0.0
2026-03-03 09:15:00+00:00,0.0,0.0
2026-03-03 09:16:00+00:00,0.0,0.0
2026-03-03 09:17:00+00:00,0.0,0.0
2026-03-03 09:18:00+00:00,0.0,0.0
2026-03-03 09:19:00+00:00,0.0,0.0
2026-03-03 09:20:00+00:00,0.0,0.0
2026-03-03 09:21:00+00:00,0.0,0.0
2026-03-03 09:22:00+00:00,0.0,0.0
2026-03-03 09:23:00+00:00,0.0,0.0
2026-03-03 09:24:00+00:00,0.0,0.0
2026-03-03 09:25:00+00:00,0.0,0.0
2026-03-03 09:26:00+00:00,0.0,0.0
2026-03-03 09:27:00+00:00,0.0,0.0
2026-03-03 09:28:00+00:00,0.0,0.0
2026-03-03 09:29:00+00:00,0.0,0.0
2026-03-03 09:30:00+00:00,0.0,0.0
2026-03-03 09:31:00+00:00,0.0,0.0
2026-03-03 09:32:00+00:00,0.0,0.0
2026-03-03 09:33:00+00:00,0.0,0.0
2026-03-03 09:34:00+00:00,0.0,0.0
2026-03-03 09:35:00+00:00,0.0,0.0
2026-03-03 09:36:00+00:00,0.0,0.0
2026-03-03 09:37:00+00:00,0.0,0.0
2026-03-03 09:38:00+00:00,0.0,0.0
2026-03-03 09:39:00+00:00,0.0,0.0
2026-03-03 09:40:00+00:00,9.999999717180685e-10,7.914895405747302e-09
2026-03-03 09:41:00+00:00,9.999999717180685e-10,5.7732588487624525e-08
2026-03-03 09:42:00+00:00,9.999999717180685e-10,1.001961322799616e-07
2026-03-03 09:43:00+00:00,9.999999717180685e-10,2.46429380013069e-07
2026-03-03 09:44:00+00:00,9.999999717180685e-10,5.606648301181849e-07
2026-03-03 09:45:00+00:00,9.999999717180685e-10,6.725877597091312e-07
2026-03-03 09:46:00+00:00,9.999999717180685e-10,6.802993652854639e-07
2026-03-03 09:47:00+00:00,9.999999717180685e-10,6.823364060437598e-07
2026-03-03 09:48:00+00:00,9.999999717180685e-10,6.843743562967575e-07
2026-03-03 09:49:00+00:00,9.999999717180685e-10,6.88928821546142e-07
2026-03-03 09:50:00+00:00,9.999999717180685e-10,6.93904951276636e-07
2026-03-03 09:51:00+00:00,1.0079802548190742e-09,6.952988087505219e-07
2026-03-03 09:52:00+00:00,9.999999717180685e-10,6.9346714326457e-07
2026-03-03 09:53:00+00:00,1.75675118896379e-09,6.975625979066535e-07
2026-03-03 09:54:00+00:00,3.2865179466767813e-09,7.238269290610333e-07
2026-03-03 09:55:00+00:00,4.3242898151163445e-09,7.613344905621489e-07
2026-03-03 09:56:00+00:00,7.494729281631862e-09,7.802795494171733e-07
2026-03-03 09:57:00+00:00,7.227856979596936e-09,7.877762868702121e-07
2026-03-03 09:58:00+00:00,4.298580158490495e-09,7.838435749363271e-07
2026-03-03 09:59:00+00:00,3.631859035735374e-09,7.676370614717598e-07
2026-03-03 10:00:00+00:00,2.0026882374679644e-09,7.520703775298898e-07
2026-03-03 10:01:00+00:00,2.2072832450703572e-09,7.371360766228463e-07
2026-03-03 10:02:00+00:00,1.6979304628961245e-09,7.206266445791698e-07
2026-03-03 10:03:00+00:00,1.4399317294078173e-09,7.070826768540428e-07
2026-03-03 10:04:00+00:00,1.454013132118348e-09,6.955854701118369e-07
2026-03-03 10:05:00+00:00,9.999999717180685e-10,6.860252028673131e-07
2026-03-03 10:06:00+00:00,9.999999717180685e-10,6.767592140022316e-07
2026-03-03 10:07:00+00:00,9.999999717180685e-10,6.70505926336773e-07
2026-03-03 10:08:00+00:00,9.999999717180685e-10,6.68182622121094e-07
2026-03-03 10:09:00+00:00,9.999999717180685e-10,6.655067181782215e-07
2026-03-03 10:10:00+00:00,9.999999717180685e-10,6.624171646762989e-07
2026-03-03 10:11:00+00:00,9.999999717180685e-10,6.586600989066937e-07
2026-03-03 10:12:00+00:00,9.999999717180685e-10,6.566664296769886e-07
2026-03-03 10:13:00+00:00,9.999999717180685e-10,6.589666554646101e-07
2026-03-03 10:14:00+00:00,9.999999717180685e-10,6.630025382037275e-07
2026-03-03 10:15:00+00:00,9.999999717180685e-10,6.657811582044815e-07
2026-03-03 10:16:00+00:00,1.65695213105721e-09,6.686243523290614e-07
2026-03-03 10:17:00+00:00,9.999999717180685e-10,6.65125469367922e-07
2026-03-03 10:18:00+00:00,9.999999717180685e-10,6.629959443671396e-07
2026-03-03 10:19:00+00:00,9.999999717180685e-10,6.624384809583717e-07
2026-03-03 10:20:00+00:00,9.999999717180685e-10,6.657148787780898e-07
2026-03-03 10:21:00+00:00,9.999999717180685e-10,6.690985969726171e-07
2026-03-03 10:22:00+00:00,9.999999717180685e-10,6.669675371995254e-07
2026-03-03 10:23:00+00:00,2.003000876271699e-09,6.665679279649339e-07
2026-03-03 10:24:00+00:00,1.7242441918696727e-09,6.665457021881593e-07
2026-03-03 10:25:00+00:00,1.7948247332810752e-09,6.780566650377295e-07
2026-03-03 10:26:00+00:00,6.530802121318402e-09,7.123596219571482e-07
2026-03-03 10:27:00+00:00,9.34913924055536e-09,7.639681598448078e-07
2026-03-03 10:28:00+00:00,8.450316890673548e-09,7.713352374594251e-07
2026-03-03 10:29:00+00:00,7.687175340720387e-09,7.663299470550555e-07
2026-03-03 10:30:00+00:00,7.927187795075952e-09,7.635956649210129e-07
2026-03-03 10:31:00+00:00,7.308902816305363e-09,7.708977705078723e-07
2026-03-03 10:32:00+00:00,7.508683452783771e-09,7.740023875157931e-07
2026-03-03 10:33:00+00:00,7.537626522946539e-09,7.645361961294839e-07
2026-03-03 10:34:00+00:00,5.374933387258807e-09,7.528847163484897e-07
2026-03-03 10:35:00+00:00,5.244043421726019e-09,7.370334742518025e-07
2026-03-03 10:36:00+00:00,4.848198731366438e-09,7.226818752315012e-07
2026-03-03 10:37:00+00:00,4.74307748632441e-09,7.097935394995147e-07
2026-03-03 10:38:00+00:00,3.4078717625618538e-09,6.966274668229744e-07
2026-03-03 10:39:00+00:00,3.0367492964700205e-09,6.865365662633849e-07
2026-03-03 10:40:00+00:00,2.94355606555996e-09,6.754799528607691e-07
2026-03-03 10:41:00+00:00,3.4365197354446764e-09,6.65704590119276e-07
2026-03-03 10:42:00+00:00,3.1990807780601926e-09,6.598170898541866e-07
2026-03-03 10:43:00+00:00,1.3281861166447584e-09,6.560524070664542e-07
2026-03-03 10:44:00+00:00,3.695109551671294e-09,6.546269446516817e-07
2026-03-03 10:45:00+00:00,2.9788125299745616e-09,6.52874064144271e-07
2026-03-03 10:46:00+00:00,9.999999717180685e-10,6.509872036986053e-07
2026-03-03 10:47:00+00:00,1.548263184325549e-09,6.509447416647163e-07
2026-03-03 10:48:00+00:00,1.0945526707217823e-09,6.492630859611381e-07
2026-03-03 10:49:00+00:00,2.218348837956796e-09,6.565759917975811e-07
2026-03-03 10:50:00+00:00,1.3244942920209724e-09,6.707829811603006e-07
2026-03-03 10:51:00+00:00,4.085562110844876e-09,6.960108294151723e-07
2026-03-03 10:52:00+00:00,4.849147750007887e-09,7.176274721132359e-07
2026-03-03 10:53:00+00:00,4.91616658493399e-09,7.239478350129502e-07
2026-03-03 10:54:00+00:00,3.3381120090325567e-09,7.212997843453195e-07
2026-03-03 10:55:00+00:00,2.014228339675128e-09,7.114769573490776e-07
2026-03-03 10:56:00+00:00,1.5905651240544216e-09,7.026653179309506e-07
2026-03-03 10:57:00+00:00,9.999999717180685e-10,6.902897098370886e-07
2026-03-03 10:58:00+00:00,9.999999717180685e-10,6.80152311360871e-07
2026-03-03 10:59:00+00:00,9.999999717180685e-10,6.710851607749646e-07
2026-03-03 11:00:00+00:00,9.999999717180685e-10,6.619762871196144e-07
2026-03-03 11:01:00+00:00,9.999999717180685e-10,6.535497050208505e-07
2026-03-03 11:02:00+00:00,1.1269732924645837e-09,6.491648605333467e-07
2026-03-03 11:03:00+00:00,9.999999717180685e-10,6.439609023800585e-07
2026-03-03 11:04:00+00:00,1.0911518355527505e-09,6.411755180124601e-07
2026-03-03 11:05:00+00:00,1.261431847865424e-09,6.371672043314902e-07
2026-03-03 11:06:00+00:00,9.999999717180685e-10,6.336093747449922e-07
2026-03-03 11:07:00+00:00,9.999999717180685e-10,6.331030135697802e-07
2026-03-03 11:08:00+00:00,9.999999717180685e-10,6.319629619611078e-07
2026-03-03 11:09:00+00:00,9.999999717180685e-10,6.320471470644407e-07
2026-03-03 11:10:00+00:00,9.999999717180685e-10,6.311622655630345e-07
2026-03-03 11:11:00+00:00,9.999999717180685e-10,6.305489819169452e-07
2026-03-03 11:12:00+00:00,9.999999717180685e-10,6.296804713201709e-07
2026-03-03 11:13:00+00:00,9.999999717180685e-10,6.291296585914097e-07
2026-03-03 11:14:00+00:00,9.999999717180685e-10,6.290708824963076e-07
2026-03-03 11:15:00+00:00,9.999999717180685e-10,6.312886853265809e-07
2026-03-03 11:16:00+00:00,9.999999717180685e-10,6.332290922728134e-07
2026-03-03 11:17:00+00:00,9.999999717180685e-10,6.318287546491774e-07
2026-03-03 11:18:00+00:00,9.999999717180685e-10,6.36685797417158e-07
2026-03-03 11:19:00+00:00,9.999999717180685e-10,6.386225663845835e-07
2026-03-03 11:20:00+00:00,9.999999717180685e-10,6.391198894561967e-07
2026-03-03 11:21:00+00:00,9.999999717180685e-10,6.386490554177726e-07
2026-03-03 11:22:00+00:00,9.999999717180685e-10,6.394530487341399e-07
2026-03-03 11:23:00+00:00,9.999999717180685e-10,6.384794914993108e-07
2026-03-03 11:24:00+00:00,9.999999717180685e-10,6.376560577336932e-07
2026-03-03 11:25:00+00:00,9.999999717180685e-10,6.38686856291315e-07
2026-03-03 11:26:00+00:00,9.999999717180685e-10,6.396723506441049e-07
2026-03-03 11:27:00+00:00,9.999999717180685e-10,6.400422307706322e-07
2026-03-03 11:28:00+00:00,1.1449369230476236e-09,6.407995556401147e-07
2026-03-03 11:29:00+00:00,9.999999717180685e-10,6.411127628780378e-07
2026-03-03 11:30:00+00:00,9.999999717180685e-10,6.404011401173193e-07
2026-03-03 11:31:00+00:00,9.999999717180685e-10,6.412802804334206e-07
2026-03-03 11:32:00+00:00,9.999999717180685e-10,6.429496011151059e-07
2026-03-03 11:33:00+00:00,9.999999717180685e-10,6.487758241746633e-07
2026-03-03 11:34:00+00:00,9.999999717180685e-10,6.56761415029905e-07
2026-03-03 11:35:00+00:00,9.999999717180685e-10,6.634691658291558e-07
2026-03-03 11:36:00+00:00,9.999999717180685e-10,6.685641551484878e-07
2026-03-03 11:37:00+00:00,9.999999717180685e-10,6.687624818368931e-07
2026-03-03 11:38:00+00:00,1.57787860555203e-09,6.674545147689059e-07
2026-03-03 11:39:00+00:00,1.212046241150233e-09,6.677916530861694e-07
2026-03-03 11:40:00+00:00,9.999999717180685e-10,6.663015597041522e-07
2026-03-03 11:41:00+00:00,9.999999717180685e-10,6.670651373497094e-07
2026-03-03 11:42:00+00:00,9.999999717180685e-10,6.701696406707924e-07
2026-03-03 11:43:00+00:00,1.6500996125046186e-09,6.742534424120095e-07
2026-03-03 11:44:00+00:00,1.6859164064797483e-09,6.81194876506197e-07
2026-03-03 11:45:00+00:00,1.0890625068427084e-09,6.892196893204527e-07
2026-03-03 11:46:00+00:00,1.9616959168189396e-09,6.921588351360697e-07
2026-03-03 11:47:00+00:00,3.171600315710066e-09,6.932386327207496e-07
2026-03-03 11:48:00+00:00,2.8768663007383566e-09,7.006028681644239e-07
2026-03-03 11:49:00+00:00,2.8421651698806727e-09,7.147899054871232e-07
2026-03-03 11:50:00+00:00,2.19643414567372e-09,7.270869559761195e-07
2026-03-03 11:51:00+00:00,2.585625713535933e-09,7.416727498821274e-07
2026-03-03 11:52:00+00:00,2.1601602728793523e-09,7.465872045031574e-07
2026-03-03 11:53:00+00:00,2.963901790664636e-09,7.47558488001232e-07
2026-03-03 11:54:00+00:00,2.6906266104020915e-09,7.415003437927226e-07
2026-03-03 11:55:00+00:00,2.3288264650034307e-09,7.353415298894106e-07
2026-03-03 11:56:00+00:00,1.7224913717583945e-09,7.35087780867616e-07
2026-03-03 11:57:00+00:00,2.604202409273171e-09,7.37345715151605e-07
2026-03-03 11:58:00+00:00,1.6398484792290446e-09,7.378259851975599e-07
2026-03-03 11:59:00+00:00,3.3678109190304895e-09,7.39594668175414e-07
2026-03-03 12:00:00+00:00,1.5697260158376025e-09,7.362232281593606e-07
2026-03-03 12:01:00+00:00,1.5262651142933237e-09,7.332674840654363e-07
2026-03-03 12:02:00+00:00,1.2511364166911676e-09,7.28182442344405e-07
2026-03-03 12:03:00+00:00,2.404976884307075e-09,7.229807579278713e-07
2026-03-03 12:04:00+00:00,1.082083977976822e-09,7.194550448730297e-07
2026-03-03 12:05:00+00:00,1.4098209266677486e-09,7.187147730292054e-07
2026-03-03 12:06:00+00:00,3.0304589948570992e-09,7.164303497120272e-07
2026-03-03 12:07:00+00:00,2.453827141479792e-09,7.157624963838316e-07
2026-03-03 12:08:00+00:00,1.8098600396143638e-09,7.156835977184528e-07
2026-03-03 12:09:00+00:00,2.667937204492432e-09,7.159320603022934e-07
2026-03-03 12:10:00+00:00,2.7001456626152276e-09,7.140105822145415e-07
2026-03-03 12:11:00+00:00,1.6881879227881313e-09,7.115610287655727e-07
2026-03-03 12:12:00+00:00,1.3261564069111387e-09,7.082981596795435e-07
2026-03-03 12:13:00+00:00,1.407645555673298e-09,7.096124932104431e-07
2026-03-03 12:14:00+00:00,9.999999717180685e-10,7.078901376189606e-07
2026-03-03 12:15:00+00:00,2.6665827324023894e-09,7.07067499661207e-07
2026-03-03 12:16:00+00:00,1.8722245975766327e-09,7.058232540657627e-07
2026-03-03 12:17:00+00:00,3.2926301685165527e-09,7.046132850518916e-07
2026-03-03 12:18:00+00:00,2.4097295270308905e-09,7.088506777108705e-07
2026-03-03 12:19:00+00:00,9.999999717180685e-10,7.111596005415777e-07
2026-03-03 12:20:00+00:00,2.752252425963775e-09,7.081861213009688e-07
2026-03-03 12:21:00+00:00,2.727867265406303e-09,7.076023393892683e-07
2026-03-03 12:22:00+00:00,1.4160921324446463e-09,7.053394028844195e-07
2026-03-03 12:23:00+00:00,1.7674116614685431e-09,7.025586228337488e-07
2026-03-03 12:24:00+00:00,1.480795819297498e-09,7.007768090261379e-07
2026-03-03 12:25:00+00:00,2.6237982897470147e-09,6.988897780502157e-07
2026-03-03 12:26:00+00:00,2.6101558692204208e-09,7.025381023595401e-07
2026-03-03 12:27:00+00:00,2.9455189398674975e-09,7.040567311378254e-07
2026-03-03 12:28:00+00:00,4.417133769862858e-09,7.032840017018316e-07
2026-03-03 12:29:00+00:00,1.501457069785772e-09,7.031798645584786e-07
2026-03-03 12:30:00+00:00,2.5510504819692414e-09,7.031210884633765e-07
2026-03-03 12:31:00+00:00,2.3313484476261692e-09,7.024484602879966e-07
2026-03-03 12:32:00+00:00,9.999999717180685e-10,7.000368213994079e-07
2026-03-03 12:33:00+00:00,1.8270834845068862e-09,7.016835184003867e-07
2026-03-03 12:34:00+00:00,1.937298765852802e-09,7.050226713545271e-07
2026-03-03 12:35:00+00:00,2.793012487956048e-09,7.100513244040485e-07
2026-03-03 12:36:00+00:00,2.3933628412464714e-09,7.175412974902429e-07
2026-03-03 12:37:00+00:00,3.951751814668114e-09,7.287107450792973e-07
2026-03-03 12:38:00+00:00,3.7217280368651018e-09,7.401139896501263e-07
2026-03-03 12:39:00+00:00,4.45954118077907e-09,7.557914045719372e-07
2026-03-03 12:40:00+00:00,7.318445849335831e-09,7.852046906009491e-07
2026-03-03 12:41:00+00:00,9.30364407736306e-09,8.141347507262253e-07
2026-03-03 12:42:00+00:00,1.2858693665407372e-08,8.369687520826119e-07
2026-03-03 12:43:00+00:00,1.3676718424449064e-08,8.52118034799787e-07
2026-03-03 12:44:00+00:00,1.5678873310775998e-08,8.735195820008812e-07
2026-03-03 12:45:00+00:00,1.8211668617595933e-08,9.111956842389191e-07
2026-03-03 12:46:00+00:00,2.264181020450451e-08,9.57955762714846e-07
2026-03-03 12:47:00+00:00,3.1001025746490996e-08,1.0263997864967678e-06
2026-03-03 12:48:00+00:00,3.392002057012178e-08,1.0645954944266123e-06
2026-03-03 12:49:00+00:00,3.0996794464499544e-08,1.0711383993111667e-06
2026-03-03 12:50:00+00:00,2.9500503373469655e-08,1.0730874464570661e-06
2026-03-03 12:51:00+00:00,2.6804428898685728e-08,1.0702252666305867e-06
2026-03-03 12:52:00+00:00,2.4997245162694526e-08,1.0613180165819358e-06
2026-03-03 12:53:00+00:00,2.211972827126374e-08,1.0502548093427322e-06
2026-03-03 12:54:00+00:00,1.9536045670065505e-08,1.03647857940814e-06
2026-03-03 12:55:00+00:00,1.8247382271852075e-08,1.018172838485043e-06
2026-03-03 12:56:00+00:00,1.5874718428676715e-08,1.0038054369942984e-06
2026-03-03 12:57:00+00:00,1.4035957285329914e-08,9.855474445430445e-07
2026-03-03 12:58:00+00:00,1.2388258419093745e-08,9.668585789768258e-07
2026-03-03 12:59:00+00:00,1.1645709285801331e-08,9.460610499445465e-07
2026-03-03 13:00:00+00:00,9.901977904291925e-09,9.262127491638239e-07
2026-03-03 13:01:00+00:00,9.716707438656158e-09,9.1381178890515e-07
2026-03-03 13:02:00+00:00,8.3187750021807e-09,9.032551702148339e-07
2026-03-03 13:03:00+00:00,7.96761945309754e-09,8.898706482796115e-07
2026-03-03 13:04:00+00:00,8.015713426345883e-09,8.698565920894907e-07
2026-03-03 13:05:00+00:00,7.664763934656094e-09,8.513252964803542e-07
2026-03-03 13:06:00+00:00,5.734288155423428e-09,8.341170314452029e-07
2026-03-03 13:07:00+00:00,4.0379193322337414e-09,8.155889759109414e-07
2026-03-03 13:08:00+00:00,2.605134774569251e-09,8.000508842087584e-07
2026-03-03 13:09:00+00:00,3.65658836543048e-09,7.931723757792497e-07
2026-03-03 13:10:00+00:00,3.1544724610199637e-09,7.847148708606255e-07
2026-03-03 13:11:00+00:00,2.56148080524099e-09,7.784450417602784e-07
2026-03-03 13:12:00+00:00,5.2388262616887005e-09,7.817322398295801e-07
2026-03-03 13:13:00+00:00,4.295908073714827e-09,7.924692795313604e-07
2026-03-03 13:14:00+00:00,1.9910517679022632e-09,7.893204383435659e-07
2026-03-03 13:15:00+00:00,9.999999717180685e-10,7.807918223079469e-07
2026-03-03 13:16:00+00:00,1.3513000718390344e-09,7.723065778009186e-07
2026-03-03 13:17:00+00:00,1.6597709873167332e-09,7.937865689200407e-07
2026-03-03 13:18:00+00:00,3.0778353199423236e-09,8.10893538982782e-07
2026-03-03 13:19:00+00:00,9.999999717180685e-10,7.795044325575873e-07
2026-03-03 13:20:00+00:00,9.999999717180685e-10,7.524161560468201e-07
2026-03-03 13:21:00+00:00,9.999999717180685e-10,7.422477210639045e-07
2026-03-03 13:22:00+00:00,9.999999717180685e-10,7.331856295422767e-07
2026-03-03 13:23:00+00:00,9.999999717180685e-10,7.266937700478593e-07
2026-03-03 13:24:00+00:00,9.999999717180685e-10,7.203880159067921e-07
2026-03-03 13:25:00+00:00,9.999999717180685e-10,7.185786898844526e-07
2026-03-03 13:26:00+00:00,1.0174814324415138e-09,7.138488626878825e-07
2026-03-03 13:27:00+00:00,1.0480076806373972e-09,7.156877472880296e-07
2026-03-03 13:28:00+00:00,1.377516434253323e-09,7.094600960044772e-07
2026-03-03 13:29:00+00:00,9.999999717180685e-10,7.044791345833801e-07
2026-03-03 13:30:00+00:00,9.999999717180685e-10,7.018918495305115e-07
2026-03-03 13:31:00+00:00,9.999999717180685e-10,6.966399155317049e-07
2026-03-03 13:32:00+00:00,9.999999717180685e-10,6.935638339200523e-07
2026-03-03 13:33:00+00:00,1.4824637073473923e-09,6.906399789841089e-07
2026-03-03 13:34:00+00:00,2.3654027625497065e-09,6.875580425003136e-07
2026-03-03 13:35:00+00:00,2.116785191574877e-09,6.896680702084268e-07
2026-03-03 13:36:00+00:00,3.3798914778060407e-09,6.873295319564932e-07
2026-03-03 13:37:00+00:00,1.6834178495628294e-09,6.911972718626203e-07
2026-03-03 13:38:00+00:00,1.5982394296898406e-09,6.913610945957771e-07
2026-03-03 13:39:00+00:00,1.0559335628101962e-09,6.882685283926548e-07
2026-03-03 13:40:00+00:00,1.1288563417366504e-09,6.883239507260441e-07
2026-03-03 13:41:00+00:00,9.999999717180685e-10,6.889825385769655e-07
2026-03-03 13:42:00+00:00,2.785199182397946e-09,6.928106586201466e-07
2026-03-03 13:43:00+00:00,2.1311781228661175e-09,6.940790058251878e-07
2026-03-03 13:44:00+00:00,2.3984061403581336e-09,6.953447382329614e-07
2026-03-03 13:45:00+00:00,9.999999717180685e-10,6.979066142775991e-07
2026-03-03 13:46:00+00:00,9.999999717180685e-10,7.004953204159392e-07
2026-03-03 13:47:00+00:00,9.999999717180685e-10,7.035083626760752e-07
2026-03-03 13:48:00+00:00,9.999999717180685e-10,7.100279617588967e-07
2026-03-03 13:49:00+00:00,9.999999717180685e-10,7.182543413364328e-07
2026-03-03 13:50:00+00:00,9.999999717180685e-10,7.291226893357816e-07
2026-03-03 13:51:00+00:00,9.999999717180685e-10,7.343755896727089e-07
2026-03-03 13:52:00+00:00,2.039534985343039e-09,7.401186508104729e-07
2026-03-03 13:53:00+00:00,2.8493511994298615e-09,7.479094392692787e-07
2026-03-03 13:54:00+00:00,3.4151113048608295e-09,7.577511951240012e-07
2026-03-03 13:55:00+00:00,2.467818172036118e-09,7.635917427251115e-07
2026-03-03 13:56:00+00:00,2.4864439396310445e-09,7.658101139895734e-07
2026-03-03 13:57:00+00:00,3.2393854265677646e-09,7.669866590731544e-07
2026-03-03 13:58:00+00:00,3.354253541587582e-09,7.724528927610663e-07
2026-03-03 13:59:00+00:00,3.3605902505229324e-09,7.785316711306223e-07
2026-03-03 14:00:00+00:00,4.1229739622394845e-09,7.84026951805572e-07
2026-03-03 14:01:00+00:00,2.728963499620818e-09,7.990817039171816e-07
2026-03-03 14:02:00+00:00,4.2050700699292065e-09,8.142674801092653e-07
2026-03-03 14:03:00+00:00,3.5614102777969947e-09,8.300163472085842e-07
2026-03-03 14:04:00+00:00,6.538155350455099e-09,8.369471515834448e-07
2026-03-03 14:05:00+00:00,7.492402254172248e-09,8.485588978146552e-07
2026-03-03 14:06:00+00:00,7.472094054605805e-09,8.622220093457145e-07
2026-03-03 14:07:00+00:00,8.972654619299192e-09,8.825027180137113e-07
2026-03-03 14:08:00+00:00,1.2134643512240473e-08,9.023800657814718e-07
2026-03-03 14:09:00+00:00,1.383047720793229e-08,9.377752689943009e-07
2026-03-03 14:10:00+00:00,1.865713272763969e-08,9.792768196348334e-07
2026-03-03 14:11:00+00:00,2.115644548439377e-08,1.020060835799086e-06
2026-03-03 14:12:00+00:00,2.14486917116119e-08,1.0593104207146098e-06
2026-03-03 14:13:00+00:00,2.3486446565357255e-08,1.0937836805169354e-06
2026-03-03 14:14:00+00:00,2.4658861619286654e-08,1.138626544161525e-06
2026-03-03 14:15:00+00:00,2.8213657188302932e-08,1.1921492841793224e-06
2026-03-03 14:16:00+00:00,3.187578556662629e-08,1.2493553640524624e-06
2026-03-03 14:17:00+00:00,3.330564268821945e-08,1.2826053534809034e-06
2026-03-03 14:18:00+00:00,3.558438876893888e-08,1.2979260191059439e-06
2026-03-03 14:19:00+00:00,3.618055188781e-08,1.3327254464456928e-06
2026-03-03 14:20:00+00:00,3.890025013220111e-08,1.3926066912972601e-06
2026-03-03 14:21:00+00:00,4.554727794925384e-08,1.4907745935488492e-06
2026-03-03 14:22:00+00:00,4.629545458101347e-08,1.534986836304597e-06
2026-03-03 14:23:00+00:00,4.6823956267871836e-08,1.552910362079274e-06
2026-03-03 14:24:00+00:00,4.488309102157473e-08,1.5601324321323773e-06
2026-03-03 14:25:00+00:00,4.358624394740218e-08,1.5540732647423283e-06
2026-03-03 14:26:00+00:00,4.174787449073847e-08,1.5548719147773227e-06
2026-03-03 14:27:00+00:00,4.3060090604285506e-08,1.5770492609590292e-06
2026-03-03 14:28:00+00:00,4.763060701407085e-08,1.6249864529527258e-06
2026-03-03 14:29:00+00:00,4.8201361124711184e-08,1.6442420474049868e-06
2026-03-03 14:30:00+00:00,4.527677077703629e-08,1.6347592008969514e-06
2026-03-03 14:31:00+00:00,4.167914724462207e-08,1.6053265881055268e-06
2026-03-03 14:32:00+00:00,3.7937009977895286e-08,1.5711066225776449e-06
2026-03-03 14:33:00+00:00,3.525274649973653e-08,1.543007897453208e-06
2026-03-03 14:34:00+00:00,3.249174085340201e-08,1.5233782733048429e-06
2026-03-03 14:35:00+00:00,3.2022295926026345e-08,1.5043393659652793e-06
2026-03-03 14:36:00+00:00,3.2282880368939004e-08,1.495163132858579e-06
2026-03-03 14:37:00+00:00,2.7960908255408867e-08,1.4708756452819216e-06
2026-03-03 14:38:00+00:00,2.62436028464208e-08,1.44500211263221e-06
2026-03-03 14:39:00+00:00,2.3891203682069317e-08,1.4154971950119943e-06
2026-03-03 14:40:00+00:00,2.3478952115851826e-08,1.3821555739923497e-06
2026-03-03 14:41:00+00:00,2.11844941588879e-08,1.3502434512702166e-06
2026-03-03 14:42:00+00:00,2.2321410497738725e-08,1.3240207863418618e-06
2026-03-03 14:43:00+00:00,2.1296026275763325e-08,1.3108517578075407e-06
2026-03-03 14:44:00+00:00,1.8681999947034456e-08,1.2904968116345117e-06
2026-03-03 14:45:00+00:00,1.9128666650658488e-08,1.2658906598517206e-06
2026-03-03 14:46:00+00:00,1.827804751997064e-08,1.2365026123006828e-06
2026-03-03 14:47:00+00:00,1.5595807312251964e-08,1.2077435940227588e-06
2026-03-03 14:48:00+00:00,1.3799991371854503e-08,1.1821434782177676e-06
2026-03-03 14:49:00+00:00,1.3127299247628343e-08,1.1609453167693573e-06
2026-03-03 14:50:00+00:00,1.389170023458064e-08,1.140426320489496e-06
2026-03-03 14:51:00+00:00,1.447079789329564e-08,1.1204240308870794e-06
2026-03-03 14:52:00+00:00,1.4288766614356518e-08,1.0982636240441934e-06
2026-03-03 14:53:00+00:00,1.247636038925748e-08,1.0785333870444447e-06
2026-03-03 14:54:00+00:00,1.2233804191907893e-08,1.0575198530204943e-06
2026-03-03 14:55:00+00:00,1.2657492831635864e-08,1.0392922149549122e-06
2026-03-03 14:56:00+00:00,1.2076968758378825e-08,1.0225969617749797e-06
2026-03-03 14:57:00+00:00,1.2654584935489765e-08,1.002591034193756e-06
2026-03-03 14:58:00+00:00,1.0953879581165893e-08,9.804242608879576e-07
2026-03-03 14:59:00+00:00,1.0089889812547881e-08,9.57544102675456e-07
2026-03-03 15:00:00+00:00,6.892246773304578e-09,9.36126582473662e-07
2026-03-03 15:01:00+00:00,6.649135020353469e-09,9.14216116143507e-07
2026-03-03 15:02:00+00:00,6.391130735750039e-09,8.955169050750555e-07
2026-03-03 15:03:00+00:00,5.9960418852256225e-09,8.790157153271139e-07
2026-03-03 15:04:00+00:00,3.947312698926453e-09,8.653310601403064e-07
2026-03-03 15:05:00+00:00,5.618493670311864e-09,8.5042285036252e-07
2026-03-03 15:06:00+00:00,7.779703103949487e-09,8.395142572226177e-07
2026-03-03 15:07:00+00:00,5.223733889891946e-09,8.29353211884154e-07
2026-03-03 15:08:00+00:00,4.969768152562892e-09,8.208931490116811e-07
2026-03-03 15:09:00+00:00,4.215775728511062e-09,8.138079010677757e-07
2026-03-03 15:10:00+00:00,2.9471354245913517e-09,8.034211873564345e-07
2026-03-03 15:11:00+00:00,5.467123642688421e-09,7.931871550681535e-07
2026-03-03 15:12:00+00:00,3.5552740751398915e-09,7.853592478568316e-07
2026-03-03 15:13:00+00:00,2.1723443044407986e-09,7.749786163913086e-07
2026-03-03 15:14:00+00:00,3.303407547505799e-09,7.699796924498514e-07
2026-03-03 15:15:00+00:00,3.114901447887064e-09,7.630480354237079e-07
2026-03-03 15:16:00+00:00,4.182218571457952e-09,7.567856528112316e-07
2026-03-03 15:17:00+00:00,3.862506314789016e-09,7.51615345961909e-07
2026-03-03 15:18:00+00:00,4.380905860301709e-09,7.468737521776347e-07
2026-03-03 15:19:00+00:00,5.198278252294131e-09,7.413534035549674e-07
2026-03-03 15:20:00+00:00,4.973739642366581e-09,7.386042284451833e-07
2026-03-03 15:21:00+00:00,5.810925962634883e-09,7.372188406407076e-07
2026-03-03 15:22:00+00:00,4.2278700540521186e-09,7.324460966628976e-07
2026-03-03 15:23:00+00:00,6.245180816932816e-09,7.2810036044757e-07
2026-03-03 15:24:00+00:00,6.869440127843518e-09,7.265787758115039e-07
2026-03-03 15:25:00+00:00,7.849614291899343e-09,7.213344588308246e-07
2026-03-03 15:26:00+00:00,7.930518464149827e-09,7.191027862063493e-07
2026-03-03 15:27:00+00:00,9.136464917958165e-09,7.159421784308506e-07
2026-03-03 15:28:00+00:00,8.327475597980083e-09,7.126191121642478e-07
2026-03-03 15:29:00+00:00,7.413994307370331e-09,7.145766289795574e-07
2026-03-03 15:30:00+00:00,8.799405648574066e-09,7.151363661250798e-07
2026-03-03 15:31:00+00:00,1.0339787692714708e-08,7.230597702800878e-07
2026-03-03 15:32:00+00:00,1.169671470790945e-08,7.325415367631649e-07
2026-03-03 15:33:00+00:00,9.841688353162681e-09,7.381167961284518e-07
2026-03-03 15:34:00+00:00,9.568435821449839e-09,7.327041089411068e-07
2026-03-03 15:35:00+00:00,9.910190001960473e-09,7.23140146874357e-07
2026-03-03 15:36:00+00:00,7.961266312861426e-09,7.157619847930619e-07
2026-03-03 15:37:00+00:00,9.308373627447963e-09,7.110411388566718e-07
2026-03-03 15:38:00+00:00,1.0141615547354377e-08,7.134544262044074e-07
2026-03-03 15:39:00+00:00,1.0319446630546736e-08,7.260525762831094e-07
2026-03-03 15:40:00+00:00,1.0762308377820773e-08,7.242466608659015e-07
2026-03-03 15:41:00+00:00,1.0611607592636574e-08,7.140907314351352e-07
2026-03-03 15:42:00+00:00,1.1864552895701763e-08,7.067664569149201e-07
2026-03-03 15:43:00+00:00,1.0788889781565558e-08,7.008888474047126e-07
2026-03-03 15:44:00+00:00,1.1562026891454025e-08,6.998543540248647e-07
2026-03-03 15:45:00+00:00,1.1398413768404225e-08,7.033816018520156e-07
2026-03-03 15:46:00+00:00,1.3063434778359806e-08,7.138118576222041e-07
2026-03-03 15:47:00+00:00,1.1552607759313105e-08,7.253955232044973e-07
2026-03-03 15:48:00+00:00,1.017356598964625e-08,7.284706953214481e-07
2026-03-03 15:49:00+00:00,1.2619806533109568e-08,7.414991500809265e-07
2026-03-03 15:50:00+00:00,1.695082829655803e-08,7.914863999758381e-07
2026-03-03 15:51:00+00:00,2.6023808885611288e-08,9.006570849123818e-07
2026-03-03 15:52:00+00:00,5.6405514925472744e-08,1.1165689102199394e-06
2026-03-03 15:53:00+00:00,1.1881778050337743e-07,1.5876325960562099e-06
2026-03-03 15:54:00+00:00,1.620039000727047e-07,1.9248655007686466e-06
2026-03-03 15:55:00+00:00,1.6703179994692618e-07,2.0251457044651033e-06
2026-03-03 15:56:00+00:00,1.6176160499981052e-07,2.0364111605886137e-06
2026-03-03 15:57:00+00:00,1.590651521610198e-07,2.0490938368311618e-06
2026-03-03 15:58:00+00:00,1.5601075631366257e-07,2.0707752810267266e-06
2026-03-03 15:59:00+00:00,1.489310648139508e-07,2.0696015781140886e-06
2026-03-03 16:00:00+00:00,1.4371391898748698e-07,2.0660500013036653e-06
2026-03-03 16:01:00+00:00,1.4114114321728266e-07,2.073291625492857e-06
2026-03-03 16:02:00+00:00,1.4038992901532765e-07,2.0959319044777658e-06
2026-03-03 16:03:00+00:00,1.3597478698557097e-07,2.087019311147742e-06
2026-03-03 16:04:00+00:00,1.258868138620528e-07,2.04843377105135e-06
2026-03-03 16:05:00+00:00,1.121312038776523e-07,1.988784333661897e-06
2026-03-03 16:06:00+00:00,1.03161177378297e-07,1.9320571027492406e-06
2026-03-03 16:07:00+00:00,9.39605868666149e-08,1.8723502535067382e-06
2026-03-03 16:08:00+00:00,8.329023870601304e-08,1.8101924297297955e-06
2026-03-03 16:09:00+00:00,7.559571457704806e-08,1.7475072127126623e-06
2026-03-03 16:10:00+00:00,6.997070300940322e-08,1.6935547364482773e-06
2026-03-03 16:11:00+00:00,6.207566372040674e-08,1.648255988584424e-06
2026-03-03 16:12:00+00:00,5.8289234772246346e-08,1.6001500853235484e-06
2026-03-03 16:13:00+00:00,5.286803883564062e-08,1.5511495803366415e-06
2026-03-03 16:14:00+00:00,4.892435612191548e-08,1.5001758129074005e-06
2026-03-03 16:15:00+00:00,4.303516476511504e-08,1.448166244699678e-06
2026-03-03 16:16:00+00:00,3.786668045790975e-08,1.3982102018417208e-06
2026-03-03 16:17:00+00:00,3.4928355319152615e-08,1.3562386129706283e-06
2026-03-03 16:18:00+00:00,3.284307226181227e-08,1.3109726069160388e-06
2026-03-03 16:19:00+00:00,2.9791440425697147e-08,1.2686311947618378e-06
2026-03-03 16:20:00+00:00,2.7566139593204753e-08,1.2276560710233753e-06
2026-03-03 16:21:00+00:00,2.5212196774759832e-08,1.192932700178062e-06
2026-03-03 16:22:00+00:00,2.155697487182806e-08,1.1572091125344741e-06
2026-03-03 16:23:00+00:00,2.2414146982896455e-08,1.124560299103905e-06
2026-03-03 16:24:00+00:00,1.973565488810891e-08,1.0950750493066153e-06
2026-03-03 16:25:00+00:00,1.986728115355163e-08,1.0673159067664528e-06
2026-03-03 16:26:00+00:00,1.9481813495758615e-08,1.0417347766633611e-06
2026-03-03 16:27:00+00:00,2.0315692239591954e-08,1.0202002158621326e-06
2026-03-03 16:28:00+00:00,1.833459783995295e-08,9.97270262814709e-07
2026-03-03 16:29:00+00:00,1.8688675496036922e-08,9.73276655713562e-07
2026-03-03 16:30:00+00:00,1.749476652435078e-08,9.476605669078708e-07
2026-03-03 16:31:00+00:00,1.7930533502408252e-08,9.248467449651798e-07
2026-03-03 16:32:00+00:00,1.4886748722631182e-08,9.001738021652272e-07
2026-03-03 16:33:00+00:00,1.4762044031613186e-08,8.797796340331843e-07
2026-03-03 16:34:00+00:00,1.102343194503419e-08,8.59695546751027e-07
2026-03-03 16:35:00+00:00,1.1603193073028706e-08,8.417003982685856e-07
2026-03-03 16:36:00+00:00,1.2205342514448603e-08,8.274323590740096e-07
2026-03-03 16:37:00+00:00,1.4108310075755526e-08,8.15487453564856e-07
2026-03-03 16:38:00+00:00,1.5165484867907253e-08,8.02150111667288e-07
2026-03-03 16:39:00+00:00,1.667963900331415e-08,7.882676982262637e-07
2026-03-03 16:40:00+00:00,1.431470675328228e-08,7.757827802379325e-07
2026-03-03 16:41:00+00:00,1.278859329545412e-08,7.654083447050652e-07
2026-03-03 16:42:00+00:00,1.2127263637751184e-08,7.597031981276814e-07
2026-03-03 16:43:00+00:00,1.4016587890353094e-08,7.522780265389883e-07
2026-03-03 16:44:00+00:00,1.289110240776381e-08,7.426902470797359e-07
2026-03-03 16:45:00+00:00,1.2642140667651347e-08,7.392202405753778e-07
2026-03-03 16:46:00+00:00,1.5444074463744073e-08,7.371671131295443e-07
2026-03-03 16:47:00+00:00,1.3658712383346483e-08,7.3468140726618e-07
2026-03-03 16:48:00+00:00,1.465606036532563e-08,7.348609756263613e-07
2026-03-03 16:49:00+00:00,1.3226998163418102e-08,7.26866232980683e-07
2026-03-03 16:50:00+00:00,1.2280173322665178e-08,7.206405143733718e-07
2026-03-03 16:51:00+00:00,1.4130052683469785e-08,7.157446475503093e-07
2026-03-03 16:52:00+00:00,1.4240432832934857e-08,7.095236469467636e-07
2026-03-03 16:53:00+00:00,1.4967870498594493e-08,7.035869202809408e-07
2026-03-03 16:54:00+00:00,1.2968285112435751e-08,7.008576972111769e-07
2026-03-03 16:55:00+00:00,9.581644810907619e-09,6.945013524273236e-07
2026-03-03 16:56:00+00:00,8.282755814548182e-09,6.936058412065904e-07
2026-03-03 16:57:00+00:00,9.572012515945971e-09,6.982112950026931e-07
2026-03-03 16:58:00+00:00,1.2119767411888915e-08,7.136110298233689e-07
2026-03-03 16:59:00+00:00,1.250138748076779e-08,7.302980975509854e-07
2026-03-03 17:00:00+00:00,1.2234945501177208e-08,7.419729968205502e-07
2026-03-03 17:01:00+00:00,1.1648008779729935e-08,7.466700253644376e-07
2026-03-03 17:02:00+00:00,1.0952620144166758e-08,7.44615704206808e-07
2026-03-03 17:03:00+00:00,1.0398434113767507e-08,7.453353987330047e-07
2026-03-03 17:04:00+00:00,9.561924585455017e-09,7.411678097923868e-07
2026-03-03 17:05:00+00:00,9.618302598823902e-09,7.355747584369965e-07
2026-03-03 17:06:00+00:00,9.111824184060424e-09,7.291125143638055e-07
2026-03-03 17:07:00+00:00,1.1196113369749128e-08,7.260775873874081e-07
2026-03-03 17:08:00+00:00,9.303563253126867e-09,7.248282827276853e-07
2026-03-03 17:09:00+00:00,1.050362818943995e-08,7.234342547235428e-07
2026-03-03 17:10:00+00:00,9.660863220517513e-09,7.229044740597601e-07
2026-03-03 17:11:00+00:00,9.17764975127966e-09,7.237270551740949e-07
2026-03-03 17:12:00+00:00,8.40123348666566e-09,7.198900107141526e-07
2026-03-03 17:13:00+00:00,8.724796884962416e-09,7.160072641454462e-07
2026-03-03 17:14:00+00:00,9.07978847664026e-09,7.244690891639038e-07
2026-03-03 17:15:00+00:00,1.2229381951556206e-08,7.622684847774508e-07
2026-03-03 17:16:00+00:00,1.4505279644083657e-08,7.89085561336833e-07
2026-03-03 17:17:00+00:00,1.264621740659777e-08,7.721277484051825e-07
2026-03-03 17:18:00+00:00,1.2951668182381582e-08,7.645692789992609e-07
2026-03-03 17:19:00+00:00,1.159085893931433e-08,7.536173711741867e-07
2026-03-03 17:20:00+00:00,1.1816124967367614e-08,7.463156066478405e-07
2026-03-03 17:21:00+00:00,1.0633842251195347e-08,7.384458058368182e-07
2026-03-03 17:22:00+00:00,1.1518123343989828e-08,7.296417265933997e-07
2026-03-03 17:23:00+00:00,1.2100157320560356e-08,7.202530127869977e-07
2026-03-03 17:24:00+00:00,1.106697133934631e-08,7.09875905613444e-07
2026-03-03 17:25:00+00:00,7.312014549398782e-09,7.008150078036124e-07
2026-03-03 17:26:00+00:00,7.825940784300656e-09,6.904054430378892e-07
2026-03-03 17:27:00+00:00,7.883865116298239e-09,6.854772323094949e-07
2026-03-03 17:28:00+00:00,8.53306403314491e-09,6.808324428675405e-07
2026-03-03 17:29:00+00:00,1.0054518106983323e-08,6.776290319976397e-07
2026-03-03 17:30:00+00:00,8.844497578763821e-09,6.740753519807186e-07
2026-03-03 17:31:00+00:00,7.637510179847595e-09,6.715743552376807e-07
2026-03-03 17:32:00+00:00,6.5821113004460585e-09,6.72116584610194e-07
2026-03-03 17:33:00+00:00,7.902324128394866e-09,6.707543889206136e-07
2026-03-03 17:34:00+00:00,9.468716477556427e-09,6.685168614239956e-07
2026-03-03 17:35:00+00:00,1.0481942425144553e-08,6.799230618526053e-07
2026-03-03 17:36:00+00:00,1.1162599733438583e-08,7.10276140125643e-07
2026-03-03 17:37:00+00:00,1.1339499117468677e-08,6.975088808758301e-07
2026-03-03 17:38:00+00:00,9.743460260835946e-09,6.760474207112566e-07
2026-03-03 17:39:00+00:00,1.1592943494065366e-08,6.660687859039172e-07
2026-03-03 17:40:00+00:00,1.1095568019925395e-08,6.598431241400249e-07
2026-03-03 17:41:00+00:00,1.1370935304455543e-08,6.576669306923577e-07
2026-03-03 17:42:00+00:00,1.1435494329248286e-08,6.567764785359032e-07
2026-03-03 17:43:00+00:00,1.005547378696292e-08,6.565884973497305e-07
2026-03-03 17:44:00+00:00,1.2189133258289075e-08,6.540854542436136e-07
2026-03-03 17:45:00+00:00,1.3907496487775006e-08,6.553545404131e-07
2026-03-03 17:46:00+00:00,1.2862648723910297e-08,6.620176122851262e-07
2026-03-03 17:47:00+00:00,1.2739761245939007e-08,6.601470090572548e-07
2026-03-03 17:48:00+00:00,1.1963677160053976e-08,6.556584253303299e-07
2026-03-03 17:49:00+00:00,1.1811097877512111e-08,6.52446885851532e-07
2026-03-03 17:50:00+00:00,1.186162901234411e-08,6.466788136094692e-07
2026-03-03 17:51:00+00:00,1.179617292734747e-08,6.466916602221318e-07
2026-03-03 17:52:00+00:00,1.3781732199902308e-08,6.484663117589662e-07
2026-03-03 17:53:00+00:00,1.1918162456936443e-08,6.462093438130978e-07
2026-03-03 17:54:00+00:00,1.2842996000017592e-08,6.426426466532575e-07
2026-03-03 17:55:00+00:00,1.357324208584032e-08,6.430681764868496e-07
2026-03-03 17:56:00+00:00,1.2564092877198618e-08,6.424160119422595e-07
2026-03-03 17:57:00+00:00,1.1700882929233103e-08,6.40402504359372e-07
2026-03-03 17:58:00+00:00,1.416474848525695e-08,6.432513259824191e-07
2026-03-03 17:59:00+00:00,1.3042587454492605e-08,6.404955570360471e-07
2026-03-03 18:00:00+00:00,1.3583986380183433e-08,6.41284998437186e-07
2026-03-03 18:01:00+00:00,1.4788686719668931e-08,6.441019877456711e-07
2026-03-03 18:02:00+00:00,1.450307873795964e-08,6.432532018152415e-07
2026-03-03 18:03:00+00:00,1.6296068494625615e-08,6.619148393838259e-07
2026-03-03 18:04:00+00:00,1.8951993752125418e-08,6.956349238862458e-07
2026-03-03 18:05:00+00:00,1.655190118299288e-08,6.580971216862963e-07
2026-03-03 18:06:00+00:00,1.7646632599621626e-08,6.469653612839465e-07
2026-03-03 18:07:00+00:00,1.6105147437883716e-08,6.476201406258042e-07
2026-03-03 18:08:00+00:00,1.6624825960320777e-08,6.543589847751718e-07
2026-03-03 18:09:00+00:00,1.600368904064453e-08,6.569400170519657e-07
2026-03-03 18:10:00+00:00,1.6720051121410506e-08,6.558870495609881e-07
2026-03-03 18:11:00+00:00,1.7590156886626573e-08,6.645299208685174e-07
2026-03-03 18:12:00+00:00,2.1219760171220514e-08,6.702125006086135e-07
2026-03-03 18:13:00+00:00,1.850525421787097e-08,6.805124144193542e-07
2026-03-03 18:14:00+00:00,1.9566900988365887e-08,6.906345788593171e-07
2026-03-03 18:15:00+00:00,1.8770716536664622e-08,6.983269713600748e-07
2026-03-03 18:16:00+00:00,2.144283151039872e-08,7.096062972777872e-07
2026-03-03 18:17:00+00:00,2.1902602398427007e-08,7.089047358022071e-07
2026-03-03 18:18:00+00:00,1.9218292734990428e-08,7.047567578410963e-07
2026-03-03 18:19:00+00:00,1.791709713927503e-08,7.01941871739109e-07
2026-03-03 18:20:00+00:00,1.6885568498992143e-08,6.981030651331821e-07
2026-03-03 18:21:00+00:00,1.3985091307233688e-08,6.943816970306216e-07
2026-03-03 18:22:00+00:00,1.3769014373110622e-08,6.861089900667139e-07
2026-03-03 18:23:00+00:00,1.1923291687310211e-08,6.810185482208908e-07
2026-03-03 18:24:00+00:00,1.2860111198165214e-08,6.771579137421213e-07
2026-03-03 18:25:00+00:00,1.0374869852114443e-08,6.751748742317432e-07
2026-03-03 18:26:00+00:00,1.1974971236838883e-08,6.718906320202223e-07
2026-03-03 18:27:00+00:00,1.2586437669881434e-08,6.670002790087892e-07
2026-03-03 18:28:00+00:00,1.1816057465807717e-08,6.617333951908222e-07
2026-03-03 18:29:00+00:00,1.1196576110705792e-08,6.59570275729493e-07
2026-03-03 18:30:00+00:00,1.202710553371844e-08,6.658235633949516e-07
2026-03-03 18:31:00+00:00,1.2505754654057455e-08,6.661248903583328e-07
2026-03-03 18:32:00+00:00,1.2586001574277361e-08,6.643799679295626e-07
2026-03-03 18:33:00+00:00,1.1813369837909704e-08,6.607419891224708e-07
2026-03-03 18:34:00+00:00,1.4521627456076658e-08,6.576226496690651e-07
2026-03-03 18:35:00+00:00,1.296763674218937e-08,6.576755708920246e-07
2026-03-03 18:36:00+00:00,1.1965703983207732e-08,6.617475492021185e-07
2026-03-03 18:37:00+00:00,1.0977291964309188e-08,6.582340006389131e-07
2026-03-03 18:38:00+00:00,1.2354386846880061e-08,6.461776820287923e-07
2026-03-03 18:39:00+00:00,1.1457247595103581e-08,6.427393941521586e-07
2026-03-03 18:40:00+00:00,1.1445902892148752e-08,6.411488016055955e-07
2026-03-03 18:41:00+00:00,1.1111136011265899e-08,6.451081162595074e-07
2026-03-03 18:42:00+00:00,1.1168459046473345e-08,6.460215331571817e-07
2026-03-03 18:43:00+00:00,1.1448028303107094e-08,6.43941916678159e-07
2026-03-03 18:44:00+00:00,1.0697461583220047e-08,6.449674287978269e-07
2026-03-03 18:45:00+00:00,9.386328159166624e-09,6.440880042646313e-07
2026-03-03 18:46:00+00:00,8.810283169680133e-09,6.402252097359451e-07
2026-03-03 18:47:00+00:00,1.0280838402820791e-08,6.407701675925637e-07
2026-03-03 18:48:00+00:00,1.1731372318024569e-08,6.425603373827471e-07
2026-03-03 18:49:00+00:00,1.2231187618283457e-08,6.416968858502514e-07
2026-03-03 18:50:00+00:00,8.469081436146553e-09,6.432427426261711e-07
2026-03-03 18:51:00+00:00,1.1391599663568286e-08,6.473038069998438e-07
2026-03-03 18:52:00+00:00,8.058059997040345e-09,6.493660293926951e-07
2026-03-03 18:53:00+00:00,1.0644444436991307e-08,6.635134468524484e-07
2026-03-03 18:54:00+00:00,1.2989148423514507e-08,6.781532420063741e-07
2026-03-03 18:55:00+00:00,1.0013048168389105e-08,6.836016837041825e-07
2026-03-03 18:56:00+00:00,1.1425354884408989e-08,6.875997655697574e-07
2026-03-03 18:57:00+00:00,9.810868561999087e-09,6.900145876898023e-07
2026-03-03 18:58:00+00:00,9.546552881545267e-09,6.919881911926495e-07
2026-03-03 18:59:00+00:00,1.016944839449252e-08,6.998255344115023e-07
2026-03-03 19:00:00+00:00,1.1580981507108845e-08,7.048203656268015e-07
2026-03-03 19:01:00+00:00,1.3169798585010994e-08,7.126606078600162e-07
2026-03-03 19:02:00+00:00,1.3475097482285037e-08,7.222173508125707e-07
2026-03-03 19:03:00+00:00,1.2374286484373442e-08,7.294370902855007e-07
2026-03-03 19:04:00+00:00,1.1628630502968917e-08,7.42179281587596e-07
2026-03-03 19:05:00+00:00,1.5363893268727224e-08,7.647795996490458e-07
2026-03-03 19:06:00+00:00,1.7806989660584804e-08,8.124823125399416e-07
2026-03-03 19:07:00+00:00,2.3686256511723514e-08,8.738865631130466e-07
2026-03-03 19:08:00+00:00,3.199011899823745e-08,9.471837074670475e-07
2026-03-03 19:09:00+00:00,3.9942474217014023e-08,1.0074411420646356e-06
2026-03-03 19:10:00+00:00,4.447955603836817e-08,1.0573600093266577e-06
2026-03-03 19:11:00+00:00,4.8032738675374276e-08,1.1048931582990917e-06
2026-03-03 19:12:00+00:00,4.9946915936516234e-08,1.1433901363488985e-06
2026-03-03 19:13:00+00:00,4.747738202581786e-08,1.1558282722035074e-06
2026-03-03 19:14:00+00:00,4.465807279530054e-08,1.1463021110103e-06
2026-03-03 19:15:00+00:00,3.93535515286203e-08,1.1234052408326534e-06
2026-03-03 19:16:00+00:00,3.578316309926777e-08,1.0869051720874268e-06
2026-03-03 19:17:00+00:00,3.120363345487931e-08,1.0589659495963133e-06
2026-03-03 19:18:00+00:00,2.7002874602999327e-08,1.0343563872083905e-06
2026-03-03 19:19:00+00:00,2.6269434627579358e-08,1.0182702681049705e-06
2026-03-03 19:20:00+00:00,2.4199390935564224e-08,1.0027096095654997e-06
2026-03-03 19:21:00+00:00,2.2257959031435348e-08,9.789675914362306e-07
2026-03-03 19:22:00+00:00,2.128297893477793e-08,9.59902990871342e-07
2026-03-03 19:23:00+00:00,2.1178385267717204e-08,9.566923608872457e-07
2026-03-03 19:24:00+00:00,2.0109954590452617e-08,9.647031902204617e-07
2026-03-03 19:25:00+00:00,2.259847242669366e-08,9.752689038577955e-07
2026-03-03 19:26:00+00:00,2.2424178069968548e-08,9.74678982856858e-07
2026-03-03 19:27:00+00:00,2.1416513007466165e-08,9.656826023274334e-07
2026-03-03 19:28:00+00:00,2.1268725447498582e-08,9.576601769367699e-07
2026-03-03 19:29:00+00:00,2.2387487419450736e-08,9.65237632044591e-07
2026-03-03 19:30:00+00:00,2.219708861161962e-08,9.589264209353132e-07
2026-03-03 19:31:00+00:00,2.16823217158435e-08,9.544669410388451e-07
2026-03-03 19:32:00+00:00,1.9901555958767858e-08,9.3705727977067e-07
2026-03-03 19:33:00+00:00,1.998667009672772e-08,9.280856261284498e-07
2026-03-03 19:34:00+00:00,1.924165538014222e-08,9.170593102680868e-07
2026-03-03 19:35:00+00:00,1.864739118673242e-08,9.11579604689905e-07
2026-03-03 19:36:00+00:00,1.616564304640633e-08,9.113605869970343e-07
2026-03-03 19:37:00+00:00,1.579073405366671e-08,9.007837320496037e-07
2026-03-03 19:38:00+00:00,1.6014748638326637e-08,8.995573921311006e-07
2026-03-03 19:39:00+00:00,1.601453014643539e-08,8.973818808044598e-07
2026-03-03 19:40:00+00:00,1.4838287931695504e-08,8.797972554930311e-07
2026-03-03 19:41:00+00:00,1.43164253785244e-08,8.598838689977129e-07
2026-03-03 19:42:00+00:00,1.4241948953497285e-08,8.432638765043521e-07
2026-03-03 19:43:00+00:00,1.4721711849574604e-08,8.288144499601913e-07
2026-03-03 19:44:00+00:00,1.7126366103070723e-08,8.423413078162412e-07
2026-03-03 19:45:00+00:00,1.9209364765515602e-08,8.719887887309596e-07
2026-03-03 19:46:00+00:00,2.012090583036752e-08,8.816404601930117e-07
2026-03-03 19:47:00+00:00,1.7924033812732887e-08,8.708069003660057e-07
2026-03-03 19:48:00+00:00,1.6532119673229317e-08,8.657231092001894e-07
2026-03-03 19:49:00+00:00,1.7749799852140313e-08,8.959319188761583e-07
2026-03-03 19:50:00+00:00,2.7502332855533496e-08,9.87146108855086e-07
2026-03-03 19:51:00+00:00,3.196645081970928e-08,1.0382899517935584e-06
2026-03-03 19:52:00+00:00,3.421559924277062e-08,1.0634930731612258e-06
2026-03-03 19:53:00+00:00,3.2657997195428834e-08,1.0588041732262354e-06
2026-03-03 19:54:00+00:00,3.148095117921912e-08,1.049741172209906e-06
2026-03-03 19:55:00+00:00,2.984450020449003e-08,1.0437323680889676e-06
2026-03-03 19:56:00+00:00,2.877801108525091e-08,1.0398273389000678e-06
2026-03-03 19:57:00+00:00,2.9362718478864736e-08,1.0261391025778721e-06
2026-03-03 19:58:00+00:00,2.678155652802161e-08,1.0058924999611918e-06
2026-03-03 19:59:00+00:00,2.6370328143343613e-08,9.889027978715603e-07
2026-03-03 20:00:00+00:00,2.561041867465974e-08,9.758950909599662e-07
2026-03-03 20:01:00+00:00,2.797174047941553e-08,9.725265499582747e-07
2026-03-03 20:02:00+00:00,2.796234710444878e-08,9.85982978818356e-07
2026-03-03 20:03:00+00:00,2.7358804999266795e-08,9.692452067611157e-07
2026-03-03 20:04:00+00:00,2.7016069381602392e-08,9.58984060162038e-07
2026-03-03 20:05:00+00:00,2.819991884450701e-08,9.532963076708256e-07
2026-03-03 20:06:00+00:00,2.2988530190559686e-08,9.446418403058487e-07
2026-03-03 20:07:00+00:00,2.5017945048944057e-08,9.491496371083485e-07
2026-03-03 20:08:00+00:00,2.5644908419053536e-08,9.599206123311887e-07
2026-03-03 20:09:00+00:00,2.2132264021479386e-08,9.398374345437333e-07
2026-03-03 20:10:00+00:00,2.1628874691259625e-08,9.289649369748076e-07
2026-03-03 20:11:00+00:00,1.848150077421451e-08,9.173942316920147e-07
2026-03-03 20:12:00+00:00,2.08249328892407e-08,9.110287919611437e-07
2026-03-03 20:13:00+00:00,1.9538184403700143e-08,9.061267860488442e-07
2026-03-03 20:14:00+00:00,1.941071126054794e-08,9.050133371601987e-07
2026-03-03 20:15:00+00:00,2.1074919587249497e-08,9.13240057798248e-07
2026-03-03 20:16:00+00:00,2.4542901044810606e-08,9.472114470554516e-07
2026-03-03 20:17:00+00:00,2.8217741032676713e-08,9.843226962402696e-07
2026-03-03 20:18:00+00:00,3.112624824552768e-08,1.0036496860266197e-06
2026-03-03 20:19:00+00:00,3.098974943327448e-08,1.0122236062670709e-06
2026-03-03 20:20:00+00:00,3.118739400065351e-08,1.0169738970944309e-06
2026-03-03 20:21:00+00:00,3.183511765314506e-08,1.0195910817856202e-06
2026-03-03 20:22:00+00:00,3.39329879750494e-08,1.026295990413928e-06
2026-03-03 20:23:00+00:00,3.376057122750353e-08,1.0332825013392721e-06
2026-03-03 20:24:00+00:00,3.652065316828157e-08,1.043202928485698e-06
2026-03-03 20:25:00+00:00,3.573754270291829e-08,1.0388959026386146e-06
2026-03-03 20:26:00+00:00,3.24182565236697e-08,1.024249172587588e-06
2026-03-03 20:27:00+00:00,3.248064928129679e-08,1.007543119158072e-06
2026-03-03 20:28:00+00:00,3.106975299260739e-08,9.942037877408438e-07
2026-03-03 20:29:00+00:00,2.7853049644477323e-08,9.775293392522144e-07
2026-03-03 20:30:00+00:00,2.710724089638461e-08,9.663006039772881e-07
2026-03-03 20:31:00+00:00,2.5939829839671802e-08,9.61226533036097e-07
2026-03-03 20:32:00+00:00,2.8010493480223886e-08,9.557526254866389e-07
2026-03-03 20:33:00+00:00,2.7942190783392107e-08,9.355098882224411e-07
2026-03-03 20:34:00+00:00,2.565588452796419e-08,9.169621080218349e-07
2026-03-03 20:35:00+00:00,2.4229779072015845e-08,9.021932214636763e-07
2026-03-03 20:36:00+00:00,2.44344580124789e-08,8.915392299968516e-07
2026-03-03 20:37:00+00:00,2.3916680191859996e-08,8.834518325784302e-07
2026-03-03 20:38:00+00:00,2.156671818909217e-08,8.697741122887237e-07
2026-03-03 20:39:00+00:00,2.1549880102611496e-08,8.558938020541973e-07
2026-03-03 20:40:00+00:00,2.0575003034650763e-08,8.464952543363324e-07
2026-03-03 20:41:00+00:00,2.149297628761815e-08,8.334346830451977e-07
2026-03-03 20:42:00+00:00,2.101232432494271e-08,8.230620665017341e-07
2026-03-03 20:43:00+00:00,1.7606527791258486e-08,8.147068797370594e-07
2026-03-03 20:44:00+00:00,2.1032843022794623e-08,8.086493039627385e-07
2026-03-03 20:45:00+00:00,2.1611192835280235e-08,8.099456181298592e-07
2026-03-03 20:46:00+00:00,2.175586466535151e-08,8.084912224148866e-07
2026-03-03 20:47:00+00:00,2.4640826268296223e-08,8.190614266823104e-07
2026-03-03 20:48:00+00:00,2.3678841998275857e-08,8.166883276317094e-07
2026-03-03 20:49:00+00:00,2.207838178946986e-08,8.07934441127145e-07
2026-03-03 20:50:00+00:00,2.011794464351624e-08,7.981141720847518e-07
2026-03-03 20:51:00+00:00,2.0298649872074748e-08,7.889723860898812e-07
2026-03-03 20:52:00+00:00,2.0930883692926727e-08,7.822212069186207e-07
2026-03-03 20:53:00+00:00,2.0057502325698806e-08,7.816663014637015e-07
2026-03-03 20:54:00+00:00,2.0176067039301415e-08,7.717261496509309e-07
2026-03-03 20:55:00+00:00,1.9722870447935748e-08,7.577053224849806e-07
2026-03-03 20:56:00+00:00,1.9361305447773702e-08,7.515585593864671e-07
2026-03-03 20:57:00+00:00,1.7738029711722447e-08,7.45067382013076e-07
2026-03-03 20:58:00+00:00,1.521584103159057e-08,7.416629159706645e-07
2026-03-03 20:59:00+00:00,1.658735016007995e-08,7.37953769203159e-07
2026-03-03 21:00:00+00:00,1.4502392176041212e-08,7.450051953128423e-07
2026-03-03 21:01:00+00:00,1.3344667593173654e-08,7.47963611047453e-07
2026-03-03 21:02:00+00:00,1.3938658227630185e-08,7.438458737851761e-07
2026-03-03 21:03:00+00:00,1.3088778949565949e-08,7.480809927074006e-07
2026-03-03 21:04:00+00:00,1.6097500221690098e-08,7.807450401742244e-07
2026-03-03 21:05:00+00:00,1.9242317961243316e-08,8.163665370375384e-07
2026-03-03 21:06:00+00:00,1.2358815304480686e-08,7.808906730133458e-07
2026-03-03 21:07:00+00:00,1.0334674449552494e-08,7.354854005825473e-07
2026-03-03 21:08:00+00:00,8.032554177361817e-09,7.182296144492284e-07
2026-03-03 21:09:00+00:00,7.63486074362163e-09,7.178493319770496e-07
2026-03-03 21:10:00+00:00,5.131858937801326e-09,7.095176215443644e-07
2026-03-03 21:11:00+00:00,1.4524134783755471e-08,7.592008159917896e-07
2026-03-03 21:12:00+00:00,1.3007717569735178e-08,7.774137884553056e-07
2026-03-03 21:13:00+00:00,9.076936535734603e-09,7.344427785938024e-07
2026-03-03 21:14:00+00:00,9.089220931457476e-09,7.188571657934517e-07
2026-03-03 21:15:00+00:00,7.014169689512073e-09,7.088762572493579e-07
2026-03-03 21:16:00+00:00,7.226092169076992e-09,7.046166956570232e-07
2026-03-03 21:17:00+00:00,9.08671804467076e-09,6.951131013011036e-07
2026-03-03 21:18:00+00:00,8.134121820546625e-09,6.930754921086191e-07
2026-03-03 21:19:00+00:00,9.038860326882059e-09,6.915611265867483e-07
2026-03-03 21:20:00+00:00,9.979099324652907e-09,6.889858923386782e-07
2026-03-03 21:21:00+00:00,1.0540399664193956e-08,6.862942996122001e-07
2026-03-03 21:22:00+00:00,1.0773876013558947e-08,6.85895372498635e-07
2026-03-03 21:23:00+00:00,1.2729216791740328e-08,6.842099082859932e-07
2026-03-03 21:24:00+00:00,1.1920266551612713e-08,6.786648327761213e-07
2026-03-03 21:25:00+00:00,1.2178028363507565e-08,6.887223094054207e-07
2026-03-03 21:26:00+00:00,1.2819446837397663e-08,6.96976769631874e-07
2026-03-03 21:27:00+00:00,1.4224436739596058e-08,6.963186933717225e-07
2026-03-03 21:28:00+00:00,1.2964767037715319e-08,6.939689569662733e-07
2026-03-03 21:29:00+00:00,8.451048749691381e-09,6.850052045592747e-07
2026-03-03 21:30:00+00:00,9.622746155457662e-09,6.749006615791586e-07
2026-03-03 21:31:00+00:00,8.68631211403681e-09,6.639342018388561e-07
2026-03-03 21:32:00+00:00,7.466086415774953e-09,6.585330538655398e-07
2026-03-03 21:33:00+00:00,6.220155945868555e-09,6.538789421028923e-07
2026-03-03 21:34:00+00:00,4.91255214285502e-09,6.517521455862152e-07
2026-03-03 21:35:00+00:00,5.220007093242884e-09,6.492240345323808e-07
2026-03-03 21:36:00+00:00,4.914031404013031e-09,6.479159537775558e-07
2026-03-03 21:37:00+00:00,3.5073046689149123e-09,6.455973107222235e-07
2026-03-03 21:38:00+00:00,3.22247206696602e-09,6.455646257563785e-07
2026-03-03 21:39:00+00:00,4.025917377248334e-09,6.442465405598341e-07
2026-03-03 21:40:00+00:00,2.7063518093228822e-09,6.454176855186233e-07
2026-03-03 21:41:00+00:00,3.298360029546643e-09,6.50685933578643e-07
2026-03-03 21:42:00+00:00,3.217339950012388e-09,6.507692091872741e-07
2026-03-03 21:43:00+00:00,5.546388237576139e-09,6.509413310595846e-07
2026-03-03 21:44:00+00:00,6.13347861389002e-09,6.516971211567579e-07
2026-03-03 21:45:00+00:00,5.124077162577123e-09,6.513517973871785e-07
2026-03-03 21:46:00+00:00,4.97199703630713e-09,6.534304475280805e-07
2026-03-03 21:47:00+00:00,3.783644508814632e-09,6.573616246896563e-07
2026-03-03 21:48:00+00:00,4.228860817079294e-09,6.590829570995993e-07
2026-03-03 21:49:00+00:00,4.093332339749622e-09,6.663286740149488e-07
2026-03-03 21:50:00+00:00,5.312034812021693e-09,6.753670618309116e-07
2026-03-03 21:51:00+00:00,5.639403610757654e-09,6.785081154703221e-07
2026-03-03 21:52:00+00:00,6.286415832335024e-09,6.782138370908797e-07
2026-03-03 21:53:00+00:00,5.074658915305008e-09,6.79176253015612e-07
2026-03-03 21:54:00+00:00,4.025200617263636e-09,6.847222380201856e-07
2026-03-03 21:55:00+00:00,7.09077108140832e-09,6.847805593679368e-07
2026-03-03 21:56:00+00:00,6.925348294828382e-09,6.869676667520253e-07
2026-03-03 21:57:00+00:00,7.252984879357882e-09,7.05353102148365e-07
2026-03-03 21:58:00+00:00,1.685071637780311e-08,7.816431661922252e-07
2026-03-03 21:59:00+00:00,2.9769708476123924e-08,8.862199933901138e-07
2026-03-03 22:00:00+00:00,3.507954815518133e-08,9.665666311775567e-07
2026-03-03 22:01:00+00:00,3.382117697015019e-08,1.014060444504139e-06
2026-03-03 22:02:00+00:00,2.788010355914139e-08,1.0167003665628727e-06
2026-03-03 22:03:00+00:00,2.2537625099516845e-08,9.902977353704046e-07
2026-03-03 22:04:00+00:00,1.915223180048997e-08,9.534567766422697e-07
2026-03-03 22:05:00+00:00,1.4662862923842113e-08,9.168760470856796e-07
2026-03-03 22:06:00+00:00,1.3992053737865717e-08,8.801755484455498e-07
2026-03-03 22:07:00+00:00,1.0447713805206149e-08,8.467501402265043e-07
2026-03-03 22:08:00+00:00,9.63454116487128e-09,8.196311114261334e-07
2026-03-03 22:09:00+00:00,5.836301220085716e-09,7.902501693024533e-07
2026-03-03 22:10:00+00:00,4.91385598877514e-09,7.65899301313766e-07
2026-03-03 22:11:00+00:00,5.107516631852604e-09,7.469617457900313e-07
2026-03-03 22:12:00+00:00,3.5574183598896525e-09,7.286971595021896e-07
2026-03-03 22:13:00+00:00,3.960931138635715e-09,7.2105126491806e-07
2026-03-03 22:14:00+00:00,2.0721155902236887e-09,7.114377922334825e-07
2026-03-03 22:15:00+00:00,2.198662363284143e-09,7.070308924994606e-07
2026-03-03 22:16:00+00:00,4.047199020362768e-09,7.018580845397082e-07
2026-03-03 22:17:00+00:00,3.98250854516391e-09,6.966343448766565e-07
2026-03-03 22:18:00+00:00,1.7063260804306424e-09,6.916051233929466e-07
2026-03-03 22:19:00+00:00,9.999999717180685e-10,6.871355253679212e-07
2026-03-03 22:20:00+00:00,1.5903248717918927e-09,6.837639148216113e-07
2026-03-03 22:21:00+00:00,9.999999717180685e-10,6.847040481261502e-07
2026-03-03 22:22:00+00:00,9.999999717180685e-10,6.823547664680518e-07
2026-03-03 22:23:00+00:00,1.2501215618243577e-09,6.822556315455586e-07
2026-03-03 22:24:00+00:00,1.3470569104612196e-09,6.798562708354439e-07
2026-03-03 22:25:00+00:00,3.067169185300145e-09,6.804169743190869e-07
2026-03-03 22:26:00+00:00,1.1777098185561385e-09,6.828399818914477e-07
2026-03-03 22:27:00+00:00,1.3464117598616099e-09,6.921857789166097e-07
2026-03-03 22:28:00+00:00,1.4990197971798125e-09,6.954090849831118e-07
2026-03-03 22:29:00+00:00,9.999999717180685e-10,6.997530590524548e-07
2026-03-03 22:30:00+00:00,3.3794840259560033e-09,6.983599405430141e-07
2026-03-03 22:31:00+00:00,2.4409467780373006e-09,7.005780844338005e-07
2026-03-03 22:32:00+00:00,1.7932256790587076e-09,7.023344892331806e-07
2026-03-03 22:33:00+00:00,3.888582789102202e-09,7.060443181217124e-07
2026-03-03 22:34:00+00:00,3.5831855260681778e-09,7.154885679483414e-07
2026-03-03 22:35:00+00:00,3.86320531120532e-09,7.272311108863505e-07
2026-03-03 22:36:00+00:00,2.713721247715739e-09,7.313245760087739e-07
2026-03-03 22:37:00+00:00,2.9126550060709633e-09,7.322064448089805e-07
2026-03-03 22:38:00+00:00,1.8075987373578073e-09,7.327395223910571e-07
2026-03-03 22:39:00+00:00,1.7135188823402814e-09,7.307376108656172e-07
2026-03-03 22:40:00+00:00,4.0006624679733704e-09,7.306559268727142e-07
2026-03-03 22:41:00+00:00,4.444746792842125e-09,7.315425136766862e-07
2026-03-03 22:42:00+00:00,3.24724758193895e-09,7.287834478120203e-07
2026-03-03 22:43:00+00:00,2.10247086407378e-09,7.272155357895826e-07
2026-03-03 22:44:00+00:00,1.3554780631253038e-09,7.244579478538071e-07
2026-03-03 22:45:00+00:00,1.1608486394365514e-09,7.297898036995321e-07
2026-03-03 22:46:00+00:00,1.4637120404614734e-09,7.302231779249269e-07
2026-03-03 22:47:00+00:00,4.4994314940538516e-09,7.3127836230924e-07
2026-03-03 22:48:00+00:00,3.645507451466301e-09,7.284303933374758e-07
2026-03-03 22:49:00+00:00,3.4468685683464173e-09,7.422610224239179e-07
2026-03-03 22:50:00+00:00,1.9503376691432095e-09,7.33994113488734e-07
2026-03-03 22:51:00+00:00,3.3355276318758342e-09,7.298970103875035e-07
2026-03-03 22:52:00+00:00,3.1744773476560795e-09,7.239398200908909e-07
2026-03-03 22:53:00+00:00,4.215444882049724e-09,7.23822950021713e-07
2026-03-03 22:54:00+00:00,3.5215172999869537e-09,7.204266694316175e-07
2026-03-03 22:55:00+00:00,4.2287764401294226e-09,7.107271926543035e-07
2026-03-03 22:56:00+00:00,1.7094989868127186e-09,7.117574796211557e-07
2026-03-03 22:57:00+00:00,2.956854983082735e-09,7.097409593370685e-07
2026-03-03 22:58:00+00:00,2.6210116299552055e-09,7.081218313942372e-07
2026-03-03 22:59:00+00:00,3.920385349687194e-09,7.095281944202725e-07
2026-03-03 23:00:00+00:00,1.9557200303665923e-09,7.084669846335601e-07
2026-03-03 23:01:00+00:00,3.008767013312763e-09,7.08067602772644e-07
2026-03-03 23:02:00+00:00,2.7684046166598364e-09,7.051658599266375e-07
2026-03-03 23:03:00+00:00,2.66093902467901e-09,7.037837690404558e-07
2026-03-03 23:04:00+00:00,3.2097651203599753e-09,7.056357844703598e-07
2026-03-03 23:05:00+00:00,3.987832730700802e-09,7.057890343276085e-07
2026-03-03 23:06:00+00:00,5.228759203390609e-09,7.089884093147703e-07
2026-03-03 23:07:00+00:00,1.6010409664701797e-09,7.048668635434296e-07
2026-03-03 23:08:00+00:00,2.752296168750945e-09,7.020991574790969e-07
2026-03-03 23:09:00+00:00,6.079048819884747e-09,7.083537525431893e-07
2026-03-03 23:10:00+00:00,4.095329853015528e-09,7.06553350937611e-07
2026-03-03 23:11:00+00:00,3.7076930414770004e-09,7.026760613371152e-07
2026-03-03 23:12:00+00:00,3.325997255387847e-09,7.02491149695561e-07
2026-03-03 23:13:00+00:00,4.9441566396524195e-09,7.034392410787405e-07
2026-03-03 23:14:00+00:00,1.525181869688197e-09,6.953561069167336e-07
2026-03-03 23:15:00+00:00,2.904315898888399e-09,6.960642622289015e-07
2026-03-03 23:16:00+00:00,3.213175503447019e-09,6.994970362939057e-07
2026-03-03 23:17:00+00:00,3.3809737232104453e-09,6.98220731010224e-07
2026-03-03 23:18:00+00:00,3.400582038182165e-09,6.996050956331601e-07
2026-03-03 23:19:00+00:00,9.999999717180685e-10,6.968444381527661e-07
2026-03-03 23:20:00+00:00,2.4671265030917766e-09,6.977315933909267e-07
2026-03-03 23:21:00+00:00,9.999999717180685e-10,6.909148737577198e-07
2026-03-03 23:22:00+00:00,3.099728251854117e-09,6.992301564423542e-07
2026-03-03 23:23:00+00:00,4.213783100226465e-09,7.069928642522427e-07
2026-03-03 23:24:00+00:00,2.614897187669385e-09,6.933305485290475e-07
2026-03-03 23:25:00+00:00,2.4642183849010735e-09,6.887320296300459e-07
2026-03-03 23:26:00+00:00,1.2475286359503457e-09,6.890057306918607e-07
2026-03-03 23:27:00+00:00,3.8978362759678475e-09,6.93495735504257e-07
2026-03-03 23:28:00+00:00,3.1470173134096058e-09,6.89476848947379e-07
2026-03-03 23:29:00+00:00,3.2798954663348923e-09,6.907641818543198e-07
2026-03-03 23:30:00+00:00,3.284149396876046e-09,6.891030466249504e-07
2026-03-03 23:31:00+00:00,2.1831256802329335e-09,6.934195653229835e-07
2026-03-03 23:32:00+00:00,3.8360612464316546e-09,6.973791641939897e-07
2026-03-03 23:33:00+00:00,4.0818992630420325e-09,7.027751962596085e-07
2026-03-03 23:34:00+00:00,2.976112911667883e-09,7.035201292637794e-07
2026-03-03 23:35:00+00:00,3.479799559613639e-09,7.018523433544033e-07
2026-03-03 23:36:00+00:00,4.063520187003178e-09,7.03299747328856e-07
2026-03-03 23:37:00+00:00,3.165045558972679e-09,7.001807489359635e-07
2026-03-03 23:38:00+00:00,4.438170275733455e-09,6.985966365391505e-07
2026-03-03 23:39:00+00:00,3.2221183499103745e-09,6.959461416045087e-07
2026-03-03 23:40:00+00:00,3.3060474358137526e-09,6.956608444852463e-07
2026-03-03 23:41:00+00:00,4.42328751404375e-09,6.949088060537179e-07
2026-03-03 23:42:00+00:00,3.148479921222247e-09,6.912632670719177e-07
2026-03-03 23:43:00+00:00,5.006485892522505e-09,6.891731914038246e-07
2026-03-03 23:44:00+00:00,3.4432316997623502e-09,6.864249257887423e-07
2026-03-03 23:45:00+00:00,4.6524220032040375e-09,6.871021582810499e-07
2026-03-03 23:46:00+00:00,3.237337731221146e-09,6.854381240373186e-07
2026-03-03 23:47:00+00:00,1.070133093250547e-09,6.899940103721747e-07
2026-03-03 23:48:00+00:00,4.797783503818209e-09,6.960156611057755e-07
2026-03-03 23:49:00+00:00,3.042005536357806e-09,6.977701332289143e-07
2026-03-03 23:50:00+00:00,4.243543294535357e-09,7.02798274687666e-07
2026-03-03 23:51:00+00:00,4.9893422726654535e-09,7.062831741677655e-07
2026-03-03 23:52:00+00:00,4.019153454493107e-09,7.067501428537071e-07
2026-03-03 23:53:00+00:00,3.253109337464366e-09,7.087832614161016e-07
2026-03-03 23:54:00+00:00,4.35495772777017e-09,7.122187639652111e-07
2026-03-03 23:55:00+00:00,3.747836263556792e-09,7.173773042268294e-07
2026-03-03 23:56:00+00:00,4.641941941940786e-09,7.186609423115442e-07
2026-03-03 23:57:00+00:00,4.0891201535941946e-09,7.157414643188531e-07
2026-03-03 23:58:00+00:00,3.6985945417455923e-09,7.151668341975892e-07
2026-03-03 23:59:00+00:00,4.288914556838108e-09,7.1763025744076e-07
2026-03-04 00:00:00+00:00,4.338703174511238e-09,7.173723020059697e-07
2026-03-04 00:01:00+00:00,2.1409398698324367e-09,7.167994908741093e-07
2026-03-04 00:02:00+00:00,2.4110498042517747e-09,7.126362220333249e-07
2026-03-04 00:03:00+00:00,3.0466629219461083e-09,7.125150887077325e-07
2026-03-04 00:04:00+00:00,4.248059681799532e-09,7.134991619750508e-07
2026-03-04 00:05:00+00:00,3.466809062047105e-09,7.116315146049601e-07
2026-03-04 00:06:00+00:00,4.246156315446115e-09,7.127143248908396e-07
2026-03-04 00:07:00+00:00,3.2862921273135726e-09,7.140865818655584e-07
2026-03-04 00:08:00+00:00,3.4721523434200208e-09,7.12547546299902e-07
2026-03-04 00:09:00+00:00,2.91376078820349e-09,7.125274237296253e-07
2026-03-04 00:10:00+00:00,3.1620051021974405e-09,7.118850362530793e-07
2026-03-04 00:11:00+00:00,2.7773336963576867e-09,7.093775593602913e-07
2026-03-04 00:12:00+00:00,2.280352351391457e-09,7.088829647727835e-07
2026-03-04 00:13:00+00:00,3.7067864333550915e-09,7.099990853021154e-07
2026-03-04 00:14:00+00:00,4.2159014057574495e-09,7.10418646576727e-07
2026-03-04 00:15:00+00:00,3.005630855312802e-09,7.081065405145637e-07
2026-03-04 00:16:00+00:00,2.381087549352401e-09,7.066267926347791e-07
2026-03-04 00:17:00+00:00,1.6050940576661787e-09,7.061741484903905e-07
2026-03-04 00:18:00+00:00,3.0428717323616183e-09,7.023886041679361e-07
2026-03-04 00:19:00+00:00,4.640149597889831e-09,7.036280749161961e-07
2026-03-04 00:20:00+00:00,3.3046338998588e-09,7.027887249932974e-07
2026-03-04 00:21:00+00:00,3.1126645705370493e-09,6.990629231040657e-07
2026-03-04 00:22:00+00:00,2.3477182420350573e-09,7.013190383986512e-07
2026-03-04 00:23:00+00:00,3.300658191207617e-09,7.031160862425168e-07
2026-03-04 00:24:00+00:00,2.696652678935152e-09,7.119517704268219e-07
2026-03-04 00:25:00+00:00,3.0366478220855697e-09,7.180028660513926e-07
2026-03-04 00:26:00+00:00,1.357072676455573e-09,7.247821258715703e-07
2026-03-04 00:27:00+00:00,2.8850557498572016e-09,7.29195221538248e-07
2026-03-04 00:28:00+00:00,4.093064998045293e-09,7.297774686776393e-07
2026-03-04 00:29:00+00:00,1.8958989933537396e-09,7.314939125535602e-07
2026-03-04 00:30:00+00:00,2.2776707186977774e-09,7.305983444894082e-07
2026-03-04 00:31:00+00:00,3.5440688161969547e-09,7.298811510736414e-07
2026-03-04 00:32:00+00:00,2.239381347024505e-09,7.309444640668517e-07
2026-03-04 00:33:00+00:00,3.4270353221899086e-09,7.320643931052473e-07
2026-03-04 00:34:00+00:00,4.425492861059865e-09,7.37320362986793e-07
2026-03-04 00:35:00+00:00,4.6908903428288795e-09,7.435814382006356e-07
2026-03-04 00:36:00+00:00,4.623890159649591e-09,7.52131541048584e-07
2026-03-04 00:37:00+00:00,7.791742362428522e-09,7.615468575750128e-07
2026-03-04 00:38:00+00:00,6.2450018489812464e-09,7.690665597692714e-07
2026-03-04 00:39:00+00:00,6.215162162703791e-09,7.738068461549119e-07
2026-03-04 00:40:00+00:00,7.1753394337292775e-09,7.835347446416563e-07
2026-03-04 00:41:00+00:00,8.15581469026938e-09,7.899741376604652e-07
2026-03-04 00:42:00+00:00,7.264548518293168e-09,7.956857643875992e-07
2026-03-04 00:43:00+00:00,7.414905134339733e-09,8.023421287361998e-07
2026-03-04 00:44:00+00:00,7.569429527620741e-09,8.092060852504801e-07
2026-03-04 00:45:00+00:00,6.045118627895363e-09,8.139753049363208e-07
2026-03-04 00:46:00+00:00,6.209860625716601e-09,8.219751066462777e-07
2026-03-04 00:47:00+00:00,6.7608398879315246e-09,8.299917908516363e-07
2026-03-04 00:48:00+00:00,7.562388049109359e-09,8.350010602953262e-07
2026-03-04 00:49:00+00:00,7.255114731208323e-09,8.394686688006914e-07
2026-03-04 00:50:00+00:00,7.471896878996631e-09,8.446572223874682e-07
2026-03-04 00:51:00+00:00,7.88797738238145e-09,8.543705121155654e-07
2026-03-04 00:52:00+00:00,6.7845671303246036e-09,8.604336585449346e-07
2026-03-04 00:53:00+00:00,7.44844186328919e-09,8.689112291904166e-07
2026-03-04 00:54:00+00:00,7.325602346952564e-09,8.791478194325464e-07
2026-03-04 00:55:00+00:00,9.229079722672395e-09,8.854134421198978e-07
2026-03-04 00:56:00+00:00,8.910302717879404e-09,8.930625199354836e-07
2026-03-04 00:57:00+00:00,8.468935774885722e-09,9.002932301882538e-07
2026-03-04 00:58:00+00:00,7.759245690408534e-09,9.060210004463443e-07
2026-03-04 00:59:00+00:00,9.387263411042568e-09,9.126376312451612e-07
2026-03-04 01:00:00+00:00,8.938990880835718e-09,9.186304055219807e-07
2026-03-04 01:01:00+00:00,9.576799797628155e-09,9.191888921122882e-07
2026-03-04 01:02:00+00:00,8.928874528635333e-09,9.171587862510933e-07
2026-03-04 01:03:00+00:00,8.053094191495802e-09,9.19096237339545e-07
2026-03-04 01:04:00+00:00,1.1042751602019507e-08,9.176796424981148e-07
2026-03-04 01:05:00+00:00,9.082444130115164e-09,9.103024467549403e-07
2026-03-04 01:06:00+00:00,7.502217513888354e-09,9.066324082596111e-07
2026-03-04 01:07:00+00:00,9.371595943719058e-09,9.020178595164907e-07
2026-03-04 01:08:00+00:00,9.366447173420056e-09,8.98847076769016e-07
2026-03-04 01:09:00+00:00,8.387857519664976e-09,9.010227017824946e-07
2026-03-04 01:10:00+00:00,8.239728899184229e-09,9.032202683556534e-07
2026-03-04 01:11:00+00:00,1.0035712705303013e-08,9.100942293116532e-07
2026-03-04 01:12:00+00:00,1.0046171006194982e-08,9.094567303691292e-07
2026-03-04 01:13:00+00:00,9.723847504972127e-09,9.078549965124694e-07
2026-03-04 01:14:00+00:00,1.1730145743626963e-08,9.093004678106809e-07
2026-03-04 01:15:00+00:00,9.768212017036149e-09,9.068481858776067e-07
2026-03-04 01:16:00+00:00,1.1677736999615718e-08,8.986447141978715e-07
2026-03-04 01:17:00+00:00,1.0760443203139403e-08,8.915235980566649e-07
2026-03-04 01:18:00+00:00,1.047632025574785e-08,8.857576290211e-07
2026-03-04 01:19:00+00:00,7.061748075187779e-09,8.809321343505871e-07
2026-03-04 01:20:00+00:00,9.17039066905545e-09,8.743094213059521e-07
2026-03-04 01:21:00+00:00,9.550917390299674e-09,8.744025308260461e-07
2026-03-04 01:22:00+00:00,8.419725361363817e-09,8.758003104958334e-07
2026-03-04 01:23:00+00:00,9.46423650560746e-09,8.842009151521779e-07
2026-03-04 01:24:00+00:00,1.0217242163435003e-08,8.93428250492434e-07
2026-03-04 01:25:00+00:00,1.1915457953648456e-08,8.997538429866836e-07
2026-03-04 01:26:00+00:00,1.1527733434490983e-08,9.079909091269656e-07
2026-03-04 01:27:00+00:00,1.4570524342616409e-08,9.112416137213586e-07
2026-03-04 01:28:00+00:00,1.4423203076319169e-08,9.275953516407753e-07
2026-03-04 01:29:00+00:00,1.453029874198819e-08,9.431809075977071e-07
2026-03-04 01:30:00+00:00,1.6945747915997345e-08,9.677077059677686e-07
2026-03-04 01:31:00+00:00,2.229609918913411e-08,1.006488218990853e-06
2026-03-04 01:32:00+00:00,2.183159431012882e-08,1.0432464705445454e-06
2026-03-04 01:33:00+00:00,2.572472190820463e-08,1.0738033324741991e-06
2026-03-04 01:34:00+00:00,2.6387473539557504e-08,1.0920365411948296e-06
2026-03-04 01:35:00+00:00,2.7808727764977448e-08,1.1103570614068303e-06
2026-03-04 01:36:00+00:00,2.7077746267423208e-08,1.1163979252160061e-06
2026-03-04 01:37:00+00:00,2.9799110734529677e-08,1.1281849765509833e-06
2026-03-04 01:38:00+00:00,3.1302782588227274e-08,1.1413653737690765e-06
2026-03-04 01:39:00+00:00,3.032030448935075e-08,1.1530794381542364e-06
2026-03-04 01:40:00+00:00,2.7971459815034905e-08,1.16138528483134e-06
2026-03-04 01:41:00+00:00,3.0420181929002865e-08,1.1714689662767341e-06
2026-03-04 01:42:00+00:00,2.9237751775212928e-08,1.18257696613e-06
2026-03-04 01:43:00+00:00,3.1923224952379314e-08,1.1902400274266256e-06
2026-03-04 01:44:00+00:00,3.263938808117928e-08,1.2024747775285505e-06
2026-03-04 01:45:00+00:00,3.359784983558711e-08,1.2121042800572468e-06
2026-03-04 01:46:00+00:00,3.226059064331821e-08,1.2216262348374585e-06
2026-03-04 01:47:00+00:00,3.462456632519206e-08,1.231176383953425e-06
2026-03-04 01:48:00+00:00,3.4605580623292553e-08,1.2457195452952874e-06
2026-03-04 01:49:00+00:00,3.4393924153164335e-08,1.259444957213418e-06
2026-03-04 01:50:00+00:00,3.51179636481902e-08,1.2684798775808304e-06
2026-03-04 01:51:00+00:00,3.57392835326209e-08,1.2863399661000585e-06
2026-03-04 01:52:00+00:00,3.960670014180323e-08,1.312990775659273e-06
2026-03-04 01:53:00+00:00,3.803245007816258e-08,1.3236015092843445e-06
2026-03-04 01:54:00+00:00,3.751292965148423e-08,1.3410211749942391e-06
2026-03-04 01:55:00+00:00,3.863145181526306e-08,1.371427629237587e-06
2026-03-04 01:56:00+00:00,4.056466806900971e-08,1.4126434280115063e-06
2026-03-04 01:57:00+00:00,4.324892799445479e-08,1.429794338037027e-06
2026-03-04 01:58:00+00:00,4.14610816790173e-08,1.43364582072536e-06
2026-03-04 01:59:00+00:00,4.080148130469752e-08,1.4370436929311836e-06
2026-03-04 02:00:00+00:00,3.955712202241557e-08,1.4382069366547512e-06
2026-03-04 02:01:00+00:00,3.93325194636418e-08,1.4332347291201586e-06
2026-03-04 02:02:00+00:00,3.639081214146245e-08,1.4261952401284361e-06
2026-03-04 02:03:00+00:00,3.493027378453917e-08,1.4119764273345936e-06
2026-03-04 02:04:00+00:00,3.471280862754611e-08,1.3981730262457859e-06
2026-03-04 02:05:00+00:00,3.229846967656158e-08,1.385154178024095e-06
2026-03-04 02:06:00+00:00,3.268864290362217e-08,1.3687305226994795e-06
2026-03-04 02:07:00+00:00,3.112574376018529e-08,1.3556522162616602e-06
2026-03-04 02:08:00+00:00,2.8922535477704514e-08,1.3457990917231655e-06
2026-03-04 02:09:00+00:00,2.8716277356011233e-08,1.336911282123765e-06
2026-03-04 02:10:00+00:00,2.738251403400227e-08,1.3288718037074432e-06
2026-03-04 02:11:00+00:00,2.776260465964242e-08,1.3380650898398017e-06
2026-03-04 02:12:00+00:00,2.6525441398916882e-08,1.3270445151647436e-06
2026-03-04 02:13:00+00:00,2.750080518865161e-08,1.3141795989213279e-06
2026-03-04 02:14:00+00:00,2.648466690402529e-08,1.3125164741722983e-06
2026-03-04 02:15:00+00:00,2.6883284931500384e-08,1.3212187468525372e-06
2026-03-04 02:16:00+00:00,2.8930211115607563e-08,1.3471347983795567e-06
2026-03-04 02:17:00+00:00,3.3826793810476374e-08,1.3983832332087331e-06
2026-03-04 02:18:00+00:00,4.143756271446364e-08,1.4703896340506617e-06
2026-03-04 02:19:00+00:00,5.2856641730159026e-08,1.5620869362464873e-06
2026-03-04 02:20:00+00:00,6.349291226115383e-08,1.692211640147434e-06
2026-03-04 02:21:00+00:00,7.048296168932211e-08,1.7851270968094468e-06
2026-03-04 02:22:00+00:00,7.452486272541137e-08,1.8526484382164199e-06
2026-03-04 02:23:00+00:00,7.640817045739823e-08,1.882885385384725e-06
2026-03-04 02:24:00+00:00,7.567201265601398e-08,1.9032446516575874e-06
2026-03-04 02:25:00+00:00,7.497731502326133e-08,1.9123756374028744e-06
2026-03-04 02:26:00+00:00,7.219228592703075e-08,1.9030208022741135e-06
2026-03-04 02:27:00+00:00,6.826188325703697e-08,1.8925102267530747e-06
2026-03-04 02:28:00+00:00,6.457405987703169e-08,1.8828156953532016e-06
2026-03-04 02:29:00+00:00,6.286928311283191e-08,1.8646040871317382e-06
2026-03-04 02:30:00+00:00,5.877593522995994e-08,1.846833470153797e-06
2026-03-04 02:31:00+00:00,5.5393361009237196e-08,1.8283858480572235e-06
2026-03-04 02:32:00+00:00,5.7273712883443295e-08,1.8324319626117358e-06
2026-03-04 02:33:00+00:00,5.696012550515661e-08,1.8420977312416653e-06
2026-03-04 02:34:00+00:00,5.727533647359451e-08,1.8455547206031042e-06
2026-03-04 02:35:00+00:00,5.681755510522635e-08,1.8373460761722527e-06
2026-03-04 02:36:00+00:00,5.662322521970964e-08,1.820710963329475e-06
2026-03-04 02:37:00+00:00,5.424717741675522e-08,1.8109965367330005e-06
2026-03-04 02:38:00+00:00,5.244828926720402e-08,1.7989108300753287e-06
2026-03-04 02:39:00+00:00,5.109896861199559e-08,1.7878544440463884e-06
2026-03-04 02:40:00+00:00,5.184712037475947e-08,1.7809878727348405e-06
2026-03-04 02:41:00+00:00,4.862814506623181e-08,1.7768873021850595e-06
2026-03-04 02:42:00+00:00,4.937941611160568e-08,1.7768995803635335e-06
2026-03-04 02:43:00+00:00,4.922109297922361e-08,1.7762934021448018e-06
2026-03-04 02:44:00+00:00,4.90672356079358e-08,1.7734757875587093e-06
2026-03-04 02:45:00+00:00,4.7997197327731556e-08,1.7669464114078437e-06
2026-03-04 02:46:00+00:00,4.706682332766832e-08,1.7582233340363018e-06
2026-03-04 02:47:00+00:00,4.668518727157789e-08,1.7464652728449437e-06
2026-03-04 02:48:00+00:00,4.3583746389685984e-08,1.7304179209531867e-06
2026-03-04 02:49:00+00:00,4.305234568846572e-08,1.71398085058172e-06
2026-03-04 02:50:00+00:00,4.11000868894007e-08,1.6954468264884781e-06
2026-03-04 02:51:00+00:00,4.075847570561564e-08,1.678627654655429e-06
2026-03-04 02:52:00+00:00,3.610676557741499e-08,1.6614210380794248e-06
2026-03-04 02:53:00+00:00,3.5623735072931595e-08,1.635230660212983e-06
2026-03-04 02:54:00+00:00,3.493097722184757e-08,1.615780206520867e-06
2026-03-04 02:55:00+00:00,3.528311154354924e-08,1.5982150216586888e-06
2026-03-04 02:56:00+00:00,3.195416553580799e-08,1.5924308627290884e-06
2026-03-04 02:57:00+00:00,3.238199752786386e-08,1.5846916312511894e-06
2026-03-04 02:58:00+00:00,3.228352341011487e-08,1.5960617929522414e-06
2026-03-04 02:59:00+00:00,9.824141500303085e-08,2.0542272523016436e-06
2026-03-04 03:00:00+00:00,3.3930970744222577e-07,3.6088033539272146e-06
2026-03-04 03:01:00+00:00,3.80498960339537e-07,4.117777280043811e-06
2026-03-04 03:02:00+00:00,3.4406949112053553e-07,3.854311216855422e-06
2026-03-04 03:03:00+00:00,3.436747135765472e-07,3.6962353533454007e-06
2026-03-04 03:04:00+00:00,3.6149532434137654e-07,3.7014876852481393e-06
2026-03-04 03:05:00+00:00,3.769190186631022e-07,3.783872216445161e-06
2026-03-04 03:06:00+00:00,3.7408534581118147e-07,3.847620519081829e-06
2026-03-04 03:07:00+00:00,3.634570759913913e-07,3.888195351464674e-06
2026-03-04 03:08:00+00:00,3.4915484548037057e-07,3.911613930540625e-06
2026-03-04 03:09:00+00:00,3.2808085848046176e-07,3.933255356969312e-06
2026-03-04 03:10:00+00:00,3.120187557215104e-07,3.920997187378816e-06
2026-03-04 03:11:00+00:00,2.9685168101423187e-07,3.900666342815384e-06
2026-03-04 03:12:00+00:00,2.810480452808406e-07,3.884742454829393e-06
2026-03-04 03:13:00+00:00,2.6813859221874736e-07,3.856177954730811e-06
2026-03-04 03:14:00+00:00,2.5422144744879915e-07,3.819638550339732e-06
2026-03-04 03:15:00+00:00,2.4506488216502476e-07,3.780475253734039e-06
2026-03-04 03:16:00+00:00,2.3108763969048596e-07,3.7177173908276018e-06
2026-03-04 03:17:00+00:00,2.181664910949621e-07,3.660924448922742e-06
2026-03-04 03:18:00+00:00,2.0822129442876758e-07,3.5983291581942467e-06
2026-03-04 03:19:00+00:00,1.9889141356088658e-07,3.5319844755576923e-06
2026-03-04 03:20:00+00:00,1.8624000119871198e-07,3.4565400710562244e-06
2026-03-04 03:21:00+00:00,1.7490357606675389e-07,3.3818514566519298e-06
2026-03-04 03:22:00+00:00,1.6282812964618643e-07,3.2927468964771833e-06
2026-03-04 03:23:00+00:00,1.524756356729995e-07,3.1966330880095484e-06
2026-03-04 03:24:00+00:00,1.4212713494998752e-07,3.0983446777099743e-06
2026-03-04 03:25:00+00:00,1.333062300545862e-07,2.9963575798319653e-06
2026-03-04 03:26:00+00:00,1.2238398028330266e-07,2.8887882308481494e-06
2026-03-04 03:27:00+00:00,1.112036045469722e-07,2.7886417228728533e-06
2026-03-04 03:28:00+00:00,1.0237474867835772e-07,2.684171704459004e-06
2026-03-04 03:29:00+00:00,9.416004331797012e-08,2.5893461952364305e-06
2026-03-04 03:30:00+00:00,8.715427668448683e-08,2.5039421416295227e-06
2026-03-04 03:31:00+00:00,8.124857231450733e-08,2.4189030227717012e-06
2026-03-04 03:32:00+00:00,7.442267957458171e-08,2.341830168006709e-06
2026-03-04 03:33:00+00:00,6.979809086260502e-08,2.2677311335428385e-06
2026-03-04 03:34:00+00:00,6.500108895579615e-08,2.2018155050318455e-06
2026-03-04 03:35:00+00:00,5.938657920978585e-08,2.1397643195086857e-06
2026-03-04 03:36:00+00:00,5.8496027577348286e-08,2.0795228010683786e-06
2026-03-04 03:37:00+00:00,5.751174469992293e-08,2.024631612584926e-06
2026-03-04 03:38:00+00:00,5.264944746841138e-08,1.9758442704187473e-06
2026-03-04 03:39:00+00:00,4.97166432467111e-08,1.9236445041315164e-06
2026-03-04 03:40:00+00:00,4.617076854174229e-08,1.8705370621319162e-06
2026-03-04 03:41:00+00:00,4.428644473364329e-08,1.8248757669425686e-06
2026-03-04 03:42:00+00:00,3.946697191281601e-08,1.7792534663385595e-06
2026-03-04 03:43:00+00:00,3.837667961192892e-08,1.7378366692355485e-06
2026-03-04 03:44:00+00:00,3.654641744788023e-08,1.6932004882619367e-06
2026-03-04 03:45:00+00:00,3.458625386087988e-08,1.6497569959028624e-06
2026-03-04 03:46:00+00:00,3.472997889275575e-08,1.6105619806694449e-06
2026-03-04 03:47:00+00:00,3.213125410184148e-08,1.5706007161497837e-06
2026-03-04 03:48:00+00:00,2.828311984615084e-08,1.533034833300917e-06
2026-03-04 03:49:00+00:00,2.76421729950016e-08,1.4913324548615492e-06
2026-03-04 03:50:00+00:00,2.3654797232097735e-08,1.4520104514303966e-06
2026-03-04 03:51:00+00:00,2.338347826480458e-08,1.4116991451373906e-06
2026-03-04 03:52:00+00:00,2.14537276832516e-08,1.3751642882198212e-06
2026-03-04 03:53:00+00:00,2.0645495979465522e-08,1.3426176792563638e-06
2026-03-04 03:54:00+00:00,1.83080270943492e-08,1.3126280009601032e-06
2026-03-04 03:55:00+00:00,1.690483308891544e-08,1.2815586387660005e-06
2026-03-04 03:56:00+00:00,1.7124502704746192e-08,1.2520035852503497e-06
2026-03-04 03:57:00+00:00,1.515403447172048e-08,1.224788888976036e-06
2026-03-04 03:58:00+00:00,1.4552794525002355e-08,1.1955355603276985e-06
2026-03-04 03:59:00+00:00,1.363232904338929e-08,1.168052108369011e-06
2026-03-04 04:00:00+00:00,1.4426625227770273e-08,1.1446288681327133e-06
2026-03-04 04:01:00+00:00,1.4038045392794629e-08,1.1214442565687932e-06
2026-03-04 04:02:00+00:00,1.0978904896319364e-08,1.095104153137072e-06
2026-03-04 04:03:00+00:00,9.849151716423421e-09,1.0742445510913967e-06
2026-03-04 04:04:00+00:00,1.0443186759800938e-08,1.056507244356908e-06
2026-03-04 04:05:00+00:00,9.496618602611306e-09,1.0371134067099774e-06
2026-03-04 04:06:00+00:00,1.083186074168907e-08,1.0185066230405937e-06
2026-03-04 04:07:00+00:00,8.262274420189897e-09,1.0002888757298933e-06
2026-03-04 04:08:00+00:00,8.176421317784843e-09,9.82291680884373e-07
2026-03-04 04:09:00+00:00,8.417017305362151e-09,9.62415697358665e-07
2026-03-04 04:10:00+00:00,7.354290953998088e-09,9.461967920287861e-07
2026-03-04 04:11:00+00:00,6.522152595778152e-09,9.315985494140477e-07
2026-03-04 04:12:00+00:00,5.953552761894798e-09,9.179095741274068e-07
2026-03-04 04:13:00+00:00,6.669643060064345e-09,9.064275445780368e-07
2026-03-04 04:14:00+00:00,6.535700425303048e-09,8.931262982514454e-07
2026-03-04 04:15:00+00:00,5.1023509861636285e-09,8.870605938682274e-07
2026-03-04 04:16:00+00:00,4.979120227233125e-09,8.750479878472106e-07
2026-03-04 04:17:00+00:00,5.2263273708774705e-09,8.631626542410231e-07
2026-03-04 04:18:00+00:00,3.4384679548082886e-09,8.518488812114811e-07
2026-03-04 04:19:00+00:00,3.6111020840223773e-09,8.396402222388133e-07
2026-03-04 04:20:00+00:00,3.7856424661697474e-09,8.281559189526888e-07
2026-03-04 04:21:00+00:00,2.1452672971378206e-09,8.173450396498083e-07
2026-03-04 04:22:00+00:00,4.013061438712384e-09,8.073408253039815e-07
2026-03-04 04:23:00+00:00,4.54336124278143e-09,7.980701752785535e-07
2026-03-04 04:24:00+00:00,3.3271150279290396e-09,7.875281085034658e-07
2026-03-04 04:25:00+00:00,3.4039633334259634e-09,7.758655442557938e-07
2026-03-04 04:26:00+00:00,4.1289922592113726e-09,7.720904591224098e-07
2026-03-04 04:27:00+00:00,3.2206797229150652e-09,7.617242658852774e-07
2026-03-04 04:28:00+00:00,2.1743409295282845e-09,7.533320740549243e-07
2026-03-04 04:29:00+00:00,1.373158253770157e-09,7.442655487466254e-07
2026-03-04 04:30:00+00:00,3.14198467243898e-09,7.352973625529557e-07
2026-03-04 04:31:00+00:00,2.5607185261122822e-09,7.266731358868128e-07
2026-03-04 04:32:00+00:00,2.3641177904210053e-09,7.196650244623015e-07
2026-03-04 04:33:00+00:00,2.917155406123584e-09,7.117365612430149e-07
2026-03-04 04:34:00+00:00,2.345153626848173e-09,7.080292903083318e-07
2026-03-04 04:35:00+00:00,3.470398191041113e-09,7.063590032885259e-07
2026-03-04 04:36:00+00:00,2.856624492508786e-09,6.982472200434131e-07
2026-03-04 04:37:00+00:00,2.217819483618655e-09,6.949949806767108e-07
2026-03-04 04:38:00+00:00,9.999999717180685e-10,6.868527862025076e-07
2026-03-04 04:39:00+00:00,1.441065378138262e-09,6.834471832917188e-07
2026-03-04 04:40:00+00:00,1.0861659349714614e-09,6.777487442377605e-07
2026-03-04 04:41:00+00:00,9.999999717180685e-10,6.711545097459748e-07
2026-03-04 04:42:00+00:00,9.999999717180685e-10,6.645984171882446e-07
2026-03-04 04:43:00+00:00,1.1742244954149328e-09,6.59022646232188e-07
2026-03-04 04:44:00+00:00,9.999999717180685e-10,6.523524120893853e-07
2026-03-04 04:45:00+00:00,9.999999717180685e-10,6.465464252869424e-07
2026-03-04 04:46:00+00:00,1.3552492461599286e-09,6.452872298723378e-07
2026-03-04 04:47:00+00:00,1.5540071451880522e-09,6.371524250425864e-07
2026-03-04 04:48:00+00:00,1.920193559712402e-09,6.339581659631222e-07
2026-03-04 04:49:00+00:00,1.219614187419893e-09,6.326099537545815e-07
2026-03-04 04:50:00+00:00,2.178844438205374e-09,6.267296726036875e-07
2026-03-04 04:51:00+00:00,1.1150036449691925e-09,6.218230055310414e-07
2026-03-04 04:52:00+00:00,9.999999717180685e-10,6.141647190816002e-07
2026-03-04 04:53:00+00:00,9.999999717180685e-10,6.090945134928916e-07
2026-03-04 04:54:00+00:00,9.999999717180685e-10,6.057525183678081e-07
2026-03-04 04:55:00+00:00,9.999999717180685e-10,6.022264074090344e-07
2026-03-04 04:56:00+00:00,9.999999717180685e-10,5.986872224639228e-07
2026-03-04 04:57:00+00:00,9.999999717180685e-10,5.977839805382246e-07
2026-03-04 04:58:00+00:00,9.999999717180685e-10,5.944775125499291e-07
2026-03-04 04:59:00+00:00,9.999999717180685e-10,5.933914053457556e-07
2026-03-04 05:00:00+00:00,9.999999717180685e-10,5.909971036999195e-07
2026-03-04 05:01:00+00:00,9.999999717180685e-10,5.868774337614013e-07
2026-03-04 05:02:00+00:00,9.999999717180685e-10,5.874896942259511e-07
2026-03-04 05:03:00+00:00,9.999999717180685e-10,5.835215688421158e-07
2026-03-04 05:04:00+00:00,9.999999717180685e-10,5.82496056722448e-07
2026-03-04 05:05:00+00:00,9.999999717180685e-10,5.791208650407498e-07
2026-03-04 05:06:00+00:00,9.999999717180685e-10,5.773201223746582e-07
2026-03-04 05:07:00+00:00,9.999999717180685e-10,5.775071372227103e-07
2026-03-04 05:08:00+00:00,9.999999717180685e-10,5.770344273514638e-07
2026-03-04 05:09:00+00:00,9.999999717180685e-10,5.801260840598843e-07
2026-03-04 05:10:00+00:00,9.999999717180685e-10,5.840149697178276e-07
2026-03-04 05:11:00+00:00,9.999999717180685e-10,5.886591907255934e-07
2026-03-04 05:12:00+00:00,9.999999717180685e-10,5.896187076359638e-07
2026-03-04 05:13:00+00:00,1.0227996227740732e-09,5.891961905035714e-07
2026-03-04 05:14:00+00:00,9.999999717180685e-10,5.884087386220926e-07
2026-03-04 05:15:00+00:00,9.999999717180685e-10,5.897937285226362e-07
2026-03-04 05:16:00+00:00,9.999999717180685e-10,5.891336058994057e-07
2026-03-04 05:17:00+00:00,9.999999717180685e-10,5.847249440193991e-07
2026-03-04 05:18:00+00:00,9.999999717180685e-10,5.83814710353181e-07
2026-03-04 05:19:00+00:00,9.999999717180685e-10,5.824202844451065e-07
2026-03-04 05:20:00+00:00,1.768272417379535e-09,5.844740940119664e-07
2026-03-04 05:21:00+00:00,2.487686057150995e-09,5.810077823298343e-07
2026-03-04 05:22:00+00:00,1.0272922512655214e-09,5.787991312899976e-07
2026-03-04 05:23:00+00:00,2.5770188205598288e-09,5.782233643003565e-07
2026-03-04 05:24:00+00:00,1.5908002692910372e-09,5.782928269582044e-07
2026-03-04 05:25:00+00:00,1.7965345877613004e-09,5.764520665252348e-07
2026-03-04 05:26:00+00:00,1.5155338095595994e-09,5.765081709796505e-07
2026-03-04 05:27:00+00:00,2.71148192787507e-09,5.744560667153564e-07
2026-03-04 05:28:00+00:00,2.079148631040084e-09,5.768943083239719e-07
2026-03-04 05:29:00+00:00,1.8470935891912177e-09,5.753586833634472e-07
2026-03-04 05:30:00+00:00,2.1658932425339117e-09,5.725406140300038e-07
2026-03-04 05:31:00+00:00,2.6588256041293334e-09,5.705136914002651e-07
2026-03-04 05:32:00+00:00,1.8149264313649383e-09,5.658229724758712e-07
2026-03-04 05:33:00+00:00,1.8678740776323366e-09,5.642825158247433e-07
2026-03-04 05:34:00+00:00,4.0301175729950955e-09,5.624289656225301e-07
2026-03-04 05:35:00+00:00,2.3175281693710303e-09,5.570688585976313e-07
2026-03-04 05:36:00+00:00,3.1097844299665667e-09,5.575103045885044e-07
2026-03-04 05:37:00+00:00,5.191717722397016e-09,5.513977043847262e-07
2026-03-04 05:38:00+00:00,6.097725879783411e-09,5.48115622223122e-07
2026-03-04 05:39:00+00:00,6.561722720732632e-09,5.519238470697019e-07
2026-03-04 05:40:00+00:00,5.57078871921135e-09,5.511901690624654e-07
2026-03-04 05:41:00+00:00,7.081722319668415e-09,5.482178835336526e-07
2026-03-04 05:42:00+00:00,4.982803059050411e-09,5.450797857520229e-07
2026-03-04 05:43:00+00:00,4.891487215274992e-09,5.420735647021502e-07
2026-03-04 05:44:00+00:00,5.687473603188664e-09,5.417205102276057e-07
2026-03-04 05:45:00+00:00,5.177229311925657e-09,5.402075657912064e-07
2026-03-04 05:46:00+00:00,3.534693426843205e-09,5.364657909012749e-07
2026-03-04 05:47:00+00:00,4.14253431557654e-09,5.376462581807573e-07
2026-03-04 05:48:00+00:00,4.150558119420111e-09,5.337947186490055e-07
2026-03-04 05:49:00+00:00,3.5406340082033694e-09,5.314490181262954e-07
2026-03-04 05:50:00+00:00,2.337035232002904e-09,5.304210048961977e-07
2026-03-04 05:51:00+00:00,2.4115309749106473e-09,5.281469270812522e-07
2026-03-04 05:52:00+00:00,4.268645437122132e-09,5.30846421042952e-07
2026-03-04 05:53:00+00:00,2.824165568071635e-09,5.317230034052045e-07
2026-03-04 05:54:00+00:00,3.2029754404305777e-09,5.353606411517831e-07
2026-03-04 05:55:00+00:00,3.5368981077255057e-09,5.381072014642996e-07
2026-03-04 05:56:00+00:00,2.475800453538568e-09,5.365656079447945e-07
2026-03-04 05:57:00+00:00,2.1535138117201313e-09,5.37371533937403e-07
2026-03-04 05:58:00+00:00,1.5329832958599354e-09,5.334124466571666e-07
2026-03-04 05:59:00+00:00,1.5838728106842836e-09,5.328217866917839e-07
2026-03-04 06:00:00+00:00,2.385482700262287e-09,5.303005536916316e-07
2026-03-04 06:01:00+00:00,9.999999717180685e-10,5.303629677655408e-07
2026-03-04 06:02:00+00:00,1.92188820413719e-09,5.320342779668863e-07
2026-03-04 06:03:00+00:00,1.3378518293194475e-09,5.317318141351279e-07
2026-03-04 06:04:00+00:00,2.2543868993807337e-09,5.321836624716525e-07
2026-03-04 06:05:00+00:00,3.949065074948521e-09,5.301581040839665e-07
2026-03-04 06:06:00+00:00,5.1575712589624345e-09,5.309426001076645e-07
2026-03-04 06:07:00+00:00,4.176706536185293e-09,5.291195179779606e-07
2026-03-04 06:08:00+00:00,3.1872215977557516e-09,5.27636132119369e-07
2026-03-04 06:09:00+00:00,3.8809955249519135e-09,5.259318527350842e-07
2026-03-04 06:10:00+00:00,2.020919209755334e-09,5.260065449874674e-07
2026-03-04 06:11:00+00:00,2.49429077392449e-09,5.251700940789306e-07
2026-03-04 06:12:00+00:00,2.3527089165753523e-09,5.240263476480322e-07
2026-03-04 06:13:00+00:00,3.6484200105491027e-09,5.237022264736879e-07
2026-03-04 06:14:00+00:00,2.5911184309279633e-09,5.262294280328206e-07
2026-03-04 06:15:00+00:00,2.395659448595211e-09,5.267864935376565e-07
2026-03-04 06:16:00+00:00,3.1974825009939423e-09,5.265823688205273e-07
2026-03-04 06:17:00+00:00,3.1152609381024376e-09,5.254521511233179e-07
2026-03-04 06:18:00+00:00,1.0445297959904565e-09,5.262915010462166e-07
2026-03-04 06:19:00+00:00,1.991366849196652e-09,5.262011200102279e-07
2026-03-04 06:20:00+00:00,2.1963555418835767e-09,5.280087975734205e-07
2026-03-04 06:21:00+00:00,2.7600339791433726e-09,5.303630814523785e-07
2026-03-04 06:22:00+00:00,1.9577741650067537e-09,5.311904942573165e-07
2026-03-04 06:23:00+00:00,1.2575204211273672e-09,5.322047513800499e-07
2026-03-04 06:24:00+00:00,2.4547790467011055e-09,5.319255933500244e-07
2026-03-04 06:25:00+00:00,2.944201771271082e-09,5.316010174283292e-07
2026-03-04 06:26:00+00:00,3.840947115918425e-09,5.302370027493453e-07
2026-03-04 06:27:00+00:00,3.340172138877051e-09,5.276178285384958e-07
2026-03-04 06:28:00+00:00,4.610670956139984e-09,5.317685918271309e-07
2026-03-04 06:29:00+00:00,4.054403035524956e-09,5.305873287397844e-07
2026-03-04 06:30:00+00:00,4.511747420110623e-09,5.314943223311275e-07
2026-03-04 06:31:00+00:00,5.3770192742774725e-09,5.319744786902447e-07
2026-03-04 06:32:00+00:00,3.602587339557317e-09,5.305493004925665e-07
2026-03-04 06:33:00+00:00,2.943988830494959e-09,5.328023462425335e-07
2026-03-04 06:34:00+00:00,2.9074025409414617e-09,5.351008667275892e-07
2026-03-04 06:35:00+00:00,2.6044759682264385e-09,5.36992160959926e-07
2026-03-04 06:36:00+00:00,1.698802432059665e-09,5.389400143940293e-07
2026-03-04 06:37:00+00:00,2.28740737462374e-09,5.408579113463929e-07
2026-03-04 06:38:00+00:00,1.4645192836226784e-09,5.397817517405201e-07
2026-03-04 06:39:00+00:00,2.9056759220935646e-09,5.487874545906379e-07
2026-03-04 06:40:00+00:00,2.6420856613640353e-09,5.522397259483114e-07
2026-03-04 06:41:00+00:00,3.783008128976917e-09,5.468377821671311e-07
2026-03-04 06:42:00+00:00,2.229879170201343e-09,5.461051273414341e-07
2026-03-04 06:43:00+00:00,2.6908821837423602e-09,5.499020971910795e-07
2026-03-04 06:44:00+00:00,3.971788675727339e-09,5.559891746997891e-07
2026-03-04 06:45:00+00:00,3.7491467708150594e-09,5.557762392527366e-07
2026-03-04 06:46:00+00:00,2.6716331369414092e-09,5.547729529098433e-07
2026-03-04 06:47:00+00:00,3.108939328200222e-09,5.566218987951288e-07
2026-03-04 06:48:00+00:00,4.088133387369908e-09,5.747877480644092e-07
2026-03-04 06:49:00+00:00,5.5689519662394105e-09,6.038141009412357e-07
2026-03-04 06:50:00+00:00,2.865222725745298e-09,5.659027237925329e-07
2026-03-04 06:51:00+00:00,3.394454495264654e-09,5.591099920820852e-07
2026-03-04 06:52:00+00:00,3.1899649588496004e-09,5.581991899816785e-07
2026-03-04 06:53:00+00:00,1.4115860702546001e-09,5.573157864091627e-07
2026-03-04 06:54:00+00:00,9.999999717180685e-10,5.559928126785962e-07
2026-03-04 06:55:00+00:00,1.364031221307016e-09,5.56257134576299e-07
2026-03-04 06:56:00+00:00,1.5507949369109042e-09,5.515258294508385e-07
2026-03-04 06:57:00+00:00,9.999999717180685e-10,5.519206638382457e-07
2026-03-04 06:58:00+00:00,1.2840112306733431e-09,5.553736173169455e-07
2026-03-04 06:59:00+00:00,1.258835813366943e-09,5.590677574218716e-07
2026-03-04 07:00:00+00:00,1.5471927072852054e-09,5.69989765608625e-07
2026-03-04 07:01:00+00:00,1.5138359454880401e-09,5.881771016902348e-07
2026-03-04 07:02:00+00:00,1.6530088409183463e-09,5.889982048756792e-07
2026-03-04 07:03:00+00:00,1.185469944431361e-09,5.818927206746594e-07
2026-03-04 07:04:00+00:00,1.6526463531008062e-09,5.72200747228635e-07
2026-03-04 07:05:00+00:00,1.5212137105535817e-09,5.619416469926364e-07
2026-03-04 07:06:00+00:00,1.6497035959517348e-09,5.59837417313247e-07
2026-03-04 07:07:00+00:00,9.999999717180685e-10,5.551970048145449e-07
2026-03-04 07:08:00+00:00,9.999999717180685e-10,5.527501230062626e-07
2026-03-04 07:09:00+00:00,9.999999717180685e-10,5.49131300431327e-07
2026-03-04 07:10:00+00:00,1.3044169078213486e-09,5.521186494661379e-07
2026-03-04 07:11:00+00:00,9.999999717180685e-10,5.53314350781875e-07
2026-03-04 07:12:00+00:00,1.2654967074254841e-09,5.518088528333465e-07
2026-03-04 07:13:00+00:00,9.999999717180685e-10,5.485502470037318e-07
2026-03-04 07:14:00+00:00,9.999999717180685e-10,5.510095775207446e-07
2026-03-04 07:15:00+00:00,1.372603031235542e-09,5.48241814612993e-07
2026-03-04 07:16:00+00:00,9.999999717180685e-10,5.477286322275177e-07
2026-03-04 07:17:00+00:00,9.999999717180685e-10,5.48107891518157e-07
2026-03-04 07:18:00+00:00,9.999999717180685e-10,5.428652798400435e-07
2026-03-04 07:19:00+00:00,9.999999717180685e-10,5.413767780737544e-07
2026-03-04 07:20:00+00:00,9.999999717180685e-10,5.418115733846207e-07
2026-03-04 07:21:00+00:00,9.999999717180685e-10,5.425079052656656e-07
2026-03-04 07:22:00+00:00,9.999999717180685e-10,5.40173857643822e-07
2026-03-04 07:23:00+00:00,9.999999717180685e-10,5.390962201090588e-07
2026-03-04 07:24:00+00:00,9.999999717180685e-10,5.396769893195597e-07
2026-03-04 07:25:00+00:00,9.999999717180685e-10,5.406263881013729e-07
2026-03-04 07:26:00+00:00,9.999999717180685e-10,5.409340815276664e-07
2026-03-04 07:27:00+00:00,9.999999717180685e-10,5.450680760077375e-07
2026-03-04 07:28:00+00:00,9.999999717180685e-10,5.502480462382664e-07
2026-03-04 07:29:00+00:00,9.999999717180685e-10,5.523108939087251e-07
2026-03-04 07:30:00+00:00,9.999999717180685e-10,5.510567007149803e-07
2026-03-04 07:31:00+00:00,9.999999717180685e-10,5.479749347614415e-07
2026-03-04 07:32:00+00:00,9.999999717180685e-10,5.475640705299156e-07
2026-03-04 07:33:00+00:00,9.999999717180685e-10,5.496636958923773e-07
2026-03-04 07:34:00+00:00,9.999999717180685e-10,5.492677246365929e-07
2026-03-04 07:35:00+00:00,9.999999717180685e-10,5.478194680108572e-07
2026-03-04 07:36:00+00:00,9.999999717180685e-10,5.453972562463605e-07
2026-03-04 07:37:00+00:00,9.999999717180685e-10,5.437816525954986e-07
2026-03-04 07:38:00+00:00,9.999999717180685e-10,5.42044233498018e-07
2026-03-04 07:39:00+00:00,9.999999717180685e-10,5.405555043580534e-07
2026-03-04 07:40:00+00:00,9.999999717180685e-10,5.394287541093945e-07
2026-03-04 07:41:00+00:00,9.999999717180685e-10,5.413065764514613e-07
2026-03-04 07:42:00+00:00,9.999999717180685e-10,5.375453611122794e-07
2026-03-04 07:43:00+00:00,9.999999717180685e-10,5.375946443564317e-07
2026-03-04 07:44:00+00:00,9.999999717180685e-10,5.366799200601235e-07
2026-03-04 07:45:00+00:00,9.999999717180685e-10,5.352229663913022e-07
2026-03-04 07:46:00+00:00,9.999999717180685e-10,5.368883080336673e-07
2026-03-04 07:47:00+00:00,9.999999717180685e-10,5.376441549742594e-07
2026-03-04 07:48:00+00:00,9.999999717180685e-10,5.442349788609135e-07
2026-03-04 07:49:00+00:00,9.999999717180685e-10,5.439858341560466e-07
2026-03-04 07:50:00+00:00,3.990219710203746e-09,5.865821890438383e-07
2026-03-04 07:51:00+00:00,1.7351617920269291e-09,5.70102884012158e-07
2026-03-04 07:52:00+00:00,9.999999717180685e-10,5.49317917375447e-07
2026-03-04 07:53:00+00:00,9.999999717180685e-10,5.466913535201456e-07
2026-03-04 07:54:00+00:00,9.999999717180685e-10,5.460432248582947e-07
2026-03-04 07:55:00+00:00,9.999999717180685e-10,5.413515395957802e-07
2026-03-04 07:56:00+00:00,9.999999717180685e-10,5.412192649600911e-07
2026-03-04 07:57:00+00:00,1.3926420017185137e-09,5.412567247731204e-07
2026-03-04 07:58:00+00:00,2.0198007710803267e-09,5.411395136434294e-07
2026-03-04 07:59:00+00:00,2.0383243981569876e-09,5.413334633885825e-07
2026-03-04 08:00:00+00:00,1.252436820919911e-09,5.412882160271693e-07
2026-03-04 08:01:00+00:00,9.999999717180685e-10,5.417076067715243e-07
2026-03-04 08:02:00+00:00,9.999999717180685e-10,5.404377816375927e-07
2026-03-04 08:03:00+00:00,9.999999717180685e-10,5.378192895477696e-07
2026-03-04 08:04:00+00:00,9.999999717180685e-10,5.364163939702848e-07
2026-03-04 08:05:00+00:00,9.999999717180685e-10,5.354395398171619e-07
2026-03-04 08:06:00+00:00,9.999999717180685e-10,5.334368324838579e-07
2026-03-04 08:07:00+00:00,9.999999717180685e-10,5.334039769877563e-07
2026-03-04 08:08:00+00:00,9.999999717180685e-10,5.316895226314955e-07
2026-03-04 08:09:00+00:00,9.999999717180685e-10,5.337041670827603e-07
2026-03-04 08:10:00+00:00,9.999999717180685e-10,5.367963922253693e-07
2026-03-04 08:11:00+00:00,9.999999717180685e-10,5.325845222614589e-07
2026-03-04 08:12:00+00:00,9.999999717180685e-10,5.30701868228789e-07
2026-03-04 08:13:00+00:00,9.999999717180685e-10,5.310207029651792e-07
2026-03-04 08:14:00+00:00,9.999999717180685e-10,5.299964982441452e-07
2026-03-04 08:15:00+00:00,9.999999717180685e-10,5.291725528877578e-07
2026-03-04 08:16:00+00:00,9.999999717180685e-10,5.261221076580114e-07
2026-03-04 08:17:00+00:00,9.999999717180685e-10,5.281495418785198e-07
2026-03-04 08:18:00+00:00,9.999999717180685e-10,5.295188429954578e-07
2026-03-04 08:19:00+00:00,9.999999717180685e-10,5.306700359142269e-07
2026-03-04 08:20:00+00:00,9.999999717180685e-10,5.342228632798651e-07
2026-03-04 08:21:00+00:00,1.0438004904855802e-09,5.356958467928052e-07
2026-03-04 08:22:00+00:00,9.999999717180685e-10,5.3546807521343e-07
2026-03-04 08:23:00+00:00,9.999999717180685e-10,5.360179784474894e-07
2026-03-04 08:24:00+00:00,9.999999717180685e-10,5.384192718338454e-07
2026-03-04 08:25:00+00:00,9.999999717180685e-10,5.350477181309543e-07
2026-03-04 08:26:00+00:00,9.999999717180685e-10,5.348326794774039e-07
2026-03-04 08:27:00+00:00,9.999999717180685e-10,5.36327718236862e-07
2026-03-04 08:28:00+00:00,9.999999717180685e-10,5.396137225943676e-07
2026-03-04 08:29:00+00:00,9.999999717180685e-10,5.386996804190858e-07
2026-03-04 08:30:00+00:00,9.999999717180685e-10,5.379411618378072e-07
2026-03-04 08:31:00+00:00,9.999999717180685e-10,5.375347882363712e-07
2026-03-04 08:32:00+00:00,9.999999717180685e-10,5.376566605264088e-07
2026-03-04 08:33:00+00:00,9.999999717180685e-10,5.370884537114762e-07
2026-03-04 08:34:00+00:00,9.999999717180685e-10,5.346956299945305e-07
2026-03-04 08:35:00+00:00,9.999999717180685e-10,5.342165536603716e-07
2026-03-04 08:36:00+00:00,9.999999717180685e-10,5.328789711711579e-07
2026-03-04 08:37:00+00:00,9.999999717180685e-10,5.319229785527568e-07
2026-03-04 08:38:00+00:00,9.999999717180685e-10,5.338210939953569e-07
2026-03-04 08:39:00+00:00,9.999999717180685e-10,5.322364131643553e-07
2026-03-04 08:40:00+00:00,9.999999717180685e-10,5.330580279405694e-07
2026-03-04 08:41:00+00:00,9.999999717180685e-10,5.316543365552207e-07
2026-03-04 08:42:00+00:00,9.999999717180685e-10,5.298648488860636e-07
2026-03-04 08:43:00+00:00,9.999999717180685e-10,5.28790621956432e-07
2026-03-04 08:44:00+00:00,9.999999717180685e-10,5.277106538414955e-07
2026-03-04 08:45:00+00:00,9.999999717180685e-10,5.28611735717277e-07
2026-03-04 08:46:00+00:00,9.999999717180685e-10,5.27658585269819e-07
2026-03-04 08:47:00+00:00,9.999999717180685e-10,5.280962795950472e-07
2026-03-04 08:48:00+00:00,9.999999717180685e-10,5.271385816740803e-07
2026-03-04 08:49:00+00:00,9.999999717180685e-10,5.254274810795323e-07
2026-03-04 08:50:00+00:00,9.999999717180685e-10,5.272161160974065e-07
2026-03-04 08:51:00+00:00,9.999999717180685e-10,5.262170930109278e-07
2026-03-04 08:52:00+00:00,9.999999717180685e-10,5.25187488165102e-07
2026-03-04 08:53:00+00:00,9.999999717180685e-10,5.126101996211219e-07
2026-03-04 08:54:00+00:00,9.999999717180685e-10,3.521712699239288e-07
2026-03-04 08:55:00+00:00,9.999999717180685e-10,5.587529017248016e-08
2026-03-04 08:56:00+00:00,9.999999717180685e-10,1.2490222189853739e-08
2026-03-04 08:57:00+00:00,9.999999717180685e-10,1.2356490053377911e-08
2026-03-04 08:58:00+00:00,0.0,0.0
2026-03-04 08:59:00+00:00,0.0,0.0
2026-03-04 09:00:00+00:00,0.0,0.0
2026-03-04 09:01:00+00:00,0.0,0.0
2026-03-04 09:02:00+00:00,0.0,0.0
2026-03-04 09:03:00+00:00,0.0,0.0
2026-03-04 09:04:00+00:00,0.0,0.0
2026-03-04 09:05:00+00:00,0.0,0.0
2026-03-04 09:06:00+00:00,0.0,0.0
2026-03-04 09:07:00+00:00,0.0,0.0
2026-03-04 09:08:00+00:00,0.0,0.0
2026-03-04 09:09:00+00:00,0.0,0.0
2026-03-04 09:10:00+00:00,0.0,0.0
2026-03-04 09:11:00+00:00,0.0,0.0
2026-03-04 09:12:00+00:00,0.0,0.0
2026-03-04 09:13:00+00:00,0.0,0.0
2026-03-04 09:14:00+00:00,0.0,0.0
2026-03-04 09:15:00+00:00,0.0,0.0
2026-03-04 09:16:00+00:00,0.0,0.0
2026-03-04 09:17:00+00:00,0.0,0.0
2026-03-04 09:18:00+00:00,0.0,0.0
2026-03-04 09:19:00+00:00,0.0,0.0
2026-03-04 09:20:00+00:00,0.0,0.0
2026-03-04 09:21:00+00:00,0.0,0.0
2026-03-04 09:22:00+00:00,0.0,0.0
2026-03-04 09:23:00+00:00,0.0,0.0
2026-03-04 09:24:00+00:00,0.0,0.0
2026-03-04 09:25:00+00:00,0.0,0.0
2026-03-04 09:26:00+00:00,0.0,0.0
2026-03-04 09:27:00+00:00,0.0,0.0
2026-03-04 09:28:00+00:00,0.0,0.0
2026-03-04 09:29:00+00:00,0.0,0.0
2026-03-04 09:30:00+00:00,0.0,0.0
2026-03-04 09:31:00+00:00,0.0,0.0
2026-03-04 09:32:00+00:00,0.0,0.0
2026-03-04 09:33:00+00:00,0.0,0.0
2026-03-04 09:34:00+00:00,0.0,0.0
2026-03-04 09:35:00+00:00,0.0,0.0
2026-03-04 09:36:00+00:00,0.0,0.0
2026-03-04 09:37:00+00:00,0.0,0.0
2026-03-04 09:38:00+00:00,0.0,0.0
2026-03-04 09:39:00+00:00,0.0,0.0
2026-03-04 09:40:00+00:00,0.0,0.0
2026-03-04 09:41:00+00:00,9.999999717180685e-10,1.630718848844026e-08
2026-03-04 09:42:00+00:00,9.999999717180685e-10,2.1338298239470532e-08
2026-03-04 09:43:00+00:00,9.999999717180685e-10,7.435040316750019e-08
2026-03-04 09:44:00+00:00,9.999999717180685e-10,1.8534210255438666e-07
2026-03-04 09:45:00+00:00,9.999999717180685e-10,4.1113142401627556e-07
2026-03-04 09:46:00+00:00,9.999999717180685e-10,5.425735594144498e-07
2026-03-04 09:47:00+00:00,9.999999717180685e-10,5.481584253175242e-07
2026-03-04 09:48:00+00:00,9.999999717180685e-10,5.493163826031378e-07
2026-03-04 09:49:00+00:00,1.9731118960919503e-09,5.502231488208054e-07
2026-03-04 09:50:00+00:00,1.2275306326969826e-09,5.58470162559388e-07
2026-03-04 09:51:00+00:00,1.1734822003006684e-09,5.510447635970195e-07
2026-03-04 09:52:00+00:00,9.999999717180685e-10,5.521110892914294e-07
2026-03-04 09:53:00+00:00,9.999999717180685e-10,5.534243427973706e-07
2026-03-04 09:54:00+00:00,9.999999717180685e-10,5.592454499492305e-07
2026-03-04 09:55:00+00:00,9.999999717180685e-10,5.594421281784889e-07
2026-03-04 09:56:00+00:00,9.999999717180685e-10,5.596710934696603e-07
2026-03-04 09:57:00+00:00,9.999999717180685e-10,5.595346124209755e-07
2026-03-04 09:58:00+00:00,9.999999717180685e-10,5.637002686853521e-07
2026-03-04 09:59:00+00:00,9.999999717180685e-10,5.658439476974308e-07
2026-03-04 10:00:00+00:00,1.6498767907435763e-09,5.673886107615544e-07
2026-03-04 10:01:00+00:00,9.999999717180685e-10,5.695740696864959e-07
2026-03-04 10:02:00+00:00,9.999999717180685e-10,5.770631901214074e-07
2026-03-04 10:03:00+00:00,9.999999717180685e-10,5.831490739183209e-07
2026-03-04 10:04:00+00:00,9.999999717180685e-10,5.835527190356515e-07
2026-03-04 10:05:00+00:00,9.999999717180685e-10,5.830764280290168e-07
2026-03-04 10:06:00+00:00,2.0831547598021416e-09,5.848238515682169e-07
2026-03-04 10:07:00+00:00,9.999999717180685e-10,5.851427999914449e-07
2026-03-04 10:08:00+00:00,2.3281365724159286e-09,5.854536766491947e-07
2026-03-04 10:09:00+00:00,9.999999717180685e-10,5.825243079016218e-07
2026-03-04 10:10:00+00:00,9.999999717180685e-10,5.838576839778398e-07
2026-03-04 10:11:00+00:00,9.999999717180685e-10,5.870998620594037e-07
2026-03-04 10:12:00+00:00,9.999999717180685e-10,5.87160968734679e-07
2026-03-04 10:13:00+00:00,1.2610850141925312e-09,5.880877438357857e-07
2026-03-04 10:14:00+00:00,9.999999717180685e-10,5.896822017348313e-07
2026-03-04 10:15:00+00:00,1.7792647355463487e-09,5.897686605749186e-07
2026-03-04 10:16:00+00:00,3.675333370978251e-09,5.979960064905754e-07
2026-03-04 10:17:00+00:00,2.804306120651745e-09,5.989072064949141e-07
2026-03-04 10:18:00+00:00,1.9819812457910757e-09,5.998289225317421e-07
2026-03-04 10:19:00+00:00,1.9412564888909856e-09,5.959726081528061e-07
2026-03-04 10:20:00+00:00,9.999999717180685e-10,5.922059926888323e-07
2026-03-04 10:21:00+00:00,1.1922661746766039e-09,5.917952421441441e-07
2026-03-04 10:22:00+00:00,1.277915884223546e-09,5.926598873884359e-07
2026-03-04 10:23:00+00:00,9.999999717180685e-10,5.931946134296595e-07
2026-03-04 10:24:00+00:00,9.999999717180685e-10,5.936008165008388e-07
2026-03-04 10:25:00+00:00,9.999999717180685e-10,5.907539843974519e-07
2026-03-04 10:26:00+00:00,1.4658505520515064e-09,5.893298293813132e-07
2026-03-04 10:27:00+00:00,9.999999717180685e-10,5.87862189149746e-07
2026-03-04 10:28:00+00:00,9.999999717180685e-10,5.908697175982525e-07
2026-03-04 10:29:00+00:00,1.1902310248501635e-09,5.893595584893774e-07
2026-03-04 10:30:00+00:00,1.2846304020541766e-09,5.855280278410646e-07
2026-03-04 10:31:00+00:00,1.2503996726920263e-09,5.845994905939733e-07
2026-03-04 10:32:00+00:00,2.1629553703661486e-09,5.808062724099727e-07
2026-03-04 10:33:00+00:00,3.3576035285420858e-09,5.815311396872858e-07
2026-03-04 10:34:00+00:00,1.3644337881757451e-09,5.791438297819695e-07
2026-03-04 10:35:00+00:00,1.740422472806813e-09,5.768389996774204e-07
2026-03-04 10:36:00+00:00,2.045905889147548e-09,5.777818046226457e-07
2026-03-04 10:37:00+00:00,1.6195189633805285e-09,5.786034193988598e-07
2026-03-04 10:38:00+00:00,2.1071746569845118e-09,5.762757950833475e-07
2026-03-04 10:39:00+00:00,1.8184416195055064e-09,5.738986033065885e-07
2026-03-04 10:40:00+00:00,1.2874821209152287e-09,5.707315722247586e-07
2026-03-04 10:41:00+00:00,2.748324678947256e-09,5.702144107999629e-07
2026-03-04 10:42:00+00:00,2.810780497242149e-09,5.674197041116713e-07
2026-03-04 10:43:00+00:00,3.2737190736042976e-09,5.649964123222162e-07
2026-03-04 10:44:00+00:00,2.2655068931953792e-09,5.66099515708629e-07
2026-03-04 10:45:00+00:00,3.5507188300698544e-09,5.67802089790348e-07
2026-03-04 10:46:00+00:00,3.5812790510902914e-09,5.722841933675227e-07
2026-03-04 10:47:00+00:00,3.7025091881304206e-09,5.714155122404918e-07
2026-03-04 10:48:00+00:00,2.558610212588519e-09,5.74193222746544e-07
2026-03-04 10:49:00+00:00,1.8973205229144696e-09,5.72883550375991e-07
2026-03-04 10:50:00+00:00,1.7858695633421462e-09,5.691976525667997e-07
2026-03-04 10:51:00+00:00,1.407251648544161e-09,5.71068710542022e-07
2026-03-04 10:52:00+00:00,1.0388233606661856e-09,5.705221610696753e-07
2026-03-04 10:53:00+00:00,2.0058905647601932e-09,5.746642841586436e-07
2026-03-04 10:54:00+00:00,1.6213348441596054e-09,5.739242965319136e-07
2026-03-04 10:55:00+00:00,1.8597566819877898e-09,5.725510163756553e-07
2026-03-04 10:56:00+00:00,2.5592663543960725e-09,5.695520712833968e-07
2026-03-04 10:57:00+00:00,1.950801076233688e-09,5.689516342499701e-07
2026-03-04 10:58:00+00:00,1.6380241607549806e-09,5.656289090438804e-07
2026-03-04 10:59:00+00:00,9.999999717180685e-10,5.649236527460744e-07
2026-03-04 11:00:00+00:00,1.9658521477339264e-09,5.679158334714884e-07
2026-03-04 11:01:00+00:00,2.5445399121082346e-09,5.71394593862351e-07
2026-03-04 11:02:00+00:00,2.174288749046127e-09,5.775299314336735e-07
2026-03-04 11:03:00+00:00,3.6275600301394206e-09,5.887937390980369e-07
2026-03-04 11:04:00+00:00,3.4054978836906002e-09,5.923166099819355e-07
2026-03-04 11:05:00+00:00,2.6100888117497334e-09,5.937448577242321e-07
2026-03-04 11:06:00+00:00,2.124882936271888e-09,5.890873921998718e-07
2026-03-04 11:07:00+00:00,1.519877224076538e-09,5.804149054711161e-07
2026-03-04 11:08:00+00:00,2.6500697192233247e-09,5.717411681871454e-07
2026-03-04 11:09:00+00:00,1.2018764872223642e-09,5.660793362949335e-07
2026-03-04 11:10:00+00:00,1.0090873692192304e-09,5.627993004964083e-07
2026-03-04 11:11:00+00:00,9.999999717180685e-10,5.583501661021728e-07
2026-03-04 11:12:00+00:00,1.5733098157610925e-09,5.539843073165684e-07
2026-03-04 11:13:00+00:00,9.999999717180685e-10,5.495566028912435e-07
2026-03-04 11:14:00+00:00,1.825723128234813e-09,5.476433670992265e-07
2026-03-04 11:15:00+00:00,2.007730426356602e-09,5.45051534572849e-07
2026-03-04 11:16:00+00:00,9.999999717180685e-10,5.456579401652562e-07
2026-03-04 11:17:00+00:00,1.9552635066588664e-09,5.454874099086737e-07
2026-03-04 11:18:00+00:00,2.913511432112159e-09,5.447364515021036e-07
2026-03-04 11:19:00+00:00,1.718442499409889e-09,5.454939469018427e-07
2026-03-04 11:20:00+00:00,2.7899429433375644e-09,5.454892857414961e-07
2026-03-04 11:21:00+00:00,1.8058921025243535e-09,5.48727825844253e-07
2026-03-04 11:22:00+00:00,1.995272613797283e-09,5.502176918525947e-07
2026-03-04 11:23:00+00:00,2.0104748976734754e-09,5.496667085935769e-07
2026-03-04 11:24:00+00:00,1.003557459355875e-09,5.508245521923527e-07
2026-03-04 11:25:00+00:00,1.265936910854748e-09,5.542860321838816e-07
2026-03-04 11:26:00+00:00,1.2244987246390338e-09,5.596938876806234e-07
2026-03-04 11:27:00+00:00,1.938565752368504e-09,5.606138984148856e-07
2026-03-04 11:28:00+00:00,2.4948136889690886e-09,5.59380850972957e-07
2026-03-04 11:29:00+00:00,1.5139250963969175e-09,5.580257607107342e-07
2026-03-04 11:30:00+00:00,1.3358547601427517e-09,5.569935979110596e-07
2026-03-04 11:31:00+00:00,1.889461698212358e-09,5.563211971093551e-07
2026-03-04 11:32:00+00:00,1.798838633604305e-09,5.54267501229333e-07
2026-03-04 11:33:00+00:00,2.757103434447572e-09,5.576357580139302e-07
2026-03-04 11:34:00+00:00,2.717814417962927e-09,5.620906335934706e-07
2026-03-04 11:35:00+00:00,3.549970983840467e-09,5.646106160384079e-07
2026-03-04 11:36:00+00:00,2.2374182506723628e-09,5.600728059107496e-07
2026-03-04 11:37:00+00:00,1.5500707384319412e-09,5.588237286247022e-07
2026-03-04 11:38:00+00:00,9.999999717180685e-10,5.554469453272759e-07
2026-03-04 11:39:00+00:00,1.6932411028847127e-09,5.534930664907733e-07
2026-03-04 11:40:00+00:00,1.0274108230845513e-09,5.522591095541429e-07
2026-03-04 11:41:00+00:00,2.085164485521318e-09,5.524001380763366e-07
2026-03-04 11:42:00+00:00,1.6591150675537847e-09,5.509437528417038e-07
2026-03-04 11:43:00+00:00,2.2997179716099936e-09,5.458808232106094e-07
2026-03-04 11:44:00+00:00,1.2883553113240964e-09,5.446833597488876e-07
2026-03-04 11:45:00+00:00,1.561966112006985e-09,5.443867507892719e-07
2026-03-04 11:46:00+00:00,3.5557738975455777e-09,5.454406846183701e-07
2026-03-04 11:47:00+00:00,1.5631743677246845e-09,5.473723376780981e-07
2026-03-04 11:48:00+00:00,3.5539788889593638e-09,5.484375833475497e-07
2026-03-04 11:49:00+00:00,9.999999717180685e-10,5.495139703270979e-07
2026-03-04 11:50:00+00:00,1.9989065958014862e-09,5.491956471814774e-07
2026-03-04 11:51:00+00:00,3.2144404915612768e-09,5.46340800156031e-07
2026-03-04 11:52:00+00:00,1.9959645047862296e-09,5.466975494528015e-07
2026-03-04 11:53:00+00:00,3.217149435741362e-09,5.466403081300086e-07
2026-03-04 11:54:00+00:00,2.1536317174053465e-09,5.494278525475238e-07
2026-03-04 11:55:00+00:00,1.25699395336909e-09,5.498893074218358e-07
2026-03-04 11:56:00+00:00,2.726477932313287e-09,5.484436087499489e-07
2026-03-04 11:57:00+00:00,2.0266699429782875e-09,5.490938406182977e-07
2026-03-04 11:58:00+00:00,1.1094246632481486e-09,5.505896751856199e-07
2026-03-04 11:59:00+00:00,3.3966829349196814e-09,5.507580453922856e-07
2026-03-04 12:00:00+00:00,2.4345225835276096e-09,5.488252554641804e-07
2026-03-04 12:01:00+00:00,4.8546353603740044e-09,5.491294245985046e-07
2026-03-04 12:02:00+00:00,3.6677605397272828e-09,5.49836158825201e-07
2026-03-04 12:03:00+00:00,3.1474889361504665e-09,5.495202231031726e-07
2026-03-04 12:04:00+00:00,2.4250836894168515e-09,5.488487317961699e-07
2026-03-04 12:05:00+00:00,3.503395795689812e-09,5.469215693665319e-07
2026-03-04 12:06:00+00:00,2.890225836438276e-09,5.474617523759662e-07
2026-03-04 12:07:00+00:00,1.8063973650228604e-09,5.458729219753877e-07
2026-03-04 12:08:00+00:00,1.988019970866617e-09,5.403649083746132e-07
2026-03-04 12:09:00+00:00,2.1658281834646687e-09,5.405581759987399e-07
2026-03-04 12:10:00+00:00,2.6468653935296516e-09,5.391093509388156e-07
2026-03-04 12:11:00+00:00,3.1455038573824368e-09,5.376420517677616e-07
2026-03-04 12:12:00+00:00,2.233347951019482e-09,5.374109832700924e-07
2026-03-04 12:13:00+00:00,9.999999717180685e-10,5.385733174989582e-07
2026-03-04 12:14:00+00:00,2.8438866817026565e-09,5.416571298155759e-07
2026-03-04 12:15:00+00:00,1.6712800032792074e-09,5.48694742974476e-07
2026-03-04 12:16:00+00:00,2.2729289561596033e-09,5.556155997510359e-07
2026-03-04 12:17:00+00:00,3.2278550943232176e-09,5.609195454781002e-07
2026-03-04 12:18:00+00:00,1.7184538236847402e-09,5.596195933321724e-07
2026-03-04 12:19:00+00:00,2.1457600141161493e-09,5.589273541772855e-07
2026-03-04 12:20:00+00:00,3.0148219476444638e-09,5.565232754634053e-07
2026-03-04 12:21:00+00:00,4.492226590713244e-09,5.534576530408231e-07
2026-03-04 12:22:00+00:00,3.0616218449353028e-09,5.516704391084204e-07
2026-03-04 12:23:00+00:00,3.5871496883999043e-09,5.49417961792642e-07
2026-03-04 12:24:00+00:00,2.759682926622986e-09,5.476372848534083e-07
2026-03-04 12:25:00+00:00,3.418637373187039e-09,5.469374855238129e-07
2026-03-04 12:26:00+00:00,3.245799407025629e-09,5.479861329149571e-07
2026-03-04 12:27:00+00:00,3.4598532927532233e-09,5.445267561299261e-07
2026-03-04 12:28:00+00:00,3.174725149435176e-09,5.445470492304594e-07
2026-03-04 12:29:00+00:00,3.0226869895955133e-09,5.417884381131444e-07
2026-03-04 12:30:00+00:00,4.8252539741611145e-09,5.394169875216903e-07
2026-03-04 12:31:00+00:00,2.045523306293262e-09,5.387727810557408e-07
2026-03-04 12:32:00+00:00,2.7954958348175296e-09,5.361246167012723e-07
2026-03-04 12:33:00+00:00,2.2309452063495883e-09,5.339340987120522e-07
2026-03-04 12:34:00+00:00,2.4968453971041527e-09,5.350639185053296e-07
2026-03-04 12:35:00+00:00,2.0387862509352317e-09,5.348101126401161e-07
2026-03-04 12:36:00+00:00,1.6978900507780281e-09,5.381763230616343e-07
2026-03-04 12:37:00+00:00,1.9667736328443652e-09,5.365228048503923e-07
2026-03-04 12:38:00+00:00,1.6237399202978509e-09,5.360421937439241e-07
2026-03-04 12:39:00+00:00,3.966520889520098e-09,5.377428919928207e-07
2026-03-04 12:40:00+00:00,4.625583471806749e-09,5.396991014094965e-07
2026-03-04 12:41:00+00:00,3.5401961362424572e-09,5.452600930766494e-07
2026-03-04 12:42:00+00:00,3.3554508060973376e-09,5.477435252032592e-07
2026-03-04 12:43:00+00:00,1.7671628604887246e-09,5.469441930472385e-07
2026-03-04 12:44:00+00:00,1.9526826822158228e-09,5.471113126986893e-07
2026-03-04 12:45:00+00:00,1.4668188885735844e-09,5.466763468575664e-07
2026-03-04 12:46:00+00:00,3.178408647386277e-09,5.438891435005644e-07
2026-03-04 12:47:00+00:00,2.7087891929511443e-09,5.39413861133653e-07
2026-03-04 12:48:00+00:00,1.391798343242101e-09,5.387653914112889e-07
2026-03-04 12:49:00+00:00,1.7277939079463067e-09,5.355215080271591e-07
2026-03-04 12:50:00+00:00,2.628379514035828e-09,5.331952479536994e-07
2026-03-04 12:51:00+00:00,1.7703497556809111e-09,5.360961949918419e-07
2026-03-04 12:52:00+00:00,2.98749536220555e-09,5.347391720533778e-07
2026-03-04 12:53:00+00:00,2.9006888002669484e-09,5.335611490409065e-07
2026-03-04 12:54:00+00:00,3.732701703285102e-09,5.311185304890387e-07
2026-03-04 12:55:00+00:00,2.485802674812021e-09,5.308679646987002e-07
2026-03-04 12:56:00+00:00,2.991822345421724e-09,5.337088282431068e-07
2026-03-04 12:57:00+00:00,1.747359146264671e-09,5.359134434002044e-07
2026-03-04 12:58:00+00:00,1.195815446664028e-09,5.44408749192371e-07
2026-03-04 12:59:00+00:00,2.108975216685849e-09,5.600533086180803e-07
2026-03-04 13:00:00+00:00,2.6235176253663894e-09,5.666531706083333e-07
2026-03-04 13:01:00+00:00,3.1634139752156898e-09,5.73325451114215e-07
2026-03-04 13:02:00+00:00,4.227462380157476e-09,5.858516942680581e-07
2026-03-04 13:03:00+00:00,6.04323213693192e-09,5.961034048596048e-07
2026-03-04 13:04:00+00:00,3.795021630281781e-09,6.04144361204817e-07
2026-03-04 13:05:00+00:00,6.055548507077901e-09,6.399677090485056e-07
2026-03-04 13:06:00+00:00,1.2416624173283708e-08,6.837001933490683e-07
2026-03-04 13:07:00+00:00,8.438965082291361e-09,6.807088652749371e-07
2026-03-04 13:08:00+00:00,7.165414928067548e-09,6.544449320244894e-07
2026-03-04 13:09:00+00:00,6.37270591852257e-09,6.369546667883697e-07
2026-03-04 13:10:00+00:00,8.236269444239497e-09,6.373001610882056e-07
2026-03-04 13:11:00+00:00,8.020895947424833e-09,6.4923455056487e-07
2026-03-04 13:12:00+00:00,8.640602899845362e-09,6.518489499285351e-07
2026-03-04 13:13:00+00:00,8.046594501820437e-09,6.388017368408327e-07
2026-03-04 13:14:00+00:00,6.693254839262863e-09,6.302060455709579e-07
2026-03-04 13:15:00+00:00,7.331414586531082e-09,6.34933030596585e-07
2026-03-04 13:16:00+00:00,8.244062321693946e-09,6.330632800199965e-07
2026-03-04 13:17:00+00:00,6.28488772136393e-09,6.28901261734427e-07
2026-03-04 13:18:00+00:00,7.175174676632423e-09,6.213523988662928e-07
2026-03-04 13:19:00+00:00,5.530828683930622e-09,6.123073603703233e-07
2026-03-04 13:20:00+00:00,5.317135620686031e-09,6.002618988532049e-07
2026-03-04 13:21:00+00:00,4.687754628918128e-09,5.925920731897349e-07
2026-03-04 13:22:00+00:00,4.782678697523579e-09,5.871275448043889e-07
2026-03-04 13:23:00+00:00,6.908687399942437e-09,5.8175197636956e-07
2026-03-04 13:24:00+00:00,5.289720217405147e-09,5.766719368693884e-07
2026-03-04 13:25:00+00:00,4.690705601717582e-09,5.718719080505252e-07
2026-03-04 13:26:00+00:00,5.480727427453758e-09,5.703047349925328e-07
2026-03-04 13:27:00+00:00,4.847225287818446e-09,5.665435196533508e-07
2026-03-04 13:28:00+00:00,4.994925806300898e-09,5.632840043290344e-07
2026-03-04 13:29:00+00:00,4.798044628273601e-09,5.641595066663285e-07
2026-03-04 13:30:00+00:00,3.683433558165916e-09,5.568033429881325e-07
2026-03-04 13:31:00+00:00,2.9235984744246934e-09,5.538643677027721e-07
2026-03-04 13:32:00+00:00,2.8248274830389164e-09,5.510453320312081e-07
2026-03-04 13:33:00+00:00,3.3299178969770082e-09,5.493353114616184e-07
2026-03-04 13:34:00+00:00,3.825110894695172e-09,5.487858629749098e-07
2026-03-04 13:35:00+00:00,3.880754828600175e-09,5.459411340780207e-07
2026-03-04 13:36:00+00:00,4.840534639782845e-09,5.439567871690087e-07
2026-03-04 13:37:00+00:00,3.5153226995987552e-09,5.432704028862645e-07
2026-03-04 13:38:00+00:00,3.896937439407111e-09,5.460129841594608e-07
2026-03-04 13:39:00+00:00,4.490423588521253e-09,5.470504333970894e-07
2026-03-04 13:40:00+00:00,3.930129555129724e-09,5.484757252816053e-07
2026-03-04 13:41:00+00:00,2.5128092939752378e-09,5.514422127816943e-07
2026-03-04 13:42:00+00:00,5.305185180048966e-09,5.721299771721533e-07
2026-03-04 13:43:00+00:00,5.388018919916249e-09,5.719399496229016e-07
2026-03-04 13:44:00+00:00,6.415003195314739e-09,5.947791237304045e-07
2026-03-04 13:45:00+00:00,1.215192035886048e-08,6.487511541308777e-07
2026-03-04 13:46:00+00:00,1.1471481542457695e-08,6.545190558426839e-07
2026-03-04 13:47:00+00:00,6.716139200335647e-09,6.208819627318007e-07
2026-03-04 13:48:00+00:00,6.2982703497027615e-09,5.860101168764231e-07
2026-03-04 13:49:00+00:00,6.397600671448345e-09,5.686785584657628e-07
2026-03-04 13:50:00+00:00,6.148326292532147e-09,5.542767098631884e-07
2026-03-04 13:51:00+00:00,5.5761670836318444e-09,5.471009671964566e-07
2026-03-04 13:52:00+00:00,5.1092432507005014e-09,5.450438607113028e-07
2026-03-04 13:53:00+00:00,3.555891803230793e-09,5.497976189872134e-07
2026-03-04 13:54:00+00:00,5.336674657741014e-09,5.554986728384392e-07
2026-03-04 13:55:00+00:00,4.528717845175834e-09,5.667666300723795e-07
2026-03-04 13:56:00+00:00,4.733228031739145e-09,5.710775781153643e-07
2026-03-04 13:57:00+00:00,4.219470106647805e-09,5.852969593433954e-07
2026-03-04 13:58:00+00:00,5.3611706185563435e-09,5.986194082652219e-07
2026-03-04 13:59:00+00:00,4.586274915396871e-09,5.962850195828651e-07
2026-03-04 14:00:00+00:00,5.751458864722281e-09,5.88884745411633e-07
2026-03-04 14:01:00+00:00,4.142520548811035e-09,5.849927333656524e-07
2026-03-04 14:02:00+00:00,4.845483569937414e-09,5.856024927197723e-07
2026-03-04 14:03:00+00:00,2.860932823978146e-09,5.84490976507368e-07
2026-03-04 14:04:00+00:00,4.1974108633269225e-09,5.807310685668199e-07
2026-03-04 14:05:00+00:00,3.672998794002069e-09,5.768661708316358e-07
2026-03-04 14:06:00+00:00,4.544994158806048e-09,5.751269895881705e-07
2026-03-04 14:07:00+00:00,3.595121533805923e-09,5.731430405830906e-07
2026-03-04 14:08:00+00:00,4.710640766347751e-09,5.735403760809277e-07
2026-03-04 14:09:00+00:00,4.56572157858659e-09,5.735694230679655e-07
2026-03-04 14:10:00+00:00,4.621161231455062e-09,5.712193456020032e-07
2026-03-04 14:11:00+00:00,3.6177094653311315e-09,5.698186100744351e-07
2026-03-04 14:12:00+00:00,2.9563005377042373e-09,5.716896112062386e-07
2026-03-04 14:13:00+00:00,3.217324406890043e-09,5.721679485759523e-07
2026-03-04 14:14:00+00:00,3.1109312903510045e-09,5.762859700553236e-07
2026-03-04 14:15:00+00:00,3.0142959239753964e-09,5.850525894857128e-07
2026-03-04 14:16:00+00:00,3.3741160976319406e-09,5.925760433456162e-07
2026-03-04 14:17:00+00:00,5.500070177077987e-09,5.995327114760585e-07
2026-03-04 14:18:00+00:00,4.333027714409354e-09,6.067474487281288e-07
2026-03-04 14:19:00+00:00,4.922906526871884e-09,6.137044010756654e-07
2026-03-04 14:20:00+00:00,7.402849888649143e-09,6.213481356098782e-07
2026-03-04 14:21:00+00:00,6.419135445412394e-09,6.246108341656509e-07
2026-03-04 14:22:00+00:00,5.984456930008264e-09,6.241601226975035e-07
2026-03-04 14:23:00+00:00,5.754831722271092e-09,6.231159090930305e-07
2026-03-04 14:24:00+00:00,4.989933799492974e-09,6.193918693497835e-07
2026-03-04 14:25:00+00:00,4.994341384900736e-09,6.155230494186981e-07
2026-03-04 14:26:00+00:00,5.347414955281238e-09,6.140097639217856e-07
2026-03-04 14:27:00+00:00,4.99583796553793e-09,6.100518135099264e-07
2026-03-04 14:28:00+00:00,4.669349351615892e-09,6.088845339036197e-07
2026-03-04 14:29:00+00:00,3.119131175566281e-09,6.086170287744608e-07
2026-03-04 14:30:00+00:00,3.050964814121926e-09,6.079379772927496e-07
2026-03-04 14:31:00+00:00,4.459428826208978e-09,6.084281949370052e-07
2026-03-04 14:32:00+00:00,4.844783685342691e-09,6.09224628078664e-07
2026-03-04 14:33:00+00:00,3.933365633201902e-09,6.109138439569506e-07
2026-03-04 14:34:00+00:00,5.7264828434711035e-09,6.166775392557611e-07
2026-03-04 14:35:00+00:00,5.725179885729403e-09,6.205092404343304e-07
2026-03-04 14:36:00+00:00,6.217110382067403e-09,6.27211761639046e-07
2026-03-04 14:37:00+00:00,6.182307554780664e-09,6.405392696251511e-07
2026-03-04 14:38:00+00:00,7.2537567064046016e-09,6.554130891345267e-07
2026-03-04 14:39:00+00:00,7.950139213619423e-09,6.72119426781137e-07
2026-03-04 14:40:00+00:00,9.84915615731552e-09,6.906493013048021e-07
2026-03-04 14:41:00+00:00,1.1120055098956527e-08,7.066781222420104e-07
2026-03-04 14:42:00+00:00,1.1093814755724907e-08,7.211316415123292e-07
2026-03-04 14:43:00+00:00,1.162302609714061e-08,7.30759325051622e-07
2026-03-04 14:44:00+00:00,1.0901112901251508e-08,7.347484256570169e-07
2026-03-04 14:45:00+00:00,1.0868907551753182e-08,7.385306162177585e-07
2026-03-04 14:46:00+00:00,1.3056411063416817e-08,7.396958494609862e-07
2026-03-04 14:47:00+00:00,1.1808209521291246e-08,7.445717074006097e-07
2026-03-04 14:48:00+00:00,1.0776438408299782e-08,7.468065632565413e-07
2026-03-04 14:49:00+00:00,1.0935250038812683e-08,7.516787263739388e-07
2026-03-04 14:50:00+00:00,1.1589247783660994e-08,7.598845854772662e-07
2026-03-04 14:51:00+00:00,1.0289008756103613e-08,7.62329648296145e-07
2026-03-04 14:52:00+00:00,1.1636694274841375e-08,7.612509875798423e-07
2026-03-04 14:53:00+00:00,1.0322255050709828e-08,7.624960858265695e-07
2026-03-04 14:54:00+00:00,1.1298633140199854e-08,7.58951955504017e-07
2026-03-04 14:55:00+00:00,1.036673236143315e-08,7.584409900118771e-07
2026-03-04 14:56:00+00:00,1.2197698850968663e-08,7.534486599070078e-07
2026-03-04 14:57:00+00:00,1.112842884509746e-08,7.464478812835296e-07
2026-03-04 14:58:00+00:00,1.1666216437333787e-08,7.446679433087411e-07
2026-03-04 14:59:00+00:00,1.0493311108916714e-08,7.402970254588581e-07
2026-03-04 15:00:00+00:00,1.0700344610370394e-08,7.372686354756297e-07
2026-03-04 15:01:00+00:00,8.35262969900441e-09,7.334478482334816e-07
2026-03-04 15:02:00+00:00,8.226683334555673e-09,7.280427212208451e-07
2026-03-04 15:03:00+00:00,7.734311857632292e-09,7.217981874418911e-07
2026-03-04 15:04:00+00:00,7.716944416813476e-09,7.175929681579873e-07
2026-03-04 15:05:00+00:00,8.15975376156075e-09,7.111179911589716e-07
2026-03-04 15:06:00+00:00,7.679204827581998e-09,7.060517077661643e-07
2026-03-04 15:07:00+00:00,7.754466402332127e-09,7.08920708802907e-07
2026-03-04 15:08:00+00:00,7.475241758925222e-09,7.027216497590416e-07
2026-03-04 15:09:00+00:00,5.813983072755491e-09,6.947847168703447e-07
2026-03-04 15:10:00+00:00,6.581996725429917e-09,6.883691980874573e-07
2026-03-04 15:11:00+00:00,4.2695522672886455e-09,6.83289897551731e-07
2026-03-04 15:12:00+00:00,3.3698430712547633e-09,6.81615119901835e-07
2026-03-04 15:13:00+00:00,4.945928111510511e-09,6.754952437404427e-07
2026-03-04 15:14:00+00:00,7.9335604752373e-09,6.707654733872914e-07
2026-03-04 15:15:00+00:00,5.511711975714206e-09,6.66969754092861e-07
2026-03-04 15:16:00+00:00,6.33005514671936e-09,6.625792821068899e-07
2026-03-04 15:17:00+00:00,6.5466672083402955e-09,6.570978712261422e-07
2026-03-04 15:18:00+00:00,6.732444379764502e-09,6.546039230670431e-07
2026-03-04 15:19:00+00:00,5.895715027293136e-09,6.517047381748853e-07
2026-03-04 15:20:00+00:00,7.317198846834572e-09,6.496615583273524e-07
2026-03-04 15:21:00+00:00,5.834180250019472e-09,6.449690772569738e-07
2026-03-04 15:22:00+00:00,6.309724298603214e-09,6.390282010215742e-07
2026-03-04 15:23:00+00:00,5.449082962627472e-09,6.356449944178166e-07
2026-03-04 15:24:00+00:00,5.011672410404344e-09,6.319108933894313e-07
2026-03-04 15:25:00+00:00,4.7617105813912985e-09,6.289959628702491e-07
2026-03-04 15:26:00+00:00,6.827787668584051e-09,6.239064873625466e-07
2026-03-04 15:27:00+00:00,6.120164375289505e-09,6.218182306838571e-07
2026-03-04 15:28:00+00:00,5.898202370957506e-09,6.165633408272697e-07
2026-03-04 15:29:00+00:00,4.7452930473923516e-09,6.17937814695324e-07
2026-03-04 15:30:00+00:00,4.875550629890313e-09,6.165839181448973e-07
2026-03-04 15:31:00+00:00,4.9491948317381684e-09,6.178674425427744e-07
2026-03-04 15:32:00+00:00,4.165617184526127e-09,6.159431791274983e-07
2026-03-04 15:33:00+00:00,4.360535932335097e-09,6.143535529190558e-07
2026-03-04 15:34:00+00:00,4.469011827268332e-09,6.119911404312006e-07
2026-03-04 15:35:00+00:00,7.865096129933136e-09,6.431668566619919e-07
2026-03-04 15:36:00+00:00,9.160276981390325e-09,6.67884535232588e-07
2026-03-04 15:37:00+00:00,6.131652963148326e-09,6.4014113831945e-07
2026-03-04 15:38:00+00:00,4.106567530470784e-09,6.227091944310814e-07
2026-03-04 15:39:00+00:00,5.830387728167352e-09,6.147692488411849e-07
2026-03-04 15:40:00+00:00,5.0729904721436014e-09,6.063016826374223e-07
2026-03-04 15:41:00+00:00,5.704945849061005e-09,6.033899921931152e-07
2026-03-04 15:42:00+00:00,6.40054587108807e-09,6.016603606440185e-07
2026-03-04 15:43:00+00:00,4.138854148294513e-09,5.98732469825336e-07
2026-03-04 15:44:00+00:00,4.252695973150367e-09,5.986627797938127e-07
2026-03-04 15:45:00+00:00,5.015690973664277e-09,5.966065259599418e-07
2026-03-04 15:46:00+00:00,4.797046759819068e-09,5.965679292785353e-07
2026-03-04 15:47:00+00:00,3.2097373647843597e-09,5.963033231637382e-07
2026-03-04 15:48:00+00:00,4.48166392885696e-09,5.967421543573437e-07
2026-03-04 15:49:00+00:00,4.885943205579224e-09,5.989605824652244e-07
2026-03-04 15:50:00+00:00,6.547741460138923e-09,5.998659275974205e-07
2026-03-04 15:51:00+00:00,4.021123878317212e-09,5.97994130657753e-07
2026-03-04 15:52:00+00:00,3.601059450630828e-09,5.99439374582289e-07
2026-03-04 15:53:00+00:00,4.532581421301529e-09,5.994514253870875e-07
2026-03-04 15:54:00+00:00,4.58479654241728e-09,6.007794013385137e-07
2026-03-04 15:55:00+00:00,4.409576259689629e-09,5.992946512378694e-07
2026-03-04 15:56:00+00:00,5.6100737388931066e-09,5.967870606582437e-07
2026-03-04 15:57:00+00:00,6.909428140744467e-09,5.961391025266494e-07
2026-03-04 15:58:00+00:00,4.270499065484046e-09,5.933873694630165e-07
2026-03-04 15:59:00+00:00,4.461627511886945e-09,5.918293481954606e-07
2026-03-04 16:00:00+00:00,4.076432968957988e-09,5.921822889831674e-07
2026-03-04 16:01:00+00:00,2.651279640275561e-09,5.896341690458939e-07
2026-03-04 16:02:00+00:00,3.945677562455785e-09,5.894759169677855e-07
2026-03-04 16:03:00+00:00,3.891867716987463e-09,5.876855198039266e-07
2026-03-04 16:04:00+00:00,5.1257229571888274e-09,5.859213274561625e-07
2026-03-04 16:05:00+00:00,4.825489341442335e-09,5.851109676768829e-07
2026-03-04 16:06:00+00:00,5.142487768949877e-09,5.829220981468097e-07
2026-03-04 16:07:00+00:00,5.733581165401347e-09,5.8089722188015e-07
2026-03-04 16:08:00+00:00,4.821500088070252e-09,5.783211349807971e-07
2026-03-04 16:09:00+00:00,5.827466953434168e-09,5.771043447566626e-07
2026-03-04 16:10:00+00:00,6.497194338095369e-09,5.737414880968572e-07
2026-03-04 16:11:00+00:00,3.508404677887711e-09,5.727662824028812e-07
2026-03-04 16:12:00+00:00,4.5345647237127196e-09,5.69808435102459e-07
2026-03-04 16:13:00+00:00,5.493487886809589e-09,5.680098524862842e-07
2026-03-04 16:14:00+00:00,4.786044449645033e-09,5.65963148346782e-07
2026-03-04 16:15:00+00:00,6.1653877558853765e-09,5.633279442918138e-07
2026-03-04 16:16:00+00:00,4.760476457477125e-09,5.641632014885545e-07
2026-03-04 16:17:00+00:00,3.4802889459228936e-09,5.628950248137699e-07
2026-03-04 16:18:00+00:00,5.819067894208274e-09,5.60457351639343e-07
2026-03-04 16:19:00+00:00,5.63826008104229e-09,5.60770160973334e-07
2026-03-04 16:20:00+00:00,3.879374599335961e-09,5.603469617199153e-07
2026-03-04 16:21:00+00:00,4.5013126559467764e-09,5.579381650022697e-07
2026-03-04 16:22:00+00:00,3.778423796063635e-09,5.555290272241109e-07
2026-03-04 16:23:00+00:00,4.015595411743789e-09,5.543819838749187e-07
2026-03-04 16:24:00+00:00,5.792486490463489e-09,5.52905532913428e-07
2026-03-04 16:25:00+00:00,5.102027245129648e-09,5.522582000594412e-07
2026-03-04 16:26:00+00:00,7.119351330686641e-09,5.493767503139679e-07
2026-03-04 16:27:00+00:00,5.384889867343645e-09,5.482370966092276e-07
2026-03-04 16:28:00+00:00,5.7285975962884095e-09,5.468179438139487e-07
2026-03-04 16:29:00+00:00,4.365068750900036e-09,5.476273372551077e-07
2026-03-04 16:30:00+00:00,4.364328454187216e-09,5.444633188744774e-07
2026-03-04 16:31:00+00:00,5.68313263116238e-09,5.460097440845857e-07
2026-03-04 16:32:00+00:00,4.452497037732428e-09,5.438553216663422e-07
2026-03-04 16:33:00+00:00,6.061968260695494e-09,5.452683353723842e-07
2026-03-04 16:34:00+00:00,6.013925801795494e-09,5.465064987220103e-07
2026-03-04 16:35:00+00:00,5.505519595772057e-09,5.493348567142675e-07
2026-03-04 16:36:00+00:00,5.480752740538719e-09,5.493615162777132e-07
2026-03-04 16:37:00+00:00,5.467609032194787e-09,5.473791020449426e-07
2026-03-04 16:38:00+00:00,5.406514791417294e-09,5.492562991094019e-07
2026-03-04 16:39:00+00:00,6.784123929293173e-09,5.488199121828075e-07
2026-03-04 16:40:00+00:00,5.1324313687928225e-09,5.514512508852931e-07
2026-03-04 16:41:00+00:00,7.837280158184967e-09,5.524987045646412e-07
2026-03-04 16:42:00+00:00,5.429960037162118e-09,5.553814617087482e-07
2026-03-04 16:43:00+00:00,5.632605049044059e-09,5.546061174754868e-07
2026-03-04 16:44:00+00:00,6.944480546167142e-09,5.533348712560837e-07
2026-03-04 16:45:00+00:00,6.420422415942539e-09,5.486620011652121e-07
2026-03-04 16:46:00+00:00,7.483779818073799e-09,5.462759418151109e-07
2026-03-04 16:47:00+00:00,6.1055351885386244e-09,5.42613918241841e-07
2026-03-04 16:48:00+00:00,4.963947031200178e-09,5.42653538104787e-07
2026-03-04 16:49:00+00:00,4.898077943238377e-09,5.421543392003514e-07
2026-03-04 16:50:00+00:00,4.62208582518997e-09,5.424843152468384e-07
2026-03-04 16:51:00+00:00,5.4449609265816434e-09,5.418129944700922e-07
2026-03-04 16:52:00+00:00,6.038212152503775e-09,5.3877880645814e-07
2026-03-04 16:53:00+00:00,5.322188023626495e-09,5.36715674570587e-07
2026-03-04 16:54:00+00:00,6.637157490274603e-09,5.412147174865822e-07
2026-03-04 16:55:00+00:00,5.335641262149693e-09,5.416128487922833e-07
2026-03-04 16:56:00+00:00,6.197870661139859e-09,5.424917617347091e-07
2026-03-04 16:57:00+00:00,6.354206050218636e-09,5.448102342597849e-07
2026-03-04 16:58:00+00:00,3.831755801542158e-09,5.44579052075278e-07
2026-03-04 16:59:00+00:00,6.662990603700791e-09,5.462051717586291e-07
2026-03-04 17:00:00+00:00,6.233836558067196e-09,5.427688734016556e-07
2026-03-04 17:01:00+00:00,6.573985800173432e-09,5.45418288311339e-07
2026-03-04 17:02:00+00:00,6.866643253999882e-09,5.419762487690605e-07
2026-03-04 17:03:00+00:00,7.443154981245925e-09,5.424643632068182e-07
2026-03-04 17:04:00+00:00,7.0601506862999486e-09,5.428063900581037e-07
2026-03-04 17:05:00+00:00,5.384354295756566e-09,5.382810286391759e-07
2026-03-04 17:06:00+00:00,4.615314797007386e-09,5.392110438151576e-07
2026-03-04 17:07:00+00:00,4.0674454915290426e-09,5.374734541874204e-07
2026-03-04 17:08:00+00:00,5.114865420097203e-09,5.387495889408456e-07
2026-03-04 17:09:00+00:00,5.2700199759669886e-09,5.395631887950003e-07
2026-03-04 17:10:00+00:00,4.2885819340199305e-09,5.411054075921129e-07
2026-03-04 17:11:00+00:00,6.701376342732601e-09,5.432017928796995e-07
2026-03-04 17:12:00+00:00,5.502936328838359e-09,5.439682126961998e-07
2026-03-04 17:13:00+00:00,6.484067061052201e-09,5.431433578451106e-07
2026-03-04 17:14:00+00:00,4.287490362742119e-09,5.420044431048154e-07
2026-03-04 17:15:00+00:00,7.914597865976702e-09,5.414478891907493e-07
2026-03-04 17:16:00+00:00,6.9099237443026595e-09,5.401758471634821e-07
2026-03-04 17:17:00+00:00,7.967212667381318e-09,5.392147386373836e-07
2026-03-04 17:18:00+00:00,8.281099361795441e-09,5.438874950414174e-07
2026-03-04 17:19:00+00:00,6.3876228750814334e-09,5.458314262796193e-07
2026-03-04 17:20:00+00:00,7.829225268096707e-09,5.490155672305264e-07
2026-03-04 17:21:00+00:00,6.837114430169322e-09,5.488253123075992e-07
2026-03-04 17:22:00+00:00,7.446422145562792e-09,5.492818786478892e-07
2026-03-04 17:23:00+00:00,7.415852376624343e-09,5.498621362676204e-07
2026-03-04 17:24:00+00:00,8.034303888848626e-09,5.54554162590648e-07
2026-03-04 17:25:00+00:00,8.799042383600408e-09,5.558433144869923e-07
2026-03-04 17:26:00+00:00,8.514541960380484e-09,5.623281822408899e-07
2026-03-04 17:27:00+00:00,1.0138061057318737e-08,5.705668968403188e-07
2026-03-04 17:28:00+00:00,1.0835838892830907e-08,5.782988523606036e-07
2026-03-04 17:29:00+00:00,9.754882235313289e-09,5.78142703488993e-07
2026-03-04 17:30:00+00:00,9.52092449324482e-09,5.71754810607672e-07
2026-03-04 17:31:00+00:00,8.946805962750659e-09,5.633438604490948e-07
2026-03-04 17:32:00+00:00,7.243688315838881e-09,5.598810162155132e-07
2026-03-04 17:33:00+00:00,8.156004760451196e-09,5.58234091840859e-07
2026-03-04 17:34:00+00:00,7.420798642243653e-09,5.628295980386611e-07
2026-03-04 17:35:00+00:00,7.690462489051697e-09,5.618293243969674e-07
2026-03-04 17:36:00+00:00,8.328020051351359e-09,5.588570388681546e-07
2026-03-04 17:37:00+00:00,9.465467520897164e-09,5.57586020022427e-07
2026-03-04 17:38:00+00:00,9.810867673820667e-09,5.549462684939499e-07
2026-03-04 17:39:00+00:00,7.486380404486681e-09,5.557296844926896e-07
2026-03-04 17:40:00+00:00,8.409001495124357e-09,5.532579052669462e-07
2026-03-04 17:41:00+00:00,7.337870311374672e-09,5.556980227083841e-07
2026-03-04 17:42:00+00:00,6.8200383118721675e-09,5.595044854089792e-07
2026-03-04 17:43:00+00:00,7.83653231195558e-09,5.61093600026652e-07
2026-03-04 17:44:00+00:00,6.351548176297683e-09,5.62733248443692e-07
2026-03-04 17:45:00+00:00,7.799458856538877e-09,5.60957175821386e-07
2026-03-04 17:46:00+00:00,7.893359743604833e-09,5.588578915194375e-07
2026-03-04 17:47:00+00:00,9.092217645445544e-09,5.535757736652158e-07
2026-03-04 17:48:00+00:00,9.162135938822757e-09,5.534116098715458e-07
2026-03-04 17:49:00+00:00,8.796600781124653e-09,5.53366589883808e-07
2026-03-04 17:50:00+00:00,6.662345342078879e-09,5.49501294244692e-07
2026-03-04 17:51:00+00:00,8.729724498834912e-09,5.474471436173189e-07
2026-03-04 17:52:00+00:00,8.03014454930917e-09,5.482298774950323e-07
2026-03-04 17:53:00+00:00,8.140287555136183e-09,5.453603648675198e-07
2026-03-04 17:54:00+00:00,8.501650050618537e-09,5.428988743005903e-07
2026-03-04 17:55:00+00:00,7.99481014723824e-09,5.415699888544623e-07
2026-03-04 17:56:00+00:00,7.119878908667943e-09,5.400104328145972e-07
2026-03-04 17:57:00+00:00,7.124968615102034e-09,5.428569807008898e-07
2026-03-04 17:58:00+00:00,9.094198283321475e-09,5.366928803596238e-07
2026-03-04 17:59:00+00:00,8.283611130366353e-09,5.34151467945776e-07
2026-03-04 18:00:00+00:00,8.777219839828376e-09,5.3261391030901e-07
2026-03-04 18:01:00+00:00,7.186318651264401e-09,5.341109385881282e-07
2026-03-04 18:02:00+00:00,7.905102350491688e-09,5.356826022762107e-07
2026-03-04 18:03:00+00:00,9.072376627727863e-09,5.548009767153417e-07
2026-03-04 18:04:00+00:00,9.068822137692223e-09,5.488884653459536e-07
2026-03-04 18:05:00+00:00,8.807633733454168e-09,5.408563765740837e-07
2026-03-04 18:06:00+00:00,8.067320145244139e-09,5.348467198018625e-07
2026-03-04 18:07:00+00:00,7.734816342974682e-09,5.308459662956011e-07
2026-03-04 18:08:00+00:00,9.347059126696422e-09,5.297926577441103e-07
2026-03-04 18:09:00+00:00,9.1605869556588e-09,5.317978093444253e-07
2026-03-04 18:10:00+00:00,8.509664084499491e-09,5.317413069860777e-07
2026-03-04 18:11:00+00:00,8.458755473839119e-09,5.333557737685624e-07
2026-03-04 18:12:00+00:00,9.408421597356664e-09,5.354021936909703e-07
2026-03-04 18:13:00+00:00,7.896937326279385e-09,5.360499812923081e-07
2026-03-04 18:14:00+00:00,8.569154275051005e-09,5.398960638558492e-07
2026-03-04 18:15:00+00:00,8.83126372031029e-09,5.413733106252039e-07
2026-03-04 18:16:00+00:00,1.0140018602555756e-08,5.389730972638063e-07
2026-03-04 18:17:00+00:00,8.456465749873132e-09,5.410663561633555e-07
2026-03-04 18:18:00+00:00,6.8069851977270446e-09,5.458496161736548e-07
2026-03-04 18:19:00+00:00,6.912323602392689e-09,5.506428806256736e-07
2026-03-04 18:20:00+00:00,6.701999399894021e-09,5.476135243043245e-07
2026-03-04 18:21:00+00:00,7.771523868882468e-09,5.478457296703709e-07
2026-03-04 18:22:00+00:00,7.699807014205362e-09,5.449620630315621e-07
2026-03-04 18:23:00+00:00,6.340648450731123e-09,5.454298275253677e-07
2026-03-04 18:24:00+00:00,7.309097327379277e-09,5.450829121400602e-07
2026-03-04 18:25:00+00:00,7.934454870905938e-09,5.466256425279425e-07
2026-03-04 18:26:00+00:00,8.080694335887983e-09,5.472945758810965e-07
2026-03-04 18:27:00+00:00,7.337587870637208e-09,5.453917992781498e-07
2026-03-04 18:28:00+00:00,9.359957253707307e-09,5.440960535452177e-07
2026-03-04 18:29:00+00:00,9.351413865488212e-09,5.422906497187796e-07
2026-03-04 18:30:00+00:00,8.370180104577685e-09,5.412326231635234e-07
2026-03-04 18:31:00+00:00,9.609323115000734e-09,5.441083885671105e-07
2026-03-04 18:32:00+00:00,9.545458645732197e-09,5.512904408533359e-07
2026-03-04 18:33:00+00:00,9.175577631026499e-09,5.595284164883196e-07
2026-03-04 18:34:00+00:00,1.0725923260679338e-08,5.597095196208102e-07
2026-03-04 18:35:00+00:00,1.1039275271684801e-08,5.543560064324993e-07
2026-03-04 18:36:00+00:00,1.0122049864946803e-08,5.476893534250848e-07
2026-03-04 18:37:00+00:00,8.203612011925543e-09,5.437021854959312e-07
2026-03-04 18:38:00+00:00,1.011672612349912e-08,5.42236193723511e-07
2026-03-04 18:39:00+00:00,8.945842289165284e-09,5.412807695392985e-07
2026-03-04 18:40:00+00:00,9.77653158429348e-09,5.390332944443799e-07
2026-03-04 18:41:00+00:00,9.597886041490256e-09,5.388870931710699e-07
2026-03-04 18:42:00+00:00,9.745121154480785e-09,5.411717438619235e-07
2026-03-04 18:43:00+00:00,8.047052801885002e-09,5.418365276455006e-07
2026-03-04 18:44:00+00:00,1.0130456473689264e-08,5.449905984278303e-07
2026-03-04 18:45:00+00:00,8.976632770441029e-09,5.483317409016308e-07
2026-03-04 18:46:00+00:00,8.223588032763018e-09,5.464796117848891e-07
2026-03-04 18:47:00+00:00,1.178258024481238e-08,5.481764446813031e-07
2026-03-04 18:48:00+00:00,9.241933440762296e-09,5.479166702571092e-07
2026-03-04 18:49:00+00:00,8.04068900350785e-09,5.507780542757246e-07
2026-03-04 18:50:00+00:00,8.11624811802858e-09,5.544482064578915e-07
2026-03-04 18:51:00+00:00,9.198567241242017e-09,5.547252612814191e-07
2026-03-04 18:52:00+00:00,9.411450285767842e-09,5.548374133468315e-07
2026-03-04 18:53:00+00:00,1.0998323141109267e-08,5.56500538095861e-07
2026-03-04 18:54:00+00:00,1.1162894608673923e-08,5.573526777880033e-07
2026-03-04 18:55:00+00:00,9.694070435273261e-09,5.547014438889164e-07
2026-03-04 18:56:00+00:00,9.997283889617847e-09,5.589523084381653e-07
2026-03-04 18:57:00+00:00,1.0238529135619956e-08,5.636317723656248e-07
2026-03-04 18:58:00+00:00,1.0213650369905736e-08,5.487530643222271e-07
2026-03-04 18:59:00+00:00,9.85756454241482e-09,5.417174406829872e-07
2026-03-04 19:00:00+00:00,1.0591977073204362e-08,5.378242349252105e-07
2026-03-04 19:01:00+00:00,1.0974665620722135e-08,5.36542529516737e-07
2026-03-04 19:02:00+00:00,1.0083310186814742e-08,5.350015612748393e-07
2026-03-04 19:03:00+00:00,1.0558403928939697e-08,5.378490186558338e-07
2026-03-04 19:04:00+00:00,1.0271786088367207e-08,5.409913796938781e-07
2026-03-04 19:05:00+00:00,1.1624539553167779e-08,5.4612030453427e-07
2026-03-04 19:06:00+00:00,1.086947776229863e-08,5.504916771315038e-07
2026-03-04 19:07:00+00:00,1.0325797994426011e-08,5.526608788386511e-07
2026-03-04 19:08:00+00:00,9.648189802646812e-09,5.534723186428891e-07
2026-03-04 19:09:00+00:00,9.356164731855188e-09,5.557698727898241e-07
2026-03-04 19:10:00+00:00,8.768505033174279e-09,5.580712922892417e-07
2026-03-04 19:11:00+00:00,1.0161073760173167e-08,5.614750762106269e-07
2026-03-04 19:12:00+00:00,9.219740526589248e-09,5.635063757836178e-07
2026-03-04 19:13:00+00:00,1.054743670181324e-08,5.657132646774699e-07
2026-03-04 19:14:00+00:00,9.633102315831366e-09,5.667755544891406e-07
2026-03-04 19:15:00+00:00,9.134704548330319e-09,5.692340323548706e-07
2026-03-04 19:16:00+00:00,9.8772927614732e-09,5.738572781410767e-07
2026-03-04 19:17:00+00:00,9.610479523303184e-09,5.738966137869284e-07
2026-03-04 19:18:00+00:00,1.0227759084102672e-08,5.778840659331763e-07
2026-03-04 19:19:00+00:00,1.1671141386671025e-08,5.730122438762919e-07
2026-03-04 19:20:00+00:00,9.275899159888468e-09,5.721871048081084e-07
2026-03-04 19:21:00+00:00,9.770927178465172e-09,5.715499469260976e-07
2026-03-04 19:22:00+00:00,1.1336073413303893e-08,5.718981128666201e-07
2026-03-04 19:23:00+00:00,1.1115089293411984e-08,5.720882541027095e-07
2026-03-04 19:24:00+00:00,1.0418841789316957e-08,5.754235985477862e-07
2026-03-04 19:25:00+00:00,1.000503591086499e-08,5.702274847863009e-07
2026-03-04 19:26:00+00:00,9.011181134610524e-09,5.698391873920627e-07
2026-03-04 19:27:00+00:00,7.933285139927193e-09,5.693818252439087e-07
2026-03-04 19:28:00+00:00,8.646541260759477e-09,5.721741445086082e-07
2026-03-04 19:29:00+00:00,8.555105068808189e-09,5.821290756102826e-07
2026-03-04 19:30:00+00:00,7.475195573647397e-09,5.698233849216194e-07
2026-03-04 19:31:00+00:00,7.81961873030923e-09,5.642647238346399e-07
2026-03-04 19:32:00+00:00,8.631168668671307e-09,5.630949999613222e-07
2026-03-04 19:33:00+00:00,8.742976120856838e-09,5.620689762508846e-07
2026-03-04 19:34:00+00:00,1.0185047472077713e-08,5.622300136565173e-07
2026-03-04 19:35:00+00:00,1.0176987252918934e-08,5.635565116790531e-07
2026-03-04 19:36:00+00:00,8.938147999515422e-09,5.628203325613867e-07
2026-03-04 19:37:00+00:00,1.0092813695905534e-08,5.626472443509556e-07
2026-03-04 19:38:00+00:00,8.067011947332503e-09,5.624320351671486e-07
2026-03-04 19:39:00+00:00,9.64860991103933e-09,5.620502747660794e-07
2026-03-04 19:40:00+00:00,1.0158720087360962e-08,5.621343461825745e-07
2026-03-04 19:41:00+00:00,9.996785621524396e-09,5.607976163446438e-07
2026-03-04 19:42:00+00:00,1.1420388190686026e-08,5.612686209133244e-07
2026-03-04 19:43:00+00:00,1.1875892269586075e-08,5.643016152134805e-07
2026-03-04 19:44:00+00:00,1.1231290564239771e-08,5.693216280633351e-07
2026-03-04 19:45:00+00:00,1.1543876965447453e-08,5.783224992228497e-07
2026-03-04 19:46:00+00:00,1.0544409789758902e-08,5.795315587420191e-07
2026-03-04 19:47:00+00:00,1.1770737273764098e-08,5.755699703513528e-07
2026-03-04 19:48:00+00:00,1.112988190499209e-08,5.73317663565831e-07
2026-03-04 19:49:00+00:00,1.0855424115163714e-08,5.699853318219539e-07
2026-03-04 19:50:00+00:00,1.1350896222950269e-08,5.69854591958574e-07
2026-03-04 19:51:00+00:00,1.052767917286701e-08,5.644945417770941e-07
2026-03-04 19:52:00+00:00,1.0366812297490924e-08,5.630622581520583e-07
2026-03-04 19:53:00+00:00,1.1346759087871305e-08,5.598755592473026e-07
2026-03-04 19:54:00+00:00,1.19340484161512e-08,5.721707907468954e-07
2026-03-04 19:55:00+00:00,1.3059756831523828e-08,5.867928507541365e-07
2026-03-04 19:56:00+00:00,1.3698731038402912e-08,6.140044206404127e-07
2026-03-04 19:57:00+00:00,1.3943786569825534e-08,6.431787369365338e-07
2026-03-04 19:58:00+00:00,1.3853415303799466e-08,6.597216497539193e-07
2026-03-04 19:59:00+00:00,1.3691604294763238e-08,6.607886007259367e-07
2026-03-04 20:00:00+00:00,1.4303132012116748e-08,6.5603614984866e-07
2026-03-04 20:01:00+00:00,1.4085764554749858e-08,6.499483333755052e-07
2026-03-04 20:02:00+00:00,1.4461273956101195e-08,6.422629894586862e-07
2026-03-04 20:03:00+00:00,1.3532228670953828e-08,6.318670102700708e-07
2026-03-04 20:04:00+00:00,1.3087078087892223e-08,6.237609682102629e-07
2026-03-04 20:05:00+00:00,1.1788369391751985e-08,6.170884603307059e-07
2026-03-04 20:06:00+00:00,1.0657873694697173e-08,6.107106287345232e-07
2026-03-04 20:07:00+00:00,9.51331102783115e-09,6.002987333886267e-07
2026-03-04 20:08:00+00:00,9.15925646438609e-09,5.935427225267631e-07
2026-03-04 20:09:00+00:00,9.363171571408202e-09,5.843812118655478e-07
2026-03-04 20:10:00+00:00,9.584438132037576e-09,5.797811581942369e-07
2026-03-04 20:11:00+00:00,8.545034013707209e-09,5.800156372970378e-07
2026-03-04 20:12:00+00:00,9.440684678452271e-09,5.85249779305741e-07
2026-03-04 20:13:00+00:00,9.012825152865389e-09,5.882398568246572e-07
2026-03-04 20:14:00+00:00,9.08313690928253e-09,5.908224807171791e-07
2026-03-04 20:15:00+00:00,1.0330167832250936e-08,5.944136773905484e-07
2026-03-04 20:16:00+00:00,8.71027250326506e-09,5.994101002215757e-07
2026-03-04 20:17:00+00:00,8.967945497317942e-09,6.003127737130853e-07
2026-03-04 20:18:00+00:00,8.431451092860698e-09,5.977713612992375e-07
2026-03-04 20:19:00+00:00,7.583327743532209e-09,5.910651452722959e-07
2026-03-04 20:20:00+00:00,1.0400484917738595e-08,5.830009968121885e-07
2026-03-04 20:21:00+00:00,9.290635816228132e-09,5.767427069258702e-07
2026-03-04 20:22:00+00:00,9.806107037491074e-09,5.754113203693123e-07
2026-03-04 20:23:00+00:00,9.445985327261042e-09,5.722890250581258e-07
2026-03-04 20:24:00+00:00,7.585852834779416e-09,5.708245680580148e-07
2026-03-04 20:25:00+00:00,7.601535401136061e-09,5.643106533170794e-07
2026-03-04 20:26:00+00:00,1.0992269317000591e-08,5.616503244709747e-07
2026-03-04 20:27:00+00:00,8.355746317079138e-09,5.588260592048755e-07
2026-03-04 20:28:00+00:00,7.933280699035095e-09,5.562441742767987e-07
2026-03-04 20:29:00+00:00,9.12051500989719e-09,5.549716206587618e-07
2026-03-04 20:30:00+00:00,8.54615400669445e-09,5.51058860764897e-07
2026-03-04 20:31:00+00:00,7.193432516316989e-09,5.497938673215685e-07
2026-03-04 20:32:00+00:00,7.3795134447607325e-09,5.463774073177774e-07
2026-03-04 20:33:00+00:00,6.702291610594102e-09,5.442350357043324e-07
2026-03-04 20:34:00+00:00,6.703797073015494e-09,5.418589807959506e-07
2026-03-04 20:35:00+00:00,7.6444264252018e-09,5.412415475802845e-07
2026-03-04 20:36:00+00:00,7.0362076165508824e-09,5.405741489994398e-07
2026-03-04 20:37:00+00:00,7.428053283575764e-09,5.382943299991894e-07
2026-03-04 20:38:00+00:00,8.008887775190487e-09,5.361783905755146e-07
2026-03-04 20:39:00+00:00,9.564707248443938e-09,5.334215984476032e-07
2026-03-04 20:40:00+00:00,5.845358419520608e-09,5.316882720762806e-07
2026-03-04 20:41:00+00:00,7.042712191207556e-09,5.336216872819932e-07
2026-03-04 20:42:00+00:00,8.273183915719073e-09,5.336008825906902e-07
2026-03-04 20:43:00+00:00,9.443612114523603e-09,5.333629360393388e-07
2026-03-04 20:44:00+00:00,9.042313564577853e-09,5.346573175302183e-07
2026-03-04 20:45:00+00:00,7.974928273313253e-09,5.346526563698717e-07
2026-03-04 20:46:00+00:00,6.844246502879514e-09,5.389390480559086e-07
2026-03-04 20:47:00+00:00,7.467283680284709e-09,5.383521965995897e-07
2026-03-04 20:48:00+00:00,6.6895489148066645e-09,5.382202630244137e-07
2026-03-04 20:49:00+00:00,6.2528919819726525e-09,5.384264909480407e-07
2026-03-04 20:50:00+00:00,6.7408123527457064e-09,5.42035252237838e-07
2026-03-04 20:51:00+00:00,7.042007421631524e-09,5.44773854471714e-07
2026-03-04 20:52:00+00:00,8.589671196546078e-09,5.469750021802611e-07
2026-03-04 20:53:00+00:00,6.2782983256681746e-09,5.431132308331144e-07
2026-03-04 20:54:00+00:00,6.419004439095488e-09,5.418168598225748e-07
2026-03-04 20:55:00+00:00,6.5392771197991806e-09,5.420335469352722e-07
2026-03-04 20:56:00+00:00,8.397127437831386e-09,5.402261535891739e-07
2026-03-04 20:57:00+00:00,7.36260874489858e-09,5.409355026131379e-07
2026-03-04 20:58:00+00:00,6.256267948145933e-09,5.411997676674218e-07
2026-03-04 20:59:00+00:00,7.291740100612287e-09,5.416720227913174e-07
2026-03-04 21:00:00+00:00,5.943557201959493e-09,5.441583539322892e-07
2026-03-04 21:01:00+00:00,8.64747917717068e-09,5.457387715068762e-07
2026-03-04 21:02:00+00:00,1.0153970109172406e-08,5.472319344335119e-07
2026-03-04 21:03:00+00:00,9.575706449993504e-09,5.47068964351638e-07
2026-03-04 21:04:00+00:00,1.0902101443832635e-08,5.502601538864837e-07
2026-03-04 21:05:00+00:00,7.415077440953155e-09,5.473844453263155e-07
2026-03-04 21:06:00+00:00,9.307498771704559e-09,5.510308938028174e-07
2026-03-04 21:07:00+00:00,8.962070197071625e-09,5.523061190615408e-07
2026-03-04 21:08:00+00:00,7.47684492097278e-09,5.559950864153507e-07
2026-03-04 21:09:00+00:00,7.967875248482414e-09,5.573723456109292e-07
2026-03-04 21:10:00+00:00,7.116167655141226e-09,5.586383053923782e-07
2026-03-04 21:11:00+00:00,7.934207069126842e-09,5.585644657912781e-07
2026-03-04 21:12:00+00:00,7.930742285111592e-09,5.567114271798346e-07
2026-03-04 21:13:00+00:00,9.435281889125235e-09,5.55336214347335e-07
2026-03-04 21:14:00+00:00,9.04955133051999e-09,5.579921094067686e-07
2026-03-04 21:15:00+00:00,7.0678192187756395e-09,5.584772679867456e-07
2026-03-04 21:16:00+00:00,8.548906471617101e-09,5.570832399826031e-07
2026-03-04 21:17:00+00:00,6.0531966106225354e-09,5.559474516303453e-07
2026-03-04 21:18:00+00:00,6.5353500389164765e-09,5.531785518542165e-07
2026-03-04 21:19:00+00:00,5.4363238355392696e-09,5.517688919098873e-07
2026-03-04 21:20:00+00:00,5.823621584966077e-09,5.536868457056698e-07
2026-03-04 21:21:00+00:00,6.0729279383053836e-09,5.531017563953355e-07
2026-03-04 21:22:00+00:00,4.9004693636334196e-09,5.521645221051585e-07
2026-03-04 21:23:00+00:00,7.269481905325392e-09,5.526541713152255e-07
2026-03-04 21:24:00+00:00,7.399568513477561e-09,5.518598413800646e-07
2026-03-04 21:25:00+00:00,6.896127224820248e-09,5.530266093956016e-07
2026-03-04 21:26:00+00:00,6.202090396811855e-09,5.53260008473444e-07
2026-03-04 21:27:00+00:00,6.331302593309829e-09,5.547129831029451e-07
2026-03-04 21:28:00+00:00,5.446958439847549e-09,5.597535164270084e-07
2026-03-04 21:29:00+00:00,4.373274631319646e-09,5.586462634710188e-07
2026-03-04 21:30:00+00:00,4.87662576986736e-09,5.617811211777735e-07
2026-03-04 21:31:00+00:00,5.5683271327211514e-09,5.59819852696819e-07
2026-03-04 21:32:00+00:00,5.2205280098860385e-09,5.569543191086268e-07
2026-03-04 21:33:00+00:00,5.638780997685444e-09,5.544267196455621e-07
2026-03-04 21:34:00+00:00,4.300063416451394e-09,5.560679596783302e-07
2026-03-04 21:35:00+00:00,4.339690384824735e-09,5.587269242823822e-07
2026-03-04 21:36:00+00:00,6.3565352981242995e-09,5.587791633843153e-07
2026-03-04 21:37:00+00:00,6.25038198975858e-09,5.591782041847182e-07
2026-03-04 21:38:00+00:00,4.1487360213920965e-09,5.584073505815468e-07
2026-03-04 21:39:00+00:00,8.244481541908044e-09,5.665049798153632e-07
2026-03-04 21:40:00+00:00,6.169796229471558e-09,5.698997256331495e-07
2026-03-04 21:41:00+00:00,6.9816921133281085e-09,5.850587285749498e-07
2026-03-04 21:42:00+00:00,6.763593241032595e-09,5.949639785285399e-07
2026-03-04 21:43:00+00:00,7.219963737981061e-09,5.811964456370333e-07
2026-03-04 21:44:00+00:00,5.440507155896057e-09,5.644698148898897e-07
2026-03-04 21:45:00+00:00,5.269014113906678e-09,5.56866439183068e-07
2026-03-04 21:46:00+00:00,6.13075368249838e-09,5.521875436897972e-07
2026-03-04 21:47:00+00:00,6.2727627536673936e-09,5.499855433299672e-07
2026-03-04 21:48:00+00:00,4.859316504735034e-09,5.498453674590564e-07
2026-03-04 21:49:00+00:00,5.27555554796777e-09,5.499796884578245e-07
2026-03-04 21:50:00+00:00,5.8978781858343154e-09,5.51634684597957e-07
2026-03-04 21:51:00+00:00,6.256378970448395e-09,5.532714340006351e-07
2026-03-04 21:52:00+00:00,6.1943219442639474e-09,5.521459911506099e-07
2026-03-04 21:53:00+00:00,6.188226819858755e-09,5.497489041772496e-07
2026-03-04 21:54:00+00:00,5.2901043545716675e-09,5.500173756445292e-07
2026-03-04 21:55:00+00:00,3.946202475901828e-09,5.519887054106221e-07
2026-03-04 21:56:00+00:00,6.478345415672493e-09,5.538967684515228e-07
2026-03-04 21:57:00+00:00,5.808701963871954e-09,5.560282829719654e-07
2026-03-04 21:58:00+00:00,5.597628582876268e-09,5.560124236581032e-07
2026-03-04 21:59:00+00:00,6.412554931500836e-09,5.582485300692497e-07
2026-03-04 22:00:00+00:00,7.228321496910439e-09,5.574131591856712e-07
2026-03-04 22:01:00+00:00,7.86268294916681e-09,5.568184064941306e-07
2026-03-04 22:02:00+00:00,7.3162396141412955e-09,5.575822115133633e-07
2026-03-04 22:03:00+00:00,4.900001293606238e-09,5.630176360682526e-07
2026-03-04 22:04:00+00:00,5.773125089092446e-09,5.663254114551819e-07
2026-03-04 22:05:00+00:00,8.017789099312722e-09,5.676350838257349e-07
2026-03-04 22:06:00+00:00,8.02531907595494e-09,5.754943117608491e-07
2026-03-04 22:07:00+00:00,8.373057802657513e-09,5.875384090359148e-07
2026-03-04 22:08:00+00:00,6.815309205876474e-09,5.794126423097623e-07
2026-03-04 22:09:00+00:00,5.247319467827083e-09,5.768876008005464e-07
2026-03-04 22:10:00+00:00,5.497741373261533e-09,5.787061923001602e-07
2026-03-04 22:11:00+00:00,7.251836020572e-09,5.85975442390918e-07
2026-03-04 22:12:00+00:00,6.737620683594514e-09,5.898994004382985e-07
2026-03-04 22:13:00+00:00,8.146592733737634e-09,5.974242753836734e-07
2026-03-04 22:14:00+00:00,7.42599137737443e-09,6.015691269567469e-07
2026-03-04 22:15:00+00:00,7.504143972880684e-09,6.036807462805882e-07
2026-03-04 22:16:00+00:00,7.1692172198822846e-09,6.056581014490803e-07
2026-03-04 22:17:00+00:00,7.066528695531815e-09,6.077791567804525e-07
2026-03-04 22:18:00+00:00,6.082833348131089e-09,6.103973646531813e-07
2026-03-04 22:19:00+00:00,6.1851488375452846e-09,6.147412818791054e-07
2026-03-04 22:20:00+00:00,5.252621892992693e-09,6.161033638818481e-07
2026-03-04 22:21:00+00:00,5.207705378040828e-09,6.169522634991154e-07
2026-03-04 22:22:00+00:00,5.440679906598689e-09,6.20482467184047e-07
2026-03-04 22:23:00+00:00,5.6374291901306606e-09,6.177068598844926e-07
2026-03-04 22:24:00+00:00,5.8456044449428646e-09,6.169923381094122e-07
2026-03-04 22:25:00+00:00,6.121307460915659e-09,6.205761451383296e-07
2026-03-04 22:26:00+00:00,6.1682547958241685e-09,6.21387016508379e-07
2026-03-04 22:27:00+00:00,6.629096827026615e-09,6.201566407071368e-07
2026-03-04 22:28:00+00:00,6.097092164480955e-09,6.171301265567308e-07
2026-03-04 22:29:00+00:00,6.331867030695548e-09,6.159613690215338e-07
2026-03-04 22:30:00+00:00,6.881643255240988e-09,6.150002604954352e-07
2026-03-04 22:31:00+00:00,5.648946643788122e-09,6.134995942375099e-07
2026-03-04 22:32:00+00:00,6.7067631448480824e-09,6.125167715254065e-07
2026-03-04 22:33:00+00:00,5.992963902912152e-09,6.088808959248126e-07
2026-03-04 22:34:00+00:00,6.6939502829654884e-09,6.076566023693886e-07
2026-03-04 22:35:00+00:00,5.75836267557861e-09,6.037868161001825e-07
2026-03-04 22:36:00+00:00,6.8800716235273285e-09,6.007444994793332e-07
2026-03-04 22:37:00+00:00,5.14123588146731e-09,5.984265385450271e-07
2026-03-04 22:38:00+00:00,5.790631529833945e-09,5.991149691908504e-07
2026-03-04 22:39:00+00:00,5.15352693852833e-09,6.033301360730547e-07
2026-03-04 22:40:00+00:00,5.657442958550973e-09,6.048216505405435e-07
2026-03-04 22:41:00+00:00,6.136789743038662e-09,6.028401458024746e-07
2026-03-04 22:42:00+00:00,4.715031920454749e-09,5.978965873509878e-07
2026-03-04 22:43:00+00:00,5.060681651514187e-09,5.967958145447483e-07
2026-03-04 22:44:00+00:00,4.27481117171169e-09,5.943863925494952e-07
2026-03-04 22:45:00+00:00,7.970367477128093e-09,5.932170097366907e-07
2026-03-04 22:46:00+00:00,5.9208469238569705e-09,5.955284336778277e-07
2026-03-04 22:47:00+00:00,5.435488503735542e-09,6.014949462951336e-07
2026-03-04 22:48:00+00:00,6.043829881008378e-09,5.954902917437721e-07
2026-03-04 22:49:00+00:00,3.3314246916660295e-09,5.943522864981787e-07
2026-03-04 22:50:00+00:00,7.063756690683931e-09,5.978941999273957e-07
2026-03-04 22:51:00+00:00,4.470680714518949e-09,5.996677145958529e-07
2026-03-04 22:52:00+00:00,4.3191241694273685e-09,5.955337769592006e-07
2026-03-04 22:53:00+00:00,5.129225932876125e-09,5.940825076322653e-07
2026-03-04 22:54:00+00:00,3.86489329429196e-09,5.940493110756506e-07
2026-03-04 22:55:00+00:00,6.0765921183758564e-09,5.942231950939458e-07
2026-03-04 22:56:00+00:00,4.01671762517708e-09,5.963516969131888e-07
2026-03-04 22:57:00+00:00,4.338143622106827e-09,5.918294050388795e-07
2026-03-04 22:58:00+00:00,5.326666663307833e-09,5.894303285458591e-07
2026-03-04 22:59:00+00:00,5.3784292575187465e-09,5.864091008334071e-07
2026-03-04 23:00:00+00:00,5.6184616958887545e-09,5.839135042151611e-07
2026-03-04 23:01:00+00:00,5.766287447528384e-09,5.826333904224157e-07
2026-03-04 23:02:00+00:00,6.5740017873849865e-09,5.82555685468833e-07
2026-03-04 23:03:00+00:00,6.576483357889629e-09,5.95518940826878e-07
2026-03-04 23:04:00+00:00,6.145609354746284e-09,6.147996600702754e-07
2026-03-04 23:05:00+00:00,6.94661839162336e-09,6.245305712582194e-07
2026-03-04 23:06:00+00:00,7.018188252772006e-09,6.340171694318997e-07
2026-03-04 23:07:00+00:00,7.200799068129982e-09,6.273141366364143e-07
2026-03-04 23:08:00+00:00,5.814936532289039e-09,6.169399853206414e-07
2026-03-04 23:09:00+00:00,3.751146948616224e-09,6.058649546503148e-07
2026-03-04 23:10:00+00:00,4.107158613209094e-09,6.001987458148506e-07
2026-03-04 23:11:00+00:00,3.2158036233909115e-09,6.00130761085893e-07
2026-03-04 23:12:00+00:00,8.13682987654829e-09,6.02285808781744e-07
2026-03-04 23:13:00+00:00,4.6469397219084385e-09,5.975978751848743e-07
2026-03-04 23:14:00+00:00,5.799984492682597e-09,5.982104767099372e-07
2026-03-04 23:15:00+00:00,5.407245318167497e-09,5.959439022262814e-07
2026-03-04 23:16:00+00:00,4.3470960164881944e-09,5.916324994359456e-07
2026-03-04 23:17:00+00:00,4.965393873845869e-09,5.925626851421839e-07
2026-03-04 23:18:00+00:00,5.708627348610662e-09,5.935810918344941e-07
2026-03-04 23:19:00+00:00,4.438874601220277e-09,5.905180273657606e-07
2026-03-04 23:20:00+00:00,3.888741328950118e-09,5.864440595360065e-07
2026-03-04 23:21:00+00:00,4.05178424145447e-09,5.841294523634133e-07
2026-03-04 23:22:00+00:00,4.986111523663794e-09,5.809014851365646e-07
2026-03-04 23:23:00+00:00,3.5988039215339995e-09,5.750038098994992e-07
2026-03-04 23:24:00+00:00,4.943303100191088e-09,5.695640084013576e-07
2026-03-04 23:25:00+00:00,2.8983957456318876e-09,5.629868269352301e-07
2026-03-04 23:26:00+00:00,2.7127040613805775e-09,5.619897365249926e-07
2026-03-04 23:27:00+00:00,3.0090119285119954e-09,5.576446255872725e-07
2026-03-04 23:28:00+00:00,2.2307877767246964e-09,5.542400458580232e-07
2026-03-04 23:29:00+00:00,2.6570334821229835e-09,5.528901851903356e-07
2026-03-04 23:30:00+00:00,5.16078246803886e-09,5.519289061339805e-07
2026-03-04 23:31:00+00:00,4.16945855619133e-09,5.470801056617347e-07
2026-03-04 23:32:00+00:00,3.3945832811355103e-09,5.45053183031996e-07
2026-03-04 23:33:00+00:00,3.803421577686095e-09,5.437922823148256e-07
2026-03-04 23:34:00+00:00,1.4597151265505204e-09,5.413324970504618e-07
2026-03-04 23:35:00+00:00,2.323165437800867e-09,5.427128257906588e-07
2026-03-04 23:36:00+00:00,1.9556094521533396e-09,5.462458716465335e-07
2026-03-04 23:37:00+00:00,3.980058060903957e-09,5.444912858365569e-07
2026-03-04 23:38:00+00:00,2.486421735170552e-09,5.438200219032296e-07
2026-03-04 23:39:00+00:00,2.585349712092011e-09,5.460644274535298e-07
2026-03-04 23:40:00+00:00,2.5315727292252177e-09,5.437395884655416e-07
2026-03-04 23:41:00+00:00,3.7238856442911583e-09,5.42167583716946e-07
2026-03-04 23:42:00+00:00,2.220156058996281e-09,5.393632704908669e-07
2026-03-04 23:43:00+00:00,2.439299429113362e-09,5.370323492570606e-07
2026-03-04 23:44:00+00:00,3.2502356361874263e-09,5.397180302679772e-07
2026-03-04 23:45:00+00:00,3.318971986132624e-09,5.396773872234917e-07
2026-03-04 23:46:00+00:00,2.381058017419946e-09,5.415710688794206e-07
2026-03-04 23:47:00+00:00,3.010541371750719e-09,5.44248678124859e-07
2026-03-04 23:48:00+00:00,1.844274621909392e-09,5.512719667422061e-07
2026-03-04 23:49:00+00:00,1.0015190898826631e-09,5.576831654252601e-07
2026-03-04 23:50:00+00:00,2.919559705105712e-09,5.612718609881995e-07
2026-03-04 23:51:00+00:00,2.0945016832030205e-09,5.66323308248684e-07
2026-03-04 23:52:00+00:00,2.519475961193507e-09,5.712175266125996e-07
2026-03-04 23:53:00+00:00,3.88390786199011e-09,5.74820091969741e-07
2026-03-04 23:54:00+00:00,4.759600713555301e-09,5.791047215097933e-07
2026-03-04 23:55:00+00:00,2.4012942745343935e-09,5.788276666862657e-07
2026-03-04 23:56:00+00:00,2.481336025539349e-09,5.736933417210821e-07
2026-03-04 23:57:00+00:00,2.3884398903106785e-09,5.772831741523987e-07
2026-03-04 23:58:00+00:00,3.5102363238337375e-09,5.88676073220995e-07
2026-03-04 23:59:00+00:00,3.601787534890377e-09,5.949518140369037e-07
2026-03-05 00:00:00+00:00,1.481460731866946e-09,5.940684104643879e-07
2026-03-05 00:01:00+00:00,4.146524457127043e-09,5.846804356224311e-07
2026-03-05 00:02:00+00:00,5.843356909451813e-09,5.793650643681758e-07
2026-03-05 00:03:00+00:00,5.772531341818876e-09,5.73420606997388e-07
2026-03-05 00:04:00+00:00,3.869160547509409e-09,5.682310870724905e-07
2026-03-05 00:05:00+00:00,3.590254982199781e-09,5.618778686766746e-07
2026-03-05 00:06:00+00:00,1.3628872475024423e-09,5.602408350569021e-07
2026-03-05 00:07:00+00:00,3.2373304037491835e-09,5.591086846834514e-07
2026-03-05 00:08:00+00:00,2.512517971453576e-09,5.610918378806673e-07
2026-03-05 00:09:00+00:00,2.683810507164708e-09,5.584061000263318e-07
2026-03-05 00:10:00+00:00,3.0624016655877995e-09,5.561468015002902e-07
2026-03-05 00:11:00+00:00,1.474615540786317e-09,5.556651103688637e-07
2026-03-05 00:12:00+00:00,3.446957830277597e-09,5.525320716515125e-07
2026-03-05 00:13:00+00:00,2.0830728253429243e-09,5.51301411633176e-07
2026-03-05 00:14:00+00:00,2.7328559415451537e-09,5.510145797416044e-07
2026-03-05 00:15:00+00:00,2.1257646753980453e-09,5.535666787181981e-07
2026-03-05 00:16:00+00:00,1.5028909228220755e-09,5.517325121218164e-07
2026-03-05 00:17:00+00:00,9.999999717180685e-10,5.545252292904479e-07
2026-03-05 00:18:00+00:00,1.5433173627954488e-09,5.562745855058893e-07
2026-03-05 00:19:00+00:00,1.562164619883788e-09,5.542849521589233e-07
2026-03-05 00:20:00+00:00,9.999999717180685e-10,5.587014015873137e-07
2026-03-05 00:21:00+00:00,2.147010791375692e-09,5.708640742341231e-07
2026-03-05 00:22:00+00:00,3.27617044604267e-09,5.794892672383867e-07
2026-03-05 00:23:00+00:00,3.6415106485776505e-09,5.706853016818059e-07
2026-03-05 00:24:00+00:00,2.684932720597999e-09,5.64849074180529e-07
2026-03-05 00:25:00+00:00,2.3889288325307234e-09,5.602054216069519e-07
2026-03-05 00:26:00+00:00,3.6276104342647386e-09,5.557901090469386e-07
2026-03-05 00:27:00+00:00,2.1495651925107495e-09,5.502766953213722e-07
2026-03-05 00:28:00+00:00,2.110325247883793e-09,5.469581196848594e-07
2026-03-05 00:29:00+00:00,2.074667548868092e-09,5.462163699121447e-07
2026-03-05 00:30:00+00:00,2.611781013683867e-09,5.465346930577653e-07
2026-03-05 00:31:00+00:00,4.6382351293061674e-09,5.427336304819619e-07
2026-03-05 00:32:00+00:00,2.665461851236728e-09,5.428959184428095e-07
2026-03-05 00:33:00+00:00,2.290236222890485e-09,5.443463351184619e-07
2026-03-05 00:34:00+00:00,2.8879560964867323e-09,5.482014557856019e-07
2026-03-05 00:35:00+00:00,2.5266833070247685e-09,5.484723146764736e-07
2026-03-05 00:36:00+00:00,4.356080829381881e-09,5.485051133291563e-07
2026-03-05 00:37:00+00:00,2.8374453897583862e-09,5.472532507155847e-07
2026-03-05 00:38:00+00:00,1.640581892559112e-09,5.501377131622576e-07
2026-03-05 00:39:00+00:00,2.8993529799237194e-09,5.506147431333375e-07
2026-03-05 00:40:00+00:00,2.501364448903587e-09,5.489483783094329e-07
2026-03-05 00:41:00+00:00,2.881034966151219e-09,5.487144676408207e-07
2026-03-05 00:42:00+00:00,1.761931267552086e-09,5.490447847478208e-07
2026-03-05 00:43:00+00:00,5.348162801510625e-09,5.53127279090404e-07
2026-03-05 00:44:00+00:00,5.258026014587358e-09,5.560867180065543e-07
2026-03-05 00:45:00+00:00,5.471651132182842e-09,5.700848078049603e-07
2026-03-05 00:46:00+00:00,1.8471115748042166e-09,5.711123094442883e-07
2026-03-05 00:47:00+00:00,3.4296976370029597e-09,5.717339490729501e-07
2026-03-05 00:48:00+00:00,2.2875217275952764e-09,5.698749419025262e-07
2026-03-05 00:49:00+00:00,1.3799982268025701e-09,5.701027703253203e-07
2026-03-05 00:50:00+00:00,3.022110117711918e-09,5.712664119528199e-07
2026-03-05 00:51:00+00:00,1.278660732850767e-09,5.699105258827331e-07
2026-03-05 00:52:00+00:00,2.4313238089490596e-09,5.680419690179406e-07
2026-03-05 00:53:00+00:00,2.705883961340305e-09,5.69143594475463e-07
2026-03-05 00:54:00+00:00,3.5875291626297212e-09,5.693744924428756e-07
2026-03-05 00:55:00+00:00,3.728088948662389e-09,5.67740414680884e-07
2026-03-05 00:56:00+00:00,2.352434913532875e-09,5.649013701258809e-07
2026-03-05 00:57:00+00:00,1.920738901262098e-09,5.622284220407892e-07
2026-03-05 00:58:00+00:00,2.5046449358967493e-09,5.610252173937624e-07
2026-03-05 00:59:00+00:00,2.6328328406322044e-09,5.709474635295919e-07
2026-03-05 01:00:00+00:00,2.2807062904917075e-09,5.689435624844918e-07
2026-03-05 01:01:00+00:00,3.176622742628865e-09,5.704109184989647e-07
2026-03-05 01:02:00+00:00,3.1219338225696447e-09,5.651907031278824e-07
2026-03-05 01:03:00+00:00,2.676452615091307e-09,5.625294079436571e-07
2026-03-05 01:04:00+00:00,1.7253704021058525e-09,5.611557298834668e-07
2026-03-05 01:05:00+00:00,2.7393525225960502e-09,5.618292675535486e-07
2026-03-05 01:06:00+00:00,3.2782714320944706e-09,5.677107992596575e-07
2026-03-05 01:07:00+00:00,4.476052861690505e-09,5.75540070713032e-07
2026-03-05 01:08:00+00:00,2.960951483998997e-09,5.831909675180214e-07
2026-03-05 01:09:00+00:00,5.357205790090802e-09,5.962114073554403e-07
2026-03-05 01:10:00+00:00,4.984744617075876e-09,6.168063464428997e-07
2026-03-05 01:11:00+00:00,6.844825151119949e-09,6.305617716861889e-07
2026-03-05 01:12:00+00:00,4.656514729362016e-09,6.215688017618959e-07
2026-03-05 01:13:00+00:00,3.9177812105606336e-09,6.118764872553584e-07
2026-03-05 01:14:00+00:00,3.349143407049837e-09,6.018859721734771e-07
2026-03-05 01:15:00+00:00,3.763893197117341e-09,5.945478278590599e-07
2026-03-05 01:16:00+00:00,3.8591903006590655e-09,5.939654101894121e-07
2026-03-05 01:17:00+00:00,1.908015079266079e-09,5.950514605501667e-07
2026-03-05 01:18:00+00:00,3.784589530653193e-09,5.95612448250904e-07
2026-03-05 01:19:00+00:00,2.585767822083085e-09,5.953906452305091e-07
2026-03-05 01:20:00+00:00,2.718314906502428e-09,5.919567342971277e-07
2026-03-05 01:21:00+00:00,3.6940885905778487e-09,5.902503517063451e-07
2026-03-05 01:22:00+00:00,3.150801841655948e-09,5.879984996681742e-07
2026-03-05 01:23:00+00:00,2.8059921053369408e-09,5.848061732649512e-07
2026-03-05 01:24:00+00:00,3.897370426386715e-09,5.805144951409602e-07
2026-03-05 01:25:00+00:00,3.863272812765217e-09,5.783905407952261e-07
2026-03-05 01:26:00+00:00,2.723133940563116e-09,5.767269612988457e-07
2026-03-05 01:27:00+00:00,2.750394800798972e-09,5.76737477331335e-07
2026-03-05 01:28:00+00:00,4.333498893061005e-09,5.758217298534873e-07
2026-03-05 01:29:00+00:00,3.5774347928452244e-09,5.749349156758399e-07
2026-03-05 01:30:00+00:00,2.7948985348302813e-09,5.721681759496278e-07
2026-03-05 01:31:00+00:00,2.84258838689766e-09,5.676168939316995e-07
2026-03-05 01:32:00+00:00,1.6877407249538123e-09,5.637981530526304e-07
2026-03-05 01:33:00+00:00,2.6746806991440053e-09,5.606607373920269e-07
2026-03-05 01:34:00+00:00,2.7514146516693927e-09,5.550911055252072e-07
2026-03-05 01:35:00+00:00,2.1941075623033157e-09,5.542600547414622e-07
2026-03-05 01:36:00+00:00,3.4537270821033417e-09,5.517134127330792e-07
2026-03-05 01:37:00+00:00,4.5013330840504295e-09,5.527298867491481e-07
2026-03-05 01:38:00+00:00,3.5378728835411266e-09,5.511764129551011e-07
2026-03-05 01:39:00+00:00,3.853783070439931e-09,5.500467636920803e-07
2026-03-05 01:40:00+00:00,4.209645076969082e-09,5.499505846273678e-07
2026-03-05 01:41:00+00:00,2.1065689193022763e-09,5.466349080052169e-07
2026-03-05 01:42:00+00:00,2.3617603428505163e-09,5.442743713501841e-07
2026-03-05 01:43:00+00:00,3.352594646344187e-09,5.42618010967999e-07
2026-03-05 01:44:00+00:00,1.895847034916187e-09,5.426662710306118e-07
2026-03-05 01:45:00+00:00,2.61634780507336e-09,5.388993713495438e-07
2026-03-05 01:46:00+00:00,3.077316401700614e-09,5.379981189435057e-07
2026-03-05 01:47:00+00:00,2.0464963057520436e-09,5.383758434618358e-07
2026-03-05 01:48:00+00:00,3.0726137190129066e-09,5.345486329133564e-07
2026-03-05 01:49:00+00:00,3.0410314266759997e-09,5.330601879904862e-07
2026-03-05 01:50:00+00:00,2.5522255420185047e-09,5.308624508870707e-07
2026-03-05 01:51:00+00:00,1.771168989250782e-09,5.293244385029539e-07
2026-03-05 01:52:00+00:00,1.1072335270867484e-09,5.290872309160477e-07
2026-03-05 01:53:00+00:00,3.7297049892970335e-09,5.273907390801469e-07
2026-03-05 01:54:00+00:00,2.768402618258392e-09,5.260608304524794e-07
2026-03-05 01:55:00+00:00,3.407495174911901e-09,5.259290674075601e-07
2026-03-05 01:56:00+00:00,2.446152391755163e-09,5.243102236818231e-07
2026-03-05 01:57:00+00:00,9.999999717180685e-10,5.246840260042518e-07
2026-03-05 01:58:00+00:00,1.4111848356535006e-09,5.234119839769846e-07
2026-03-05 01:59:00+00:00,1.4679595317090843e-09,5.229398425399268e-07
2026-03-05 02:00:00+00:00,1.892399348335516e-09,5.198385792937188e-07
2026-03-05 02:01:00+00:00,1.1589427195701774e-09,5.206561581871938e-07
2026-03-05 02:02:00+00:00,9.999999717180685e-10,5.193918468648917e-07
2026-03-05 02:03:00+00:00,1.2422352035912354e-09,5.230538135947427e-07
2026-03-05 02:04:00+00:00,9.999999717180685e-10,5.232376452113385e-07
2026-03-05 02:05:00+00:00,1.1145375733434548e-09,5.22247944445553e-07
2026-03-05 02:06:00+00:00,2.916447083833873e-09,5.22218556398002e-07
2026-03-05 02:07:00+00:00,2.4018531608049898e-09,5.240403879724909e-07
2026-03-05 02:08:00+00:00,3.2885187906117608e-09,5.249321475275792e-07
2026-03-05 02:09:00+00:00,2.5031954287157987e-09,5.246323553365073e-07
2026-03-05 02:10:00+00:00,4.127112873675287e-09,5.24040331129072e-07
2026-03-05 02:11:00+00:00,4.47985737395129e-09,5.26082658325322e-07
2026-03-05 02:12:00+00:00,3.6064371489175073e-09,5.285653514874866e-07
2026-03-05 02:13:00+00:00,4.953580212685438e-09,5.299743293107895e-07
2026-03-05 02:14:00+00:00,3.736184694957956e-09,5.31980504092644e-07
2026-03-05 02:15:00+00:00,2.8668170060086595e-09,5.326470500222058e-07
2026-03-05 02:16:00+00:00,4.766112837728542e-09,5.345987119653728e-07
2026-03-05 02:17:00+00:00,4.8054777934680715e-09,5.353891197046323e-07
2026-03-05 02:18:00+00:00,3.1539635347854755e-09,5.363320383366954e-07
2026-03-05 02:19:00+00:00,2.242973806687587e-09,5.417958846010151e-07
2026-03-05 02:20:00+00:00,2.9657813982453263e-09,5.410398671301664e-07
2026-03-05 02:21:00+00:00,2.0247505894133155e-09,5.375293881115795e-07
2026-03-05 02:22:00+00:00,2.8366098359100533e-09,5.364878461477929e-07
2026-03-05 02:23:00+00:00,1.6020685889017727e-09,5.351657819119282e-07
2026-03-05 02:24:00+00:00,2.794605657996385e-09,5.342340045899618e-07
2026-03-05 02:25:00+00:00,3.858810160295434e-09,5.368461302168726e-07
2026-03-05 02:26:00+00:00,4.341565329468722e-09,5.383088250709989e-07
2026-03-05 02:27:00+00:00,3.087335276319436e-09,5.400383997766767e-07
2026-03-05 02:28:00+00:00,4.536363285012612e-09,5.532912723538175e-07
2026-03-05 02:29:00+00:00,6.6008065680023265e-09,5.753092864324572e-07
2026-03-05 02:30:00+00:00,5.225898380700755e-09,5.71935288462555e-07
2026-03-05 02:31:00+00:00,3.8632834709062536e-09,5.614261908704066e-07
2026-03-05 02:32:00+00:00,1.739101085362904e-09,5.510047458301415e-07
2026-03-05 02:33:00+00:00,4.339959502885904e-09,5.438097332444158e-07
2026-03-05 02:34:00+00:00,5.041848716302866e-09,5.367896847019438e-07
2026-03-05 02:35:00+00:00,3.836856610206496e-09,5.313330007084005e-07
2026-03-05 02:36:00+00:00,4.049734769751012e-09,5.262550075713079e-07
2026-03-05 02:37:00+00:00,3.881679866424292e-09,5.256545136944624e-07
2026-03-05 02:38:00+00:00,4.227595162831221e-09,5.222609047450533e-07
2026-03-05 02:39:00+00:00,4.792252372709527e-09,5.254482289274165e-07
2026-03-05 02:40:00+00:00,4.2489616269847374e-09,5.315098974278953e-07
2026-03-05 02:41:00+00:00,2.9244775490155916e-09,5.340131679076876e-07
2026-03-05 02:42:00+00:00,3.437643059100992e-09,5.349359071260551e-07
2026-03-05 02:43:00+00:00,2.6283368814716823e-09,5.340268103282142e-07
2026-03-05 02:44:00+00:00,3.1188511773194705e-09,5.322476113178709e-07
2026-03-05 02:45:00+00:00,1.9643389137513623e-09,5.299451686369139e-07
2026-03-05 02:46:00+00:00,1.974072239008251e-09,5.271846816867765e-07
2026-03-05 02:47:00+00:00,5.271813208196363e-09,5.258592068457801e-07
2026-03-05 02:48:00+00:00,5.178245388037794e-09,5.239679126134433e-07
2026-03-05 02:49:00+00:00,5.240512912507711e-09,5.222000822868722e-07
2026-03-05 02:50:00+00:00,5.7177573786759694e-09,5.197744599172438e-07
2026-03-05 02:51:00+00:00,2.2128827659173567e-09,5.190632350604574e-07
2026-03-05 02:52:00+00:00,2.8964852738511127e-09,5.202531951908895e-07
2026-03-05 02:53:00+00:00,3.204111864718584e-09,5.200020609663625e-07
2026-03-05 02:54:00+00:00,3.761831735005217e-09,5.197384780331049e-07
2026-03-05 02:55:00+00:00,2.6083704085522186e-09,5.206873652241484e-07
2026-03-05 02:56:00+00:00,3.6867726649347787e-09,5.217038960836362e-07
2026-03-05 02:57:00+00:00,3.0828937180871208e-09,5.218460614742071e-07
2026-03-05 02:58:00+00:00,4.074922621555288e-09,5.220414323048317e-07
2026-03-05 02:59:00+00:00,2.7119602119540787e-09,5.178693527341238e-07
2026-03-05 03:00:00+00:00,4.0201926232441565e-09,5.180546054361912e-07
2026-03-05 03:01:00+00:00,3.8583434225358815e-09,5.192069920667564e-07
2026-03-05 03:02:00+00:00,3.9076843982854825e-09,5.180414746064343e-07
2026-03-05 03:03:00+00:00,2.923548958477795e-09,5.178569608688122e-07
2026-03-05 03:04:00+00:00,3.6697698213572494e-09,5.166840537640383e-07
2026-03-05 03:05:00+00:00,2.1253616644401063e-09,5.140220196153678e-07
2026-03-05 03:06:00+00:00,3.3691054390772024e-09,5.11944904246775e-07
2026-03-05 03:07:00+00:00,2.221334893803828e-09,5.10791608121508e-07
2026-03-05 03:08:00+00:00,2.5960278371428558e-09,5.085796601633774e-07
2026-03-05 03:09:00+00:00,3.7889003046132075e-09,5.083251721771376e-07
2026-03-05 03:10:00+00:00,4.176548884515796e-09,5.060193757344678e-07
2026-03-05 03:11:00+00:00,2.283642830391841e-09,5.087650265522825e-07
2026-03-05 03:12:00+00:00,2.985277136602349e-09,5.122059292261838e-07
2026-03-05 03:13:00+00:00,2.8679283392563093e-09,5.172863666302874e-07
2026-03-05 03:14:00+00:00,3.3614169225870683e-09,5.30203635662474e-07
2026-03-05 03:15:00+00:00,4.013393617441352e-09,5.458956024995132e-07
2026-03-05 03:16:00+00:00,3.069523080156955e-09,5.496244739333633e-07
2026-03-05 03:17:00+00:00,4.047158164155462e-09,5.41053111646761e-07
2026-03-05 03:18:00+00:00,2.4995556735518676e-09,5.3475952199733e-07
2026-03-05 03:19:00+00:00,2.6274660225311663e-09,5.304814294504467e-07
2026-03-05 03:20:00+00:00,2.684491517968013e-09,5.296043923408433e-07
2026-03-05 03:21:00+00:00,4.036375234051093e-09,5.271751888358267e-07
2026-03-05 03:22:00+00:00,2.874148918863284e-09,5.26130406797165e-07
2026-03-05 03:23:00+00:00,2.873023374760919e-09,5.267251026452868e-07
2026-03-05 03:24:00+00:00,2.7157665005717035e-09,5.259547606328852e-07
2026-03-05 03:25:00+00:00,2.5842759043825936e-09,5.264019478090631e-07
2026-03-05 03:26:00+00:00,3.162325956651557e-09,5.231759132584557e-07
2026-03-05 03:27:00+00:00,2.175989610719853e-09,5.255530481917958e-07
2026-03-05 03:28:00+00:00,1.945718919316164e-09,5.258022497400816e-07
2026-03-05 03:29:00+00:00,3.405018711433172e-09,5.309357220539823e-07
2026-03-05 03:30:00+00:00,3.012466276430814e-09,5.3539821465165e-07
2026-03-05 03:31:00+00:00,3.78634457121052e-09,5.405626666288299e-07
2026-03-05 03:32:00+00:00,3.801164716321637e-09,5.438158154902339e-07
2026-03-05 03:33:00+00:00,2.17148099501685e-09,5.459367002913496e-07
2026-03-05 03:34:00+00:00,1.969333363049941e-09,5.486338068294572e-07
2026-03-05 03:35:00+00:00,2.5414093052233966e-09,5.591712124441983e-07
2026-03-05 03:36:00+00:00,4.418432286712459e-09,5.905475291001494e-07
2026-03-05 03:37:00+00:00,6.389611062473932e-09,6.138382673270826e-07
2026-03-05 03:38:00+00:00,4.6688541921469096e-09,6.066793503123336e-07
2026-03-05 03:39:00+00:00,5.321565854643495e-09,5.973209908916033e-07
2026-03-05 03:40:00+00:00,4.875537307214017e-09,5.893663228562218e-07
2026-03-05 03:41:00+00:00,4.545482656936883e-09,5.816676207359706e-07
2026-03-05 03:42:00+00:00,4.165011002754682e-09,5.773179054813227e-07
2026-03-05 03:43:00+00:00,3.58516349940885e-09,5.738358481721662e-07
2026-03-05 03:44:00+00:00,3.797074210609708e-09,5.721580009776517e-07
2026-03-05 03:45:00+00:00,3.972362883075675e-09,5.708636763301911e-07
2026-03-05 03:46:00+00:00,4.320135360558197e-09,5.695363824997912e-07
2026-03-05 03:47:00+00:00,3.8180330008685814e-09,5.675721013176371e-07
2026-03-05 03:48:00+00:00,2.684598321422982e-09,5.664634272761759e-07
2026-03-05 03:49:00+00:00,2.563308454384128e-09,5.650808816426434e-07
2026-03-05 03:50:00+00:00,4.0554444247220545e-09,5.657639121636748e-07
2026-03-05 03:51:00+00:00,5.20230791778431e-09,5.673322789334634e-07
2026-03-05 03:52:00+00:00,3.494569300599437e-09,5.678540446751867e-07
2026-03-05 03:53:00+00:00,4.298661870905107e-09,5.690384909939894e-07
2026-03-05 03:54:00+00:00,3.679974103221184e-09,5.670741529684165e-07
2026-03-05 03:55:00+00:00,2.425324607813195e-09,5.632955435430631e-07
2026-03-05 03:56:00+00:00,3.26737303879554e-09,5.607528805740003e-07
2026-03-05 03:57:00+00:00,5.484412035627884e-09,5.542738676922454e-07
2026-03-05 03:58:00+00:00,2.6858641977156594e-09,5.537742140404589e-07
2026-03-05 03:59:00+00:00,3.3067995008906337e-09,5.527132316274219e-07
2026-03-05 04:00:00+00:00,2.1901447322392187e-09,5.538508958125021e-07
2026-03-05 04:01:00+00:00,3.383676228096988e-09,5.523451704902982e-07
2026-03-05 04:02:00+00:00,1.5345047454928817e-09,5.509044171958521e-07
2026-03-05 04:03:00+00:00,1.8591497230602272e-09,5.492518084793119e-07
2026-03-05 04:04:00+00:00,2.5085509225419855e-09,5.469938741953229e-07
2026-03-05 04:05:00+00:00,4.16306189521265e-09,5.45285161024367e-07
2026-03-05 04:06:00+00:00,2.1806056960116393e-09,5.447570288197312e-07
2026-03-05 04:07:00+00:00,1.816716110880634e-09,5.438785137812374e-07
2026-03-05 04:08:00+00:00,1.5321973689808033e-09,5.422579647529346e-07
2026-03-05 04:09:00+00:00,2.5762119104655312e-09,5.394801405600447e-07
2026-03-05 04:10:00+00:00,2.016749878208657e-09,5.38033930297388e-07
2026-03-05 04:11:00+00:00,1.9554680097400023e-09,5.369339532990125e-07
2026-03-05 04:12:00+00:00,3.032702311500657e-09,5.375014779929188e-07
2026-03-05 04:13:00+00:00,9.999999717180685e-10,5.353250003281573e-07
2026-03-05 04:14:00+00:00,2.696519674216802e-09,5.336778485798277e-07
2026-03-05 04:15:00+00:00,3.991684316417832e-09,5.357908889891405e-07
2026-03-05 04:16:00+00:00,3.2753135759122642e-09,5.360205364013382e-07
2026-03-05 04:17:00+00:00,3.4411578031523504e-09,5.396144047153939e-07
2026-03-05 04:18:00+00:00,4.32374003267455e-09,5.38530116500624e-07
2026-03-05 04:19:00+00:00,4.103686279677277e-09,5.360117256714148e-07
2026-03-05 04:20:00+00:00,3.424647010419335e-09,5.341268547454092e-07
2026-03-05 04:21:00+00:00,3.8842591365551016e-09,5.322646643435291e-07
2026-03-05 04:22:00+00:00,2.9118569777608627e-09,5.303829766489798e-07
2026-03-05 04:23:00+00:00,2.172410917822276e-09,5.282614665702567e-07
2026-03-05 04:24:00+00:00,1.600708343652002e-09,5.30029637957341e-07
2026-03-05 04:25:00+00:00,2.6330688740472397e-09,5.294144784784294e-07
2026-03-05 04:26:00+00:00,9.999999717180685e-10,5.275718422126374e-07
2026-03-05 04:27:00+00:00,9.999999717180685e-10,5.25403493156773e-07
2026-03-05 04:28:00+00:00,9.999999717180685e-10,5.260733360046288e-07
2026-03-05 04:29:00+00:00,1.2716891983899359e-09,5.259067847873666e-07
2026-03-05 04:30:00+00:00,1.7781106587122508e-09,5.238574090071779e-07
2026-03-05 04:31:00+00:00,9.999999717180685e-10,5.187822580410284e-07
2026-03-05 04:32:00+00:00,1.157274831520283e-09,5.20388596214616e-07
2026-03-05 04:33:00+00:00,1.3713730151465597e-09,5.202560942052514e-07
2026-03-05 04:34:00+00:00,2.17302198457503e-09,5.191280365579587e-07
2026-03-05 04:35:00+00:00,2.0037358439140007e-09,5.167871108824329e-07
2026-03-05 04:36:00+00:00,1.7841739197166362e-09,5.156153406460362e-07
2026-03-05 04:37:00+00:00,2.5661905933560547e-09,5.131377065481502e-07
2026-03-05 04:38:00+00:00,2.543692145806631e-09,5.100521889289666e-07
2026-03-05 04:39:00+00:00,3.017288863205181e-09,5.080935352452798e-07
2026-03-05 04:40:00+00:00,3.9087861836151205e-09,5.070605197943223e-07
2026-03-05 04:41:00+00:00,2.574535917787557e-09,5.066070798420697e-07
2026-03-05 04:42:00+00:00,3.7220597715048598e-09,5.069377948530018e-07
2026-03-05 04:43:00+00:00,3.0749098822724363e-09,5.08150606037816e-07
2026-03-05 04:44:00+00:00,4.409903997526499e-09,5.157195914762269e-07
2026-03-05 04:45:00+00:00,3.739468734664797e-09,5.21160018251976e-07
2026-03-05 04:46:00+00:00,3.6110783252496503e-09,5.276166348266997e-07
2026-03-05 04:47:00+00:00,3.560909345168284e-09,5.325404117684229e-07
2026-03-05 04:48:00+00:00,4.272755482759294e-09,5.387070132201188e-07
2026-03-05 04:49:00+00:00,4.005569209653004e-09,5.470964765663666e-07
2026-03-05 04:50:00+00:00,2.8251552208757857e-09,5.507375249180768e-07
2026-03-05 04:51:00+00:00,3.0118190164074576e-09,5.534338356483204e-07
2026-03-05 04:52:00+00:00,3.033388873419085e-09,5.61520778319391e-07
2026-03-05 04:53:00+00:00,2.8117443928721286e-09,5.676518526342988e-07
2026-03-05 04:54:00+00:00,3.795538994211256e-09,5.673934992955765e-07
2026-03-05 04:55:00+00:00,3.5918767959941533e-09,5.624250434266287e-07
2026-03-05 04:56:00+00:00,2.5704747219634783e-09,5.574787564910366e-07
2026-03-05 04:57:00+00:00,2.294572531980066e-09,5.522417723113904e-07
2026-03-05 04:58:00+00:00,2.0031052372360136e-09,5.485826477524824e-07
2026-03-05 04:59:00+00:00,9.999999717180685e-10,5.458151690618251e-07
2026-03-05 05:00:00+00:00,2.8332267643094156e-09,5.435573484646739e-07
2026-03-05 05:01:00+00:00,2.2372330654718553e-09,5.405387355494895e-07
2026-03-05 05:02:00+00:00,2.6969768640583425e-09,5.342644158190524e-07
2026-03-05 05:03:00+00:00,9.999999717180685e-10,5.276742740534246e-07
2026-03-05 05:04:00+00:00,2.6637094752146595e-09,5.252314849713002e-07
2026-03-05 05:05:00+00:00,9.999999717180685e-10,5.271853069643839e-07
2026-03-05 05:06:00+00:00,2.5933661884636194e-09,5.286615305521991e-07
2026-03-05 05:07:00+00:00,1.541550220807153e-09,5.369726636672567e-07
2026-03-05 05:08:00+00:00,2.48422060700193e-09,5.46575620319345e-07
2026-03-05 05:09:00+00:00,2.55141063831843e-09,5.582264179793128e-07
2026-03-05 05:10:00+00:00,3.983370522320229e-09,5.63463004255027e-07
2026-03-05 05:11:00+00:00,2.417719358049908e-09,5.590610498984461e-07
2026-03-05 05:12:00+00:00,9.999999717180685e-10,5.56210977720184e-07
2026-03-05 05:13:00+00:00,3.163046047305329e-09,5.574360102400533e-07
2026-03-05 05:14:00+00:00,3.4326748110657945e-09,5.619410217150289e-07
2026-03-05 05:15:00+00:00,5.006292269627011e-09,5.596812115982175e-07
2026-03-05 05:16:00+00:00,3.0879496737412637e-09,5.583542588283308e-07
2026-03-05 05:17:00+00:00,4.618482929430456e-09,5.599107453235774e-07
2026-03-05 05:18:00+00:00,4.856341995207458e-09,5.594450271928508e-07
2026-03-05 05:19:00+00:00,4.015316079630793e-09,5.593721539298713e-07
2026-03-05 05:20:00+00:00,5.071804309864092e-09,5.624480650112673e-07
2026-03-05 05:21:00+00:00,4.897616978638553e-09,5.624085019917402e-07
2026-03-05 05:22:00+00:00,7.260561041277924e-09,5.628176040772814e-07
2026-03-05 05:23:00+00:00,7.210383401456966e-09,5.63097501071752e-07
2026-03-05 05:24:00+00:00,5.5643165630669955e-09,5.689745989911899e-07
2026-03-05 05:25:00+00:00,7.2017147800806924e-09,5.717698741136701e-07
2026-03-05 05:26:00+00:00,6.3779612702319355e-09,5.719160185435612e-07
2026-03-05 05:27:00+00:00,3.573263018807893e-09,5.706498882318556e-07
2026-03-05 05:28:00+00:00,3.6132872249794445e-09,5.651272658724338e-07
2026-03-05 05:29:00+00:00,4.931044905731596e-09,5.641794018629298e-07
2026-03-05 05:30:00+00:00,5.804095426498179e-09,5.735246304539032e-07
2026-03-05 05:31:00+00:00,5.6455391472809424e-09,5.798322604277928e-07
2026-03-05 05:32:00+00:00,4.815631893251293e-09,5.773376301476674e-07
2026-03-05 05:33:00+00:00,7.138096780323622e-09,5.717126896342961e-07
2026-03-05 05:34:00+00:00,6.067853330904427e-09,5.67594611311506e-07
2026-03-05 05:35:00+00:00,5.729309915381009e-09,5.642985456688621e-07
2026-03-05 05:36:00+00:00,4.232687533800572e-09,5.600927579507697e-07
2026-03-05 05:37:00+00:00,5.0579886945456565e-09,5.569383461079269e-07
2026-03-05 05:38:00+00:00,4.834985301016559e-09,5.519103751794319e-07
2026-03-05 05:39:00+00:00,5.456348262100619e-09,5.476944693327823e-07
2026-03-05 05:40:00+00:00,3.67148622615332e-09,5.42983912055206e-07
2026-03-05 05:41:00+00:00,5.584980034001319e-09,5.394967956817709e-07
2026-03-05 05:42:00+00:00,6.290857168522734e-09,5.471757731356774e-07
2026-03-05 05:43:00+00:00,4.534323583271771e-09,5.402569627221965e-07
2026-03-05 05:44:00+00:00,5.494186883225893e-09,5.350862011255231e-07
2026-03-05 05:45:00+00:00,6.487207659944261e-09,5.317982072483574e-07
2026-03-05 05:46:00+00:00,5.358992805071239e-09,5.311826498655137e-07
2026-03-05 05:47:00+00:00,5.210366804675459e-09,5.326332939148415e-07
2026-03-05 05:48:00+00:00,4.170193079744422e-09,5.356051246963034e-07
2026-03-05 05:49:00+00:00,5.260229585246634e-09,5.323768164089415e-07
2026-03-05 05:50:00+00:00,5.2399071748254755e-09,5.255809583104565e-07
2026-03-05 05:51:00+00:00,3.759310640560898e-09,5.22821324011602e-07
2026-03-05 05:52:00+00:00,4.1785619409040464e-09,5.217701755100279e-07
2026-03-05 05:53:00+00:00,3.247348168144981e-09,5.234459763414634e-07
2026-03-05 05:54:00+00:00,5.289436444400053e-09,5.254013331068563e-07
2026-03-05 05:55:00+00:00,3.9189456124688604e-09,5.281452786221053e-07
2026-03-05 05:56:00+00:00,4.229014471945902e-09,5.272383418741811e-07
2026-03-05 05:57:00+00:00,4.513440732267782e-09,5.314664122124668e-07
2026-03-05 05:58:00+00:00,4.195012337504522e-09,5.324181984178722e-07
2026-03-05 05:59:00+00:00,5.500516930823096e-09,5.305981858327868e-07
2026-03-05 06:00:00+00:00,3.371223744608187e-09,5.295307801134186e-07
2026-03-05 06:01:00+00:00,3.262756287369939e-09,5.320738978298323e-07
2026-03-05 06:02:00+00:00,4.683372356595328e-09,5.320318336998753e-07
2026-03-05 06:03:00+00:00,5.163719674072809e-09,5.35424362624326e-07
2026-03-05 06:04:00+00:00,5.3371440600358255e-09,5.450007165563875e-07
2026-03-05 06:05:00+00:00,6.582263178955827e-09,5.580664605986385e-07
2026-03-05 06:06:00+00:00,6.375219463450321e-09,5.708442927243595e-07
2026-03-05 06:07:00+00:00,5.867301755557719e-09,5.835362912876008e-07
2026-03-05 06:08:00+00:00,7.481858688151988e-09,5.988381985844171e-07
2026-03-05 06:09:00+00:00,8.565957720918504e-09,6.192161094986659e-07
2026-03-05 06:10:00+00:00,7.775417643074434e-09,6.271574761740339e-07
2026-03-05 06:11:00+00:00,7.556376857564828e-09,6.319456247183552e-07
2026-03-05 06:12:00+00:00,8.655521632761065e-09,6.390537805600616e-07
2026-03-05 06:13:00+00:00,1.0114797888149951e-08,6.51197240131296e-07
2026-03-05 06:14:00+00:00,1.092361845422829e-08,6.676710881947656e-07
2026-03-05 06:15:00+00:00,9.801009781540415e-09,6.815792517045338e-07
2026-03-05 06:16:00+00:00,9.053001903680524e-09,6.799016887271137e-07
2026-03-05 06:17:00+00:00,8.64715588022591e-09,6.749846761522349e-07
2026-03-05 06:18:00+00:00,8.833477949110602e-09,6.726864967276924e-07
2026-03-05 06:19:00+00:00,7.724480610704632e-09,6.741078095728881e-07
2026-03-05 06:20:00+00:00,7.583865979654547e-09,6.705631108161469e-07
2026-03-05 06:21:00+00:00,6.51463727407986e-09,6.594210617549834e-07
2026-03-05 06:22:00+00:00,5.281543202784178e-09,6.488341455224145e-07
2026-03-05 06:23:00+00:00,4.784086460318804e-09,6.377209729180322e-07
2026-03-05 06:24:00+00:00,3.955478167227966e-09,6.295084062912792e-07
2026-03-05 06:25:00+00:00,2.9918336696965753e-09,6.237258958208258e-07
2026-03-05 06:26:00+00:00,3.707350204606996e-09,6.211335517036787e-07
2026-03-05 06:27:00+00:00,3.2077480671688363e-09,6.244039241209975e-07
2026-03-05 06:28:00+00:00,2.66002109228225e-09,6.239783942874055e-07
2026-03-05 06:29:00+00:00,3.750860066986661e-09,6.256711344576615e-07
2026-03-05 06:30:00+00:00,2.208299543227099e-09,6.26932830982696e-07
2026-03-05 06:31:00+00:00,1.2196411658393913e-09,6.352107675411389e-07
2026-03-05 06:32:00+00:00,2.1218840018377705e-09,6.466720492426248e-07
2026-03-05 06:33:00+00:00,3.144099203211681e-09,6.535358352266485e-07
2026-03-05 06:34:00+00:00,3.6831457883579333e-09,6.6381824126438e-07
2026-03-05 06:35:00+00:00,5.023966576089833e-09,6.802611665079894e-07
2026-03-05 06:36:00+00:00,4.862513058867535e-09,6.863705834803113e-07
2026-03-05 06:37:00+00:00,4.422033850204343e-09,6.89224066263705e-07
2026-03-05 06:38:00+00:00,3.025942385548319e-09,6.94763343744853e-07
2026-03-05 06:39:00+00:00,5.4862634435437485e-09,7.003046675890801e-07
2026-03-05 06:40:00+00:00,5.96006355380041e-09,7.052875048429996e-07
2026-03-05 06:41:00+00:00,6.493818371922089e-09,7.118163694030955e-07
2026-03-05 06:42:00+00:00,5.953237014466595e-09,7.172848199843429e-07
2026-03-05 06:43:00+00:00,5.296677763055868e-09,7.188517088252411e-07
2026-03-05 06:44:00+00:00,4.924157970265242e-09,7.1675754043099e-07
2026-03-05 06:45:00+00:00,4.214510074262989e-09,7.175617611210328e-07
2026-03-05 06:46:00+00:00,4.986114632288263e-09,7.203886411843996e-07
2026-03-05 06:47:00+00:00,6.736146307417812e-09,7.321211796806892e-07
2026-03-05 06:48:00+00:00,7.171724103471888e-09,7.536525004070427e-07
2026-03-05 06:49:00+00:00,8.098347770157943e-09,7.756092372801504e-07
2026-03-05 06:50:00+00:00,7.88676413066014e-09,7.837181783543201e-07
2026-03-05 06:51:00+00:00,9.431370351364876e-09,7.875304959270579e-07
2026-03-05 06:52:00+00:00,9.999046923780952e-09,7.84719588864391e-07
2026-03-05 06:53:00+00:00,8.744176938080273e-09,7.761960887364694e-07
2026-03-05 06:54:00+00:00,7.010607649959866e-09,7.661062682018382e-07
2026-03-05 06:55:00+00:00,7.1289867342727575e-09,7.528063292738807e-07
2026-03-05 06:56:00+00:00,7.168918791933265e-09,7.396769774459244e-07
2026-03-05 06:57:00+00:00,7.645801325395496e-09,7.326757440750953e-07
2026-03-05 06:58:00+00:00,6.865846557957411e-09,7.237671866278106e-07
2026-03-05 06:59:00+00:00,5.594378293949376e-09,7.093323119988781e-07
2026-03-05 07:00:00+00:00,5.268719238671338e-09,6.967774766053481e-07
2026-03-05 07:01:00+00:00,5.900645305700891e-09,6.888806751703669e-07
2026-03-05 07:02:00+00:00,4.7130446212406696e-09,6.822841100984078e-07
2026-03-05 07:03:00+00:00,4.548924792402431e-09,6.811326329625444e-07
2026-03-05 07:04:00+00:00,6.273729979966447e-09,6.81710275785008e-07
2026-03-05 07:05:00+00:00,6.4130176724574994e-09,6.878055955894524e-07
2026-03-05 07:06:00+00:00,7.59525864424404e-09,6.97837265306589e-07
2026-03-05 07:07:00+00:00,1.0369316072456058e-08,7.298508535313886e-07
2026-03-05 07:08:00+00:00,2.7107461164632696e-08,8.846329819789389e-07
2026-03-05 07:09:00+00:00,5.981061690363276e-08,1.1634335805865703e-06
2026-03-05 07:10:00+00:00,1.1223990981079623e-07,1.5687352288296097e-06
2026-03-05 07:11:00+00:00,1.4561462080564525e-07,1.9018686998606427e-06
2026-03-05 07:12:00+00:00,1.2319894437951007e-07,1.9155695554218255e-06
2026-03-05 07:13:00+00:00,1.0025552654724379e-07,1.7861671040009242e-06
2026-03-05 07:14:00+00:00,7.559671644230548e-08,1.5918221833999269e-06
2026-03-05 07:15:00+00:00,5.619138576662408e-08,1.416263444298238e-06
2026-03-05 07:16:00+00:00,4.146457044384988e-08,1.2713545629594591e-06
2026-03-05 07:17:00+00:00,3.216072386180713e-08,1.162598550763505e-06
2026-03-05 07:18:00+00:00,2.6494335614302145e-08,1.0778054502225132e-06
2026-03-05 07:19:00+00:00,2.1212327894204464e-08,1.00350746379263e-06
2026-03-05 07:20:00+00:00,1.7643280614265677e-08,9.4657133331566e-07
2026-03-05 07:21:00+00:00,1.4216543497980183e-08,9.095798532143817e-07
2026-03-05 07:22:00+00:00,1.2836863128029563e-08,8.792587209427438e-07
2026-03-05 07:23:00+00:00,1.095377122339869e-08,8.610389272689645e-07
2026-03-05 07:24:00+00:00,1.1168361346847178e-08,8.597899636697548e-07
2026-03-05 07:25:00+00:00,1.0479218381931332e-08,8.588992841396248e-07
2026-03-05 07:26:00+00:00,9.214372376220581e-09,8.447280492873688e-07
2026-03-05 07:27:00+00:00,8.228997039338992e-09,8.27945939363417e-07
2026-03-05 07:28:00+00:00,9.249726318216744e-09,8.09142818525288e-07
2026-03-05 07:29:00+00:00,6.575068933756256e-09,7.938910471239069e-07
2026-03-05 07:30:00+00:00,5.509707357020943e-09,7.802905201970134e-07
2026-03-05 07:31:00+00:00,5.157561488999818e-09,7.635982797182805e-07
2026-03-05 07:32:00+00:00,4.082534754701328e-09,7.497487217733578e-07
2026-03-05 07:33:00+00:00,2.945377719498765e-09,7.3386058829783e-07
2026-03-05 07:34:00+00:00,2.91725577028501e-09,7.2046645982482e-07
2026-03-05 07:35:00+00:00,2.437667401267163e-09,7.099313279468333e-07
2026-03-05 07:36:00+00:00,3.6080987086961613e-09,7.023407420092553e-07
2026-03-05 07:37:00+00:00,3.5956795318980994e-09,7.021869805612369e-07
2026-03-05 07:38:00+00:00,2.4302224677086315e-09,6.949740054551512e-07
2026-03-05 07:39:00+00:00,1.8086756536916937e-09,6.875517897242389e-07
2026-03-05 07:40:00+00:00,1.5827348320840429e-09,6.789452982047806e-07
2026-03-05 07:41:00+00:00,9.999999717180685e-10,6.70656618240173e-07
2026-03-05 07:42:00+00:00,9.999999717180685e-10,6.662071996288432e-07
2026-03-05 07:43:00+00:00,9.999999717180685e-10,6.586924996554444e-07
2026-03-05 07:44:00+00:00,1.1542587996515863e-09,6.545421342707414e-07
2026-03-05 07:45:00+00:00,1.102668845121002e-09,6.533487635351776e-07
2026-03-05 07:46:00+00:00,1.7689569808965189e-09,6.588198857571115e-07
2026-03-05 07:47:00+00:00,1.1185536941127339e-09,6.611853109461663e-07
2026-03-05 07:48:00+00:00,1.441788133327293e-09,6.589611984963994e-07
2026-03-05 07:49:00+00:00,9.999999717180685e-10,6.519179009956133e-07
2026-03-05 07:50:00+00:00,9.999999717180685e-10,6.394712386281753e-07
2026-03-05 07:51:00+00:00,9.999999717180685e-10,6.279225885919004e-07
2026-03-05 07:52:00+00:00,9.999999717180685e-10,6.270964263421774e-07
2026-03-05 07:53:00+00:00,9.999999717180685e-10,6.264863827709632e-07
2026-03-05 07:54:00+00:00,9.999999717180685e-10,6.241801315809425e-07
2026-03-05 07:55:00+00:00,9.999999717180685e-10,6.228724487300497e-07
2026-03-05 07:56:00+00:00,9.999999717180685e-10,6.219314627742278e-07
2026-03-05 07:57:00+00:00,9.999999717180685e-10,6.172450071062485e-07
2026-03-05 07:58:00+00:00,9.999999717180685e-10,6.155389087325602e-07
2026-03-05 07:59:00+00:00,9.999999717180685e-10,6.096636866459448e-07
2026-03-05 08:00:00+00:00,9.999999717180685e-10,6.117511475167703e-07
2026-03-05 08:01:00+00:00,1.7708383648340487e-09,6.192759087753075e-07
2026-03-05 08:02:00+00:00,9.999999717180685e-10,6.219521537786932e-07
2026-03-05 08:03:00+00:00,2.0732355832109306e-09,6.209969569681562e-07
2026-03-05 08:04:00+00:00,1.1633195518001571e-09,6.213946335265064e-07
2026-03-05 08:05:00+00:00,2.044368230258442e-09,6.174593067953538e-07
2026-03-05 08:06:00+00:00,1.3320894387547355e-09,6.163386387925129e-07
2026-03-05 08:07:00+00:00,1.5090549920770968e-09,6.103016971792385e-07
2026-03-05 08:08:00+00:00,9.999999717180685e-10,6.112005053182656e-07
2026-03-05 08:09:00+00:00,1.7562971077467182e-09,6.234450893316534e-07
2026-03-05 08:10:00+00:00,2.8687685560413456e-09,6.352632340167474e-07
2026-03-05 08:11:00+00:00,3.4512455115986995e-09,6.365123113027948e-07
2026-03-05 08:12:00+00:00,1.99248351151482e-09,6.364443834172562e-07
2026-03-05 08:13:00+00:00,3.089566158465118e-09,6.38460619484249e-07
2026-03-05 08:14:00+00:00,5.936984681653712e-09,6.476161615864839e-07
2026-03-05 08:15:00+00:00,8.957825592403879e-09,6.719633915963641e-07
2026-03-05 08:16:00+00:00,1.4164479367195781e-08,7.215030564111657e-07
2026-03-05 08:17:00+00:00,1.894943935099036e-08,7.757687399134738e-07
2026-03-05 08:18:00+00:00,1.978091468401999e-08,7.9639028172096e-07
2026-03-05 08:19:00+00:00,1.85413551179181e-08,8.074320589912531e-07
2026-03-05 08:20:00+00:00,1.7592961754075986e-08,8.227369221458503e-07
2026-03-05 08:21:00+00:00,1.6859017293313627e-08,8.303957201860612e-07
2026-03-05 08:22:00+00:00,1.6909906364048766e-08,8.399872513109585e-07
2026-03-05 08:23:00+00:00,1.6868286323301618e-08,8.526083092874615e-07
2026-03-05 08:24:00+00:00,1.6704232663755647e-08,8.664748634146235e-07
2026-03-05 08:25:00+00:00,1.739305766079724e-08,8.859083777679189e-07
2026-03-05 08:26:00+00:00,1.830974127869922e-08,8.967382996161177e-07
2026-03-05 08:27:00+00:00,1.7128071405636547e-08,9.030314913616166e-07
2026-03-05 08:28:00+00:00,1.534183979856607e-08,9.057925467459427e-07
2026-03-05 08:29:00+00:00,1.430570240046336e-08,8.948529739427613e-07
2026-03-05 08:30:00+00:00,1.3902861084602591e-08,8.901397450244986e-07
2026-03-05 08:31:00+00:00,1.2776100177802618e-08,8.776573281465971e-07
2026-03-05 08:32:00+00:00,1.0517207549298746e-08,8.605505854575313e-07
2026-03-05 08:33:00+00:00,9.29947052696889e-09,8.362384846805071e-07
2026-03-05 08:34:00+00:00,6.645554773143658e-09,8.175366588147881e-07
2026-03-05 08:35:00+00:00,7.662113610251708e-09,8.048581321418169e-07
2026-03-05 08:36:00+00:00,7.439713733958797e-09,7.983408067957498e-07
2026-03-05 08:37:00+00:00,7.200573470811378e-09,7.911132229310169e-07
2026-03-05 08:38:00+00:00,5.6989555297093375e-09,7.680678777433059e-07
2026-03-05 08:39:00+00:00,5.137323011439321e-09,7.432564643750084e-07
2026-03-05 08:40:00+00:00,5.199417785206606e-09,7.217272468551528e-07
2026-03-05 08:41:00+00:00,4.0726022554338215e-09,7.103996608748275e-07
2026-03-05 08:42:00+00:00,6.186668066732182e-09,7.017383154561685e-07
2026-03-05 08:43:00+00:00,3.55633034132552e-09,6.976023882998561e-07
2026-03-05 08:44:00+00:00,4.170118472757167e-09,6.889404744470085e-07
2026-03-05 08:45:00+00:00,4.957467325539255e-09,6.836579586888547e-07
2026-03-05 08:46:00+00:00,4.39891278958271e-09,6.76823560752382e-07
2026-03-05 08:47:00+00:00,3.900694878211652e-09,6.680811566184275e-07
2026-03-05 08:48:00+00:00,2.948502553223875e-09,6.560022711710189e-07
2026-03-05 08:49:00+00:00,2.449371594437366e-09,6.468142146331957e-07
2026-03-05 08:50:00+00:00,2.9166440373984415e-09,6.352941568366077e-07
2026-03-05 08:51:00+00:00,1.95609684006115e-09,6.228736424418457e-07
2026-03-05 08:52:00+00:00,2.124021181160174e-09,4.887780278295395e-07
2026-03-05 08:53:00+00:00,9.999999717180685e-10,8.68984812996132e-08
2026-03-05 08:54:00+00:00,9.999999717180685e-10,1.479520417291269e-08
2026-03-05 08:55:00+00:00,9.999999717180685e-10,1.3177294810873263e-08
2026-03-05 08:56:00+00:00,0.0,0.0
2026-03-05 08:57:00+00:00,0.0,0.0
2026-03-05 08:58:00+00:00,0.0,0.0
2026-03-05 08:59:00+00:00,0.0,0.0
2026-03-05 09:00:00+00:00,0.0,0.0
2026-03-05 09:01:00+00:00,0.0,0.0
2026-03-05 09:02:00+00:00,0.0,0.0
2026-03-05 09:03:00+00:00,0.0,0.0
2026-03-05 09:04:00+00:00,0.0,0.0
2026-03-05 09:05:00+00:00,0.0,0.0
2026-03-05 09:06:00+00:00,0.0,0.0
2026-03-05 09:07:00+00:00,0.0,0.0
2026-03-05 09:08:00+00:00,0.0,0.0
2026-03-05 09:09:00+00:00,0.0,0.0
2026-03-05 09:10:00+00:00,0.0,0.0
2026-03-05 09:11:00+00:00,0.0,0.0
2026-03-05 09:12:00+00:00,0.0,0.0
2026-03-05 09:13:00+00:00,0.0,0.0
2026-03-05 09:14:00+00:00,0.0,0.0
2026-03-05 09:15:00+00:00,0.0,0.0
2026-03-05 09:16:00+00:00,0.0,0.0
2026-03-05 09:17:00+00:00,0.0,0.0
2026-03-05 09:18:00+00:00,0.0,0.0
2026-03-05 09:19:00+00:00,0.0,0.0
2026-03-05 09:20:00+00:00,0.0,0.0
2026-03-05 09:21:00+00:00,0.0,0.0
2026-03-05 09:22:00+00:00,0.0,0.0
2026-03-05 09:23:00+00:00,0.0,0.0
2026-03-05 09:24:00+00:00,0.0,0.0
2026-03-05 09:25:00+00:00,0.0,0.0
2026-03-05 09:26:00+00:00,0.0,0.0
2026-03-05 09:27:00+00:00,0.0,0.0
2026-03-05 09:28:00+00:00,0.0,0.0
2026-03-05 09:29:00+00:00,0.0,0.0
2026-03-05 09:30:00+00:00,0.0,0.0
2026-03-05 09:31:00+00:00,0.0,0.0
2026-03-05 09:32:00+00:00,0.0,0.0
2026-03-05 09:33:00+00:00,0.0,0.0
2026-03-05 09:34:00+00:00,0.0,0.0
2026-03-05 09:35:00+00:00,0.0,0.0
2026-03-05 09:36:00+00:00,0.0,0.0
2026-03-05 09:37:00+00:00,0.0,0.0
2026-03-05 09:38:00+00:00,0.0,0.0
2026-03-05 09:39:00+00:00,0.0,0.0
2026-03-05 09:40:00+00:00,0.0,0.0
2026-03-05 09:41:00+00:00,0.0,0.0
2026-03-05 09:42:00+00:00,0.0,0.0
2026-03-05 09:43:00+00:00,9.999999717180685e-10,1.4986470731059853e-08
2026-03-05 09:44:00+00:00,9.999999717180685e-10,6.972391730641903e-08
2026-03-05 09:45:00+00:00,5.5367861406807606e-09,3.12683965830729e-07
2026-03-05 09:46:00+00:00,1.55912012189674e-08,7.640344392711995e-07
2026-03-05 09:47:00+00:00,1.7053251255561008e-08,9.326066674475442e-07
2026-03-05 09:48:00+00:00,1.5910378792227675e-08,9.288498858950334e-07
2026-03-05 09:49:00+00:00,1.2326811571483631e-08,9.143789156951243e-07
2026-03-05 09:50:00+00:00,1.1387865761491867e-08,8.985565500552184e-07
2026-03-05 09:51:00+00:00,1.1366936725210053e-08,8.841217322697048e-07
2026-03-05 09:52:00+00:00,9.666561773258309e-09,8.751467248657718e-07
2026-03-05 09:53:00+00:00,1.081296474580995e-08,8.744096362534037e-07
2026-03-05 09:54:00+00:00,1.0099288516585148e-08,8.733738354749221e-07
2026-03-05 09:55:00+00:00,1.0159520336117112e-08,8.718435537957703e-07
2026-03-05 09:56:00+00:00,9.512842069625549e-09,8.6586129555144e-07
2026-03-05 09:57:00+00:00,9.722040950066457e-09,8.634701771370601e-07
2026-03-05 09:58:00+00:00,1.067479260541404e-08,8.672429316902708e-07
2026-03-05 09:59:00+00:00,1.0319332943709014e-08,8.788936725068197e-07
2026-03-05 10:00:00+00:00,9.30888699457455e-09,8.679897405272641e-07
2026-03-05 10:01:00+00:00,9.422773672440599e-09,8.521922154614003e-07
2026-03-05 10:02:00+00:00,5.872128561179579e-09,8.432661502411065e-07
2026-03-05 10:03:00+00:00,6.952351139233315e-09,8.388165042561013e-07
2026-03-05 10:04:00+00:00,8.85119710858362e-09,8.506970630151045e-07
2026-03-05 10:05:00+00:00,8.363669756761283e-09,8.594980158704857e-07
2026-03-05 10:06:00+00:00,8.863471734343875e-09,8.575524361731368e-07
2026-03-05 10:07:00+00:00,1.1940900712659186e-08,8.890075946510478e-07
2026-03-05 10:08:00+00:00,1.3830256051505785e-08,9.221977279594284e-07
2026-03-05 10:09:00+00:00,1.1830178614502529e-08,9.276188279727648e-07
2026-03-05 10:10:00+00:00,1.013861616883105e-08,9.101538012146193e-07
2026-03-05 10:11:00+00:00,8.973620957419826e-09,8.862843969836831e-07
2026-03-05 10:12:00+00:00,8.455975475385458e-09,8.618131914772675e-07
2026-03-05 10:13:00+00:00,5.378088197005582e-09,8.406959182138962e-07
2026-03-05 10:14:00+00:00,6.672753460890135e-09,8.135445455081936e-07
2026-03-05 10:15:00+00:00,4.394566044396697e-09,7.920644975456526e-07
2026-03-05 10:16:00+00:00,3.2962617080301015e-09,7.72600458276429e-07
2026-03-05 10:17:00+00:00,3.753245270132766e-09,7.544141453763586e-07
2026-03-05 10:18:00+00:00,1.7346601932644035e-09,7.359107598858827e-07
2026-03-05 10:19:00+00:00,2.0169574899142617e-09,7.262923418238643e-07
2026-03-05 10:20:00+00:00,2.124737719100267e-09,7.176733447522565e-07
2026-03-05 10:21:00+00:00,1.563763785128458e-09,7.067346246003581e-07
2026-03-05 10:22:00+00:00,9.999999717180685e-10,7.016258791736618e-07
2026-03-05 10:23:00+00:00,1.4336347664567484e-09,6.998474191277637e-07
2026-03-05 10:24:00+00:00,9.999999717180685e-10,6.94586958616128e-07
2026-03-05 10:25:00+00:00,9.999999717180685e-10,6.924823310328065e-07
2026-03-05 10:26:00+00:00,9.999999717180685e-10,6.913223842275329e-07
2026-03-05 10:27:00+00:00,9.999999717180685e-10,6.886619416945905e-07
2026-03-05 10:28:00+00:00,9.999999717180685e-10,6.831760970271716e-07
2026-03-05 10:29:00+00:00,1.2327295850766973e-09,6.803988412684703e-07
2026-03-05 10:30:00+00:00,9.999999717180685e-10,6.755202548447414e-07
2026-03-05 10:31:00+00:00,1.6766336097262524e-09,6.689685960736824e-07
2026-03-05 10:32:00+00:00,1.3571396229039578e-09,6.611065828110441e-07
2026-03-05 10:33:00+00:00,1.2180795261329536e-09,6.552481863764115e-07
2026-03-05 10:34:00+00:00,1.5934336072831456e-09,6.795939384574012e-07
2026-03-05 10:35:00+00:00,3.638147116902246e-09,7.067785077197186e-07
2026-03-05 10:36:00+00:00,2.9375342158743933e-09,7.228027243399993e-07
2026-03-05 10:37:00+00:00,3.5385006036392497e-09,7.246433142427122e-07
2026-03-05 10:38:00+00:00,4.21119139559778e-09,7.419343432957248e-07
2026-03-05 10:39:00+00:00,4.48507053718572e-09,7.487464586120041e-07
2026-03-05 10:40:00+00:00,5.121974400168483e-09,7.513830269090249e-07
2026-03-05 10:41:00+00:00,4.065218828230854e-09,7.507136956519389e-07
2026-03-05 10:42:00+00:00,1.9295633979510285e-09,7.461677000719646e-07
2026-03-05 10:43:00+00:00,2.479527028143025e-09,7.359780624938139e-07
2026-03-05 10:44:00+00:00,3.2290938811740943e-09,7.271229947036773e-07
2026-03-05 10:45:00+00:00,5.87159210141408e-09,7.245774327202525e-07
2026-03-05 10:46:00+00:00,5.14253750694138e-09,7.270929813785187e-07
2026-03-05 10:47:00+00:00,5.489840582129091e-09,7.376286248472752e-07
2026-03-05 10:48:00+00:00,7.151343517364239e-09,7.552471856797638e-07
2026-03-05 10:49:00+00:00,7.743474306209919e-09,7.732629683232517e-07
2026-03-05 10:50:00+00:00,9.443438031553342e-09,7.887716151344648e-07
2026-03-05 10:51:00+00:00,8.04741162596656e-09,7.958636842886335e-07
2026-03-05 10:52:00+00:00,6.985080958088474e-09,7.911825719020271e-07
2026-03-05 10:53:00+00:00,6.710541455845487e-09,7.902754646238463e-07
2026-03-05 10:54:00+00:00,8.096918691080646e-09,7.936962447274709e-07
2026-03-05 10:55:00+00:00,9.280249457788159e-09,7.965998634062998e-07
2026-03-05 10:56:00+00:00,7.916505673222218e-09,7.938639328131103e-07
2026-03-05 10:57:00+00:00,6.720263456827524e-09,7.889753987910808e-07
2026-03-05 10:58:00+00:00,5.7858939861432646e-09,7.861744393267145e-07
2026-03-05 10:59:00+00:00,6.377213424002548e-09,7.835422479729459e-07
2026-03-05 11:00:00+00:00,8.795713490883372e-09,7.888488653406966e-07
2026-03-05 11:01:00+00:00,1.1049698933618401e-08,8.101951038952393e-07
2026-03-05 11:02:00+00:00,1.1638909391820107e-08,8.239658200182021e-07
2026-03-05 11:03:00+00:00,1.102914648498654e-08,8.337846679751237e-07
2026-03-05 11:04:00+00:00,1.275681249524041e-08,8.394539463552064e-07
2026-03-05 11:05:00+00:00,1.3461089132249526e-08,8.430096158917877e-07
2026-03-05 11:06:00+00:00,1.383856407244366e-08,8.465693781545269e-07
2026-03-05 11:07:00+00:00,2.097897322528297e-08,9.037725021698861e-07
2026-03-05 11:08:00+00:00,2.142763655399449e-08,9.225253734257421e-07
2026-03-05 11:09:00+00:00,1.7514715011657245e-08,9.032445973389258e-07
2026-03-05 11:10:00+00:00,1.3043321089867277e-08,8.650732183923537e-07
2026-03-05 11:11:00+00:00,7.694252346368557e-09,8.172880257006909e-07
2026-03-05 11:12:00+00:00,5.23728660439815e-09,7.760572771076113e-07
2026-03-05 11:13:00+00:00,1.815171457586473e-09,7.398396064672852e-07
2026-03-05 11:14:00+00:00,9.999999717180685e-10,7.111805757631373e-07
2026-03-05 11:15:00+00:00,9.999999717180685e-10,6.893231443427794e-07
2026-03-05 11:16:00+00:00,9.999999717180685e-10,6.700969379380695e-07
2026-03-05 11:17:00+00:00,9.999999717180685e-10,6.544175903400173e-07
2026-03-05 11:18:00+00:00,9.999999717180685e-10,6.455132393057283e-07
2026-03-05 11:19:00+00:00,9.999999717180685e-10,6.498481184280536e-07
2026-03-05 11:20:00+00:00,9.999999717180685e-10,6.553278240062355e-07
2026-03-05 11:21:00+00:00,9.999999717180685e-10,6.534381213896268e-07
2026-03-05 11:22:00+00:00,9.999999717180685e-10,6.510554158012383e-07
2026-03-05 11:23:00+00:00,9.999999717180685e-10,6.375690873028361e-07
2026-03-05 11:24:00+00:00,9.999999717180685e-10,6.258587745833211e-07
2026-03-05 11:25:00+00:00,9.999999717180685e-10,6.149767273200268e-07
2026-03-05 11:26:00+00:00,9.999999717180685e-10,6.085657560106483e-07
2026-03-05 11:27:00+00:00,9.999999717180685e-10,6.077876264498627e-07
2026-03-05 11:28:00+00:00,9.999999717180685e-10,6.085305699343735e-07
2026-03-05 11:29:00+00:00,9.999999717180685e-10,6.042359359526017e-07
2026-03-05 11:30:00+00:00,9.999999717180685e-10,5.942564484939794e-07
2026-03-05 11:31:00+00:00,9.999999717180685e-10,5.868927246410749e-07
2026-03-05 11:32:00+00:00,9.999999717180685e-10,5.848681894349284e-07
2026-03-05 11:33:00+00:00,9.999999717180685e-10,5.80889889079117e-07
2026-03-05 11:34:00+00:00,9.999999717180685e-10,5.812509584757208e-07
2026-03-05 11:35:00+00:00,9.999999717180685e-10,5.837513299411512e-07
2026-03-05 11:36:00+00:00,9.999999717180685e-10,5.807132197332976e-07
2026-03-05 11:37:00+00:00,9.999999717180685e-10,5.846376893714478e-07
2026-03-05 11:38:00+00:00,9.999999717180685e-10,5.947123895566619e-07
2026-03-05 11:39:00+00:00,9.999999717180685e-10,6.060385544515157e-07
2026-03-05 11:40:00+00:00,1.143204420017696e-09,6.156853942229645e-07
2026-03-05 11:41:00+00:00,1.4480612264833326e-09,6.1659875427722e-07
2026-03-05 11:42:00+00:00,9.999999717180685e-10,6.142000756881316e-07
2026-03-05 11:43:00+00:00,9.999999717180685e-10,6.23941843969078e-07
2026-03-05 11:44:00+00:00,9.999999717180685e-10,6.406556281035591e-07
2026-03-05 11:45:00+00:00,1.8908108412318825e-09,6.59015711335087e-07
2026-03-05 11:46:00+00:00,6.193628276918162e-09,6.913435299793491e-07
2026-03-05 11:47:00+00:00,8.083470781627966e-09,7.329401228162169e-07
2026-03-05 11:48:00+00:00,9.725808602922825e-09,7.503819574594672e-07
2026-03-05 11:49:00+00:00,1.0670252237332534e-08,7.484629804821452e-07
2026-03-05 11:50:00+00:00,8.606041212999571e-09,7.370882713075844e-07
2026-03-05 11:51:00+00:00,8.361126901945681e-09,7.285218543984229e-07
2026-03-05 11:52:00+00:00,8.026713516073869e-09,7.195168905127503e-07
2026-03-05 11:53:00+00:00,8.430786735402762e-09,7.209323484858032e-07
2026-03-05 11:54:00+00:00,6.7179910523407216e-09,7.211412480501167e-07
2026-03-05 11:55:00+00:00,5.593580265639275e-09,7.148721579142148e-07
2026-03-05 11:56:00+00:00,6.381356332241239e-09,7.166979685280239e-07
2026-03-05 11:57:00+00:00,6.483909409382704e-09,7.33078536541143e-07
2026-03-05 11:58:00+00:00,6.183082490451852e-09,7.290743724297499e-07
2026-03-05 11:59:00+00:00,5.6222528854732445e-09,7.208549845927337e-07
2026-03-05 12:00:00+00:00,5.273120162740952e-09,7.096239755810529e-07
2026-03-05 12:01:00+00:00,4.349216986554438e-09,7.027883270893653e-07
2026-03-05 12:02:00+00:00,4.4323846815075285e-09,6.9896640297884e-07
2026-03-05 12:03:00+00:00,4.276966780736302e-09,6.902170639477845e-07
2026-03-05 12:04:00+00:00,4.339998138647161e-09,6.853009608676075e-07
2026-03-05 12:05:00+00:00,4.250585217135949e-09,6.842016659902583e-07
2026-03-05 12:06:00+00:00,5.044665574160945e-09,6.883761898279772e-07
2026-03-05 12:07:00+00:00,4.412782139695537e-09,6.910918841640523e-07
2026-03-05 12:08:00+00:00,5.760903309948162e-09,6.953641786822118e-07
2026-03-05 12:09:00+00:00,4.0762957453921445e-09,6.870441779938119e-07
2026-03-05 12:10:00+00:00,3.336082299298937e-09,6.842737434453738e-07
2026-03-05 12:11:00+00:00,4.1456322819044544e-09,6.886891696922248e-07
2026-03-05 12:12:00+00:00,5.487701404405243e-09,6.974828465899918e-07
2026-03-05 12:13:00+00:00,4.667426445337242e-09,6.906814746798773e-07
2026-03-05 12:14:00+00:00,4.160880973103076e-09,6.789260282857867e-07
2026-03-05 12:15:00+00:00,4.668114339523299e-09,6.69983592160861e-07
2026-03-05 12:16:00+00:00,3.2773410651998347e-09,6.530016776196135e-07
2026-03-05 12:17:00+00:00,2.3626451906011425e-09,6.413197866095288e-07
2026-03-05 12:18:00+00:00,1.112205882947137e-09,6.299889605543285e-07
2026-03-05 12:19:00+00:00,9.999999717180685e-10,6.234098464119597e-07
2026-03-05 12:20:00+00:00,9.999999717180685e-10,6.16899342276156e-07
2026-03-05 12:21:00+00:00,9.999999717180685e-10,6.130165388640307e-07
2026-03-05 12:22:00+00:00,9.999999717180685e-10,6.071209099900443e-07
2026-03-05 12:23:00+00:00,9.999999717180685e-10,6.012059543536452e-07
2026-03-05 12:24:00+00:00,1.0859854127076574e-09,6.023636274221644e-07
2026-03-05 12:25:00+00:00,9.999999717180685e-10,5.969400262983982e-07
2026-03-05 12:26:00+00:00,1.998178733586542e-09,5.966801381873665e-07
2026-03-05 12:27:00+00:00,9.999999717180685e-10,5.949746650912857e-07
2026-03-05 12:28:00+00:00,9.999999717180685e-10,5.923022854403825e-07
2026-03-05 12:29:00+00:00,9.999999717180685e-10,5.898266977055755e-07
2026-03-05 12:30:00+00:00,1.2871841370554193e-09,5.8364361166241e-07
2026-03-05 12:31:00+00:00,1.5697354527333118e-09,5.798976303594827e-07
2026-03-05 12:32:00+00:00,9.999999717180685e-10,5.796972004645795e-07
2026-03-05 12:33:00+00:00,9.999999717180685e-10,5.891326964047039e-07
2026-03-05 12:34:00+00:00,9.999999717180685e-10,5.89904914249928e-07
2026-03-05 12:35:00+00:00,1.2374082869470726e-09,5.932554927312594e-07
2026-03-05 12:36:00+00:00,9.999999717180685e-10,5.9708014532589e-07
2026-03-05 12:37:00+00:00,9.999999717180685e-10,5.897225037188036e-07
2026-03-05 12:38:00+00:00,9.999999717180685e-10,5.879767286387505e-07
2026-03-05 12:39:00+00:00,9.999999717180685e-10,5.822931825605338e-07
2026-03-05 12:40:00+00:00,9.999999717180685e-10,5.795678248432523e-07
2026-03-05 12:41:00+00:00,9.999999717180685e-10,5.794232720290893e-07
2026-03-05 12:42:00+00:00,9.999999717180685e-10,5.810713901155395e-07
2026-03-05 12:43:00+00:00,9.999999717180685e-10,5.921945671616413e-07
2026-03-05 12:44:00+00:00,9.999999717180685e-10,6.02764430368552e-07
2026-03-05 12:45:00+00:00,9.999999717180685e-10,6.124261062723235e-07
2026-03-05 12:46:00+00:00,9.999999717180685e-10,6.270095695981581e-07
2026-03-05 12:47:00+00:00,2.2119617248961276e-09,6.451523404393811e-07
2026-03-05 12:48:00+00:00,3.5450298252470702e-09,6.475646046055772e-07
2026-03-05 12:49:00+00:00,1.731073173694142e-09,6.445462759074871e-07
2026-03-05 12:50:00+00:00,2.1146948636641127e-09,6.354151196319435e-07
2026-03-05 12:51:00+00:00,9.999999717180685e-10,6.257331506276387e-07
2026-03-05 12:52:00+00:00,9.999999717180685e-10,6.166341677271703e-07
2026-03-05 12:53:00+00:00,9.999999717180685e-10,6.149861633275577e-07
2026-03-05 12:54:00+00:00,9.999999717180685e-10,6.165702188809519e-07
2026-03-05 12:55:00+00:00,9.999999717180685e-10,6.199869062584185e-07
2026-03-05 12:56:00+00:00,1.1397782717637028e-09,6.217768486749264e-07
2026-03-05 12:57:00+00:00,9.999999717180685e-10,6.174736313369067e-07
2026-03-05 12:58:00+00:00,9.999999717180685e-10,6.078146270738216e-07
2026-03-05 12:59:00+00:00,9.999999717180685e-10,6.014315658831038e-07
2026-03-05 13:00:00+00:00,1.023271467559539e-09,5.939913307884126e-07
2026-03-05 13:01:00+00:00,9.999999717180685e-10,5.904673230361368e-07
2026-03-05 13:02:00+00:00,1.5257742846941369e-09,5.872107635696011e-07
2026-03-05 13:03:00+00:00,9.999999717180685e-10,5.844050292580505e-07
2026-03-05 13:04:00+00:00,9.999999717180685e-10,5.809128538203367e-07
2026-03-05 13:05:00+00:00,9.999999717180685e-10,5.783842880191514e-07
2026-03-05 13:06:00+00:00,9.999999717180685e-10,5.750778200308559e-07
2026-03-05 13:07:00+00:00,9.999999717180685e-10,5.746719580201898e-07
2026-03-05 13:08:00+00:00,9.999999717180685e-10,5.807315233141708e-07
2026-03-05 13:09:00+00:00,9.999999717180685e-10,5.792268780169252e-07
2026-03-05 13:10:00+00:00,9.999999717180685e-10,5.765905370935798e-07
2026-03-05 13:11:00+00:00,9.999999717180685e-10,5.740805022469431e-07
2026-03-05 13:12:00+00:00,9.999999717180685e-10,5.700799761143571e-07
2026-03-05 13:13:00+00:00,9.999999717180685e-10,5.632442139358318e-07
2026-03-05 13:14:00+00:00,9.999999717180685e-10,5.539086487260647e-07
2026-03-05 13:15:00+00:00,9.999999717180685e-10,5.486359668793739e-07
2026-03-05 13:16:00+00:00,9.999999717180685e-10,5.512255256689969e-07
2026-03-05 13:17:00+00:00,9.999999717180685e-10,5.595646825895528e-07
2026-03-05 13:18:00+00:00,9.999999717180685e-10,5.628491521747492e-07
2026-03-05 13:19:00+00:00,9.999999717180685e-10,5.636952664644923e-07
2026-03-05 13:20:00+00:00,9.999999717180685e-10,5.532112936634803e-07
2026-03-05 13:21:00+00:00,9.999999717180685e-10,5.47706463294162e-07
2026-03-05 13:22:00+00:00,9.999999717180685e-10,5.413153303379659e-07
2026-03-05 13:23:00+00:00,9.999999717180685e-10,5.393362130234891e-07
2026-03-05 13:24:00+00:00,9.999999717180685e-10,5.437613594949653e-07
2026-03-05 13:25:00+00:00,9.999999717180685e-10,5.443004056360223e-07
2026-03-05 13:26:00+00:00,9.999999717180685e-10,5.44002432434354e-07
2026-03-05 13:27:00+00:00,9.999999717180685e-10,5.419367994363711e-07
2026-03-05 13:28:00+00:00,9.999999717180685e-10,5.443395139081986e-07
2026-03-05 13:29:00+00:00,9.999999717180685e-10,5.460062197926163e-07
2026-03-05 13:30:00+00:00,9.999999717180685e-10,5.443957888928708e-07
2026-03-05 13:31:00+00:00,9.999999717180685e-10,5.422542130872898e-07
2026-03-05 13:32:00+00:00,9.999999717180685e-10,5.401823841566511e-07
2026-03-05 13:33:00+00:00,9.999999717180685e-10,5.396717597250245e-07
2026-03-05 13:34:00+00:00,9.999999717180685e-10,5.466606580739608e-07
2026-03-05 13:35:00+00:00,9.999999717180685e-10,5.695841878150532e-07
2026-03-05 13:36:00+00:00,1.6927779178388391e-09,5.883618428015325e-07
2026-03-05 13:37:00+00:00,9.999999717180685e-10,5.861760996594967e-07
2026-03-05 13:38:00+00:00,1.270941241138246e-09,5.941058702774171e-07
2026-03-05 13:39:00+00:00,2.711133095800733e-09,6.097648110880982e-07
2026-03-05 13:40:00+00:00,3.984482521701693e-09,6.575705242539698e-07
2026-03-05 13:41:00+00:00,3.7076688386150636e-09,6.48263437597052e-07
2026-03-05 13:42:00+00:00,1.5171474077035896e-09,6.303527584350377e-07
2026-03-05 13:43:00+00:00,1.1522869325375495e-09,6.002906616231485e-07
2026-03-05 13:44:00+00:00,9.999999717180685e-10,5.819237003379385e-07
2026-03-05 13:45:00+00:00,9.999999717180685e-10,5.73485920085659e-07
2026-03-05 13:46:00+00:00,9.999999717180685e-10,5.701478471564769e-07
2026-03-05 13:47:00+00:00,9.999999717180685e-10,5.704489467461826e-07
2026-03-05 13:48:00+00:00,9.999999717180685e-10,5.766980848420644e-07
2026-03-05 13:49:00+00:00,9.999999717180685e-10,5.857233986716892e-07
2026-03-05 13:50:00+00:00,5.694796634259092e-09,6.320536272141908e-07
2026-03-05 13:51:00+00:00,5.274817027611789e-09,6.589251029254228e-07
2026-03-05 13:52:00+00:00,1.4236106515852498e-08,7.407608677567623e-07
2026-03-05 13:53:00+00:00,2.1445215381277194e-08,8.326107376888103e-07
2026-03-05 13:54:00+00:00,1.5058295943504163e-08,8.1682651398296e-07
2026-03-05 13:55:00+00:00,1.0264031402584806e-08,7.733003712928621e-07
2026-03-05 13:56:00+00:00,5.5722662040125215e-09,7.403314157272689e-07
2026-03-05 13:57:00+00:00,6.48430820149315e-09,7.197454010565707e-07
2026-03-05 13:58:00+00:00,3.973086304398521e-09,7.068439344948274e-07
2026-03-05 13:59:00+00:00,3.3375195940266167e-09,6.896547120049945e-07
2026-03-05 14:00:00+00:00,1.1987918435707456e-09,6.708313549097511e-07
2026-03-05 14:01:00+00:00,9.999999717180685e-10,6.516614803331322e-07
2026-03-05 14:02:00+00:00,9.999999717180685e-10,6.326718562377209e-07
2026-03-05 14:03:00+00:00,1.0034920672197245e-09,6.137059358479746e-07
2026-03-05 14:04:00+00:00,1.4616674537393237e-09,5.998094820824917e-07
2026-03-05 14:05:00+00:00,9.999999717180685e-10,5.870058430446079e-07
2026-03-05 14:06:00+00:00,9.999999717180685e-10,5.791698640678078e-07
2026-03-05 14:07:00+00:00,9.999999717180685e-10,5.714551321034378e-07
2026-03-05 14:08:00+00:00,9.999999717180685e-10,5.639292908199423e-07
2026-03-05 14:09:00+00:00,9.999999717180685e-10,5.66913456623297e-07
2026-03-05 14:10:00+00:00,9.999999717180685e-10,5.71852410757856e-07
2026-03-05 14:11:00+00:00,9.999999717180685e-10,5.660596684720076e-07
2026-03-05 14:12:00+00:00,9.999999717180685e-10,5.648781780109857e-07
2026-03-05 14:13:00+00:00,9.999999717180685e-10,5.630013220070396e-07
2026-03-05 14:14:00+00:00,1.2116165848397031e-09,5.579443609349255e-07
2026-03-05 14:15:00+00:00,9.999999717180685e-10,5.559692795031879e-07
2026-03-05 14:16:00+00:00,9.999999717180685e-10,5.551483468480001e-07
2026-03-05 14:17:00+00:00,9.999999717180685e-10,5.55183078176924e-07
2026-03-05 14:18:00+00:00,9.999999717180685e-10,5.549130150939163e-07
2026-03-05 14:19:00+00:00,9.999999717180685e-10,5.538668119697832e-07
2026-03-05 14:20:00+00:00,9.999999717180685e-10,5.5145989108496e-07
2026-03-05 14:21:00+00:00,9.999999717180685e-10,5.505715989784221e-07
2026-03-05 14:22:00+00:00,9.999999717180685e-10,5.570497023654752e-07
2026-03-05 14:23:00+00:00,9.999999717180685e-10,5.623352876682475e-07
2026-03-05 14:24:00+00:00,9.999999717180685e-10,5.676940304510936e-07
2026-03-05 14:25:00+00:00,9.999999717180685e-10,5.643410645461699e-07
2026-03-05 14:26:00+00:00,9.999999717180685e-10,5.644278076033515e-07
2026-03-05 14:27:00+00:00,1.0384217929981787e-09,5.642064593303076e-07
2026-03-05 14:28:00+00:00,9.999999717180685e-10,5.628905341836798e-07
2026-03-05 14:29:00+00:00,9.999999717180685e-10,5.611572646557761e-07
2026-03-05 14:30:00+00:00,9.999999717180685e-10,5.578197601607826e-07
2026-03-05 14:31:00+00:00,9.999999717180685e-10,5.533885314434883e-07
2026-03-05 14:32:00+00:00,9.999999717180685e-10,5.489309273798426e-07
2026-03-05 14:33:00+00:00,9.999999717180685e-10,5.498670816450613e-07
2026-03-05 14:34:00+00:00,3.777255841441729e-09,5.7024499255931e-07
2026-03-05 14:35:00+00:00,4.182821200515718e-09,5.848963269272645e-07
2026-03-05 14:36:00+00:00,3.88396825812265e-09,5.898116910429962e-07
2026-03-05 14:37:00+00:00,4.8615245162864085e-09,5.955424171588675e-07
2026-03-05 14:38:00+00:00,5.221687970902167e-09,6.047363285688334e-07
2026-03-05 14:39:00+00:00,4.375131368306029e-09,6.014528253217577e-07
2026-03-05 14:40:00+00:00,3.7972465172231296e-09,5.944035592619912e-07
2026-03-05 14:41:00+00:00,3.153088901086676e-09,5.884000415790069e-07
2026-03-05 14:42:00+00:00,2.2025850032747485e-09,5.842319978910382e-07
2026-03-05 14:43:00+00:00,2.325475811915112e-09,5.821402169203793e-07
2026-03-05 14:44:00+00:00,2.328402359808024e-09,5.86265798574459e-07
2026-03-05 14:45:00+00:00,3.0525573180284482e-09,6.009902335790684e-07
2026-03-05 14:46:00+00:00,4.7986508100450465e-09,6.189093255670741e-07
2026-03-05 14:47:00+00:00,3.5490328453846587e-09,6.252960247365991e-07
2026-03-05 14:48:00+00:00,2.4933828335349517e-09,6.129199618953862e-07
2026-03-05 14:49:00+00:00,1.3936799492242358e-09,6.073327085687197e-07
2026-03-05 14:50:00+00:00,2.390171616184489e-09,6.038630431248748e-07
2026-03-05 14:51:00+00:00,1.2346718092359765e-09,6.088643544899242e-07
2026-03-05 14:52:00+00:00,9.999999717180685e-10,6.099900815570436e-07
2026-03-05 14:53:00+00:00,9.999999717180685e-10,6.095355047364137e-07
2026-03-05 14:54:00+00:00,9.999999717180685e-10,6.134695240689325e-07
2026-03-05 14:55:00+00:00,9.999999717180685e-10,6.166133630358672e-07
2026-03-05 14:56:00+00:00,9.999999717180685e-10,6.18456908796361e-07
2026-03-05 14:57:00+00:00,9.999999717180685e-10,6.180874265737657e-07
2026-03-05 14:58:00+00:00,9.999999717180685e-10,6.157838470244315e-07
2026-03-05 14:59:00+00:00,9.999999717180685e-10,6.072248197597219e-07
2026-03-05 15:00:00+00:00,9.999999717180685e-10,5.974509349471191e-07
2026-03-05 15:01:00+00:00,9.999999717180685e-10,5.919579280089238e-07
2026-03-05 15:02:00+00:00,9.999999717180685e-10,5.844021302436886e-07
2026-03-05 15:03:00+00:00,9.999999717180685e-10,5.759877126365609e-07
2026-03-05 15:04:00+00:00,9.999999717180685e-10,5.700140377484786e-07
2026-03-05 15:05:00+00:00,9.999999717180685e-10,5.647642069561698e-07
2026-03-05 15:06:00+00:00,9.999999717180685e-10,5.604081252386095e-07
2026-03-05 15:07:00+00:00,9.999999717180685e-10,5.545438739318342e-07
2026-03-05 15:08:00+00:00,9.999999717180685e-10,5.567849825638405e-07
2026-03-05 15:09:00+00:00,9.999999717180685e-10,5.568908250097593e-07
2026-03-05 15:10:00+00:00,9.999999717180685e-10,5.526876520889346e-07
2026-03-05 15:11:00+00:00,9.999999717180685e-10,5.504846853909839e-07
2026-03-05 15:12:00+00:00,9.999999717180685e-10,5.513608698493044e-07
2026-03-05 15:13:00+00:00,9.999999717180685e-10,5.503811166818195e-07
2026-03-05 15:14:00+00:00,9.999999717180685e-10,5.509493234967522e-07
2026-03-05 15:15:00+00:00,9.999999717180685e-10,5.618726959255582e-07
2026-03-05 15:16:00+00:00,9.999999717180685e-10,5.713939117413247e-07
2026-03-05 15:17:00+00:00,9.999999717180685e-10,5.80342259581812e-07
2026-03-05 15:18:00+00:00,1.8923298483741746e-09,5.85377165407408e-07
2026-03-05 15:19:00+00:00,1.2102358004639768e-09,5.90693502999784e-07
2026-03-05 15:20:00+00:00,9.999999717180685e-10,5.902988959860522e-07
2026-03-05 15:21:00+00:00,1.8721326711101938e-09,5.899643156226375e-07
2026-03-05 15:22:00+00:00,9.999999717180685e-10,5.939818947808817e-07
2026-03-05 15:23:00+00:00,1.44261891321662e-09,6.044946871952561e-07
2026-03-05 15:24:00+00:00,3.1679914247462193e-09,6.092694206927263e-07
2026-03-05 15:25:00+00:00,2.4505146800635202e-09,6.022353886692144e-07
2026-03-05 15:26:00+00:00,9.999999717180685e-10,5.949460728515987e-07
2026-03-05 15:27:00+00:00,9.999999717180685e-10,5.838255106027646e-07
2026-03-05 15:28:00+00:00,9.999999717180685e-10,5.769364861407666e-07
2026-03-05 15:29:00+00:00,9.999999717180685e-10,5.655462587128568e-07
2026-03-05 15:30:00+00:00,9.999999717180685e-10,5.595927632384701e-07
2026-03-05 15:31:00+00:00,9.999999717180685e-10,5.571434940065956e-07
2026-03-05 15:32:00+00:00,9.999999717180685e-10,5.573129442382196e-07
2026-03-05 15:33:00+00:00,9.999999717180685e-10,5.564173761740676e-07
2026-03-05 15:34:00+00:00,9.999999717180685e-10,5.538804543903098e-07
2026-03-05 15:35:00+00:00,9.999999717180685e-10,5.519359547179192e-07
2026-03-05 15:36:00+00:00,9.999999717180685e-10,5.500835982275021e-07
2026-03-05 15:37:00+00:00,9.999999717180685e-10,5.474420277096215e-07
2026-03-05 15:38:00+00:00,9.999999717180685e-10,5.481113021232886e-07
2026-03-05 15:39:00+00:00,9.999999717180685e-10,5.470621431413747e-07
2026-03-05 15:40:00+00:00,9.999999717180685e-10,5.441520443127956e-07
2026-03-05 15:41:00+00:00,9.999999717180685e-10,5.450417006613861e-07
2026-03-05 15:42:00+00:00,9.999999717180685e-10,5.436506285150244e-07
2026-03-05 15:43:00+00:00,9.999999717180685e-10,5.419916533355718e-07
2026-03-05 15:44:00+00:00,9.999999717180685e-10,5.40991038633365e-07
2026-03-05 15:45:00+00:00,9.999999717180685e-10,5.452170057651529e-07
2026-03-05 15:46:00+00:00,1.1629550655811727e-09,5.450439743981406e-07
2026-03-05 15:47:00+00:00,9.999999717180685e-10,5.456977874018776e-07
2026-03-05 15:48:00+00:00,9.999999717180685e-10,5.444513249130978e-07
2026-03-05 15:49:00+00:00,9.999999717180685e-10,5.440035693027312e-07
2026-03-05 15:50:00+00:00,9.999999717180685e-10,5.431816703094228e-07
2026-03-05 15:51:00+00:00,9.999999717180685e-10,5.424006417342753e-07
2026-03-05 15:52:00+00:00,9.999999717180685e-10,5.407065373219666e-07
2026-03-05 15:53:00+00:00,9.999999717180685e-10,5.430783858173527e-07
2026-03-05 15:54:00+00:00,9.999999717180685e-10,5.462621288643277e-07
2026-03-05 15:55:00+00:00,9.999999717180685e-10,5.454800771076407e-07
2026-03-05 15:56:00+00:00,9.999999717180685e-10,5.468343147185806e-07
2026-03-05 15:57:00+00:00,9.999999717180685e-10,5.51655091385328e-07
2026-03-05 15:58:00+00:00,9.999999717180685e-10,5.537827973967069e-07
2026-03-05 15:59:00+00:00,9.999999717180685e-10,5.538294090001727e-07
2026-03-05 16:00:00+00:00,9.999999717180685e-10,5.532226055038336e-07
2026-03-05 16:01:00+00:00,9.999999717180685e-10,5.535620744012704e-07
2026-03-05 16:02:00+00:00,9.999999717180685e-10,5.511713538908225e-07
2026-03-05 16:03:00+00:00,9.999999717180685e-10,5.489064278663136e-07
2026-03-05 16:04:00+00:00,9.999999717180685e-10,5.470871542456734e-07
2026-03-05 16:05:00+00:00,9.999999717180685e-10,5.443084774015006e-07
2026-03-05 16:06:00+00:00,9.999999717180685e-10,5.434790182334837e-07
2026-03-05 16:07:00+00:00,9.999999717180685e-10,5.400816007750109e-07
2026-03-05 16:08:00+00:00,9.999999717180685e-10,5.433693672785012e-07
2026-03-05 16:09:00+00:00,9.999999717180685e-10,5.45041757504805e-07
2026-03-05 16:10:00+00:00,9.999999717180685e-10,5.419581725618627e-07
2026-03-05 16:11:00+00:00,9.999999717180685e-10,5.426529128271795e-07
2026-03-05 16:12:00+00:00,9.999999717180685e-10,5.433280421129894e-07
2026-03-05 16:13:00+00:00,9.999999717180685e-10,5.451233278108703e-07
2026-03-05 16:14:00+00:00,9.999999717180685e-10,5.440580821414187e-07
2026-03-05 16:15:00+00:00,9.999999717180685e-10,5.438768653220905e-07
2026-03-05 16:16:00+00:00,9.999999717180685e-10,5.418056616690592e-07
2026-03-05 16:17:00+00:00,9.999999717180685e-10,5.426552434073528e-07
2026-03-05 16:18:00+00:00,9.999999717180685e-10,5.444188104775094e-07
2026-03-05 16:19:00+00:00,9.999999717180685e-10,5.420382080956188e-07
2026-03-05 16:20:00+00:00,9.999999717180685e-10,5.420545790002507e-07
2026-03-05 16:21:00+00:00,9.999999717180685e-10,5.400896725404891e-07
2026-03-05 16:22:00+00:00,9.999999717180685e-10,5.389478587858321e-07
2026-03-05 16:23:00+00:00,9.999999717180685e-10,5.421081823442364e-07
2026-03-05 16:24:00+00:00,9.999999717180685e-10,5.458374516820186e-07
2026-03-05 16:25:00+00:00,9.999999717180685e-10,5.435550747279194e-07
2026-03-05 16:26:00+00:00,9.999999717180685e-10,5.444945827548509e-07
2026-03-05 16:27:00+00:00,9.999999717180685e-10,5.403679779192316e-07
2026-03-05 16:28:00+00:00,9.999999717180685e-10,5.405386787060706e-07
2026-03-05 16:29:00+00:00,9.999999717180685e-10,5.420013167167781e-07
2026-03-05 16:30:00+00:00,9.999999717180685e-10,5.399291467256262e-07
2026-03-05 16:31:00+00:00,1.237577595958328e-09,5.404175453804783e-07
2026-03-05 16:32:00+00:00,1.304354624309667e-09,5.403957743510546e-07
2026-03-05 16:33:00+00:00,9.999999717180685e-10,5.415660666585609e-07
2026-03-05 16:34:00+00:00,9.999999717180685e-10,5.424794267128163e-07
2026-03-05 16:35:00+00:00,9.999999717180685e-10,5.42724990282295e-07
2026-03-05 16:36:00+00:00,9.999999717180685e-10,5.470232622428739e-07
2026-03-05 16:37:00+00:00,9.999999717180685e-10,5.443440613817074e-07
2026-03-05 16:38:00+00:00,9.999999717180685e-10,5.458196596919151e-07
2026-03-05 16:39:00+00:00,9.999999717180685e-10,5.454033384921786e-07
2026-03-05 16:40:00+00:00,9.999999717180685e-10,5.439845267574128e-07
2026-03-05 16:41:00+00:00,9.999999717180685e-10,5.468027666211128e-07
2026-03-05 16:42:00+00:00,9.999999717180685e-10,5.521326329471776e-07
2026-03-05 16:43:00+00:00,1.1039233971388285e-09,5.555158963943541e-07
2026-03-05 16:44:00+00:00,2.1810850903136725e-09,5.588677822743193e-07
2026-03-05 16:45:00+00:00,9.999999717180685e-10,5.6020252259259e-07
2026-03-05 16:46:00+00:00,1.0503262704020244e-09,5.59954230539006e-07
2026-03-05 16:47:00+00:00,9.999999717180685e-10,5.618837235488172e-07
2026-03-05 16:48:00+00:00,9.999999717180685e-10,5.600225563284766e-07
2026-03-05 16:49:00+00:00,9.999999717180685e-10,5.642622795676289e-07
2026-03-05 16:50:00+00:00,2.9338074192253316e-09,5.634451554215048e-07
2026-03-05 16:51:00+00:00,1.8721713068714507e-09,5.627134100905096e-07
2026-03-05 16:52:00+00:00,9.999999717180685e-10,5.664558102580486e-07
2026-03-05 16:53:00+00:00,1.3094819673042934e-09,5.693140110452077e-07
2026-03-05 16:54:00+00:00,1.177732245061236e-09,5.718075613003748e-07
2026-03-05 16:55:00+00:00,2.351669969868908e-09,5.731968713007518e-07
2026-03-05 16:56:00+00:00,2.083710537448269e-09,5.722955620512948e-07
2026-03-05 16:57:00+00:00,4.786371743392692e-09,5.661789259647776e-07
2026-03-05 16:58:00+00:00,5.40335687304605e-09,5.664408604388882e-07
2026-03-05 16:59:00+00:00,5.302263961226572e-09,5.69969756725186e-07
2026-03-05 17:00:00+00:00,3.4246250280034474e-09,5.742906523664715e-07
2026-03-05 17:01:00+00:00,5.894719379284652e-09,5.73190277464164e-07
2026-03-05 17:02:00+00:00,4.99823871180638e-09,5.73350348531676e-07
2026-03-05 17:03:00+00:00,4.801151476385712e-09,5.747202749262215e-07
2026-03-05 17:04:00+00:00,5.8708278238839284e-09,5.776437319582328e-07
2026-03-05 17:05:00+00:00,6.017326636964526e-09,5.938040317232662e-07
2026-03-05 17:06:00+00:00,5.881276354813281e-09,6.06352443810465e-07
2026-03-05 17:07:00+00:00,5.5264526288567595e-09,6.142369102235534e-07
2026-03-05 17:08:00+00:00,6.70223965215655e-09,6.134417844805284e-07
2026-03-05 17:09:00+00:00,5.854106532865444e-09,6.073128133721184e-07
2026-03-05 17:10:00+00:00,5.461064489509226e-09,6.064168474040343e-07
2026-03-05 17:11:00+00:00,6.181907874491799e-09,6.113713766353612e-07
2026-03-05 17:12:00+00:00,4.9757979958542364e-09,6.181944058880617e-07
2026-03-05 17:13:00+00:00,4.552474397456763e-09,6.202429290169675e-07
2026-03-05 17:14:00+00:00,5.303885330931735e-09,6.182690981404448e-07
2026-03-05 17:15:00+00:00,7.0107031291399835e-09,6.271409915825643e-07
2026-03-05 17:16:00+00:00,6.7051995067402e-09,6.464492798841093e-07
2026-03-05 17:17:00+00:00,7.1201635698514565e-09,6.578538886969909e-07
2026-03-05 17:18:00+00:00,1.0879268153018984e-08,6.935919714123884e-07
2026-03-05 17:19:00+00:00,1.0957908358477653e-08,7.032647317828378e-07
2026-03-05 17:20:00+00:00,6.358116255711366e-09,6.588014116459817e-07
2026-03-05 17:21:00+00:00,5.982828454875744e-09,6.309961122497043e-07
2026-03-05 17:22:00+00:00,4.653170737611845e-09,6.240672973945038e-07
2026-03-05 17:23:00+00:00,4.402720410467964e-09,6.242932499844756e-07
2026-03-05 17:24:00+00:00,4.221309080065794e-09,6.233188969417824e-07
2026-03-05 17:25:00+00:00,6.356882575886402e-09,6.169238986331038e-07
2026-03-05 17:26:00+00:00,4.827019672859478e-09,6.170156439111452e-07
2026-03-05 17:27:00+00:00,6.133353380732842e-09,6.155750043035368e-07
2026-03-05 17:28:00+00:00,6.4765339757855145e-09,6.250192541301658e-07
2026-03-05 17:29:00+00:00,7.106177424276439e-09,6.411591471078282e-07
2026-03-05 17:30:00+00:00,7.818067082610014e-09,6.431845918086765e-07
2026-03-05 17:31:00+00:00,6.9687100534565616e-09,6.367256446537795e-07
2026-03-05 17:32:00+00:00,7.136452317979547e-09,6.299455321823189e-07
2026-03-05 17:33:00+00:00,6.8941785613674256e-09,6.274373731685046e-07
2026-03-05 17:34:00+00:00,5.67842262100271e-09,6.245080044209317e-07
2026-03-05 17:35:00+00:00,6.869368629480732e-09,6.236276135496155e-07
2026-03-05 17:36:00+00:00,7.412193525624389e-09,6.357905135701003e-07
2026-03-05 17:37:00+00:00,9.959313373997247e-09,6.802051757404115e-07
2026-03-05 17:38:00+00:00,1.2067989274555657e-08,7.031893005660095e-07
2026-03-05 17:39:00+00:00,1.1748116257592756e-08,6.903016469550494e-07
2026-03-05 17:40:00+00:00,1.0400939665089481e-08,6.807800900787697e-07
2026-03-05 17:41:00+00:00,1.1384724274421387e-08,6.76998354265379e-07
2026-03-05 17:42:00+00:00,1.1350839379531408e-08,6.85381621678971e-07
2026-03-05 17:43:00+00:00,9.894091768103408e-09,6.896673312439816e-07
2026-03-05 17:44:00+00:00,1.1234785546321291e-08,6.890389272484754e-07
2026-03-05 17:45:00+00:00,1.0153081930752705e-08,6.873925713080098e-07
2026-03-05 17:46:00+00:00,1.1761265739096416e-08,7.022190402494743e-07
2026-03-05 17:47:00+00:00,1.0595011090686057e-08,7.150763394747628e-07
2026-03-05 17:48:00+00:00,1.1564478263892397e-08,7.17774412350991e-07
2026-03-05 17:49:00+00:00,1.0794618532372624e-08,7.166923978729756e-07
2026-03-05 17:50:00+00:00,1.0293970120756057e-08,7.149160410335753e-07
2026-03-05 17:51:00+00:00,1.1630669760620549e-08,7.216546009658487e-07
2026-03-05 17:52:00+00:00,1.4704581552393847e-08,7.551284966211824e-07
2026-03-05 17:53:00+00:00,1.4396698055918478e-08,7.81159315010882e-07
2026-03-05 17:54:00+00:00,1.40806628579071e-08,7.853657280065818e-07
2026-03-05 17:55:00+00:00,1.357617662733901e-08,7.784108788655431e-07
2026-03-05 17:56:00+00:00,1.289913065249948e-08,7.70614917655621e-07
2026-03-05 17:57:00+00:00,1.1551027689904458e-08,7.584600894006144e-07
2026-03-05 17:58:00+00:00,1.0099006075847683e-08,7.446326435456285e-07
2026-03-05 17:59:00+00:00,9.937821232597344e-09,7.308050271603861e-07
2026-03-05 18:00:00+00:00,9.497144404235769e-09,7.155469461395114e-07
2026-03-05 18:01:00+00:00,8.570196108337313e-09,7.04551041508239e-07
2026-03-05 18:02:00+00:00,9.507373555095455e-09,6.956353217901778e-07
2026-03-05 18:03:00+00:00,1.0455516452623215e-08,6.893669137753022e-07
2026-03-05 18:04:00+00:00,9.853748039745369e-09,6.83436894632905e-07
2026-03-05 18:05:00+00:00,8.243435267729637e-09,6.768258344891365e-07
2026-03-05 18:06:00+00:00,8.649897687007524e-09,6.692876581837481e-07
2026-03-05 18:07:00+00:00,7.905610388547757e-09,6.627074071730021e-07
2026-03-05 18:08:00+00:00,7.901106435781458e-09,6.58025385291694e-07
2026-03-05 18:09:00+00:00,6.485784354026691e-09,6.551794058395899e-07
2026-03-05 18:10:00+00:00,6.949341546658161e-09,6.581703928532079e-07
2026-03-05 18:11:00+00:00,7.192255679910886e-09,6.553230491590512e-07
2026-03-05 18:12:00+00:00,6.388317430605639e-09,6.507003718070337e-07
2026-03-05 18:13:00+00:00,8.650248517483305e-09,6.533063015012885e-07
2026-03-05 18:14:00+00:00,6.463210855400803e-09,6.550566240548505e-07
2026-03-05 18:15:00+00:00,5.703512329091609e-09,6.599126436412917e-07
2026-03-05 18:16:00+00:00,5.03318764444316e-09,6.630708639931981e-07
2026-03-05 18:17:00+00:00,6.733894775123872e-09,6.645275334449252e-07
2026-03-05 18:18:00+00:00,6.458263701603073e-09,6.638039167228271e-07
2026-03-05 18:19:00+00:00,7.851157945992782e-09,6.627017796745349e-07
2026-03-05 18:20:00+00:00,6.763589244229706e-09,6.677586270598113e-07
2026-03-05 18:21:00+00:00,7.690801773208022e-09,6.759084385521419e-07
2026-03-05 18:22:00+00:00,9.550920054834933e-09,6.882712568767602e-07
2026-03-05 18:23:00+00:00,7.899741305550378e-09,7.020144607849943e-07
2026-03-05 18:24:00+00:00,9.116706500833516e-09,7.120389682313544e-07
2026-03-05 18:25:00+00:00,1.0710797582191844e-08,7.280606268977863e-07
2026-03-05 18:26:00+00:00,1.2840142282755096e-08,7.43964335470082e-07
2026-03-05 18:27:00+00:00,1.2974019192313335e-08,7.630887921550311e-07
2026-03-05 18:28:00+00:00,1.5359569616180124e-08,7.731937898824981e-07
2026-03-05 18:29:00+00:00,1.6389726908982993e-08,7.887852575549914e-07
2026-03-05 18:30:00+00:00,1.8391659750705003e-08,8.014948207346606e-07
2026-03-05 18:31:00+00:00,1.796954585131516e-08,8.094905865618784e-07
2026-03-05 18:32:00+00:00,1.9879914603393445e-08,8.140088425534486e-07
2026-03-05 18:33:00+00:00,1.67717857380012e-08,8.187607249965367e-07
2026-03-05 18:34:00+00:00,1.8490489139821875e-08,8.24106734853558e-07
2026-03-05 18:35:00+00:00,1.897523738136897e-08,8.243300158028433e-07
2026-03-05 18:36:00+00:00,1.7694119947009312e-08,8.190634730453894e-07
2026-03-05 18:37:00+00:00,1.6820846937548595e-08,8.143780974023684e-07
2026-03-05 18:38:00+00:00,1.6656015233706967e-08,8.145112815327593e-07
2026-03-05 18:39:00+00:00,1.69831348983962e-08,8.119570225062489e-07
2026-03-05 18:40:00+00:00,1.5486046223145422e-08,8.052989528550825e-07
2026-03-05 18:41:00+00:00,1.5193341695862728e-08,8.004780625014973e-07
2026-03-05 18:42:00+00:00,1.344256794766352e-08,7.963653274600802e-07
2026-03-05 18:43:00+00:00,1.1910334052345206e-08,7.935876169540279e-07
2026-03-05 18:44:00+00:00,1.3164663137388288e-08,7.925937097752467e-07
2026-03-05 18:45:00+00:00,1.2344830047084088e-08,7.938220960568287e-07
2026-03-05 18:46:00+00:00,1.2860517983881437e-08,7.943987156977528e-07
2026-03-05 18:47:00+00:00,1.1293733059858369e-08,7.970851925165334e-07
2026-03-05 18:48:00+00:00,1.4700972883474606e-08,8.309711461151892e-07
2026-03-05 18:49:00+00:00,1.5708877754150308e-08,8.397875035370816e-07
2026-03-05 18:50:00+00:00,1.294806128981918e-08,7.918769711068308e-07
2026-03-05 18:51:00+00:00,1.0725702104252832e-08,7.841611591175024e-07
2026-03-05 18:52:00+00:00,1.107935165833851e-08,7.878159635765769e-07
2026-03-05 18:53:00+00:00,1.0978325803989719e-08,7.807709039298061e-07
2026-03-05 18:54:00+00:00,1.1042107672665225e-08,7.733278835075907e-07
2026-03-05 18:55:00+00:00,1.0075506651219257e-08,7.620973292432609e-07
2026-03-05 18:56:00+00:00,9.120688204689031e-09,7.526920740019705e-07
2026-03-05 18:57:00+00:00,8.385184990800099e-09,7.467378964065574e-07
2026-03-05 18:58:00+00:00,8.37001490339162e-09,7.39001677629858e-07
2026-03-05 18:59:00+00:00,8.588906474926716e-09,7.38532435207162e-07
2026-03-05 19:00:00+00:00,7.466942619771544e-09,7.373441803792957e-07
2026-03-05 19:01:00+00:00,6.642034033887967e-09,7.327333264584013e-07
2026-03-05 19:02:00+00:00,7.4458377241626295e-09,7.316543815250043e-07
2026-03-05 19:03:00+00:00,6.121551709981077e-09,7.302522249119647e-07
2026-03-05 19:04:00+00:00,6.77563338769005e-09,7.298127684407518e-07
2026-03-05 19:05:00+00:00,7.130675605537817e-09,7.276032079062134e-07
2026-03-05 19:06:00+00:00,8.52918269345082e-09,7.26959342500777e-07
2026-03-05 19:07:00+00:00,7.468217155803814e-09,7.278800921994844e-07
2026-03-05 19:08:00+00:00,6.43647446452178e-09,7.321656880776573e-07
2026-03-05 19:09:00+00:00,8.20598966555508e-09,7.333417215704685e-07
2026-03-05 19:10:00+00:00,6.573537714160693e-09,7.285049150596024e-07
2026-03-05 19:11:00+00:00,7.045344307954338e-09,7.256619483086979e-07
2026-03-05 19:12:00+00:00,7.874838559018826e-09,7.22506740657991e-07
2026-03-05 19:13:00+00:00,9.229217390327449e-09,7.187156256804883e-07
2026-03-05 19:14:00+00:00,8.473195478586604e-09,7.19465958809451e-07
2026-03-05 19:15:00+00:00,7.981845406845878e-09,7.228687195492967e-07
2026-03-05 19:16:00+00:00,7.810816882170002e-09,7.32950297788193e-07
2026-03-05 19:17:00+00:00,8.12326828025789e-09,7.382392936960969e-07
2026-03-05 19:18:00+00:00,6.970185761900893e-09,7.417034453283122e-07
2026-03-05 19:19:00+00:00,9.45887634884457e-09,7.429983952533803e-07
2026-03-05 19:20:00+00:00,8.220347069709533e-09,7.452144359376689e-07
2026-03-05 19:21:00+00:00,8.512020421846955e-09,7.471018079741043e-07
2026-03-05 19:22:00+00:00,9.37416455570883e-09,7.49815626477357e-07
2026-03-05 19:23:00+00:00,9.078319429534076e-09,7.526361400778114e-07
2026-03-05 19:24:00+00:00,9.885184226732235e-09,7.578921099593572e-07
2026-03-05 19:25:00+00:00,9.96934357289092e-09,7.637411840732966e-07
2026-03-05 19:26:00+00:00,1.122990056501294e-08,7.790453082634485e-07
2026-03-05 19:27:00+00:00,1.2805954519023999e-08,7.901133471932553e-07
2026-03-05 19:28:00+00:00,1.579446973209997e-08,8.130422770591395e-07
2026-03-05 19:29:00+00:00,1.889135781141249e-08,8.516690286342055e-07
2026-03-05 19:30:00+00:00,2.6283929699388864e-08,9.041477824212052e-07
2026-03-05 19:31:00+00:00,3.0733222189383014e-08,9.62346689448168e-07
2026-03-05 19:32:00+00:00,3.5895013184017444e-08,1.0155135896638967e-06
2026-03-05 19:33:00+00:00,4.4805144483461845e-08,1.0858748282771558e-06
2026-03-05 19:34:00+00:00,5.195076369091112e-08,1.1684542187140323e-06
2026-03-05 19:35:00+00:00,5.876785991176803e-08,1.244609279638098e-06
2026-03-05 19:36:00+00:00,6.520325257497461e-08,1.3339048337002168e-06
2026-03-05 19:37:00+00:00,7.218850583967651e-08,1.4211772167982417e-06
2026-03-05 19:38:00+00:00,7.73760433503412e-08,1.4890817965351744e-06
2026-03-05 19:39:00+00:00,7.732443663144295e-08,1.5296396895791986e-06
2026-03-05 19:40:00+00:00,7.947758007276207e-08,1.5763787359901471e-06
2026-03-05 19:41:00+00:00,8.203037538123681e-08,1.60927186243498e-06
2026-03-05 19:42:00+00:00,8.337555357229576e-08,1.633859710636898e-06
2026-03-05 19:43:00+00:00,7.999300066785509e-08,1.6547454606552492e-06
2026-03-05 19:44:00+00:00,7.98328869677789e-08,1.661924443396856e-06
2026-03-05 19:45:00+00:00,7.79652893356797e-08,1.6742724255891517e-06
2026-03-05 19:46:00+00:00,7.784255728893186e-08,1.6774700952737476e-06
2026-03-05 19:47:00+00:00,7.380380395716202e-08,1.6785138541308697e-06
2026-03-05 19:48:00+00:00,7.80953186563238e-08,1.7164012433568132e-06
2026-03-05 19:49:00+00:00,8.157061870406324e-08,1.7849450841822545e-06
2026-03-05 19:50:00+00:00,8.526007633236077e-08,1.8224010318590445e-06
2026-03-05 19:51:00+00:00,8.40340703689435e-08,1.8139439816877712e-06
2026-03-05 19:52:00+00:00,8.079770452695811e-08,1.7959034721570788e-06
2026-03-05 19:53:00+00:00,7.707195237571796e-08,1.7660653384155012e-06
2026-03-05 19:54:00+00:00,7.315203731650399e-08,1.7535974166094093e-06
2026-03-05 19:55:00+00:00,7.459933470954638e-08,1.7705007167023723e-06
2026-03-05 19:56:00+00:00,6.833284516005733e-08,1.7378938537149224e-06
2026-03-05 19:57:00+00:00,6.490557780125528e-08,1.6839491081555025e-06
2026-03-05 19:58:00+00:00,6.053946322026604e-08,1.6343557263098774e-06
2026-03-05 19:59:00+00:00,5.528518087771772e-08,1.5898934861979797e-06
2026-03-05 20:00:00+00:00,5.360312727020755e-08,1.5611483377142577e-06
2026-03-05 20:01:00+00:00,5.0206249824213955e-08,1.5295348703148193e-06
2026-03-05 20:02:00+00:00,4.7377525902447815e-08,1.4997225434854045e-06
2026-03-05 20:03:00+00:00,4.5407880122638744e-08,1.4768395431019599e-06
2026-03-05 20:04:00+00:00,4.1902673331151163e-08,1.4519835076498566e-06
2026-03-05 20:05:00+00:00,4.000624542754849e-08,1.4269057828641962e-06
2026-03-05 20:06:00+00:00,3.715945595672565e-08,1.4064792139834026e-06
2026-03-05 20:07:00+00:00,3.7176235423430626e-08,1.386559461025172e-06
2026-03-05 20:08:00+00:00,3.331949827156677e-08,1.3676851722266292e-06
2026-03-05 20:09:00+00:00,3.1941407740987415e-08,1.340204448752047e-06
2026-03-05 20:10:00+00:00,2.7951889691735232e-08,1.3129416629453772e-06
2026-03-05 20:11:00+00:00,2.5694260941122593e-08,1.2856316971010529e-06
2026-03-05 20:12:00+00:00,2.5106478673819765e-08,1.25734914036002e-06
2026-03-05 20:13:00+00:00,2.3486897759994463e-08,1.235712716152193e-06
2026-03-05 20:14:00+00:00,2.2449134107205282e-08,1.2143375442974502e-06
2026-03-05 20:15:00+00:00,2.2272187649718944e-08,1.1894634326381492e-06
2026-03-05 20:16:00+00:00,2.099037921254876e-08,1.170325958810281e-06
2026-03-05 20:17:00+00:00,2.041569047150915e-08,1.1525502259246423e-06
2026-03-05 20:18:00+00:00,1.9288560082486583e-08,1.134992430706916e-06
2026-03-05 20:19:00+00:00,2.0619188134674005e-08,1.1357730045347125e-06
2026-03-05 20:20:00+00:00,1.9880602053490293e-08,1.1209192507521948e-06
2026-03-05 20:21:00+00:00,1.7901117033147784e-08,1.0855310392798856e-06
2026-03-05 20:22:00+00:00,1.7010115982429852e-08,1.0643703944879235e-06
2026-03-05 20:23:00+00:00,1.6617430986798354e-08,1.0475537237653043e-06
2026-03-05 20:24:00+00:00,1.6100846877975528e-08,1.0397150163043989e-06
2026-03-05 20:25:00+00:00,1.532875337773021e-08,1.0218341230938677e-06
2026-03-05 20:26:00+00:00,1.3781573215965182e-08,1.0104208740813192e-06
2026-03-05 20:27:00+00:00,1.503437019323428e-08,9.986445093090879e-07
2026-03-05 20:28:00+00:00,1.3880097959884097e-08,9.914543852573843e-07
2026-03-05 20:29:00+00:00,1.5131114139421697e-08,9.841853625403019e-07
2026-03-05 20:30:00+00:00,1.4605296527747669e-08,9.730890724313213e-07
2026-03-05 20:31:00+00:00,1.1732214311166445e-08,9.615447424948798e-07
2026-03-05 20:32:00+00:00,1.3149833222314555e-08,9.519271770841442e-07
2026-03-05 20:33:00+00:00,1.1985920700396946e-08,9.440583994546614e-07
2026-03-05 20:34:00+00:00,1.1303229463521802e-08,9.326845429313835e-07
2026-03-05 20:35:00+00:00,9.12516284756748e-09,9.203724857798079e-07
2026-03-05 20:36:00+00:00,9.276089230070284e-09,9.169402801489923e-07
2026-03-05 20:37:00+00:00,1.0366243863302316e-08,9.158331408798404e-07
2026-03-05 20:38:00+00:00,8.83461126477414e-09,9.14777217531082e-07
2026-03-05 20:39:00+00:00,9.178222626360366e-09,9.117059107666137e-07
2026-03-05 20:40:00+00:00,7.598315754364648e-09,9.026939551404212e-07
2026-03-05 20:41:00+00:00,8.890665093019834e-09,8.907991286832839e-07
2026-03-05 20:42:00+00:00,7.1272392432319975e-09,8.819312142804847e-07
2026-03-05 20:43:00+00:00,8.02037369851405e-09,8.74668842243409e-07
2026-03-05 20:44:00+00:00,8.107376103794195e-09,8.676228731019364e-07
2026-03-05 20:45:00+00:00,9.149325741475423e-09,8.622323548479471e-07
2026-03-05 20:46:00+00:00,8.57328430470261e-09,8.537026019439509e-07
2026-03-05 20:47:00+00:00,7.551933300931069e-09,8.492283427585789e-07
2026-03-05 20:48:00+00:00,6.3960876595103855e-09,8.437597784904938e-07
2026-03-05 20:49:00+00:00,6.9374688216328195e-09,8.433456173406739e-07
2026-03-05 20:50:00+00:00,8.427850417547234e-09,8.513916327501647e-07
2026-03-05 20:51:00+00:00,9.877478390762917e-09,8.762540346651804e-07
2026-03-05 20:52:00+00:00,1.142709749046844e-08,9.013289741233166e-07
2026-03-05 20:53:00+00:00,1.2261696547000156e-08,9.059639864972269e-07
2026-03-05 20:54:00+00:00,1.4554517591136573e-08,9.090188086702256e-07
2026-03-05 20:55:00+00:00,1.6799608815176725e-08,9.144949331130192e-07
2026-03-05 20:56:00+00:00,1.7280928688023778e-08,9.167097232420929e-07
2026-03-05 20:57:00+00:00,1.8397244616608077e-08,9.139166081695294e-07
2026-03-05 20:58:00+00:00,1.7468149593469207e-08,9.099621820496395e-07
2026-03-05 20:59:00+00:00,1.6190654150705086e-08,9.074576041712135e-07
2026-03-05 21:00:00+00:00,1.6819067027995516e-08,9.004900221043499e-07
2026-03-05 21:01:00+00:00,1.604989385839417e-08,8.96877850209421e-07
2026-03-05 21:02:00+00:00,1.579763519998778e-08,8.855703867993725e-07
2026-03-05 21:03:00+00:00,1.3044511248949675e-08,8.830971864881576e-07
2026-03-05 21:04:00+00:00,1.4398131575887874e-08,8.777421385275375e-07
2026-03-05 21:05:00+00:00,1.5757084526057952e-08,8.654804446450726e-07
2026-03-05 21:06:00+00:00,1.3649328778342351e-08,8.659015406919934e-07
2026-03-05 21:07:00+00:00,1.298597140930724e-08,8.660331332066562e-07
2026-03-05 21:08:00+00:00,1.0373939041130598e-08,8.514919045410352e-07
2026-03-05 21:09:00+00:00,1.0188673016386929e-08,8.403454216932005e-07
2026-03-05 21:10:00+00:00,8.632795811536198e-09,8.405405083067308e-07
2026-03-05 21:11:00+00:00,1.1737246730092465e-08,8.330457035299332e-07
2026-03-05 21:12:00+00:00,9.382602250695982e-09,8.224735097428493e-07
2026-03-05 21:13:00+00:00,1.0302325215150177e-08,8.110561680041428e-07
2026-03-05 21:14:00+00:00,1.0147938489524222e-08,8.06485502380383e-07
2026-03-05 21:15:00+00:00,9.936900191576115e-09,8.063626069088059e-07
2026-03-05 21:16:00+00:00,7.835327942018466e-09,7.998134492481768e-07
2026-03-05 21:17:00+00:00,7.588481842901729e-09,7.987861749825242e-07
2026-03-05 21:18:00+00:00,8.773984205845409e-09,7.95408539033815e-07
2026-03-05 21:19:00+00:00,9.704065995208566e-09,7.867633371461125e-07
2026-03-05 21:20:00+00:00,8.597785594588458e-09,7.803712946952146e-07
2026-03-05 21:21:00+00:00,7.38417149648285e-09,7.731047162451432e-07
2026-03-05 21:22:00+00:00,4.637096040482902e-09,7.636386385456717e-07
2026-03-05 21:23:00+00:00,5.153256932288741e-09,7.558473384960962e-07
2026-03-05 21:24:00+00:00,5.368742783673497e-09,7.458724553544016e-07
2026-03-05 21:25:00+00:00,3.3079039507555308e-09,7.409345812448009e-07
2026-03-05 21:26:00+00:00,4.086845084572133e-09,7.360135327871831e-07
2026-03-05 21:27:00+00:00,4.91578022732142e-09,7.265099384312634e-07
2026-03-05 21:28:00+00:00,4.696256716840708e-09,7.283362037924235e-07
2026-03-05 21:29:00+00:00,4.345753534806818e-09,7.302669473574497e-07
2026-03-05 21:30:00+00:00,4.7872474873145165e-09,7.262411259034707e-07
2026-03-05 21:31:00+00:00,5.566754612829072e-09,7.28448696918349e-07
2026-03-05 21:32:00+00:00,4.330673153418729e-09,7.344276014009665e-07
2026-03-05 21:33:00+00:00,4.970202471810126e-09,7.398600700980751e-07
2026-03-05 21:34:00+00:00,5.421139093186866e-09,7.450358907590271e-07
2026-03-05 21:35:00+00:00,6.43440101200099e-09,7.575060863018734e-07
2026-03-05 21:36:00+00:00,8.171074483698249e-09,7.728502851023222e-07
2026-03-05 21:37:00+00:00,9.206974738162899e-09,7.823129521966621e-07
2026-03-05 21:38:00+00:00,1.0278692563758796e-08,7.908128054623376e-07
2026-03-05 21:39:00+00:00,1.0657306148686985e-08,7.995724331522069e-07
2026-03-05 21:40:00+00:00,9.811277124072149e-09,8.055020543906721e-07
2026-03-05 21:41:00+00:00,9.82960557394108e-09,8.13572967217624e-07
2026-03-05 21:42:00+00:00,9.610743312293835e-09,8.20016396119172e-07
2026-03-05 21:43:00+00:00,7.570630344844176e-09,8.118278174151783e-07
2026-03-05 21:44:00+00:00,8.24505708152401e-09,8.094002623693086e-07
2026-03-05 21:45:00+00:00,7.717935623929861e-09,8.116455205708917e-07
2026-03-05 21:46:00+00:00,6.758463566569617e-09,8.152677537509589e-07
2026-03-05 21:47:00+00:00,9.274551793225783e-09,8.216465516852622e-07
2026-03-05 21:48:00+00:00,1.363327939429837e-08,8.368787689505552e-07
2026-03-05 21:49:00+00:00,1.6370194089176948e-08,8.547964966965083e-07
2026-03-05 21:50:00+00:00,1.8385620137451042e-08,8.758206035963667e-07
2026-03-05 21:51:00+00:00,2.1791480619981485e-08,8.994746281132393e-07
2026-03-05 21:52:00+00:00,2.5461577735086394e-08,9.298526606471569e-07
2026-03-05 21:53:00+00:00,3.011876614777975e-08,9.64239575296233e-07
2026-03-05 21:54:00+00:00,3.288873173801221e-08,9.890756018648972e-07
2026-03-05 21:55:00+00:00,3.344993615428393e-08,1.0043198699349887e-06
2026-03-05 21:56:00+00:00,3.235180656702141e-08,1.0197752544627292e-06
2026-03-05 21:57:00+00:00,3.4065870124777575e-08,1.0297083008481422e-06
2026-03-05 21:58:00+00:00,3.3619702577425414e-08,1.0393565617050626e-06
2026-03-05 21:59:00+00:00,3.2794204685160366e-08,1.046544753080525e-06
2026-03-05 22:00:00+00:00,3.22481739090108e-08,1.0482870038686087e-06
2026-03-05 22:01:00+00:00,3.111803437150229e-08,1.0499642257855157e-06
2026-03-05 22:02:00+00:00,2.8897625625745604e-08,1.0524594244998298e-06
2026-03-05 22:03:00+00:00,2.94971691516821e-08,1.0547823876549955e-06
2026-03-05 22:04:00+00:00,2.7708860983466366e-08,1.0516904467294808e-06
2026-03-05 22:05:00+00:00,2.652332042885064e-08,1.0489320629858412e-06
2026-03-05 22:06:00+00:00,2.5095529210261702e-08,1.0450287390995072e-06
2026-03-05 22:07:00+00:00,2.5767119993247434e-08,1.0384032975707669e-06
2026-03-05 22:08:00+00:00,2.4186128655401262e-08,1.0359190127928741e-06
2026-03-05 22:09:00+00:00,2.238382990071841e-08,1.0224720199403237e-06
2026-03-05 22:10:00+00:00,2.045671720907194e-08,1.0084025916512473e-06
2026-03-05 22:11:00+00:00,1.9523335836879596e-08,9.984212283598026e-07
2026-03-05 22:12:00+00:00,1.8716535876706075e-08,9.999052963394206e-07
2026-03-05 22:13:00+00:00,1.8405570401114346e-08,1.0122093954123557e-06
2026-03-05 22:14:00+00:00,2.7283036274639016e-08,1.0999465303029865e-06
2026-03-05 22:15:00+00:00,2.869412618622391e-08,1.1667589205899276e-06
2026-03-05 22:16:00+00:00,2.6553355070291218e-08,1.1683849834298599e-06
2026-03-05 22:17:00+00:00,2.5581458729107e-08,1.1511873481140356e-06
2026-03-05 22:18:00+00:00,2.4164000578252853e-08,1.126156689679192e-06
2026-03-05 22:19:00+00:00,2.3397408455139157e-08,1.109497588913655e-06
2026-03-05 22:20:00+00:00,2.287351286156536e-08,1.0920116437773686e-06
2026-03-05 22:21:00+00:00,2.337367988047845e-08,1.0866863249248127e-06
2026-03-05 22:22:00+00:00,2.3422256134608688e-08,1.0902265330514638e-06
2026-03-05 22:23:00+00:00,2.5185466157040537e-08,1.107057073568285e-06
2026-03-05 22:24:00+00:00,2.627852069281289e-08,1.1236036243644776e-06
2026-03-05 22:25:00+00:00,2.811257360235686e-08,1.1631492498054286e-06
2026-03-05 22:26:00+00:00,3.742561816011403e-08,1.2368119541861233e-06
2026-03-05 22:27:00+00:00,4.4138971588836284e-08,1.3140133887645788e-06
2026-03-05 22:28:00+00:00,5.307411399257944e-08,1.3854843246008386e-06
2026-03-05 22:29:00+00:00,6.067775615292703e-08,1.4537108654621989e-06
2026-03-05 22:30:00+00:00,7.154377357210251e-08,1.5350842659245245e-06
2026-03-05 22:31:00+00:00,8.052755617882212e-08,1.613653353160771e-06
2026-03-05 22:32:00+00:00,8.521037386799435e-08,1.6721216979931341e-06
2026-03-05 22:33:00+00:00,8.92393714480022e-08,1.7280037809541682e-06
2026-03-05 22:34:00+00:00,8.984510202481033e-08,1.771493202795682e-06
2026-03-05 22:35:00+00:00,9.20597074127727e-08,1.809500872695935e-06
2026-03-05 22:36:00+00:00,9.295948899534778e-08,1.8449986782798078e-06
2026-03-05 22:37:00+00:00,9.390456767732758e-08,1.883548179648642e-06
2026-03-05 22:38:00+00:00,9.391810351644381e-08,1.9104929833702045e-06
2026-03-05 22:39:00+00:00,9.604653428141319e-08,1.9265014543634607e-06
2026-03-05 22:40:00+00:00,9.52535046394587e-08,1.9476572106214007e-06
2026-03-05 22:41:00+00:00,9.472288553524777e-08,1.9649253317766124e-06
2026-03-05 22:42:00+00:00,9.230927844328107e-08,1.972791778825922e-06
2026-03-05 22:43:00+00:00,8.804038031939854e-08,1.967263415281195e-06
2026-03-05 22:44:00+00:00,8.47237160428449e-08,1.9589065232139546e-06
2026-03-05 22:45:00+00:00,8.251819139104555e-08,1.9517067357810447e-06
2026-03-05 22:46:00+00:00,8.000356643833584e-08,1.940624770213617e-06
2026-03-05 22:47:00+00:00,7.563645709751654e-08,1.9309920844534645e-06
2026-03-05 22:48:00+00:00,7.24859035017289e-08,1.921041985042393e-06
2026-03-05 22:49:00+00:00,7.188397432855709e-08,1.9070645294050337e-06
2026-03-05 22:50:00+00:00,6.955620079907021e-08,1.8840340771930641e-06
2026-03-05 22:51:00+00:00,6.302736466068382e-08,1.8714669067776413e-06
2026-03-05 22:52:00+00:00,6.691848142281742e-08,1.8859262809201027e-06
2026-03-05 22:53:00+00:00,6.232124150074014e-08,1.8560867829364724e-06
2026-03-05 22:54:00+00:00,5.555785875799302e-08,1.7935550431502634e-06
2026-03-05 22:55:00+00:00,5.320979568068651e-08,1.7494097619419335e-06
2026-03-05 22:56:00+00:00,4.875029802065001e-08,1.7119090216510813e-06
2026-03-05 22:57:00+00:00,4.6659870633902756e-08,1.6785540992714232e-06
2026-03-05 22:58:00+00:00,4.327351277311209e-08,1.6451992905786028e-06
2026-03-05 22:59:00+00:00,4.230909667057858e-08,1.6171301240319735e-06
2026-03-05 23:00:00+00:00,3.9046422983801676e-08,1.5910292177068186e-06
2026-03-05 23:01:00+00:00,3.7500587524164075e-08,1.5662544683436863e-06
2026-03-05 23:02:00+00:00,3.75638471439288e-08,1.5408967328767176e-06
2026-03-05 23:03:00+00:00,3.428618811085471e-08,1.5157182815528358e-06
2026-03-05 23:04:00+00:00,3.2347717393577113e-08,1.4915243582436233e-06
2026-03-05 23:05:00+00:00,3.125597558550908e-08,1.4687248039990664e-06
2026-03-05 23:06:00+00:00,2.9286180591725497e-08,1.4461770661000628e-06
2026-03-05 23:07:00+00:00,2.7986951423031314e-08,1.4182072618496022e-06
2026-03-05 23:08:00+00:00,2.701832535478843e-08,1.395751723975991e-06
2026-03-05 23:09:00+00:00,2.510285490586739e-08,1.3764351933787111e-06
2026-03-05 23:10:00+00:00,2.4003888654533512e-08,1.3504825346899452e-06
2026-03-05 23:11:00+00:00,2.208554761296e-08,1.3253971928861574e-06
2026-03-05 23:12:00+00:00,2.1884330791976936e-08,1.303452563661267e-06
2026-03-05 23:13:00+00:00,2.224465944777876e-08,1.2862915355071891e-06
2026-03-05 23:14:00+00:00,2.1807851524613397e-08,1.2793439054803457e-06
2026-03-05 23:15:00+00:00,2.1496777691254465e-08,1.2665792610278004e-06
2026-03-05 23:16:00+00:00,1.9722163457913666e-08,1.2427916544766049e-06
2026-03-05 23:17:00+00:00,1.8331379081359955e-08,1.2310239299040404e-06
2026-03-05 23:18:00+00:00,1.9730569178477708e-08,1.234183741871675e-06
2026-03-05 23:19:00+00:00,2.1568578034703023e-08,1.2196015859444742e-06
2026-03-05 23:20:00+00:00,1.8182243266551268e-08,1.1979600458289497e-06
2026-03-05 23:21:00+00:00,1.7601845314629827e-08,1.1774517361118342e-06
2026-03-05 23:22:00+00:00,1.6676969138984532e-08,1.1544959761522477e-06
2026-03-05 23:23:00+00:00,1.6069073183189175e-08,1.1406485782572418e-06
2026-03-05 23:24:00+00:00,1.5310817502722784e-08,1.128098119806964e-06
2026-03-05 23:25:00+00:00,1.4719542917873696e-08,1.1162213695570244e-06
2026-03-05 23:26:00+00:00,1.66758180597526e-08,1.1036437399525312e-06
2026-03-05 23:27:00+00:00,1.5595990277006422e-08,1.1006370641553076e-06
2026-03-05 23:28:00+00:00,1.6098752553261875e-08,1.1047976613554056e-06
2026-03-05 23:29:00+00:00,1.4939795178747772e-08,1.097355948331824e-06
2026-03-05 23:30:00+00:00,1.5547051646080945e-08,1.0874242661884637e-06
2026-03-05 23:31:00+00:00,1.6422749382627444e-08,1.1040074241464026e-06
2026-03-05 23:32:00+00:00,1.4786761148855021e-08,1.0851680372070405e-06
2026-03-05 23:33:00+00:00,1.04886757057443e-08,1.0556599363553687e-06
2026-03-05 23:34:00+00:00,9.556266888921527e-09,1.0362010698372615e-06
2026-03-05 23:35:00+00:00,1.119889070366753e-08,1.0194742117164424e-06
2026-03-05 23:36:00+00:00,1.0164196595496833e-08,1.0089644320032676e-06
2026-03-05 23:37:00+00:00,9.281335699995452e-09,1.004903310786176e-06
2026-03-05 23:38:00+00:00,8.816992469462548e-09,9.907703315548133e-07
2026-03-05 23:39:00+00:00,1.1619970763376841e-08,9.809970151763991e-07
2026-03-05 23:40:00+00:00,9.566846870256995e-09,9.653392680775141e-07
2026-03-05 23:41:00+00:00,7.54873052954963e-09,9.521851893623534e-07
2026-03-05 23:42:00+00:00,5.889302823192111e-09,9.401377383255749e-07
2026-03-05 23:43:00+00:00,7.399281187758788e-09,9.276805599256477e-07
2026-03-05 23:44:00+00:00,5.465373931201611e-09,9.152780648946646e-07
2026-03-05 23:45:00+00:00,5.860319340911246e-09,9.053375720213808e-07
2026-03-05 23:46:00+00:00,5.769777988717806e-09,9.002422416415357e-07
2026-03-05 23:47:00+00:00,6.6886927108100735e-09,8.905313961804495e-07
2026-03-05 23:48:00+00:00,3.5363449946146375e-09,8.817897310109402e-07
2026-03-05 23:49:00+00:00,5.155367244213949e-09,8.722886377654504e-07
2026-03-05 23:50:00+00:00,4.523302621350922e-09,8.62646515997767e-07
2026-03-05 23:51:00+00:00,6.378384043159713e-09,8.511341320627253e-07
2026-03-05 23:52:00+00:00,4.5776062940205975e-09,8.524292525180499e-07
2026-03-05 23:53:00+00:00,4.3721115616790485e-09,8.582096597820055e-07
2026-03-05 23:54:00+00:00,3.2001123972946743e-09,8.44179908199294e-07
2026-03-05 23:55:00+00:00,5.623355114892092e-09,8.402475373259222e-07
2026-03-05 23:56:00+00:00,6.240556960079857e-09,8.392044605898263e-07
2026-03-05 23:57:00+00:00,5.818333814744392e-09,8.485096714139218e-07
2026-03-05 23:58:00+00:00,6.691385667778604e-09,8.575186143389146e-07
2026-03-05 23:59:00+00:00,6.260501450583433e-09,8.627858392173948e-07
2026-03-06 00:00:00+00:00,8.38213232157159e-09,8.65597883148439e-07
2026-03-06 00:01:00+00:00,8.774082793649995e-09,8.651729217490356e-07
2026-03-06 00:02:00+00:00,7.764966447609822e-09,8.759456022744416e-07
2026-03-06 00:03:00+00:00,8.351996427791164e-09,8.710858310223557e-07
2026-03-06 00:04:00+00:00,1.156236528743193e-08,8.856533781909093e-07
2026-03-06 00:05:00+00:00,1.529536852729052e-08,9.201602324537816e-07
2026-03-06 00:06:00+00:00,1.2679525873693365e-08,9.203992021866725e-07
2026-03-06 00:07:00+00:00,1.0068277767061318e-08,8.858077649165352e-07
2026-03-06 00:08:00+00:00,7.819567215960888e-09,8.575366905461124e-07
2026-03-06 00:09:00+00:00,7.593205175737694e-09,8.369250963369268e-07
2026-03-06 00:10:00+00:00,5.488823617838534e-09,8.225017040786042e-07
2026-03-06 00:11:00+00:00,6.3093681390569145e-09,8.118378218568978e-07
2026-03-06 00:12:00+00:00,4.376306872444502e-09,8.04083811090095e-07
2026-03-06 00:13:00+00:00,5.961671600829277e-09,7.97902146132401e-07
2026-03-06 00:14:00+00:00,4.560542166132109e-09,7.909080181889294e-07
2026-03-06 00:15:00+00:00,4.624529204022565e-09,7.911202146715368e-07
2026-03-06 00:16:00+00:00,4.985172274984961e-09,7.855409194235108e-07
2026-03-06 00:17:00+00:00,3.9824112896269526e-09,7.830478807591135e-07
2026-03-06 00:18:00+00:00,5.28938581823013e-09,7.829553965166269e-07
2026-03-06 00:19:00+00:00,4.961170585460195e-09,7.801450578881486e-07
2026-03-06 00:20:00+00:00,5.918066481314099e-09,7.842442641958769e-07
2026-03-06 00:21:00+00:00,6.6675927001824675e-09,7.816381639713654e-07
2026-03-06 00:22:00+00:00,4.010493270811821e-09,7.749986252747476e-07
2026-03-06 00:23:00+00:00,3.7213883086195665e-09,7.762857308080129e-07
2026-03-06 00:24:00+00:00,3.8942613578285545e-09,7.745824177618488e-07
2026-03-06 00:25:00+00:00,4.968478517497488e-09,7.747576091787778e-07
2026-03-06 00:26:00+00:00,6.04305405715877e-09,7.732533617854642e-07
2026-03-06 00:27:00+00:00,6.024195364773277e-09,7.75010732922965e-07
2026-03-06 00:28:00+00:00,6.083392012357081e-09,7.755524507047085e-07
2026-03-06 00:29:00+00:00,5.141013392773175e-09,7.805796826687583e-07
2026-03-06 00:30:00+00:00,5.432555738593692e-09,7.828109005458828e-07
2026-03-06 00:31:00+00:00,6.454366818786639e-09,7.765440273033164e-07
2026-03-06 00:32:00+00:00,6.906293315012135e-09,7.727486490693991e-07
2026-03-06 00:33:00+00:00,6.907665994759782e-09,7.634999406036513e-07
2026-03-06 00:34:00+00:00,7.058775786106253e-09,7.579858447570587e-07
2026-03-06 00:35:00+00:00,8.228721704028885e-09,7.584076797684247e-07
2026-03-06 00:36:00+00:00,5.721837226246862e-09,7.554013450317143e-07
2026-03-06 00:37:00+00:00,5.2984803211586495e-09,7.467416480722022e-07
2026-03-06 00:38:00+00:00,4.022293609295957e-09,7.418158247674e-07
2026-03-06 00:39:00+00:00,4.202042713785659e-09,7.337916372307518e-07
2026-03-06 00:40:00+00:00,5.663157942592534e-09,7.311192007364298e-07
2026-03-06 00:41:00+00:00,5.6104796364309095e-09,7.290656185432454e-07
2026-03-06 00:42:00+00:00,4.971721256907813e-09,7.30330953047087e-07
2026-03-06 00:43:00+00:00,4.6303534340097485e-09,7.296736725947994e-07
2026-03-06 00:44:00+00:00,4.529067343383986e-09,7.291588417501771e-07
2026-03-06 00:45:00+00:00,5.261355795482814e-09,7.305219469344593e-07
2026-03-06 00:46:00+00:00,6.710902500373095e-09,7.513826290050929e-07
2026-03-06 00:47:00+00:00,8.434774656507216e-09,7.848411200939154e-07
2026-03-06 00:48:00+00:00,7.808135471520927e-09,7.780678856761369e-07
2026-03-06 00:49:00+00:00,8.312937893606431e-09,7.638661259079527e-07
2026-03-06 00:50:00+00:00,7.563977888480622e-09,7.498755962842552e-07
2026-03-06 00:51:00+00:00,7.062530116286325e-09,7.485812716367946e-07
2026-03-06 00:52:00+00:00,5.8753681919654355e-09,7.493032398997457e-07
2026-03-06 00:53:00+00:00,4.5340642351732185e-09,7.421109557981254e-07
2026-03-06 00:54:00+00:00,7.184667527582178e-09,7.332031373152859e-07
2026-03-06 00:55:00+00:00,6.9626087118024316e-09,7.270868422892818e-07
2026-03-06 00:56:00+00:00,5.206340247809749e-09,7.265796284627868e-07
2026-03-06 00:57:00+00:00,5.871419350711449e-09,7.334027145589062e-07
2026-03-06 00:58:00+00:00,4.1892391777764715e-09,7.344974051193276e-07
2026-03-06 00:59:00+00:00,4.925758023688331e-09,7.398580237349961e-07
2026-03-06 01:00:00+00:00,4.8452193368575536e-09,7.366622298832226e-07
2026-03-06 01:01:00+00:00,6.434544452815771e-09,7.372365757873922e-07
2026-03-06 01:02:00+00:00,5.9283702391610404e-09,7.369471859419718e-07
2026-03-06 01:03:00+00:00,3.991973862582654e-09,7.407491011690581e-07
2026-03-06 01:04:00+00:00,3.5220424354776014e-09,7.344876848947024e-07
2026-03-06 01:05:00+00:00,4.651886431616958e-09,7.274468885043461e-07
2026-03-06 01:06:00+00:00,4.717733759207476e-09,7.262009944497549e-07
2026-03-06 01:07:00+00:00,5.109184186835591e-09,7.302882636395225e-07
2026-03-06 01:08:00+00:00,4.8778403538563e-09,7.253395892803383e-07
2026-03-06 01:09:00+00:00,4.679444831623414e-09,7.232733878481667e-07
2026-03-06 01:10:00+00:00,5.971922956149456e-09,7.171303764152981e-07
2026-03-06 01:11:00+00:00,4.439689949009562e-09,7.134174779821478e-07
2026-03-06 01:12:00+00:00,2.2736270643974876e-09,7.071539585012943e-07
2026-03-06 01:13:00+00:00,2.9554407809939676e-09,7.055936066535651e-07
2026-03-06 01:14:00+00:00,3.7310554645841876e-09,7.014178322606313e-07
2026-03-06 01:15:00+00:00,2.5891213617512676e-09,7.015198661974864e-07
2026-03-06 01:16:00+00:00,2.251661301855279e-09,6.977752491366118e-07
2026-03-06 01:17:00+00:00,2.515284425186337e-09,6.967844115024491e-07
2026-03-06 01:18:00+00:00,1.3930332443123916e-09,6.945283530512825e-07
2026-03-06 01:19:00+00:00,3.2657512250011678e-09,6.89832972966542e-07
2026-03-06 01:20:00+00:00,2.916701768995722e-09,6.827604579484614e-07
2026-03-06 01:21:00+00:00,1.1871069682811708e-09,6.881844001327408e-07
2026-03-06 01:22:00+00:00,3.4338147880674796e-09,6.878710223645612e-07
2026-03-06 01:23:00+00:00,2.429830336936334e-09,6.867193746984412e-07
2026-03-06 01:24:00+00:00,4.148110299695418e-09,6.89358842009824e-07
2026-03-06 01:25:00+00:00,3.702197215460501e-09,6.867557544865122e-07
2026-03-06 01:26:00+00:00,7.89147502899823e-09,7.002421398283332e-07
2026-03-06 01:27:00+00:00,5.497001520637923e-09,7.141503601815202e-07
2026-03-06 01:28:00+00:00,6.681671216313134e-09,7.163232567108935e-07
2026-03-06 01:29:00+00:00,6.633835258895715e-09,7.310650289582554e-07
2026-03-06 01:30:00+00:00,6.651893258435848e-09,7.33419540210889e-07
2026-03-06 01:31:00+00:00,3.202408338509599e-09,7.159067081374815e-07
2026-03-06 01:32:00+00:00,5.037943839880654e-09,7.035660019028001e-07
2026-03-06 01:33:00+00:00,3.4129257198145524e-09,7.009314799688582e-07
2026-03-06 01:34:00+00:00,5.023506499668429e-09,6.882665388729947e-07
2026-03-06 01:35:00+00:00,3.5435072653910993e-09,6.83840369219979e-07
2026-03-06 01:36:00+00:00,3.004049675681131e-09,6.796926186325436e-07
2026-03-06 01:37:00+00:00,5.8520646106785534e-09,7.050018098198052e-07
2026-03-06 01:38:00+00:00,3.1881464135352644e-09,6.914882533237687e-07
2026-03-06 01:39:00+00:00,3.3714664393613702e-09,6.855401011307549e-07
2026-03-06 01:40:00+00:00,4.4690078304654435e-09,6.823983653703181e-07
2026-03-06 01:41:00+00:00,4.139931952806819e-09,6.92002686264459e-07
2026-03-06 01:42:00+00:00,7.670798218839536e-09,7.286269578798965e-07
2026-03-06 01:43:00+00:00,1.8202134910438872e-08,8.298227385239443e-07
2026-03-06 01:44:00+00:00,1.2194132814613567e-08,8.224724865613098e-07
2026-03-06 01:45:00+00:00,7.00179914048249e-09,7.507183568122855e-07
2026-03-06 01:46:00+00:00,4.743233805726277e-09,6.999522952355619e-07
2026-03-06 01:47:00+00:00,3.3770957141854296e-09,6.844667836958251e-07
2026-03-06 01:48:00+00:00,2.9541555868206615e-09,6.860099119876395e-07
2026-03-06 01:49:00+00:00,2.8806628193933648e-09,6.950482429601834e-07
2026-03-06 01:50:00+00:00,2.318944591905847e-09,6.797910145905917e-07
2026-03-06 01:51:00+00:00,2.749654726130757e-09,6.814132120780414e-07
2026-03-06 01:52:00+00:00,2.2534685228947637e-09,6.77066964271944e-07
2026-03-06 01:53:00+00:00,2.625047290649718e-09,6.666043645964237e-07
2026-03-06 01:54:00+00:00,5.304962247265621e-09,6.633841849179589e-07
2026-03-06 01:55:00+00:00,1.848074249188869e-09,6.589845042981324e-07
2026-03-06 01:56:00+00:00,1.4070328235860075e-09,6.596200705644151e-07
2026-03-06 01:57:00+00:00,1.6984315065471378e-09,6.681226523141959e-07
2026-03-06 01:58:00+00:00,2.442026358906446e-09,6.720105147905997e-07
2026-03-06 01:59:00+00:00,1.7549600661581621e-09,6.711504170198168e-07
2026-03-06 02:00:00+00:00,2.094079576409058e-09,6.719478733430151e-07
2026-03-06 02:01:00+00:00,2.965083290007442e-09,6.760224664503767e-07
2026-03-06 02:02:00+00:00,3.2877842670586688e-09,6.710487241434748e-07
2026-03-06 02:03:00+00:00,3.486690935972092e-09,6.632299118791707e-07
2026-03-06 02:04:00+00:00,1.052609444052166e-09,6.560719612025423e-07
2026-03-06 02:05:00+00:00,2.143018651423745e-09,6.613184950765572e-07
2026-03-06 02:06:00+00:00,1.847691111223071e-09,6.661693987553008e-07
2026-03-06 02:07:00+00:00,9.999999717180685e-10,6.670774155281833e-07
2026-03-06 02:08:00+00:00,3.2977094388542127e-09,6.670621814919286e-07
2026-03-06 02:09:00+00:00,1.078199862725171e-09,6.662489226982871e-07
2026-03-06 02:10:00+00:00,9.999999717180685e-10,6.616887731070165e-07
2026-03-06 02:11:00+00:00,9.999999717180685e-10,6.556123821610527e-07
2026-03-06 02:12:00+00:00,9.999999717180685e-10,6.525976914417697e-07
2026-03-06 02:13:00+00:00,9.999999717180685e-10,6.485143444479036e-07
2026-03-06 02:14:00+00:00,9.999999717180685e-10,6.470756375165365e-07
2026-03-06 02:15:00+00:00,1.895269940987987e-09,6.464917419179983e-07
2026-03-06 02:16:00+00:00,1.7981729438787397e-09,6.405658155017591e-07
2026-03-06 02:17:00+00:00,9.999999717180685e-10,6.424049274755816e-07
2026-03-06 02:18:00+00:00,2.3380917202331375e-09,6.464125590355252e-07
2026-03-06 02:19:00+00:00,3.070500520507835e-09,6.494809667856316e-07
2026-03-06 02:20:00+00:00,2.535114118629167e-09,6.548432338604471e-07
2026-03-06 02:21:00+00:00,2.392164466513691e-09,6.591336614292231e-07
2026-03-06 02:22:00+00:00,2.156328671176766e-09,6.538335810546414e-07
2026-03-06 02:23:00+00:00,2.7212097020168358e-09,6.591438932446181e-07
2026-03-06 02:24:00+00:00,2.5424693461673087e-09,6.567395871570625e-07
2026-03-06 02:25:00+00:00,2.299997969856804e-09,6.580081617357791e-07
2026-03-06 02:26:00+00:00,1.0223225599403918e-09,6.478795739894849e-07
2026-03-06 02:27:00+00:00,1.7529988571851618e-09,6.440621405090496e-07
2026-03-06 02:28:00+00:00,9.999999717180685e-10,6.45192415049678e-07
2026-03-06 02:29:00+00:00,1.0774654501943814e-09,6.434728447857196e-07
2026-03-06 02:30:00+00:00,9.999999717180685e-10,6.401558039215161e-07
2026-03-06 02:31:00+00:00,9.999999717180685e-10,6.393031526386039e-07
2026-03-06 02:32:00+00:00,1.384983350227742e-09,6.524511491079465e-07
2026-03-06 02:33:00+00:00,2.8912381377921292e-09,6.561718350894807e-07
2026-03-06 02:34:00+00:00,2.3773205626298477e-09,6.521567001982476e-07
2026-03-06 02:35:00+00:00,2.4614112970056112e-09,6.458658390329219e-07
2026-03-06 02:36:00+00:00,9.999999717180685e-10,6.401318159987568e-07
2026-03-06 02:37:00+00:00,2.263123022316904e-09,6.363890179272857e-07
2026-03-06 02:38:00+00:00,1.4179686314008677e-09,6.33568618013669e-07
2026-03-06 02:39:00+00:00,9.999999717180685e-10,6.382836090779165e-07
2026-03-06 02:40:00+00:00,2.6938871133808107e-09,6.410623996089271e-07
2026-03-06 02:41:00+00:00,3.5418190602598543e-09,6.449928946494765e-07
2026-03-06 02:42:00+00:00,3.5849332391535427e-09,6.473930511674553e-07
2026-03-06 02:43:00+00:00,3.831676753662805e-09,6.580334570571722e-07
2026-03-06 02:44:00+00:00,3.530576719867895e-09,6.596053481189301e-07
2026-03-06 02:45:00+00:00,2.0809185485859416e-09,6.549814770551166e-07
2026-03-06 02:46:00+00:00,1.913005087672559e-09,6.560576366609894e-07
2026-03-06 02:47:00+00:00,1.6762050636387471e-09,6.539295327456784e-07
2026-03-06 02:48:00+00:00,9.999999717180685e-10,6.549975637426542e-07
2026-03-06 02:49:00+00:00,2.4336193060747746e-09,6.527264986289083e-07
2026-03-06 02:50:00+00:00,1.813933336869411e-09,6.487885571004881e-07
2026-03-06 02:51:00+00:00,1.174895958300226e-09,6.462053079303587e-07
2026-03-06 02:52:00+00:00,1.6315879758366236e-09,6.489411248367105e-07
2026-03-06 02:53:00+00:00,1.7759519410631697e-09,6.471829010479269e-07
2026-03-06 02:54:00+00:00,2.5230171285528513e-09,6.46947626137262e-07
2026-03-06 02:55:00+00:00,2.6608952818918397e-09,6.553103730766452e-07
2026-03-06 02:56:00+00:00,2.880549132555643e-09,6.575086786142492e-07
2026-03-06 02:57:00+00:00,3.315441476914316e-09,6.530710834340425e-07
2026-03-06 02:58:00+00:00,9.999999717180685e-10,6.467498110396264e-07
2026-03-06 02:59:00+00:00,1.3745129479048046e-09,6.487060204563022e-07
2026-03-06 03:00:00+00:00,3.020626193617204e-09,6.681124773422198e-07
2026-03-06 03:01:00+00:00,5.315486273360648e-09,6.856999448245915e-07
2026-03-06 03:02:00+00:00,4.723541113804686e-09,6.786982567064115e-07
2026-03-06 03:03:00+00:00,3.5114589014284547e-09,6.72295868753281e-07
2026-03-06 03:04:00+00:00,9.999999717180685e-10,6.700875587739574e-07
2026-03-06 03:05:00+00:00,1.6806664948632033e-09,6.66553603423381e-07
2026-03-06 03:06:00+00:00,1.9933870110122598e-09,6.626389108532749e-07
2026-03-06 03:07:00+00:00,1.5949330745002044e-09,6.623106969527726e-07
2026-03-06 03:08:00+00:00,2.0240782383496025e-09,6.637101819251257e-07
2026-03-06 03:09:00+00:00,1.6118060219838526e-09,6.696951118101424e-07
2026-03-06 03:10:00+00:00,2.5537520986773643e-09,6.753619459232141e-07
2026-03-06 03:11:00+00:00,4.529145058995709e-09,6.741776132912491e-07
2026-03-06 03:12:00+00:00,9.999999717180685e-10,6.68831944494741e-07
2026-03-06 03:13:00+00:00,1.2521563785838907e-09,6.651046078332001e-07
2026-03-06 03:14:00+00:00,1.4090889566276132e-09,6.651462172158062e-07
2026-03-06 03:15:00+00:00,1.4948440263395923e-09,6.711877631460084e-07
2026-03-06 03:16:00+00:00,2.151230971136897e-09,6.719236012031615e-07
2026-03-06 03:17:00+00:00,4.1967176400703465e-09,6.999019319664512e-07
2026-03-06 03:18:00+00:00,3.138660886747857e-09,6.935344458725012e-07
2026-03-06 03:19:00+00:00,9.999999717180685e-10,6.714079745506751e-07
2026-03-06 03:20:00+00:00,1.8816319613534915e-09,6.671501751043252e-07
2026-03-06 03:21:00+00:00,3.311634966252086e-09,6.723099659211584e-07
2026-03-06 03:22:00+00:00,2.0922958920976953e-09,6.725927050865721e-07
2026-03-06 03:23:00+00:00,1.283850359357075e-08,7.622404609719524e-07
2026-03-06 03:24:00+00:00,1.129005600120081e-08,7.782131206113263e-07
2026-03-06 03:25:00+00:00,4.037925549482679e-09,7.146553571146796e-07
2026-03-06 03:26:00+00:00,2.4692867750530922e-09,6.781872912142717e-07
2026-03-06 03:27:00+00:00,2.443061086765397e-09,6.825495688644878e-07
2026-03-06 03:28:00+00:00,2.166257173641384e-09,6.919560178175743e-07
2026-03-06 03:29:00+00:00,2.45718001501416e-09,6.804280587857647e-07
2026-03-06 03:30:00+00:00,2.2580781688930074e-09,6.631501037190901e-07
2026-03-06 03:31:00+00:00,2.4542252674564224e-09,6.522458875224402e-07
2026-03-06 03:32:00+00:00,2.0386741184097446e-09,6.492957709269831e-07
2026-03-06 03:33:00+00:00,9.999999717180685e-10,6.45303487090132e-07
2026-03-06 03:34:00+00:00,3.322786712445236e-09,6.435991508624284e-07
2026-03-06 03:35:00+00:00,9.999999717180685e-10,6.440000106522348e-07
2026-03-06 03:36:00+00:00,9.999999717180685e-10,6.48859668217483e-07
2026-03-06 03:37:00+00:00,9.999999717180685e-10,6.521804607473314e-07
2026-03-06 03:38:00+00:00,9.999999717180685e-10,6.540946628774691e-07
2026-03-06 03:39:00+00:00,9.999999717180685e-10,6.497085109913314e-07
2026-03-06 03:40:00+00:00,9.999999717180685e-10,6.522425906041462e-07
2026-03-06 03:41:00+00:00,9.999999717180685e-10,6.529110692099493e-07
2026-03-06 03:42:00+00:00,9.999999717180685e-10,6.46055298147985e-07
2026-03-06 03:43:00+00:00,1.3063817805303302e-09,6.504340035462519e-07
2026-03-06 03:44:00+00:00,9.999999717180685e-10,6.495117190752353e-07
2026-03-06 03:45:00+00:00,9.999999717180685e-10,6.444740847655339e-07
2026-03-06 03:46:00+00:00,9.999999717180685e-10,6.404314376595721e-07
2026-03-06 03:47:00+00:00,9.999999717180685e-10,6.418068210223282e-07
2026-03-06 03:48:00+00:00,9.999999717180685e-10,6.464113084803103e-07
2026-03-06 03:49:00+00:00,9.999999717180685e-10,6.601139261874778e-07
2026-03-06 03:50:00+00:00,1.934258975211378e-09,6.601747486456588e-07
2026-03-06 03:51:00+00:00,1.836918617215133e-09,6.545764108523144e-07
2026-03-06 03:52:00+00:00,1.2559618900453984e-09,6.507406169475871e-07
2026-03-06 03:53:00+00:00,1.3984763347352214e-09,6.537595709232846e-07
2026-03-06 03:54:00+00:00,1.6417018855463539e-09,6.488058374998218e-07
2026-03-06 03:55:00+00:00,1.4235634893111637e-09,6.455233574342856e-07
2026-03-06 03:56:00+00:00,1.6214467546404876e-09,6.457564722950337e-07
2026-03-06 03:57:00+00:00,1.9869492717816684e-09,6.449162697208521e-07
2026-03-06 03:58:00+00:00,9.999999717180685e-10,6.462138912866067e-07
2026-03-06 03:59:00+00:00,9.999999717180685e-10,6.446801990023232e-07
2026-03-06 04:00:00+00:00,1.5739189951347043e-09,6.480578917944513e-07
2026-03-06 04:01:00+00:00,9.999999717180685e-10,6.536619139296818e-07
2026-03-06 04:02:00+00:00,9.999999717180685e-10,6.557008305208001e-07
2026-03-06 04:03:00+00:00,9.999999717180685e-10,6.604982445423957e-07
2026-03-06 04:04:00+00:00,1.8817503111279166e-09,6.68319842134224e-07
2026-03-06 04:05:00+00:00,1.4228982436748083e-09,6.763899591533118e-07
2026-03-06 04:06:00+00:00,3.83891807231862e-09,6.868012860650197e-07
2026-03-06 04:07:00+00:00,2.287994016469952e-09,6.970107619963528e-07
2026-03-06 04:08:00+00:00,2.074546312513803e-09,7.030182587186573e-07
2026-03-06 04:09:00+00:00,9.999999717180685e-10,7.112719231372466e-07
2026-03-06 04:10:00+00:00,2.8185533906821547e-09,7.234320378302073e-07
2026-03-06 04:11:00+00:00,3.763982014959311e-09,7.313919923035428e-07
2026-03-06 04:12:00+00:00,3.3385589848222708e-09,7.315661036955134e-07
2026-03-06 04:13:00+00:00,2.6813715692242113e-09,7.445368055414292e-07
2026-03-06 04:14:00+00:00,2.2356752005237013e-09,7.353522164521564e-07
2026-03-06 04:15:00+00:00,2.213879968238075e-09,7.284266985152499e-07
2026-03-06 04:16:00+00:00,2.9137505741516634e-09,7.29328746729152e-07
2026-03-06 04:17:00+00:00,3.2804636784788954e-09,7.282487786142156e-07
2026-03-06 04:18:00+00:00,2.8545728003592785e-09,7.28528334548173e-07
2026-03-06 04:19:00+00:00,2.047374048075312e-09,7.240028025989886e-07
2026-03-06 04:20:00+00:00,1.5789104468311166e-09,7.20465664016956e-07
2026-03-06 04:21:00+00:00,2.0247483689672663e-09,7.173908898039372e-07
2026-03-06 04:22:00+00:00,3.360876021929471e-09,7.182699732766196e-07
2026-03-06 04:23:00+00:00,2.696501022469988e-09,7.212286163849058e-07
2026-03-06 04:24:00+00:00,1.7355771264604414e-09,7.209781074379862e-07
2026-03-06 04:25:00+00:00,2.6052837664991557e-09,7.191157465058495e-07
2026-03-06 04:26:00+00:00,2.0595163352510326e-09,7.175518135227321e-07
2026-03-06 04:27:00+00:00,2.593618653179419e-09,7.158653829719697e-07
2026-03-06 04:28:00+00:00,3.1540703382404445e-09,7.157661912060576e-07
2026-03-06 04:29:00+00:00,2.16197393321238e-09,7.144039386730583e-07
2026-03-06 04:30:00+00:00,1.8288113246001103e-09,7.174584197855438e-07
2026-03-06 04:31:00+00:00,2.6714934708849114e-09,7.302949143195292e-07
2026-03-06 04:32:00+00:00,1.2915660763113124e-09,7.208103056655091e-07
2026-03-06 04:33:00+00:00,2.5663933200803513e-09,7.16976046533091e-07
2026-03-06 04:34:00+00:00,2.881755056804991e-09,7.219582585094031e-07
2026-03-06 04:35:00+00:00,2.9455331507222127e-09,7.259049539243279e-07
2026-03-06 04:36:00+00:00,3.791019054233402e-09,7.302810445253272e-07
2026-03-06 04:37:00+00:00,4.436827794052078e-09,7.264150099217659e-07
2026-03-06 04:38:00+00:00,4.6568917611011784e-09,7.231253675854532e-07
2026-03-06 04:39:00+00:00,5.9697882193177065e-09,7.216642075036361e-07
2026-03-06 04:40:00+00:00,5.400611957639967e-09,7.222847671073396e-07
2026-03-06 04:41:00+00:00,4.880427617592886e-09,7.252594969031634e-07
2026-03-06 04:42:00+00:00,3.185386621140651e-09,7.26642042536696e-07
2026-03-06 04:43:00+00:00,4.033164024974667e-09,7.29443911495764e-07
2026-03-06 04:44:00+00:00,3.3944296262689022e-09,7.335465852520429e-07
2026-03-06 04:45:00+00:00,3.441775531243252e-09,7.405291739814857e-07
2026-03-06 04:46:00+00:00,4.551498289373512e-09,7.500824494854896e-07
2026-03-06 04:47:00+00:00,4.535922304427231e-09,7.543836204604304e-07
2026-03-06 04:48:00+00:00,5.045710960160932e-09,7.589018196085817e-07
2026-03-06 04:49:00+00:00,5.4771649438123404e-09,7.580007377328002e-07
2026-03-06 04:50:00+00:00,5.232528188514607e-09,7.574025744361279e-07
2026-03-06 04:51:00+00:00,5.354392484946402e-09,7.577127121294325e-07
2026-03-06 04:52:00+00:00,4.661866448429919e-09,7.655813760720775e-07
2026-03-06 04:53:00+00:00,4.815181586792505e-09,7.685068794671679e-07
2026-03-06 04:54:00+00:00,4.7032027161719725e-09,7.68211577906186e-07
2026-03-06 04:55:00+00:00,3.520512770194273e-09,7.684068918933917e-07
2026-03-06 04:56:00+00:00,5.1712074622400905e-09,7.685492278142192e-07
2026-03-06 04:57:00+00:00,3.852005381332901e-09,7.684765250814962e-07
2026-03-06 04:58:00+00:00,3.7736409552735495e-09,7.614459605065349e-07
2026-03-06 04:59:00+00:00,3.198999287690185e-09,7.542838602603297e-07
2026-03-06 05:00:00+00:00,2.7050062190170365e-09,7.488332585126045e-07
2026-03-06 05:01:00+00:00,2.800414122816619e-09,7.502665653191798e-07
2026-03-06 05:02:00+00:00,3.0462175004686287e-09,7.557128469670715e-07
2026-03-06 05:03:00+00:00,2.826339162709246e-09,7.628358957845194e-07
2026-03-06 05:04:00+00:00,6.161927412762225e-09,8.09354389730288e-07
2026-03-06 05:05:00+00:00,5.5164979251287605e-09,8.079406939032197e-07
2026-03-06 05:06:00+00:00,3.3120333142733216e-09,7.826913588360185e-07
2026-03-06 05:07:00+00:00,1.885377187704762e-09,7.682771183681325e-07
2026-03-06 05:08:00+00:00,3.5226619399253423e-09,7.603860012750374e-07
2026-03-06 05:09:00+00:00,2.834122492245683e-09,7.546547635683964e-07
2026-03-06 05:10:00+00:00,9.999999717180685e-10,7.52638356971147e-07
2026-03-06 05:11:00+00:00,1.4816998739064502e-09,7.489899758184038e-07
2026-03-06 05:12:00+00:00,1.7451124989520395e-09,7.43082637200132e-07
2026-03-06 05:13:00+00:00,1.4486836175109374e-09,7.394978069896752e-07
2026-03-06 05:14:00+00:00,1.507586944171635e-09,7.368386150119477e-07
2026-03-06 05:15:00+00:00,2.6734003899520076e-09,7.3624920560178e-07
2026-03-06 05:16:00+00:00,1.677798677768294e-09,7.328400783990219e-07
2026-03-06 05:17:00+00:00,9.999999717180685e-10,7.275056645994482e-07
2026-03-06 05:18:00+00:00,1.1412328859705667e-09,7.225186777759518e-07
2026-03-06 05:19:00+00:00,1.4017846883263019e-09,7.178701935117715e-07
2026-03-06 05:20:00+00:00,9.999999717180685e-10,7.126105288079998e-07
2026-03-06 05:21:00+00:00,1.0245467807479258e-09,7.112740263437445e-07
2026-03-06 05:22:00+00:00,1.379499625642211e-09,7.089271321092383e-07
2026-03-06 05:23:00+00:00,1.8412316116211969e-09,7.0513829086849e-07
2026-03-06 05:24:00+00:00,1.650926173546452e-09,7.04837702869554e-07
2026-03-06 05:25:00+00:00,2.245539088008286e-09,7.07909578068211e-07
2026-03-06 05:26:00+00:00,2.2347295125513256e-09,7.099964705048478e-07
2026-03-06 05:27:00+00:00,1.7604179225472194e-09,7.159823098845663e-07
2026-03-06 05:28:00+00:00,2.4015720523351547e-09,7.199682272585051e-07
2026-03-06 05:29:00+00:00,3.0143580964647754e-09,7.249775535456138e-07
2026-03-06 05:30:00+00:00,1.4584579099974349e-09,7.380476176876982e-07
2026-03-06 05:31:00+00:00,5.11694731031298e-09,7.77048114741774e-07
2026-03-06 05:32:00+00:00,7.831965298521482e-09,8.085906415544741e-07
2026-03-06 05:33:00+00:00,9.417015611745683e-09,8.302518494929245e-07
2026-03-06 05:34:00+00:00,7.928700362924701e-09,8.235944619627844e-07
2026-03-06 05:35:00+00:00,7.424615589002315e-09,8.048355653045292e-07
2026-03-06 05:36:00+00:00,4.52055415323116e-09,7.823904297765694e-07
2026-03-06 05:37:00+00:00,2.3158417405966247e-09,7.659290872652491e-07
2026-03-06 05:38:00+00:00,2.1514818815404624e-09,7.547209293079504e-07
2026-03-06 05:39:00+00:00,1.301742491577329e-09,7.625666853527946e-07
2026-03-06 05:40:00+00:00,6.849494749161522e-09,8.104959761112696e-07
2026-03-06 05:41:00+00:00,4.700108302557737e-09,8.16533315628476e-07
2026-03-06 05:42:00+00:00,2.65676192157116e-09,7.899723755144805e-07
2026-03-06 05:43:00+00:00,9.999999717180685e-10,7.655723379684787e-07
2026-03-06 05:44:00+00:00,9.999999717180685e-10,7.471708158846013e-07
2026-03-06 05:45:00+00:00,9.999999717180685e-10,7.383598585875006e-07
2026-03-06 05:46:00+00:00,1.0760002888687836e-09,7.281735747710627e-07
2026-03-06 05:47:00+00:00,9.999999717180685e-10,7.224636533464945e-07
2026-03-06 05:48:00+00:00,2.5269681902528873e-09,7.165984357015986e-07
2026-03-06 05:49:00+00:00,2.081790517749482e-09,7.105435884113831e-07
2026-03-06 05:50:00+00:00,1.5491158356084611e-09,7.074766017467482e-07
2026-03-06 05:51:00+00:00,1.6884296183405922e-09,7.02647980688198e-07
2026-03-06 05:52:00+00:00,1.424797613225337e-09,6.969052037675283e-07
2026-03-06 05:53:00+00:00,1.0086754764770944e-09,6.928389666427393e-07
2026-03-06 05:54:00+00:00,9.999999717180685e-10,6.866608828204335e-07
2026-03-06 05:55:00+00:00,9.999999717180685e-10,6.85187217186467e-07
2026-03-06 05:56:00+00:00,9.999999717180685e-10,6.780629178138042e-07
2026-03-06 05:57:00+00:00,9.999999717180685e-10,6.73751742397144e-07
2026-03-06 05:58:00+00:00,9.999999717180685e-10,6.701980623802228e-07
2026-03-06 05:59:00+00:00,9.999999717180685e-10,6.726432957293582e-07
2026-03-06 06:00:00+00:00,9.999999717180685e-10,6.730253403475217e-07
2026-03-06 06:01:00+00:00,9.999999717180685e-10,6.753623438271461e-07
2026-03-06 06:02:00+00:00,9.999999717180685e-10,6.774251914976048e-07
2026-03-06 06:03:00+00:00,9.999999717180685e-10,6.747638394699607e-07
2026-03-06 06:04:00+00:00,9.999999717180685e-10,6.703598387503007e-07
2026-03-06 06:05:00+00:00,9.999999717180685e-10,6.67227027406625e-07
2026-03-06 06:06:00+00:00,9.999999717180685e-10,6.66493576773064e-07
2026-03-06 06:07:00+00:00,1.6636422239812987e-09,6.695923389088421e-07
2026-03-06 06:08:00+00:00,9.999999717180685e-10,6.662582450189802e-07
2026-03-06 06:09:00+00:00,9.999999717180685e-10,6.637359888372885e-07
2026-03-06 06:10:00+00:00,9.999999717180685e-10,6.588762175852025e-07
2026-03-06 06:11:00+00:00,9.999999717180685e-10,6.581792604265502e-07
2026-03-06 06:12:00+00:00,9.999999717180685e-10,6.670459811175533e-07
2026-03-06 06:13:00+00:00,9.999999717180685e-10,6.67503911699896e-07
2026-03-06 06:14:00+00:00,9.999999717180685e-10,6.601903237424267e-07
2026-03-06 06:15:00+00:00,9.999999717180685e-10,6.598833124371595e-07
2026-03-06 06:16:00+00:00,9.999999717180685e-10,6.563577130691556e-07
2026-03-06 06:17:00+00:00,9.999999717180685e-10,6.582301352864306e-07
2026-03-06 06:18:00+00:00,9.999999717180685e-10,6.563290071426309e-07
2026-03-06 06:19:00+00:00,9.999999717180685e-10,6.565531975866179e-07
2026-03-06 06:20:00+00:00,9.999999717180685e-10,6.59814077152987e-07
2026-03-06 06:21:00+00:00,9.999999717180685e-10,6.658333404629957e-07
2026-03-06 06:22:00+00:00,9.999999717180685e-10,6.683474111923715e-07
2026-03-06 06:23:00+00:00,9.999999717180685e-10,6.733545205861446e-07
2026-03-06 06:24:00+00:00,9.999999717180685e-10,6.755233243893599e-07
2026-03-06 06:25:00+00:00,9.999999717180685e-10,6.762653583791689e-07
2026-03-06 06:26:00+00:00,1.0222999113906894e-09,6.80852679124655e-07
2026-03-06 06:27:00+00:00,9.999999717180685e-10,6.801395215916273e-07
2026-03-06 06:28:00+00:00,1.1487495399364889e-09,6.794552973587997e-07
2026-03-06 06:29:00+00:00,9.999999717180685e-10,6.747836209797242e-07
2026-03-06 06:30:00+00:00,9.999999717180685e-10,6.762014095329505e-07
2026-03-06 06:31:00+00:00,9.999999717180685e-10,6.672668177998275e-07
2026-03-06 06:32:00+00:00,9.999999717180685e-10,6.605578164453618e-07
2026-03-06 06:33:00+00:00,9.999999717180685e-10,6.562257794939796e-07
2026-03-06 06:34:00+00:00,9.999999717180685e-10,6.539045784847985e-07
2026-03-06 06:35:00+00:00,9.999999717180685e-10,6.515505788229348e-07
2026-03-06 06:36:00+00:00,9.999999717180685e-10,6.508024625873077e-07
2026-03-06 06:37:00+00:00,9.999999717180685e-10,6.463305908255279e-07
2026-03-06 06:38:00+00:00,9.999999717180685e-10,6.473961207120738e-07
2026-03-06 06:39:00+00:00,9.999999717180685e-10,6.4566734181426e-07
2026-03-06 06:40:00+00:00,9.999999717180685e-10,6.460172699007671e-07
2026-03-06 06:41:00+00:00,9.999999717180685e-10,6.434646593334037e-07
2026-03-06 06:42:00+00:00,9.999999717180685e-10,6.444416840167833e-07
2026-03-06 06:43:00+00:00,9.999999717180685e-10,6.439689173021179e-07
2026-03-06 06:44:00+00:00,9.999999717180685e-10,6.501339839815046e-07
2026-03-06 06:45:00+00:00,9.999999717180685e-10,6.442172093557019e-07
2026-03-06 06:46:00+00:00,9.999999717180685e-10,6.443900701924576e-07
2026-03-06 06:47:00+00:00,9.999999717180685e-10,6.4280419564966e-07
2026-03-06 06:48:00+00:00,9.999999717180685e-10,6.46669093384844e-07
2026-03-06 06:49:00+00:00,9.999999717180685e-10,6.534306180583371e-07
2026-03-06 06:50:00+00:00,9.999999717180685e-10,6.572867050635978e-07
2026-03-06 06:51:00+00:00,9.999999717180685e-10,6.611938943024143e-07
2026-03-06 06:52:00+00:00,9.999999717180685e-10,6.650693080700876e-07
2026-03-06 06:53:00+00:00,9.999999717180685e-10,6.696149057461298e-07
2026-03-06 06:54:00+00:00,9.999999717180685e-10,6.713117386425438e-07
2026-03-06 06:55:00+00:00,9.999999717180685e-10,6.709575472996221e-07
2026-03-06 06:56:00+00:00,9.999999717180685e-10,6.72034900617291e-07
2026-03-06 06:57:00+00:00,9.999999717180685e-10,6.728052994731115e-07
2026-03-06 06:58:00+00:00,9.999999717180685e-10,6.761172244296176e-07
2026-03-06 06:59:00+00:00,9.999999717180685e-10,6.795450531171809e-07
2026-03-06 07:00:00+00:00,9.999999717180685e-10,6.777920589229325e-07
2026-03-06 07:01:00+00:00,9.999999717180685e-10,6.826253411418293e-07
2026-03-06 07:02:00+00:00,9.999999717180685e-10,6.828838081673894e-07
2026-03-06 07:03:00+00:00,9.999999717180685e-10,6.838536705799925e-07
2026-03-06 07:04:00+00:00,9.999999717180685e-10,6.868813784421945e-07
2026-03-06 07:05:00+00:00,1.5088936766716188e-09,6.939881131984293e-07
2026-03-06 07:06:00+00:00,1.2422619599661289e-09,6.962750944694562e-07
2026-03-06 07:07:00+00:00,2.7154254400585387e-09,7.065260660965578e-07
2026-03-06 07:08:00+00:00,2.8517614936163227e-09,7.192473390205123e-07
2026-03-06 07:09:00+00:00,9.999999717180685e-10,7.139264539546275e-07
2026-03-06 07:10:00+00:00,9.999999717180685e-10,7.051821739878505e-07
2026-03-06 07:11:00+00:00,9.999999717180685e-10,6.960569294278685e-07
2026-03-06 07:12:00+00:00,9.999999717180685e-10,6.841893878117844e-07
2026-03-06 07:13:00+00:00,9.999999717180685e-10,6.743449603163754e-07
2026-03-06 07:14:00+00:00,9.999999717180685e-10,6.612881406908855e-07
2026-03-06 07:15:00+00:00,9.999999717180685e-10,6.572026904905215e-07
2026-03-06 07:16:00+00:00,9.999999717180685e-10,6.551551336997363e-07
2026-03-06 07:17:00+00:00,9.999999717180685e-10,6.74677949064062e-07
2026-03-06 07:18:00+00:00,9.999999717180685e-10,6.94851564730925e-07
2026-03-06 07:19:00+00:00,9.999999717180685e-10,6.900842777213256e-07
2026-03-06 07:20:00+00:00,9.999999717180685e-10,6.770800951017009e-07
2026-03-06 07:21:00+00:00,9.999999717180685e-10,6.685883136015036e-07
2026-03-06 07:22:00+00:00,9.999999717180685e-10,6.697877097394667e-07
2026-03-06 07:23:00+00:00,9.999999717180685e-10,6.625602964049904e-07
2026-03-06 07:24:00+00:00,9.999999717180685e-10,6.558741461049067e-07
2026-03-06 07:25:00+00:00,2.3514199476437625e-09,6.848722478025593e-07
2026-03-06 07:26:00+00:00,1.7519132811116833e-08,8.099765977931384e-07
2026-03-06 07:27:00+00:00,5.622922927273066e-08,1.0806296586451936e-06
2026-03-06 07:28:00+00:00,7.011398395206925e-08,1.2548513268484385e-06
2026-03-06 07:29:00+00:00,5.45538441087956e-08,1.2320475661908858e-06
2026-03-06 07:30:00+00:00,4.02624138473584e-08,1.1556975323401275e-06
2026-03-06 07:31:00+00:00,2.992307557292406e-08,1.0793605724757072e-06
2026-03-06 07:32:00+00:00,1.8828883341370783e-08,9.778548246686114e-07
2026-03-06 07:33:00+00:00,9.913271092898412e-09,8.805982929516176e-07
2026-03-06 07:34:00+00:00,5.415612402970282e-09,8.096578199001669e-07
2026-03-06 07:35:00+00:00,2.3143666982861077e-09,7.596804039167182e-07
2026-03-06 07:36:00+00:00,1.7951450326236795e-09,7.210080639197258e-07
2026-03-06 07:37:00+00:00,9.999999717180685e-10,6.972866799515032e-07
2026-03-06 07:38:00+00:00,9.999999717180685e-10,6.822183422627859e-07
2026-03-06 07:39:00+00:00,9.999999717180685e-10,6.694641569993109e-07
2026-03-06 07:40:00+00:00,9.999999717180685e-10,6.554611218234641e-07
2026-03-06 07:41:00+00:00,9.999999717180685e-10,6.453146284002287e-07
2026-03-06 07:42:00+00:00,9.999999717180685e-10,6.348193437588634e-07
2026-03-06 07:43:00+00:00,9.999999717180685e-10,6.28619886811066e-07
2026-03-06 07:44:00+00:00,9.999999717180685e-10,6.197251423145644e-07
2026-03-06 07:45:00+00:00,9.999999717180685e-10,6.160263410492917e-07
2026-03-06 07:46:00+00:00,9.999999717180685e-10,6.097121740822331e-07
2026-03-06 07:47:00+00:00,9.999999717180685e-10,6.066437094887078e-07
2026-03-06 07:48:00+00:00,9.999999717180685e-10,6.050075285202183e-07
2026-03-06 07:49:00+00:00,9.999999717180685e-10,6.050420893188857e-07
2026-03-06 07:50:00+00:00,9.999999717180685e-10,6.046072940080194e-07
2026-03-06 07:51:00+00:00,9.999999717180685e-10,6.055354333511787e-07
2026-03-06 07:52:00+00:00,9.999999717180685e-10,6.054536925148568e-07
2026-03-06 07:53:00+00:00,9.999999717180685e-10,6.083364496589638e-07
2026-03-06 07:54:00+00:00,9.999999717180685e-10,6.106019441176613e-07
2026-03-06 07:55:00+00:00,9.999999717180685e-10,6.107906642682792e-07
2026-03-06 07:56:00+00:00,9.999999717180685e-10,6.081322680984158e-07
2026-03-06 07:57:00+00:00,9.999999717180685e-10,6.080008461140096e-07
2026-03-06 07:58:00+00:00,9.999999717180685e-10,6.081290848669596e-07
2026-03-06 07:59:00+00:00,9.999999717180685e-10,6.088330906095507e-07
2026-03-06 08:00:00+00:00,9.999999717180685e-10,6.097774303270853e-07
2026-03-06 08:01:00+00:00,9.999999717180685e-10,6.114761958997406e-07
2026-03-06 08:02:00+00:00,9.999999717180685e-10,6.145981501504139e-07
2026-03-06 08:03:00+00:00,9.999999717180685e-10,6.141295898487442e-07
2026-03-06 08:04:00+00:00,9.999999717180685e-10,6.127708047642955e-07
2026-03-06 08:05:00+00:00,9.999999717180685e-10,6.110587946750456e-07
2026-03-06 08:06:00+00:00,9.999999717180685e-10,6.075427450014104e-07
2026-03-06 08:07:00+00:00,9.999999717180685e-10,6.045447662472725e-07
2026-03-06 08:08:00+00:00,9.999999717180685e-10,6.040697826392716e-07
2026-03-06 08:09:00+00:00,9.999999717180685e-10,6.038533797436685e-07
2026-03-06 08:10:00+00:00,9.999999717180685e-10,6.0334434692777e-07
2026-03-06 08:11:00+00:00,9.999999717180685e-10,6.069647042750148e-07
2026-03-06 08:12:00+00:00,9.999999717180685e-10,6.119433919593575e-07
2026-03-06 08:13:00+00:00,9.999999717180685e-10,6.13542852079263e-07
2026-03-06 08:14:00+00:00,9.999999717180685e-10,6.146190116851358e-07
2026-03-06 08:15:00+00:00,9.999999717180685e-10,6.160346401884453e-07
2026-03-06 08:16:00+00:00,9.999999717180685e-10,6.138160983937269e-07
2026-03-06 08:17:00+00:00,9.999999717180685e-10,6.179675438033883e-07
2026-03-06 08:18:00+00:00,9.999999717180685e-10,6.2121631572154e-07
2026-03-06 08:19:00+00:00,9.999999717180685e-10,6.210912033566274e-07
2026-03-06 08:20:00+00:00,9.999999717180685e-10,6.207324645401968e-07
2026-03-06 08:21:00+00:00,9.999999717180685e-10,6.148911211312225e-07
2026-03-06 08:22:00+00:00,9.999999717180685e-10,6.168804134176753e-07
2026-03-06 08:23:00+00:00,9.999999717180685e-10,6.147723752292222e-07
2026-03-06 08:24:00+00:00,9.999999717180685e-10,6.102262659624103e-07
2026-03-06 08:25:00+00:00,9.999999717180685e-10,6.06156845606165e-07
2026-03-06 08:26:00+00:00,9.999999717180685e-10,6.02131024152186e-07
2026-03-06 08:27:00+00:00,9.999999717180685e-10,5.968062168903998e-07
2026-03-06 08:28:00+00:00,9.999999717180685e-10,5.922775585531781e-07
2026-03-06 08:29:00+00:00,9.999999717180685e-10,5.925241453041963e-07
2026-03-06 08:30:00+00:00,9.999999717180685e-10,5.8886394072033e-07
2026-03-06 08:31:00+00:00,9.999999717180685e-10,5.872593646927271e-07
2026-03-06 08:32:00+00:00,9.999999717180685e-10,5.841214942847728e-07
2026-03-06 08:33:00+00:00,9.999999717180685e-10,5.8280681969336e-07
2026-03-06 08:34:00+00:00,9.999999717180685e-10,5.781682261840615e-07
2026-03-06 08:35:00+00:00,9.999999717180685e-10,5.772407121185097e-07
2026-03-06 08:36:00+00:00,9.999999717180685e-10,5.754735639129649e-07
2026-03-06 08:37:00+00:00,9.999999717180685e-10,5.753466325586487e-07
2026-03-06 08:38:00+00:00,9.999999717180685e-10,5.758543579759134e-07
2026-03-06 08:39:00+00:00,9.999999717180685e-10,5.753264531449531e-07
2026-03-06 08:40:00+00:00,9.999999717180685e-10,5.752322067564819e-07
2026-03-06 08:41:00+00:00,9.999999717180685e-10,5.766493131886818e-07
2026-03-06 08:42:00+00:00,9.999999717180685e-10,5.752685865445528e-07
2026-03-06 08:43:00+00:00,9.999999717180685e-10,5.757170811193646e-07
2026-03-06 08:44:00+00:00,9.999999717180685e-10,5.746484816882003e-07
2026-03-06 08:45:00+00:00,9.999999717180685e-10,5.781888035016891e-07
2026-03-06 08:46:00+00:00,9.999999717180685e-10,5.79639845454949e-07
2026-03-06 08:47:00+00:00,9.999999717180685e-10,5.833702516611083e-07
2026-03-06 08:48:00+00:00,9.999999717180685e-10,5.932622570981039e-07
2026-03-06 08:49:00+00:00,9.999999717180685e-10,6.169154289636936e-07
2026-03-06 08:50:00+00:00,9.999999717180685e-10,5.594275194198417e-07
2026-03-06 08:51:00+00:00,9.999999717180685e-10,2.0953335422291275e-07
2026-03-06 08:52:00+00:00,9.999999717180685e-10,2.7757888432233813e-08
2026-03-06 08:53:00+00:00,9.999999717180685e-10,8.40979375027473e-09
2026-03-06 08:54:00+00:00,0.0,0.0
2026-03-06 08:55:00+00:00,0.0,0.0
2026-03-06 08:56:00+00:00,0.0,0.0
2026-03-06 08:57:00+00:00,0.0,0.0
2026-03-06 08:58:00+00:00,0.0,0.0
2026-03-06 08:59:00+00:00,0.0,0.0
2026-03-06 09:00:00+00:00,0.0,0.0
2026-03-06 09:01:00+00:00,0.0,0.0
2026-03-06 09:02:00+00:00,0.0,0.0
2026-03-06 09:03:00+00:00,0.0,0.0
2026-03-06 09:04:00+00:00,0.0,0.0
2026-03-06 09:05:00+00:00,0.0,0.0
2026-03-06 09:06:00+00:00,0.0,0.0
2026-03-06 09:07:00+00:00,0.0,0.0
2026-03-06 09:08:00+00:00,0.0,0.0
2026-03-06 09:09:00+00:00,0.0,0.0
2026-03-06 09:10:00+00:00,0.0,0.0
2026-03-06 09:11:00+00:00,0.0,0.0
2026-03-06 09:12:00+00:00,0.0,0.0
2026-03-06 09:13:00+00:00,0.0,0.0
2026-03-06 09:14:00+00:00,0.0,0.0
2026-03-06 09:15:00+00:00,0.0,0.0
2026-03-06 09:16:00+00:00,0.0,0.0
2026-03-06 09:17:00+00:00,0.0,0.0
2026-03-06 09:18:00+00:00,0.0,0.0
2026-03-06 09:19:00+00:00,0.0,0.0
2026-03-06 09:20:00+00:00,0.0,0.0
2026-03-06 09:21:00+00:00,0.0,0.0
2026-03-06 09:22:00+00:00,0.0,0.0
2026-03-06 09:23:00+00:00,0.0,0.0
2026-03-06 09:24:00+00:00,0.0,0.0
2026-03-06 09:25:00+00:00,0.0,0.0
2026-03-06 09:26:00+00:00,0.0,0.0
2026-03-06 09:27:00+00:00,0.0,0.0
2026-03-06 09:28:00+00:00,0.0,0.0
2026-03-06 09:29:00+00:00,0.0,0.0
2026-03-06 09:30:00+00:00,0.0,0.0
2026-03-06 09:31:00+00:00,0.0,0.0
2026-03-06 09:32:00+00:00,0.0,0.0
2026-03-06 09:33:00+00:00,0.0,0.0
2026-03-06 09:34:00+00:00,0.0,0.0
2026-03-06 09:35:00+00:00,0.0,0.0
2026-03-06 09:36:00+00:00,0.0,0.0
2026-03-06 09:37:00+00:00,0.0,0.0
2026-03-06 09:38:00+00:00,0.0,0.0
2026-03-06 09:39:00+00:00,0.0,0.0
2026-03-06 09:40:00+00:00,0.0,0.0
2026-03-06 09:41:00+00:00,0.0,0.0
2026-03-06 09:42:00+00:00,0.0,0.0
2026-03-06 09:43:00+00:00,0.0,0.0
2026-03-06 09:44:00+00:00,9.999999717180685e-10,7.329581386272821e-09
2026-03-06 09:45:00+00:00,9.999999717180685e-10,3.1758194296571673e-08
2026-03-06 09:46:00+00:00,9.999999717180685e-10,2.2358966589308693e-07
2026-03-06 09:47:00+00:00,4.4908543550548075e-09,6.572305437657633e-07
2026-03-06 09:48:00+00:00,4.3373939995206e-09,7.656629463781428e-07
2026-03-06 09:49:00+00:00,4.290082955549224e-09,7.786893547745422e-07
2026-03-06 09:50:00+00:00,4.33979430169984e-09,7.738565841464151e-07
2026-03-06 09:51:00+00:00,2.578540270192775e-09,7.664834811293986e-07
2026-03-06 09:52:00+00:00,2.949148925068812e-09,7.600082767567073e-07
2026-03-06 09:53:00+00:00,3.146044758040034e-09,7.569651074845751e-07
2026-03-06 09:54:00+00:00,3.5453933122653325e-09,7.53085544147325e-07
2026-03-06 09:55:00+00:00,3.6153720017750857e-09,7.585035746160429e-07
2026-03-06 09:56:00+00:00,3.760352917936416e-09,7.60324894599762e-07
2026-03-06 09:57:00+00:00,2.6146464993104246e-09,7.499064622606966e-07
2026-03-06 09:58:00+00:00,1.6030839988800949e-09,7.483478725589521e-07
2026-03-06 09:59:00+00:00,2.9840967474825675e-09,7.487020639018738e-07
2026-03-06 10:00:00+00:00,3.391625424953304e-09,7.462997473339783e-07
2026-03-06 10:01:00+00:00,2.190656100964361e-09,7.416769562951231e-07
2026-03-06 10:02:00+00:00,9.999999717180685e-10,7.388969720523164e-07
2026-03-06 10:03:00+00:00,1.4694154781835778e-09,7.330369271585369e-07
2026-03-06 10:04:00+00:00,1.8143141433668575e-09,7.303733013941383e-07
2026-03-06 10:05:00+00:00,9.999999717180685e-10,7.259573067130987e-07
2026-03-06 10:06:00+00:00,1.917666692108355e-09,7.246526934068243e-07
2026-03-06 10:07:00+00:00,1.7593549950234433e-09,7.205579208857671e-07
2026-03-06 10:08:00+00:00,1.2396631499100863e-09,7.179220347097726e-07
2026-03-06 10:09:00+00:00,1.7560718434950218e-09,7.139575473047444e-07
2026-03-06 10:10:00+00:00,1.530018445272674e-09,7.108002932909585e-07
2026-03-06 10:11:00+00:00,1.9076071833268315e-09,7.074772838677745e-07
2026-03-06 10:12:00+00:00,2.334740401011004e-09,7.053174613247393e-07
2026-03-06 10:13:00+00:00,1.1127271326571986e-09,7.024556794021919e-07
2026-03-06 10:14:00+00:00,9.999999717180685e-10,6.997156560828444e-07
2026-03-06 10:15:00+00:00,1.3180134761370255e-09,6.981650813031592e-07
2026-03-06 10:16:00+00:00,9.999999717180685e-10,6.96164534019772e-07
2026-03-06 10:17:00+00:00,1.353759881972394e-09,6.969090691200108e-07
2026-03-06 10:18:00+00:00,1.5855952106846871e-09,6.945122663637449e-07
2026-03-06 10:19:00+00:00,1.182968500934578e-09,6.883502692289767e-07
2026-03-06 10:20:00+00:00,9.999999717180685e-10,6.874536779832852e-07
2026-03-06 10:21:00+00:00,9.999999717180685e-10,6.824900538049405e-07
2026-03-06 10:22:00+00:00,9.999999717180685e-10,6.790144198021153e-07
2026-03-06 10:23:00+00:00,9.999999717180685e-10,6.761598569937632e-07
2026-03-06 10:24:00+00:00,9.999999717180685e-10,6.769309379706101e-07
2026-03-06 10:25:00+00:00,9.999999717180685e-10,6.775143219783786e-07
2026-03-06 10:26:00+00:00,9.999999717180685e-10,6.783666890441964e-07
2026-03-06 10:27:00+00:00,9.999999717180685e-10,6.792401450184116e-07
2026-03-06 10:28:00+00:00,9.999999717180685e-10,6.87055148773652e-07
2026-03-06 10:29:00+00:00,1.82564319217704e-09,7.00868270087085e-07
2026-03-06 10:30:00+00:00,1.57598323280439e-09,7.065428349051217e-07
2026-03-06 10:31:00+00:00,1.5114205442756656e-09,7.022280783530732e-07
2026-03-06 10:32:00+00:00,3.142772930786464e-09,6.989118901401525e-07
2026-03-06 10:33:00+00:00,3.3734242066429942e-09,6.971640686970204e-07
2026-03-06 10:34:00+00:00,3.212884847059172e-09,6.963056762288033e-07
2026-03-06 10:35:00+00:00,2.148835553938966e-09,6.931360871931247e-07
2026-03-06 10:36:00+00:00,2.2276682720701046e-09,6.889742394378118e-07
2026-03-06 10:37:00+00:00,9.999999717180685e-10,6.860205985503853e-07
2026-03-06 10:38:00+00:00,9.999999717180685e-10,6.838841386525019e-07
2026-03-06 10:39:00+00:00,9.999999717180685e-10,6.783519665987114e-07
2026-03-06 10:40:00+00:00,9.999999717180685e-10,6.761149506928632e-07
2026-03-06 10:41:00+00:00,9.999999717180685e-10,6.732276460752473e-07
2026-03-06 10:42:00+00:00,9.999999717180685e-10,6.748113605681283e-07
2026-03-06 10:43:00+00:00,9.999999717180685e-10,6.718256031490455e-07
2026-03-06 10:44:00+00:00,9.999999717180685e-10,6.700673793602618e-07
2026-03-06 10:45:00+00:00,9.999999717180685e-10,6.698367087665247e-07
2026-03-06 10:46:00+00:00,9.999999717180685e-10,6.682955131509516e-07
2026-03-06 10:47:00+00:00,9.999999717180685e-10,6.640759124820761e-07
2026-03-06 10:48:00+00:00,9.999999717180685e-10,6.639644993811089e-07
2026-03-06 10:49:00+00:00,9.999999717180685e-10,6.630796747231216e-07
2026-03-06 10:50:00+00:00,9.999999717180685e-10,6.638279046455864e-07
2026-03-06 10:51:00+00:00,9.999999717180685e-10,6.596515049750451e-07
2026-03-06 10:52:00+00:00,9.999999717180685e-10,6.591008627765405e-07
2026-03-06 10:53:00+00:00,1.2913644598100404e-09,6.598254458367592e-07
2026-03-06 10:54:00+00:00,1.819814077208548e-09,6.669645813417446e-07
2026-03-06 10:55:00+00:00,2.31751462465013e-09,6.596084176635486e-07
2026-03-06 10:56:00+00:00,9.999999717180685e-10,6.567084369635268e-07
2026-03-06 10:57:00+00:00,9.999999717180685e-10,6.577020030817948e-07
2026-03-06 10:58:00+00:00,9.999999717180685e-10,6.536018304359459e-07
2026-03-06 10:59:00+00:00,2.3173323260294865e-09,6.538704724334821e-07
2026-03-06 11:00:00+00:00,9.999999717180685e-10,6.524176114908187e-07
2026-03-06 11:01:00+00:00,9.999999717180685e-10,6.507423790935718e-07
2026-03-06 11:02:00+00:00,9.999999717180685e-10,6.508692536044691e-07
2026-03-06 11:03:00+00:00,9.999999717180685e-10,6.505895271402551e-07
2026-03-06 11:04:00+00:00,9.999999717180685e-10,6.479500598288723e-07
2026-03-06 11:05:00+00:00,9.999999717180685e-10,6.457871677412186e-07
2026-03-06 11:06:00+00:00,9.999999717180685e-10,6.476253702203394e-07
2026-03-06 11:07:00+00:00,9.999999717180685e-10,6.502662586171937e-07
2026-03-06 11:08:00+00:00,1.399497628895574e-09,6.504138241325563e-07
2026-03-06 11:09:00+00:00,1.576914376855143e-09,6.487276209554693e-07
2026-03-06 11:10:00+00:00,1.3385582642300164e-09,6.504865837086982e-07
2026-03-06 11:11:00+00:00,2.2852439940379554e-09,6.496145488199545e-07
2026-03-06 11:12:00+00:00,2.244499919257237e-09,6.524178388644941e-07
2026-03-06 11:13:00+00:00,9.999999717180685e-10,6.484602295131481e-07
2026-03-06 11:14:00+00:00,9.999999717180685e-10,6.447367582040897e-07
2026-03-06 11:15:00+00:00,9.999999717180685e-10,6.417158715521509e-07
2026-03-06 11:16:00+00:00,9.999999717180685e-10,6.409371735571767e-07
2026-03-06 11:17:00+00:00,1.2748211375424034e-09,6.360156135087891e-07
2026-03-06 11:18:00+00:00,2.104863838781057e-09,6.367423566189245e-07
2026-03-06 11:19:00+00:00,9.999999717180685e-10,6.397507945621328e-07
2026-03-06 11:20:00+00:00,1.2826922857200884e-09,6.40172174826148e-07
2026-03-06 11:21:00+00:00,2.4672159870675614e-09,6.427252969842812e-07
2026-03-06 11:22:00+00:00,2.107322316646787e-09,6.459833343797072e-07
2026-03-06 11:23:00+00:00,2.350677874574103e-09,6.448904059652705e-07
2026-03-06 11:24:00+00:00,2.0686856672114118e-09,6.43174587366957e-07
2026-03-06 11:25:00+00:00,1.3872220039345962e-09,6.455171046582109e-07
2026-03-06 11:26:00+00:00,2.75361466961499e-09,6.494219064734352e-07
2026-03-06 11:27:00+00:00,3.5592842007048375e-09,6.492930424428778e-07
2026-03-06 11:28:00+00:00,4.474293824330289e-09,6.474699034697551e-07
2026-03-06 11:29:00+00:00,2.106507857035922e-09,6.469524009844463e-07
2026-03-06 11:30:00+00:00,2.766071371951284e-09,6.46354237687774e-07
2026-03-06 11:31:00+00:00,2.9600524253936555e-09,6.426275263038406e-07
2026-03-06 11:32:00+00:00,2.215469807609338e-09,6.435006980609614e-07
2026-03-06 11:33:00+00:00,2.749557248549195e-09,6.436031299017486e-07
2026-03-06 11:34:00+00:00,2.3768711443494794e-09,6.411745516743395e-07
2026-03-06 11:35:00+00:00,2.84242518411304e-09,6.382754804690194e-07
2026-03-06 11:36:00+00:00,2.351128403077496e-09,6.378134003170999e-07
2026-03-06 11:37:00+00:00,1.6537016200857124e-09,6.368700269376859e-07
2026-03-06 11:38:00+00:00,1.938198934681168e-09,6.337417062241002e-07
2026-03-06 11:39:00+00:00,1.8722374761637184e-09,6.337600666483922e-07
2026-03-06 11:40:00+00:00,2.119830089242214e-09,6.325711865429184e-07
2026-03-06 11:41:00+00:00,3.049376751107502e-09,6.369289735630446e-07
2026-03-06 11:42:00+00:00,2.234707974224648e-09,6.369673997141945e-07
2026-03-06 11:43:00+00:00,2.4706543477748255e-09,6.333243049994053e-07
2026-03-06 11:44:00+00:00,9.999999717180685e-10,6.382585979736177e-07
2026-03-06 11:45:00+00:00,1.2976845154000216e-09,6.417114946088986e-07
2026-03-06 11:46:00+00:00,2.114071806502693e-09,6.51883738100878e-07
2026-03-06 11:47:00+00:00,9.999999717180685e-10,6.5343147070962e-07
2026-03-06 11:48:00+00:00,2.7552835568656064e-09,6.565188073182071e-07
2026-03-06 11:49:00+00:00,3.866273523556174e-09,6.616238010792586e-07
2026-03-06 11:50:00+00:00,3.2126408200383594e-09,6.648554062849144e-07
2026-03-06 11:51:00+00:00,3.1704345815342094e-09,6.651627586506947e-07
2026-03-06 11:52:00+00:00,3.1955686985440934e-09,6.695976253467961e-07
2026-03-06 11:53:00+00:00,2.941433541181482e-09,6.73911017656792e-07
2026-03-06 11:54:00+00:00,4.119056651319397e-09,6.73639817705407e-07
2026-03-06 11:55:00+00:00,3.4145579697053563e-09,6.759379402865306e-07
2026-03-06 11:56:00+00:00,1.8740415885787343e-09,6.7698732664212e-07
2026-03-06 11:57:00+00:00,1.2765494217248374e-09,6.802271173000918e-07
2026-03-06 11:58:00+00:00,1.963199824928097e-09,6.820590670031379e-07
2026-03-06 11:59:00+00:00,1.516882508489914e-09,6.849714395684714e-07
2026-03-06 12:00:00+00:00,2.7018587367422242e-09,6.897263347127591e-07
2026-03-06 12:01:00+00:00,3.788645841495963e-09,6.940085768292192e-07
2026-03-06 12:02:00+00:00,3.966744266392652e-09,7.027463198028272e-07
2026-03-06 12:03:00+00:00,3.847365537268388e-09,7.143040647861199e-07
2026-03-06 12:04:00+00:00,3.771762013826674e-09,7.160727477639739e-07
2026-03-06 12:05:00+00:00,3.948041893409027e-09,7.1767766485209e-07
2026-03-06 12:06:00+00:00,3.3980360747420946e-09,7.155019261517737e-07
2026-03-06 12:07:00+00:00,3.0156337427200697e-09,7.10281426563597e-07
2026-03-06 12:08:00+00:00,3.5123806085834985e-09,7.076658903315547e-07
2026-03-06 12:09:00+00:00,3.8184473361013715e-09,7.029526045698731e-07
2026-03-06 12:10:00+00:00,2.6011197640229966e-09,7.093169642757857e-07
2026-03-06 12:11:00+00:00,3.191396702462157e-09,7.1712878479957e-07
2026-03-06 12:12:00+00:00,2.4249362517991813e-09,7.085158699737804e-07
2026-03-06 12:13:00+00:00,2.1097577018736047e-09,6.98375913543714e-07
2026-03-06 12:14:00+00:00,1.6341152875298803e-09,6.893409931763017e-07
2026-03-06 12:15:00+00:00,2.463876214164884e-09,6.86498538016167e-07
2026-03-06 12:16:00+00:00,1.354069523173962e-09,6.815367328272259e-07
2026-03-06 12:17:00+00:00,2.0820349888595047e-09,6.79193419728108e-07
2026-03-06 12:18:00+00:00,1.7671734076074586e-09,6.76967317758681e-07
2026-03-06 12:19:00+00:00,1.0029284069901223e-09,6.747904990334064e-07
2026-03-06 12:20:00+00:00,2.6903719252402425e-09,6.738582669640891e-07
2026-03-06 12:21:00+00:00,2.058473169697095e-09,6.761558211110241e-07
2026-03-06 12:22:00+00:00,1.0150598139802014e-09,6.744893426002818e-07
2026-03-06 12:23:00+00:00,2.9989797312168776e-09,6.743548510712571e-07
2026-03-06 12:24:00+00:00,3.741337906149056e-09,6.760083124390803e-07
2026-03-06 12:25:00+00:00,3.1798168542707117e-09,6.737761282238353e-07
2026-03-06 12:26:00+00:00,1.7417792763652074e-09,6.743658786945161e-07
2026-03-06 12:27:00+00:00,2.5808428727458477e-09,6.734631483595876e-07
2026-03-06 12:28:00+00:00,2.3756083766812708e-09,6.739562650182052e-07
2026-03-06 12:29:00+00:00,3.742484544488889e-09,6.742741902598937e-07
2026-03-06 12:30:00+00:00,2.9336335582996753e-09,6.726953643010347e-07
2026-03-06 12:31:00+00:00,3.7908107763939825e-09,6.761941335753363e-07
2026-03-06 12:32:00+00:00,2.3846993268961114e-09,6.777361818421923e-07
2026-03-06 12:33:00+00:00,2.8065558765888454e-09,6.799713219152181e-07
2026-03-06 12:34:00+00:00,3.308267659818398e-09,6.781148158552242e-07
2026-03-06 12:35:00+00:00,1.8115516864369852e-09,6.798637173233146e-07
2026-03-06 12:36:00+00:00,1.5019555599238288e-09,6.846200903964927e-07
2026-03-06 12:37:00+00:00,3.500348899621031e-09,6.888691359563381e-07
2026-03-06 12:38:00+00:00,3.82067311122114e-09,6.994712293817429e-07
2026-03-06 12:39:00+00:00,5.578393746930033e-09,7.217020083771786e-07
2026-03-06 12:40:00+00:00,6.753259285119384e-09,7.391086001007352e-07
2026-03-06 12:41:00+00:00,7.762361420304842e-09,7.464331588380446e-07
2026-03-06 12:42:00+00:00,1.0586255427824653e-08,7.713597369729541e-07
2026-03-06 12:43:00+00:00,9.59188817262202e-09,7.885541322139034e-07
2026-03-06 12:44:00+00:00,9.827193281353175e-09,7.880937573645497e-07
2026-03-06 12:45:00+00:00,1.0317873666565447e-08,7.802348704899487e-07
2026-03-06 12:46:00+00:00,9.641475173793879e-09,7.908226393738005e-07
2026-03-06 12:47:00+00:00,1.1528704213503715e-08,8.187929552150308e-07
2026-03-06 12:48:00+00:00,1.142185901414905e-08,8.232070172198291e-07
2026-03-06 12:49:00+00:00,1.327229171010913e-08,8.362426910935028e-07
2026-03-06 12:50:00+00:00,1.425689344358716e-08,8.547608558728825e-07
2026-03-06 12:51:00+00:00,1.3319129799072016e-08,8.582291002312559e-07
2026-03-06 12:52:00+00:00,1.2661399040325705e-08,8.533261279808357e-07
2026-03-06 12:53:00+00:00,1.2566475859898674e-08,8.410260079472209e-07
2026-03-06 12:54:00+00:00,1.2263629223241423e-08,8.256986916421738e-07
2026-03-06 12:55:00+00:00,9.536305078938767e-09,8.172628440661356e-07
2026-03-06 12:56:00+00:00,8.742628843094735e-09,8.102697393042035e-07
2026-03-06 12:57:00+00:00,8.109099169928413e-09,8.103302207018714e-07
2026-03-06 12:58:00+00:00,8.579998045377124e-09,8.182525448319211e-07
2026-03-06 12:59:00+00:00,8.610980373191524e-09,8.083529223767982e-07
2026-03-06 13:00:00+00:00,7.663185641604287e-09,7.966559110172966e-07
2026-03-06 13:01:00+00:00,9.81532988220124e-09,7.866756277508102e-07
2026-03-06 13:02:00+00:00,1.1006493494392089e-08,7.858188268983213e-07
2026-03-06 13:03:00+00:00,1.0909147363236116e-08,7.877666234890057e-07
2026-03-06 13:04:00+00:00,1.2733746501680798e-08,7.972141133905097e-07
2026-03-06 13:05:00+00:00,1.4538288795051812e-08,8.093842325251899e-07
2026-03-06 13:06:00+00:00,1.5661166585800856e-08,8.324788609570533e-07
2026-03-06 13:07:00+00:00,1.8827105208174544e-08,8.619335289949959e-07
2026-03-06 13:08:00+00:00,2.2688139367232907e-08,8.946242360252654e-07
2026-03-06 13:09:00+00:00,2.5188407803966584e-08,9.339910320704803e-07
2026-03-06 13:10:00+00:00,2.835372825416016e-08,9.61705950430769e-07
2026-03-06 13:11:00+00:00,2.9720499838958858e-08,9.802610065889894e-07
2026-03-06 13:12:00+00:00,2.9453200767193266e-08,9.975402690542978e-07
2026-03-06 13:13:00+00:00,3.0663290573329505e-08,1.0140643098566215e-06
2026-03-06 13:14:00+00:00,2.6059451485593854e-08,1.0230952511847136e-06
2026-03-06 13:15:00+00:00,2.928643993982405e-08,1.0294684216205496e-06
2026-03-06 13:16:00+00:00,2.8254676820438362e-08,1.0367280083301011e-06
2026-03-06 13:17:00+00:00,2.7199341445793834e-08,1.0440296591696097e-06
2026-03-06 13:18:00+00:00,2.881559169054526e-08,1.0543138841967448e-06
2026-03-06 13:19:00+00:00,2.8573985844104755e-08,1.0613061931508128e-06
2026-03-06 13:20:00+00:00,2.8869131085684785e-08,1.068236770151998e-06
2026-03-06 13:21:00+00:00,2.877774818443868e-08,1.0712806215451565e-06
2026-03-06 13:22:00+00:00,2.795441034209034e-08,1.0739323670350132e-06
2026-03-06 13:23:00+00:00,2.8604585367020263e-08,1.0780621551020886e-06
2026-03-06 13:24:00+00:00,2.8863480494578653e-08,1.0776471981444047e-06
2026-03-06 13:25:00+00:00,2.7851626782648964e-08,1.0748558452178258e-06
2026-03-06 13:26:00+00:00,2.7595337570573975e-08,1.0782315484902938e-06
2026-03-06 13:27:00+00:00,2.6812289277700074e-08,1.0814304687301046e-06
2026-03-06 13:28:00+00:00,2.6132903840903055e-08,1.079260982805863e-06
2026-03-06 13:29:00+00:00,2.6017504595188257e-08,1.0805246120071388e-06
2026-03-06 13:30:00+00:00,2.6754205961765365e-08,1.0776476528917556e-06
2026-03-06 13:31:00+00:00,2.4511537688454155e-08,1.079525191016728e-06
2026-03-06 13:32:00+00:00,2.2733868121349587e-08,1.0812872233145754e-06
2026-03-06 13:33:00+00:00,2.389587727691378e-08,1.083933284462546e-06
2026-03-06 13:34:00+00:00,2.545937149989186e-08,1.0912913239735644e-06
2026-03-06 13:35:00+00:00,2.5359133459801342e-08,1.1027127584384289e-06
2026-03-06 13:36:00+00:00,2.795263398525094e-08,1.116057774197543e-06
2026-03-06 13:37:00+00:00,2.7572850669344007e-08,1.1324631259412854e-06
2026-03-06 13:38:00+00:00,2.9571292969876595e-08,1.1512812534419936e-06
2026-03-06 13:39:00+00:00,3.0395984396136555e-08,1.1695453849824844e-06
2026-03-06 13:40:00+00:00,3.129062164930474e-08,1.186850340673118e-06
2026-03-06 13:41:00+00:00,3.3357366646669107e-08,1.2068178421031917e-06
2026-03-06 13:42:00+00:00,3.462578135327021e-08,1.2204199038023944e-06
2026-03-06 13:43:00+00:00,3.3683296152275943e-08,1.216262376146915e-06
2026-03-06 13:44:00+00:00,3.115085434046705e-08,1.2046568826917792e-06
2026-03-06 13:45:00+00:00,2.951840549769713e-08,1.19370372431149e-06
2026-03-06 13:46:00+00:00,2.8865212442497068e-08,1.1828010428871494e-06
2026-03-06 13:47:00+00:00,2.4597541781190557e-08,1.1692288808262674e-06
2026-03-06 13:48:00+00:00,2.4343105309299062e-08,1.1508250281622168e-06
2026-03-06 13:49:00+00:00,2.1362346558362333e-08,1.1343272490194067e-06
2026-03-06 13:50:00+00:00,2.003728738486643e-08,1.1176999805684318e-06
2026-03-06 13:51:00+00:00,1.9133624462597254e-08,1.098359348361555e-06
2026-03-06 13:52:00+00:00,1.7869107082901792e-08,1.0811181709868833e-06
2026-03-06 13:53:00+00:00,1.5552656051909253e-08,1.0625058166624513e-06
2026-03-06 13:54:00+00:00,1.539251925919416e-08,1.048262788572174e-06
2026-03-06 13:55:00+00:00,1.4502680834027615e-08,1.0345216878704377e-06
2026-03-06 13:56:00+00:00,1.2733170962064833e-08,1.0173988584938343e-06
2026-03-06 13:57:00+00:00,1.2832416018682125e-08,1.0040940878752735e-06
2026-03-06 13:58:00+00:00,1.1123390208922501e-08,9.890651426758268e-07
2026-03-06 13:59:00+00:00,1.0578234288516342e-08,9.744441058501252e-07
2026-03-06 14:00:00+00:00,1.233552548995931e-08,9.573792567607597e-07
2026-03-06 14:01:00+00:00,9.289827573866205e-09,9.420283504368854e-07
2026-03-06 14:02:00+00:00,1.0669159777876303e-08,9.296672374148329e-07
2026-03-06 14:03:00+00:00,8.809394103082013e-09,9.153096129921323e-07
2026-03-06 14:04:00+00:00,7.621536290969289e-09,9.025285976349551e-07
2026-03-06 14:05:00+00:00,6.137643282499994e-09,8.891068432603788e-07
2026-03-06 14:06:00+00:00,6.195806090403266e-09,8.76325259469013e-07
2026-03-06 14:07:00+00:00,6.232800053851406e-09,8.663324138069584e-07
2026-03-06 14:08:00+00:00,7.729471285244927e-09,8.584621014051663e-07
2026-03-06 14:09:00+00:00,4.832708011548448e-09,8.484994964419457e-07
2026-03-06 14:10:00+00:00,5.205289976828453e-09,8.330035825565574e-07
2026-03-06 14:11:00+00:00,5.233324884557078e-09,8.271281330962665e-07
2026-03-06 14:12:00+00:00,5.304483075008193e-09,8.189565505745122e-07
2026-03-06 14:13:00+00:00,5.189531027127714e-09,8.06696618838032e-07
2026-03-06 14:14:00+00:00,4.464882241705936e-09,7.969559874254628e-07
2026-03-06 14:15:00+00:00,6.964778975770969e-09,7.848217933315027e-07
2026-03-06 14:16:00+00:00,4.782750639975575e-09,7.74853504026396e-07
2026-03-06 14:17:00+00:00,4.426645716648636e-09,7.650779707546462e-07
2026-03-06 14:18:00+00:00,4.088091198894972e-09,7.537869350926485e-07
2026-03-06 14:19:00+00:00,5.359501287216517e-09,7.47236697407061e-07
2026-03-06 14:20:00+00:00,3.6658180935233986e-09,7.40406505883584e-07
2026-03-06 14:21:00+00:00,4.7980255324375776e-09,7.337693546105584e-07
2026-03-06 14:22:00+00:00,5.222161369999867e-09,7.252689897541131e-07
2026-03-06 14:23:00+00:00,4.362850969386045e-09,7.207447083601437e-07
2026-03-06 14:24:00+00:00,4.783987428425007e-09,7.180922239058418e-07
2026-03-06 14:25:00+00:00,4.3967509633091595e-09,7.089690257089387e-07
2026-03-06 14:26:00+00:00,1.133261751107284e-08,7.832295523257926e-07
2026-03-06 14:27:00+00:00,8.410775187428499e-09,7.600938829455117e-07
2026-03-06 14:28:00+00:00,5.456217255783713e-09,7.083407922436891e-07
2026-03-06 14:29:00+00:00,3.7246199457996454e-09,6.835522867731925e-07
2026-03-06 14:30:00+00:00,4.484787652359046e-09,6.709015565320442e-07
2026-03-06 14:31:00+00:00,2.59394195012419e-09,6.637524734287581e-07
2026-03-06 14:32:00+00:00,4.039975465275347e-09,6.603391966564232e-07
2026-03-06 14:33:00+00:00,2.4798507691770055e-09,6.554009814863093e-07
2026-03-06 14:34:00+00:00,2.5746615950339446e-09,6.507788725684804e-07
2026-03-06 14:35:00+00:00,2.176495872419082e-09,6.480154297605623e-07
2026-03-06 14:36:00+00:00,2.9789901656585016e-09,6.422213232326612e-07
2026-03-06 14:37:00+00:00,4.2538097488886706e-09,6.360971838148544e-07
2026-03-06 14:38:00+00:00,2.4474251514305934e-09,6.272457540035248e-07
2026-03-06 14:39:00+00:00,2.9647768684526454e-09,6.237960405997001e-07
2026-03-06 14:40:00+00:00,1.8127350731589331e-09,6.17487785348203e-07
2026-03-06 14:41:00+00:00,1.6505746769368557e-09,6.145288011794037e-07
2026-03-06 14:42:00+00:00,9.999999717180685e-10,6.085336963224108e-07
2026-03-06 14:43:00+00:00,1.8558752312713978e-09,6.053713264009275e-07
2026-03-06 14:44:00+00:00,2.1355617274565475e-09,6.02684792738728e-07
2026-03-06 14:45:00+00:00,9.999999717180685e-10,6.014096811668423e-07
2026-03-06 14:46:00+00:00,1.2737666477136145e-09,5.99603538375959e-07
2026-03-06 14:47:00+00:00,1.6296416438521533e-09,5.940072469456936e-07
2026-03-06 14:48:00+00:00,9.999999717180685e-10,5.89181638588343e-07
2026-03-06 14:49:00+00:00,9.999999717180685e-10,5.89447495258355e-07
2026-03-06 14:50:00+00:00,1.016254413954698e-09,5.897450137126725e-07
2026-03-06 14:51:00+00:00,9.999999717180685e-10,5.874425141882966e-07
2026-03-06 14:52:00+00:00,1.3602182713512434e-09,5.900853352613922e-07
2026-03-06 14:53:00+00:00,9.999999717180685e-10,5.914557164032885e-07
2026-03-06 14:54:00+00:00,9.999999717180685e-10,5.925409709561791e-07
2026-03-06 14:55:00+00:00,9.999999717180685e-10,5.978033641440561e-07
2026-03-06 14:56:00+00:00,9.999999717180685e-10,5.969648668724403e-07
2026-03-06 14:57:00+00:00,9.999999717180685e-10,5.957583084637008e-07
2026-03-06 14:58:00+00:00,9.999999717180685e-10,5.921886554460798e-07
2026-03-06 14:59:00+00:00,1.2364027579536696e-09,5.883264293515822e-07
2026-03-06 15:00:00+00:00,1.0202223510447084e-09,5.84297822570079e-07
2026-03-06 15:01:00+00:00,9.999999717180685e-10,5.825701805406425e-07
2026-03-06 15:02:00+00:00,9.999999717180685e-10,5.827139375469415e-07
2026-03-06 15:03:00+00:00,9.999999717180685e-10,5.825065727549372e-07
2026-03-06 15:04:00+00:00,9.999999717180685e-10,5.86122894219443e-07
2026-03-06 15:05:00+00:00,9.999999717180685e-10,5.922344712416816e-07
2026-03-06 15:06:00+00:00,1.8160916104292824e-09,6.193586159497499e-07
2026-03-06 15:07:00+00:00,5.24421794878549e-09,6.633237603637099e-07
2026-03-06 15:08:00+00:00,8.047039479208706e-09,7.022916861387785e-07
2026-03-06 15:09:00+00:00,8.541522156235715e-09,7.028310733403487e-07
2026-03-06 15:10:00+00:00,6.476377656383647e-09,6.977885504966252e-07
2026-03-06 15:11:00+00:00,4.701919742444716e-09,6.735546094205347e-07
2026-03-06 15:12:00+00:00,5.477346132209959e-09,6.575398288077849e-07
2026-03-06 15:13:00+00:00,4.117417073956631e-09,6.38699134469789e-07
2026-03-06 15:14:00+00:00,4.156436528290897e-09,6.304055659711594e-07
2026-03-06 15:15:00+00:00,3.217777599928695e-09,6.281047149059305e-07
2026-03-06 15:16:00+00:00,3.5610294712995483e-09,6.216711767592642e-07
2026-03-06 15:17:00+00:00,3.368025858208057e-09,6.13127099313715e-07
2026-03-06 15:18:00+00:00,4.784209473029932e-09,6.10350923579972e-07
2026-03-06 15:19:00+00:00,1.5652802387577935e-09,6.098592848502449e-07
2026-03-06 15:20:00+00:00,2.188979220107967e-09,6.334954036901763e-07
2026-03-06 15:21:00+00:00,6.155873588653549e-09,6.690559644084715e-07
2026-03-06 15:22:00+00:00,5.378828049629192e-09,6.762096518286853e-07
2026-03-06 15:23:00+00:00,7.1499832721144685e-09,6.756420134479413e-07
2026-03-06 15:24:00+00:00,5.397831071007886e-09,6.671892265330825e-07
2026-03-06 15:25:00+00:00,3.1625762009213076e-09,6.557445999533229e-07
2026-03-06 15:26:00+00:00,3.586863250859551e-09,6.428992378459952e-07
2026-03-06 15:27:00+00:00,3.3533933407881023e-09,6.309685431915568e-07
2026-03-06 15:28:00+00:00,3.6605611875017985e-09,6.281373998717754e-07
2026-03-06 15:29:00+00:00,3.6309397710709845e-09,6.224200888027553e-07
2026-03-06 15:30:00+00:00,3.296263040297731e-09,6.166047228362004e-07
2026-03-06 15:31:00+00:00,2.9555333735942213e-09,6.17949694969866e-07
2026-03-06 15:32:00+00:00,2.567140278131319e-09,6.177865543577354e-07
2026-03-06 15:33:00+00:00,4.319087310022951e-09,6.189998202899005e-07
2026-03-06 15:34:00+00:00,4.7275756642761735e-09,6.174957434268435e-07
2026-03-06 15:35:00+00:00,5.162543725845126e-09,6.149182354420191e-07
2026-03-06 15:36:00+00:00,4.464185021646472e-09,6.093745810176188e-07
2026-03-06 15:37:00+00:00,3.0944273810007417e-09,6.058075996406842e-07
2026-03-06 15:38:00+00:00,3.3481706296356606e-09,6.043515554665646e-07
2026-03-06 15:39:00+00:00,1.755099510170055e-09,6.001857855153503e-07
2026-03-06 15:40:00+00:00,1.61447177848828e-09,5.985297661936784e-07
2026-03-06 15:41:00+00:00,1.6493086896218756e-09,5.952881565463031e-07
2026-03-06 15:42:00+00:00,1.909439717451278e-09,5.959262239230156e-07
2026-03-06 15:43:00+00:00,2.10636574848877e-09,5.932354838478204e-07
2026-03-06 15:44:00+00:00,1.0989184007215158e-09,5.991685156914173e-07
2026-03-06 15:45:00+00:00,1.0478223844145873e-09,5.952212518423039e-07
2026-03-06 15:46:00+00:00,9.999999717180685e-10,5.909033689022181e-07
2026-03-06 15:47:00+00:00,1.6792031098944449e-09,5.894527248528902e-07
2026-03-06 15:48:00+00:00,1.4136056769586958e-09,5.862431748937524e-07
2026-03-06 15:49:00+00:00,1.539562477503864e-09,5.871851271876949e-07
2026-03-06 15:50:00+00:00,9.999999717180685e-10,5.887716270081e-07
2026-03-06 15:51:00+00:00,9.999999717180685e-10,5.888398959541519e-07
2026-03-06 15:52:00+00:00,1.6286010318111721e-09,5.904245767851535e-07
2026-03-06 15:53:00+00:00,9.999999717180685e-10,5.884884330953355e-07
2026-03-06 15:54:00+00:00,9.999999717180685e-10,5.863755632162793e-07
2026-03-06 15:55:00+00:00,9.999999717180685e-10,5.858275926584611e-07
2026-03-06 15:56:00+00:00,9.999999717180685e-10,5.825163498229813e-07
2026-03-06 15:57:00+00:00,9.999999717180685e-10,5.814156338601606e-07
2026-03-06 15:58:00+00:00,9.999999717180685e-10,5.771820497102453e-07
2026-03-06 15:59:00+00:00,9.999999717180685e-10,5.740279789279157e-07
2026-03-06 16:00:00+00:00,9.999999717180685e-10,5.737169317399093e-07
2026-03-06 16:01:00+00:00,9.999999717180685e-10,5.729225449613295e-07
2026-03-06 16:02:00+00:00,9.999999717180685e-10,5.720265221498266e-07
2026-03-06 16:03:00+00:00,9.999999717180685e-10,5.697963274542417e-07
2026-03-06 16:04:00+00:00,9.999999717180685e-10,5.697094138668035e-07
2026-03-06 16:05:00+00:00,1.8112320532281956e-09,5.871501684850955e-07
2026-03-06 16:06:00+00:00,1.317811748613451e-09,5.925428467890015e-07
2026-03-06 16:07:00+00:00,9.999999717180685e-10,5.750201239607122e-07
2026-03-06 16:08:00+00:00,9.999999717180685e-10,5.681260404344357e-07
2026-03-06 16:09:00+00:00,2.6861834978575416e-09,5.669201641467225e-07
2026-03-06 16:10:00+00:00,9.999999717180685e-10,5.67580343613372e-07
2026-03-06 16:11:00+00:00,9.999999717180685e-10,5.650787215927267e-07
2026-03-06 16:12:00+00:00,9.999999717180685e-10,5.632944066746859e-07
2026-03-06 16:13:00+00:00,9.999999717180685e-10,5.606005402114533e-07
2026-03-06 16:14:00+00:00,1.1755000306479246e-09,5.591212470790197e-07
2026-03-06 16:15:00+00:00,9.999999717180685e-10,5.586978204519255e-07
2026-03-06 16:16:00+00:00,1.02921415834345e-09,5.600367671831918e-07
2026-03-06 16:17:00+00:00,9.999999717180685e-10,5.620302658826404e-07
2026-03-06 16:18:00+00:00,1.7345013203495796e-09,5.595855441242747e-07
2026-03-06 16:19:00+00:00,9.999999717180685e-10,5.590331397797854e-07
2026-03-06 16:20:00+00:00,1.7781952577067273e-09,5.565580636357481e-07
2026-03-06 16:21:00+00:00,2.451724157026547e-09,5.582726316788467e-07
2026-03-06 16:22:00+00:00,9.999999717180685e-10,5.581545110544539e-07
2026-03-06 16:23:00+00:00,2.349830552361709e-09,5.585774260907783e-07
2026-03-06 16:24:00+00:00,1.1072308625514893e-09,5.567620746660396e-07
2026-03-06 16:25:00+00:00,2.275829080744529e-09,5.55862243345473e-07
2026-03-06 16:26:00+00:00,2.5760511501715655e-09,5.627719588119362e-07
2026-03-06 16:27:00+00:00,6.5572796081880824e-09,5.957148800916912e-07
2026-03-06 16:28:00+00:00,3.830161077189587e-09,5.68647010368295e-07
2026-03-06 16:29:00+00:00,4.49469617080922e-09,5.573173780248908e-07
2026-03-06 16:30:00+00:00,4.819755705653961e-09,5.566557774727698e-07
2026-03-06 16:31:00+00:00,3.4841964868803643e-09,5.578144737228286e-07
2026-03-06 16:32:00+00:00,4.8249875206352044e-09,5.60279261208052e-07
2026-03-06 16:33:00+00:00,4.996745683882864e-09,5.607993216472096e-07
2026-03-06 16:34:00+00:00,3.322801589433766e-09,5.591956551143085e-07
2026-03-06 16:35:00+00:00,3.971644790823348e-09,5.662046191901027e-07
2026-03-06 16:36:00+00:00,3.7278389264372436e-09,5.566661798184214e-07
2026-03-06 16:37:00+00:00,2.1110153625159e-09,5.575115551437193e-07
2026-03-06 16:38:00+00:00,2.74169331682117e-09,5.642155542773253e-07
2026-03-06 16:39:00+00:00,4.650453355736772e-09,5.812758558931819e-07
2026-03-06 16:40:00+00:00,4.4221577510938914e-09,5.66694950521196e-07
2026-03-06 16:41:00+00:00,5.312857709327545e-09,5.569233962887665e-07
2026-03-06 16:42:00+00:00,3.251518387870078e-09,5.516209853340115e-07
2026-03-06 16:43:00+00:00,3.7172795952500337e-09,5.469717052619671e-07
2026-03-06 16:44:00+00:00,2.4427515565861313e-09,5.495109576258983e-07
2026-03-06 16:45:00+00:00,4.585742008345051e-09,5.485667884386203e-07
2026-03-06 16:46:00+00:00,3.7251179918484922e-09,5.504684281731897e-07
2026-03-06 16:47:00+00:00,4.109596662971171e-09,5.506352636075462e-07
2026-03-06 16:48:00+00:00,3.714530683041062e-09,5.499115900420293e-07
2026-03-06 16:49:00+00:00,3.3538334331950637e-09,5.557812414735963e-07
2026-03-06 16:50:00+00:00,2.088037520664443e-09,5.623334118354251e-07
2026-03-06 16:51:00+00:00,2.341236093883481e-09,5.547204295908159e-07
2026-03-06 16:52:00+00:00,1.3471985749191617e-09,5.540546794691181e-07
2026-03-06 16:53:00+00:00,3.4208904597932133e-09,5.509008929038828e-07
2026-03-06 16:54:00+00:00,3.0255276062263192e-09,5.503933380168746e-07
2026-03-06 16:55:00+00:00,1.4412510074279794e-09,5.511611220754276e-07
2026-03-06 16:56:00+00:00,3.4579690222358295e-09,5.561506668527727e-07
2026-03-06 16:57:00+00:00,1.3854163372073458e-09,5.58448903120734e-07
2026-03-06 16:58:00+00:00,2.1698121077662336e-09,5.71371742807969e-07
2026-03-06 16:59:00+00:00,2.1512567283110684e-09,5.674933163390961e-07
2026-03-06 17:00:00+00:00,1.1947117739552482e-09,5.616674343400518e-07
2026-03-06 17:01:00+00:00,9.999999717180685e-10,5.570287839873345e-07
2026-03-06 17:02:00+00:00,9.999999717180685e-10,5.559080591410748e-07
2026-03-06 17:03:00+00:00,1.047842257406728e-09,5.55541646463098e-07
2026-03-06 17:04:00+00:00,3.206688470314134e-09,5.556452151722624e-07
2026-03-06 17:05:00+00:00,3.803942938418459e-09,5.568314236370497e-07
2026-03-06 17:06:00+00:00,9.999999717180685e-10,5.550643891183427e-07
2026-03-06 17:07:00+00:00,2.092275908083252e-09,5.546050374505285e-07
2026-03-06 17:08:00+00:00,2.943571164593095e-09,5.533056537387893e-07
2026-03-06 17:09:00+00:00,1.9501724679571453e-09,5.561389002650685e-07
2026-03-06 17:10:00+00:00,1.972529029004022e-09,5.555656912292761e-07
2026-03-06 17:11:00+00:00,1.9685972851846145e-09,5.559441547120514e-07
2026-03-06 17:12:00+00:00,3.737917086965581e-09,5.578564241659478e-07
2026-03-06 17:13:00+00:00,2.8867506163265944e-09,5.563103968597716e-07
2026-03-06 17:14:00+00:00,2.1860988574928797e-09,5.578448281085002e-07
2026-03-06 17:15:00+00:00,2.5058077834927417e-09,5.572103418671759e-07
2026-03-06 17:16:00+00:00,1.98183491839643e-09,5.616228122562461e-07
2026-03-06 17:17:00+00:00,9.999999717180685e-10,5.631094950331317e-07
2026-03-06 17:18:00+00:00,2.9202256168758822e-09,5.627917971651186e-07
2026-03-06 17:19:00+00:00,9.999999717180685e-10,5.698689733435458e-07
2026-03-06 17:20:00+00:00,9.999999717180685e-10,5.643270242217113e-07
2026-03-06 17:21:00+00:00,2.4801314335576308e-09,5.654263190990605e-07
2026-03-06 17:22:00+00:00,1.9586192667730984e-09,5.624157779493544e-07
2026-03-06 17:23:00+00:00,1.3012575461601728e-09,5.628485268971417e-07
2026-03-06 17:24:00+00:00,1.890454237596373e-09,5.636322839563945e-07
2026-03-06 17:25:00+00:00,2.711002977662247e-09,5.647620469062531e-07
2026-03-06 17:26:00+00:00,2.3236648161173434e-09,5.678556362909148e-07
2026-03-06 17:27:00+00:00,4.2201517835849245e-09,5.700015890397481e-07
2026-03-06 17:28:00+00:00,2.409455079899203e-09,5.748951252826373e-07
2026-03-06 17:29:00+00:00,9.999999717180685e-10,5.760843464486243e-07
2026-03-06 17:30:00+00:00,3.321539487899372e-09,5.778058493888238e-07
2026-03-06 17:31:00+00:00,9.999999717180685e-10,5.766204367319006e-07
2026-03-06 17:32:00+00:00,2.7283222348017944e-09,5.743756332776684e-07
2026-03-06 17:33:00+00:00,4.3452237363794666e-09,5.726325298383017e-07
2026-03-06 17:34:00+00:00,2.1670552019514844e-09,5.691632622983889e-07
2026-03-06 17:35:00+00:00,3.5578389123713805e-09,5.67215636237961e-07
2026-03-06 17:36:00+00:00,2.307340096763255e-09,5.640180802402028e-07
2026-03-06 17:37:00+00:00,9.999999717180685e-10,5.617299621007987e-07
2026-03-06 17:38:00+00:00,1.444972475006523e-09,5.625325343316945e-07
2026-03-06 17:39:00+00:00,2.2862660653544253e-09,5.601561952062184e-07
2026-03-06 17:40:00+00:00,2.606580062902708e-09,5.70119652820722e-07
2026-03-06 17:41:00+00:00,2.8878188729208887e-09,5.565843252952618e-07
2026-03-06 17:42:00+00:00,2.6022302090922267e-09,5.580453716902412e-07
2026-03-06 17:43:00+00:00,2.872508231277493e-09,5.622691219286935e-07
2026-03-06 17:44:00+00:00,3.27905813612972e-09,5.84519966650987e-07
2026-03-06 17:45:00+00:00,3.0716156285137686e-09,5.92349863381969e-07
2026-03-06 17:46:00+00:00,4.046149193470683e-09,5.962193654340808e-07
2026-03-06 17:47:00+00:00,4.519802310198884e-09,5.946438932369347e-07
2026-03-06 17:48:00+00:00,2.256083098117756e-09,5.917983685321815e-07
2026-03-06 17:49:00+00:00,2.3012114436227193e-09,5.873386044186191e-07
2026-03-06 17:50:00+00:00,1.683741812641415e-09,5.852274966855475e-07
2026-03-06 17:51:00+00:00,1.6597044849575582e-09,5.859583893652598e-07
2026-03-06 17:52:00+00:00,2.0623029950428418e-09,5.828877647218178e-07
2026-03-06 17:53:00+00:00,2.247473096517183e-09,5.802492069051368e-07
2026-03-06 17:54:00+00:00,3.7373197869783326e-09,5.802414762001717e-07
2026-03-06 17:55:00+00:00,2.1230452951215284e-09,5.832214924339496e-07
2026-03-06 17:56:00+00:00,4.380454221575292e-09,5.916328973398777e-07
2026-03-06 17:57:00+00:00,1.4118626268100343e-09,6.018274234520504e-07
2026-03-06 17:58:00+00:00,2.6233133443298584e-09,6.06442313255684e-07
2026-03-06 17:59:00+00:00,2.1286259421771092e-09,6.183547043292492e-07
2026-03-06 18:00:00+00:00,5.130915248230394e-09,6.178369176268461e-07
2026-03-06 18:01:00+00:00,3.35730931944056e-09,6.162036356727185e-07
2026-03-06 18:02:00+00:00,3.128052483702959e-09,6.121254614299687e-07
2026-03-06 18:03:00+00:00,3.322238040226466e-09,6.059275392544805e-07
2026-03-06 18:04:00+00:00,1.7750654279780065e-09,6.034520652065112e-07
2026-03-06 18:05:00+00:00,1.0465251998326153e-09,6.03793125719676e-07
2026-03-06 18:06:00+00:00,1.4576947426903075e-09,6.005333261782653e-07
2026-03-06 18:07:00+00:00,4.995790892081686e-09,6.027222525517573e-07
2026-03-06 18:08:00+00:00,4.449072221746064e-09,6.055971653040615e-07
2026-03-06 18:09:00+00:00,3.868757758596075e-09,6.06516209700203e-07
2026-03-06 18:10:00+00:00,4.957592114607223e-09,5.986080964248686e-07
2026-03-06 18:11:00+00:00,4.0413890012303e-09,5.996628260618309e-07
2026-03-06 18:12:00+00:00,5.22159071536521e-09,6.045428335710312e-07
2026-03-06 18:13:00+00:00,5.720860229985192e-09,6.08105665378389e-07
2026-03-06 18:14:00+00:00,5.2716138121411404e-09,6.132758016974549e-07
2026-03-06 18:15:00+00:00,6.5379208713522985e-09,6.228023607945943e-07
2026-03-06 18:16:00+00:00,7.034920201931527e-09,6.381165462698846e-07
2026-03-06 18:17:00+00:00,7.57355156366657e-09,6.458095640482497e-07
2026-03-06 18:18:00+00:00,6.719312661829235e-09,6.432926511479309e-07
2026-03-06 18:19:00+00:00,6.489040860202522e-09,6.464419470830762e-07
2026-03-06 18:20:00+00:00,7.78520181654585e-09,6.473444500443293e-07
2026-03-06 18:21:00+00:00,7.692805503722866e-09,6.471324240919785e-07
2026-03-06 18:22:00+00:00,6.947840081039658e-09,6.491812882813974e-07
2026-03-06 18:23:00+00:00,8.043529398094051e-09,6.50770459742489e-07
2026-03-06 18:24:00+00:00,7.1579240312757975e-09,6.471042865996424e-07
2026-03-06 18:25:00+00:00,6.08407546565104e-09,6.467985258495901e-07
2026-03-06 18:26:00+00:00,5.852494489033688e-09,6.422192200261634e-07
2026-03-06 18:27:00+00:00,7.219842501626772e-09,6.428405754377309e-07
2026-03-06 18:28:00+00:00,7.507247268279116e-09,6.372513894348231e-07
2026-03-06 18:29:00+00:00,6.8956951260190635e-09,6.343634026961809e-07
2026-03-06 18:30:00+00:00,6.928126961014414e-09,6.309898594736296e-07
2026-03-06 18:31:00+00:00,7.508400123867887e-09,6.257351969907177e-07
2026-03-06 18:32:00+00:00,7.294282955427889e-09,6.20706657628034e-07
2026-03-06 18:33:00+00:00,7.65025998106239e-09,6.206762463989435e-07
2026-03-06 18:34:00+00:00,8.152032826558298e-09,6.266624268391752e-07
2026-03-06 18:35:00+00:00,5.447698292471159e-09,6.266920991038205e-07
2026-03-06 18:36:00+00:00,5.742009090425881e-09,6.235102318896679e-07
2026-03-06 18:37:00+00:00,4.995324598411344e-09,6.224050252967572e-07
2026-03-06 18:38:00+00:00,5.420095039454509e-09,6.214921199898527e-07
2026-03-06 18:39:00+00:00,1.1351508177881442e-08,6.647908321610885e-07
2026-03-06 18:40:00+00:00,8.129838136028411e-09,6.751017167516693e-07
2026-03-06 18:41:00+00:00,6.967077137431943e-09,6.523492288579291e-07
2026-03-06 18:42:00+00:00,4.458074798208145e-09,6.428045367101731e-07
2026-03-06 18:43:00+00:00,4.943927045530927e-09,6.369644438564137e-07
2026-03-06 18:44:00+00:00,6.026460663832722e-09,6.341771836559928e-07
2026-03-06 18:45:00+00:00,6.678688713179781e-09,6.334329327728483e-07
2026-03-06 18:46:00+00:00,6.148737519140468e-09,6.368064759953995e-07
2026-03-06 18:47:00+00:00,6.237353744609209e-09,6.415093025680108e-07
2026-03-06 18:48:00+00:00,5.68248026411311e-09,6.438772857109143e-07
2026-03-06 18:49:00+00:00,6.833200227873704e-09,6.440837410082167e-07
2026-03-06 18:50:00+00:00,6.627917326085253e-09,6.398321374945226e-07
2026-03-06 18:51:00+00:00,6.430525445466628e-09,6.372409302457527e-07
2026-03-06 18:52:00+00:00,7.295831494502636e-09,6.352648256324755e-07
2026-03-06 18:53:00+00:00,6.995004131482574e-09,6.395266041181458e-07
2026-03-06 18:54:00+00:00,6.529863760817989e-09,6.370869982674776e-07
2026-03-06 18:55:00+00:00,6.599264246176517e-09,6.358129667205503e-07
2026-03-06 18:56:00+00:00,7.59389884308348e-09,6.355049890771625e-07
2026-03-06 18:57:00+00:00,6.677036701319139e-09,6.414704785129288e-07
2026-03-06 18:58:00+00:00,6.8428178678914264e-09,6.460037411670783e-07
2026-03-06 18:59:00+00:00,7.0382126793333555e-09,6.491748081316473e-07
2026-03-06 19:00:00+00:00,6.665938911964986e-09,6.521738100673247e-07
2026-03-06 19:01:00+00:00,7.451473216235627e-09,6.56634028928238e-07
2026-03-06 19:02:00+00:00,8.398012063537408e-09,6.643867891398259e-07
2026-03-06 19:03:00+00:00,8.411801033503252e-09,6.714282676512084e-07
2026-03-06 19:04:00+00:00,8.84044215609947e-09,6.766371143385186e-07
2026-03-06 19:05:00+00:00,1.1033623792400249e-08,6.938916499166226e-07
2026-03-06 19:06:00+00:00,1.1674343269874043e-08,7.196139790721645e-07
2026-03-06 19:07:00+00:00,1.221518530769572e-08,7.34398838631023e-07
2026-03-06 19:08:00+00:00,1.2121751602478525e-08,7.39145434636157e-07
2026-03-06 19:09:00+00:00,1.2920802205940163e-08,7.447973757734871e-07
2026-03-06 19:10:00+00:00,1.1518372922125764e-08,7.424770842590078e-07
2026-03-06 19:11:00+00:00,1.168697050246692e-08,7.432736310875043e-07
2026-03-06 19:12:00+00:00,1.3477113647297756e-08,7.583444130432326e-07
2026-03-06 19:13:00+00:00,1.1127546883926698e-08,7.517306812587776e-07
2026-03-06 19:14:00+00:00,1.2323600806496415e-08,7.336875000873988e-07
2026-03-06 19:15:00+00:00,1.2031625473696295e-08,7.237688919303764e-07
2026-03-06 19:16:00+00:00,1.0314773923880693e-08,7.125673846530844e-07
2026-03-06 19:17:00+00:00,8.52509796089862e-09,7.017742973403074e-07
2026-03-06 19:18:00+00:00,8.607551116313061e-09,6.957165510357299e-07
2026-03-06 19:19:00+00:00,9.669729905681379e-09,6.930181370989885e-07
2026-03-06 19:20:00+00:00,1.0294360031082306e-08,6.901806273162947e-07
2026-03-06 19:21:00+00:00,1.0864938282395542e-08,6.870587299090403e-07
2026-03-06 19:22:00+00:00,8.889234237585697e-09,6.865392947474902e-07
2026-03-06 19:23:00+00:00,7.954220393457945e-09,6.801573704251496e-07
2026-03-06 19:24:00+00:00,7.984607641731145e-09,6.785825803490297e-07
2026-03-06 19:25:00+00:00,6.400240781800903e-09,6.751963610440725e-07
2026-03-06 19:26:00+00:00,7.252467071339197e-09,6.665337650701986e-07
2026-03-06 19:27:00+00:00,7.721781436487163e-09,6.624714501413109e-07
2026-03-06 19:28:00+00:00,9.990283267313771e-09,6.58657540952845e-07
2026-03-06 19:29:00+00:00,8.880771673602794e-09,6.586407153008622e-07
2026-03-06 19:30:00+00:00,9.076372542438094e-09,6.573730502168473e-07
2026-03-06 19:31:00+00:00,7.796388423741973e-09,6.59317095141887e-07
2026-03-06 19:32:00+00:00,8.52530668282725e-09,6.619761165893578e-07
2026-03-06 19:33:00+00:00,9.022675051539863e-09,6.639587013523851e-07
2026-03-06 19:34:00+00:00,9.704673509247641e-09,6.64777132897143e-07
2026-03-06 19:35:00+00:00,1.107295233282457e-08,6.688628104711825e-07
2026-03-06 19:36:00+00:00,9.831476965871389e-09,6.724317245243583e-07
2026-03-06 19:37:00+00:00,9.537725276231868e-09,6.72629482778575e-07
2026-03-06 19:38:00+00:00,9.686447199896975e-09,6.738173965459282e-07
2026-03-06 19:39:00+00:00,1.0968571828584572e-08,6.733715736118029e-07
2026-03-06 19:40:00+00:00,1.023668172450698e-08,6.722731882291555e-07
2026-03-06 19:41:00+00:00,9.491771812975003e-09,6.726440346938034e-07
2026-03-06 19:42:00+00:00,9.900131381357369e-09,6.728383254994696e-07
2026-03-06 19:43:00+00:00,8.283526753416481e-09,6.722607963638438e-07
2026-03-06 19:44:00+00:00,8.295484299480904e-09,6.758771746717684e-07
2026-03-06 19:45:00+00:00,7.682996461255698e-09,6.796000207032193e-07
2026-03-06 19:46:00+00:00,9.002097733912251e-09,6.93368747306522e-07
2026-03-06 19:47:00+00:00,1.1663611410028807e-08,7.092236273820163e-07
2026-03-06 19:48:00+00:00,1.2094528045736297e-08,7.294643182831351e-07
2026-03-06 19:49:00+00:00,1.2003208205157989e-08,7.576347229587554e-07
2026-03-06 19:50:00+00:00,1.2619144840186891e-08,7.7882418736408e-07
2026-03-06 19:51:00+00:00,1.783291736501269e-08,8.482707585244498e-07
2026-03-06 19:52:00+00:00,2.6543734321649026e-08,9.312249176218756e-07
2026-03-06 19:53:00+00:00,2.56085233019121e-08,9.557287512507173e-07
2026-03-06 19:54:00+00:00,2.1852606835182087e-08,9.312190059063141e-07
2026-03-06 19:55:00+00:00,1.779210023755695e-08,8.92151263087726e-07
2026-03-06 19:56:00+00:00,1.6887161891077085e-08,8.540461635675456e-07
2026-03-06 19:57:00+00:00,1.350529643673326e-08,8.303728691316792e-07
2026-03-06 19:58:00+00:00,1.2019370387861272e-08,8.11399559097481e-07
2026-03-06 19:59:00+00:00,9.832354486150052e-09,7.88049931088608e-07
2026-03-06 20:00:00+00:00,9.349845342399021e-09,7.643055255357467e-07
2026-03-06 20:01:00+00:00,8.982248722588793e-09,7.455516879417701e-07
2026-03-06 20:02:00+00:00,7.555803982484122e-09,7.314403660529933e-07
2026-03-06 20:03:00+00:00,9.47086942204578e-09,7.268621970979439e-07
2026-03-06 20:04:00+00:00,7.381507405312959e-09,7.21881917797873e-07
2026-03-06 20:05:00+00:00,8.121514127878982e-09,7.162913107094937e-07
2026-03-06 20:06:00+00:00,9.079918150689537e-09,7.217197435238631e-07
2026-03-06 20:07:00+00:00,1.000764182634839e-08,7.243294248837628e-07
2026-03-06 20:08:00+00:00,8.679869267780305e-09,7.327778348553693e-07
2026-03-06 20:09:00+00:00,8.675110407807551e-09,7.429542847603443e-07
2026-03-06 20:10:00+00:00,1.0290187368866555e-08,7.460790811819606e-07
2026-03-06 20:11:00+00:00,1.1274533306959711e-08,7.474171184185252e-07
2026-03-06 20:12:00+00:00,1.0616645340633113e-08,7.534054589086736e-07
2026-03-06 20:13:00+00:00,1.2028059437341199e-08,7.654456908312568e-07
2026-03-06 20:14:00+00:00,1.0746544987227935e-08,7.547405402874574e-07
2026-03-06 20:15:00+00:00,9.14328968093514e-09,7.456351909240766e-07
2026-03-06 20:16:00+00:00,8.331834777663971e-09,7.407640509882185e-07
2026-03-06 20:17:00+00:00,9.319641947058699e-09,7.411829301418038e-07
2026-03-06 20:18:00+00:00,7.95838239753266e-09,7.442167770932429e-07
2026-03-06 20:19:00+00:00,7.927321021838907e-09,7.442338301189011e-07
2026-03-06 20:20:00+00:00,7.21688753202443e-09,7.384633704532462e-07
2026-03-06 20:21:00+00:00,7.1324786077298086e-09,7.323029080907872e-07
2026-03-06 20:22:00+00:00,6.569139010537128e-09,7.266464763233671e-07
2026-03-06 20:23:00+00:00,8.736458667613078e-09,7.280939371412387e-07
2026-03-06 20:24:00+00:00,8.259116057729443e-09,7.27894530427875e-07
2026-03-06 20:25:00+00:00,8.678575191822802e-09,7.272168431882164e-07
2026-03-06 20:26:00+00:00,8.329638312432053e-09,7.244727839861298e-07
2026-03-06 20:27:00+00:00,7.409835411920085e-09,7.213276376205613e-07
2026-03-06 20:28:00+00:00,7.150626313290331e-09,7.184312948993465e-07
2026-03-06 20:29:00+00:00,8.185264022131378e-09,7.15257556294091e-07
2026-03-06 20:30:00+00:00,6.376787986539512e-09,7.136370072657883e-07
2026-03-06 20:31:00+00:00,7.453454742289978e-09,7.12527537416463e-07
2026-03-06 20:32:00+00:00,6.672669972118683e-09,7.108370141395426e-07
2026-03-06 20:33:00+00:00,8.113221205974241e-09,7.161849566728051e-07
2026-03-06 20:34:00+00:00,7.042666450018942e-09,7.134606221370632e-07
2026-03-06 20:35:00+00:00,8.062226442007159e-09,7.076010888340534e-07
2026-03-06 20:36:00+00:00,8.414409613521912e-09,7.032533630990656e-07
2026-03-06 20:37:00+00:00,9.011788648649599e-09,7.018405199232802e-07
2026-03-06 20:38:00+00:00,8.906970272448689e-09,6.981381943660381e-07
2026-03-06 20:39:00+00:00,7.373350818795643e-09,6.959434131204034e-07
2026-03-06 20:40:00+00:00,6.881034853023493e-09,6.960110567888478e-07
2026-03-06 20:41:00+00:00,6.3276783812682424e-09,6.985709433138254e-07
2026-03-06 20:42:00+00:00,7.2888370894474974e-09,7.000864457040734e-07
2026-03-06 20:43:00+00:00,7.639114230073574e-09,6.981279625506431e-07
2026-03-06 20:44:00+00:00,8.248705718472138e-09,6.982251079534763e-07
2026-03-06 20:45:00+00:00,6.7807022219312785e-09,6.98097380791296e-07
2026-03-06 20:46:00+00:00,7.506924859512765e-09,6.970869321776263e-07
2026-03-06 20:47:00+00:00,8.091983971780792e-09,7.020562975412759e-07
2026-03-06 20:48:00+00:00,7.234310039905267e-09,7.079617603267252e-07
2026-03-06 20:49:00+00:00,6.2415894674927586e-09,7.125017873477191e-07
2026-03-06 20:50:00+00:00,7.3395076682913896e-09,7.163309305724397e-07
2026-03-06 20:51:00+00:00,6.20832274478289e-09,7.122887382138288e-07
2026-03-06 20:52:00+00:00,6.9481314035613195e-09,7.086013056323281e-07
2026-03-06 20:53:00+00:00,7.593290440865985e-09,7.032027156128606e-07
2026-03-06 20:54:00+00:00,7.242777932958688e-09,7.048924999253359e-07
2026-03-06 20:55:00+00:00,6.49405240693568e-09,7.095310934346344e-07
2026-03-06 20:56:00+00:00,7.617134478721255e-09,7.065063982736319e-07
2026-03-06 20:57:00+00:00,8.184970035074457e-09,7.032768394310551e-07
2026-03-06 20:58:00+00:00,7.48884154688767e-09,7.051996817608597e-07
2026-03-06 20:59:00+00:00,6.150668863114106e-09,7.057904554130801e-07
2026-03-06 21:00:00+00:00,6.343613634385292e-09,7.045377969916444e-07
2026-03-06 21:01:00+00:00,8.534917661506825e-09,7.065180511744984e-07
2026-03-06 21:02:00+00:00,9.014936352969016e-09,7.059974223011523e-07
2026-03-06 21:03:00+00:00,7.63130536540757e-09,7.157188974815654e-07
2026-03-06 21:04:00+00:00,1.0089073576580176e-08,7.20778473350947e-07
2026-03-06 21:05:00+00:00,1.0098581526563066e-08,7.199190577011905e-07
2026-03-06 21:06:00+00:00,9.443979820389359e-09,7.208971624095284e-07
2026-03-06 21:07:00+00:00,1.0987275977925037e-08,7.207299859146588e-07
2026-03-06 21:08:00+00:00,8.864298628452616e-09,7.109453008524724e-07
2026-03-06 21:09:00+00:00,9.116252641661049e-09,7.040682135084353e-07
2026-03-06 21:10:00+00:00,9.919519428081003e-09,7.006131568232377e-07
2026-03-06 21:11:00+00:00,9.707288306515238e-09,6.977411430852953e-07
2026-03-06 21:12:00+00:00,8.496720660389201e-09,7.016128620307427e-07
2026-03-06 21:13:00+00:00,6.9973689065250255e-09,7.01531462254934e-07
2026-03-06 21:14:00+00:00,7.889589426213206e-09,7.018951464488055e-07
2026-03-06 21:15:00+00:00,9.08609809613381e-09,7.009905402810546e-07
2026-03-06 21:16:00+00:00,9.946675483263334e-09,6.994275736360578e-07
2026-03-06 21:17:00+00:00,9.453705374085075e-09,6.975527639951906e-07
2026-03-06 21:18:00+00:00,8.886002156316408e-09,6.983987077546772e-07
2026-03-06 21:19:00+00:00,7.949099156689954e-09,6.993279839662137e-07
2026-03-06 21:20:00+00:00,9.019138325072618e-09,7.027144306448463e-07
2026-03-06 21:21:00+00:00,9.24953269532125e-09,7.039454317236959e-07
2026-03-06 21:22:00+00:00,9.422196356467794e-09,7.026121693343157e-07
2026-03-06 21:23:00+00:00,9.120052268940526e-09,7.02577324318554e-07
2026-03-06 21:24:00+00:00,9.627409092161088e-09,7.09788139374723e-07
2026-03-06 21:25:00+00:00,1.1529842858237771e-08,7.124408512027003e-07
2026-03-06 21:26:00+00:00,1.0899759317339885e-08,7.133742769838136e-07
2026-03-06 21:27:00+00:00,8.875325363533193e-09,7.316821211134084e-07
2026-03-06 21:28:00+00:00,1.1712653957829389e-08,7.430461437252234e-07
2026-03-06 21:29:00+00:00,1.1134732247342072e-08,7.52314122109965e-07
2026-03-06 21:30:00+00:00,1.1959323309440606e-08,7.598578122269828e-07
2026-03-06 21:31:00+00:00,1.2498302837116171e-08,7.564980819552147e-07
2026-03-06 21:32:00+00:00,1.3080917682373183e-08,7.574453775305301e-07
2026-03-06 21:33:00+00:00,1.3138675925006282e-08,7.590344921482028e-07
2026-03-06 21:34:00+00:00,1.200676003065837e-08,7.56423219172575e-07
2026-03-06 21:35:00+00:00,1.2000533011757852e-08,7.481237958018028e-07
2026-03-06 21:36:00+00:00,1.0697537966564141e-08,7.445076448675536e-07
2026-03-06 21:37:00+00:00,1.108589486875644e-08,7.45326701689919e-07
2026-03-06 21:38:00+00:00,1.1727731674682218e-08,7.507375698878604e-07
2026-03-06 21:39:00+00:00,1.1023892909634014e-08,7.573532343485567e-07
2026-03-06 21:40:00+00:00,1.2836522955694818e-08,7.653605962332222e-07
2026-03-06 21:41:00+00:00,1.3914706720186132e-08,7.728328910161508e-07
2026-03-06 21:42:00+00:00,1.3168260259988074e-08,7.80529603616742e-07
2026-03-06 21:43:00+00:00,1.2433049256799222e-08,7.749398491796455e-07
2026-03-06 21:44:00+00:00,1.0640502701164678e-08,7.634509984200122e-07
2026-03-06 21:45:00+00:00,1.2243324576388659e-08,7.546429401372734e-07
2026-03-06 21:46:00+00:00,1.0608167677617075e-08,7.501022309952532e-07
2026-03-06 21:47:00+00:00,1.047309350354908e-08,7.439023761435237e-07
2026-03-06 21:48:00+00:00,9.250517685188697e-09,7.348339750024024e-07
2026-03-06 21:49:00+00:00,9.558815072807647e-09,7.283271656888246e-07
2026-03-06 21:50:00+00:00,9.222387298279955e-09,7.258564096446207e-07
2026-03-06 21:51:00+00:00,8.240960802652353e-09,7.221966598081053e-07
2026-03-06 21:52:00+00:00,8.693111119839614e-09,7.181560590652225e-07
2026-03-06 21:53:00+00:00,9.629157027291058e-09,7.166592581597797e-07
2026-03-06 21:54:00+00:00,9.025539426943396e-09,7.236204737637308e-07
2026-03-06 21:55:00+00:00,1.0505578629249612e-08,7.299539674932021e-07
2026-03-06 21:56:00+00:00,9.786270460665492e-09,7.338280738622416e-07
2026-03-06 21:57:00+00:00,1.0783638870748291e-08,7.433737891915371e-07
2026-03-06 21:58:00+00:00,8.107248206101758e-09,7.476063501599128e-07
2026-03-06 21:59:00+00:00,1.1216832795923892e-08,7.464479949703673e-07
2026-03-06 22:00:00+00:00,1.0315844178876432e-08,7.444658649546909e-07
2026-03-06 22:01:00+00:00,1.087190693027651e-08,7.444430707437277e-07
2026-03-06 22:02:00+00:00,1.0505204706134919e-08,7.465826001862297e-07
2026-03-06 22:03:00+00:00,9.159626834787105e-09,7.438384841407242e-07
2026-03-06 22:04:00+00:00,7.873865115470835e-09,7.450915973095107e-07
2026-03-06 22:05:00+00:00,9.109285770136921e-09,7.377129804808646e-07
2026-03-06 22:06:00+00:00,8.061129541658829e-09,7.367985972450697e-07
2026-03-06 22:07:00+00:00,9.913210696765873e-09,7.566056865471182e-07
2026-03-06 22:08:00+00:00,1.1340570260642835e-08,7.628505045431666e-07
2026-03-06 22:09:00+00:00,5.951198644993383e-09,7.563832582491159e-07
2026-03-06 22:10:00+00:00,6.787268969077331e-09,7.456281991835567e-07
2026-03-06 22:11:00+00:00,6.997856516477441e-09,7.367190733020834e-07
2026-03-06 22:12:00+00:00,7.279980618335458e-09,7.313805099329329e-07
2026-03-06 22:13:00+00:00,7.097530119182238e-09,7.285568699444411e-07
2026-03-06 22:14:00+00:00,8.75336514383207e-09,7.246143809425121e-07
2026-03-06 22:15:00+00:00,7.123898804195505e-09,7.215928690129658e-07
2026-03-06 22:16:00+00:00,6.90746482234772e-09,7.161981443459808e-07
2026-03-06 22:17:00+00:00,7.546248070866568e-09,7.105020927156147e-07
2026-03-06 22:18:00+00:00,8.158654196677162e-09,7.046467089821817e-07
2026-03-06 22:19:00+00:00,4.936089759155493e-09,6.972517780923226e-07
2026-03-06 22:20:00+00:00,5.503316025112781e-09,6.94527329869743e-07
2026-03-06 22:21:00+00:00,5.508910216889262e-09,6.914364121257677e-07
2026-03-06 22:22:00+00:00,6.6455152492039815e-09,6.876321094750892e-07
2026-03-06 22:23:00+00:00,6.408837460725181e-09,6.847700433354476e-07
2026-03-06 22:24:00+00:00,8.638020965179294e-09,6.832685812696582e-07
2026-03-06 22:25:00+00:00,8.766979142649234e-09,6.799158995818289e-07
2026-03-06 22:26:00+00:00,7.650811539861024e-09,6.760861879229196e-07
2026-03-06 22:27:00+00:00,8.10490519143059e-09,6.708075375172484e-07
2026-03-06 22:28:00+00:00,6.24854656905427e-09,6.695734100503614e-07
2026-03-06 22:29:00+00:00,6.818804187957994e-09,6.72720148031658e-07
2026-03-06 22:30:00+00:00,7.132129997700076e-09,6.750362899765605e-07
2026-03-06 22:31:00+00:00,7.549274094742486e-09,6.709714170938241e-07
2026-03-06 22:32:00+00:00,6.086068982114057e-09,6.753964498784626e-07
2026-03-06 22:33:00+00:00,6.257745432947104e-09,6.792947147005179e-07
2026-03-06 22:34:00+00:00,6.281881237413245e-09,6.814075277361553e-07
2026-03-06 22:35:00+00:00,6.697942200872831e-09,6.847658369224519e-07
2026-03-06 22:36:00+00:00,6.503719340855696e-09,6.849448368484445e-07
2026-03-06 22:37:00+00:00,4.746881998585195e-09,6.909579610692163e-07
2026-03-06 22:38:00+00:00,5.182934081915391e-09,6.968381285332725e-07
2026-03-06 22:39:00+00:00,5.9373030936171745e-09,6.959492679925461e-07
2026-03-06 22:40:00+00:00,6.1602638545821264e-09,7.017594043645659e-07
2026-03-06 22:41:00+00:00,7.374655108804973e-09,7.062653253342432e-07
2026-03-06 22:42:00+00:00,7.909995325405816e-09,7.043002483442251e-07
2026-03-06 22:43:00+00:00,6.7280763182964165e-09,6.993430474722118e-07
2026-03-06 22:44:00+00:00,5.399292568597502e-09,6.933282179488742e-07
2026-03-06 22:45:00+00:00,3.93730958947458e-09,6.912470098541235e-07
2026-03-06 22:46:00+00:00,4.830742472705651e-09,6.890510917401116e-07
2026-03-06 22:47:00+00:00,4.862939384508991e-09,6.890469990139536e-07
2026-03-06 22:48:00+00:00,6.064989399590104e-09,6.959897973501938e-07
2026-03-06 22:49:00+00:00,5.9584031042447805e-09,7.033488031993329e-07
2026-03-06 22:50:00+00:00,6.8057057767134665e-09,7.058569053697283e-07
2026-03-06 22:51:00+00:00,5.873432851188909e-09,7.015197525106487e-07
2026-03-06 22:52:00+00:00,6.2810086021158895e-09,6.966037062738906e-07
2026-03-06 22:53:00+00:00,5.398256508470922e-09,6.861362180643482e-07
2026-03-06 22:54:00+00:00,5.105965872331808e-09,6.791941018491343e-07
2026-03-06 22:55:00+00:00,6.286482445716501e-09,6.773630047973711e-07
2026-03-06 22:56:00+00:00,7.376685484672407e-09,6.754631272087863e-07
2026-03-06 22:57:00+00:00,5.573715711193472e-09,6.719577640978969e-07
2026-03-06 22:58:00+00:00,4.91483209685839e-09,6.724852710249252e-07
2026-03-06 22:59:00+00:00,4.456802926711134e-09,6.689162432849116e-07
2026-03-06 23:00:00+00:00,5.750093734491202e-09,6.701254164909187e-07
2026-03-06 23:01:00+00:00,5.229778388127215e-09,6.739527407262358e-07
2026-03-06 23:02:00+00:00,5.83329651249187e-09,6.824779461567232e-07
2026-03-06 23:03:00+00:00,3.923661839877468e-09,6.862824193376582e-07
2026-03-06 23:04:00+00:00,5.465610186661252e-09,6.896039508319518e-07
2026-03-06 23:05:00+00:00,7.252601186280572e-09,6.949252338017686e-07
2026-03-06 23:06:00+00:00,7.511699706697073e-09,7.040633818178321e-07
2026-03-06 23:07:00+00:00,7.912522193009863e-09,7.129524988158664e-07
2026-03-06 23:08:00+00:00,7.015192871051568e-09,7.124314151951694e-07
2026-03-06 23:09:00+00:00,7.3990968907367005e-09,7.075010444168583e-07
2026-03-06 23:10:00+00:00,5.841497063840961e-09,7.061790938678314e-07
2026-03-06 23:11:00+00:00,6.552347109334278e-09,7.057248012642958e-07
2026-03-06 23:12:00+00:00,6.1332134926317394e-09,7.067044975883618e-07
2026-03-06 23:13:00+00:00,6.652513206972799e-09,7.13429244569852e-07
2026-03-06 23:14:00+00:00,6.706522448496344e-09,7.117527047739713e-07
2026-03-06 23:15:00+00:00,5.942511371870296e-09,7.141959486034466e-07
2026-03-06 23:16:00+00:00,5.165003980067695e-09,7.149183716137486e-07
2026-03-06 23:17:00+00:00,5.645389045128013e-09,7.164632620515476e-07
2026-03-06 23:18:00+00:00,5.442392314591871e-09,7.207040653156582e-07
2026-03-06 23:19:00+00:00,4.986470347745353e-09,7.255213745338551e-07
2026-03-06 23:20:00+00:00,2.604824356211566e-09,7.327839739446063e-07
2026-03-06 23:21:00+00:00,2.8975839505562817e-09,7.27617646134604e-07
2026-03-06 23:22:00+00:00,3.941491577563738e-09,7.182193257904146e-07
2026-03-06 23:23:00+00:00,2.6458821800190435e-09,7.141593414417002e-07
2026-03-06 23:24:00+00:00,3.1824745061470594e-09,7.094953389241709e-07
2026-03-06 23:25:00+00:00,2.1345194500810294e-09,7.041784328976064e-07
2026-03-06 23:26:00+00:00,1.1129182020397366e-09,6.998379831202328e-07
2026-03-06 23:27:00+00:00,2.1393404825431617e-09,6.918619988027785e-07
2026-03-06 23:28:00+00:00,3.404903248238611e-09,6.880343903503672e-07
2026-03-06 23:29:00+00:00,3.6111993395593345e-09,6.876397264932166e-07
2026-03-06 23:30:00+00:00,2.4571003010009917e-09,6.837946102677961e-07
2026-03-06 23:31:00+00:00,2.870064408355688e-09,6.816504765083664e-07
2026-03-06 23:32:00+00:00,3.6107197232126964e-09,6.849229521321831e-07
2026-03-06 23:33:00+00:00,1.861053200435947e-09,6.874005862300692e-07
2026-03-06 23:34:00+00:00,9.999999717180685e-10,6.86935095473018e-07
2026-03-06 23:35:00+00:00,1.997290333122237e-09,6.889752626193513e-07
2026-03-06 23:36:00+00:00,9.999999717180685e-10,6.881660965518677e-07
2026-03-06 23:37:00+00:00,1.530302440322373e-09,6.839237585154478e-07
2026-03-06 23:38:00+00:00,9.999999717180685e-10,6.825002856203355e-07
2026-03-06 23:39:00+00:00,9.999999717180685e-10,6.831802465967485e-07
2026-03-06 23:40:00+00:00,2.4866575465409824e-09,6.876850306980486e-07
2026-03-06 23:41:00+00:00,1.7699376408941703e-09,6.942526624698075e-07
2026-03-06 23:42:00+00:00,2.4198261172614366e-09,7.036717306618812e-07
2026-03-06 23:43:00+00:00,9.999999717180685e-10,7.063536600071529e-07
2026-03-06 23:44:00+00:00,1.2027087104016232e-09,7.110211868166516e-07
2026-03-06 23:45:00+00:00,1.2957298567428666e-09,7.117984068827354e-07
2026-03-06 23:46:00+00:00,9.999999717180685e-10,7.097267484823533e-07
2026-03-06 23:47:00+00:00,9.999999717180685e-10,7.061524343043857e-07
2026-03-06 23:48:00+00:00,1.0612901668594077e-09,7.031450763861358e-07
2026-03-06 23:49:00+00:00,1.694297591114946e-09,7.022466661510407e-07
2026-03-06 23:50:00+00:00,2.2532682386611214e-09,6.982223226259521e-07
2026-03-06 23:51:00+00:00,9.999999717180685e-10,6.925253046574653e-07
2026-03-06 23:52:00+00:00,2.2346426931108e-09,6.93174342814018e-07
2026-03-06 23:53:00+00:00,3.298114004124386e-09,7.07840968061646e-07
2026-03-06 23:54:00+00:00,7.65639374122884e-09,7.586008905491326e-07
2026-03-06 23:55:00+00:00,8.09080269448259e-09,7.783309001752059e-07
2026-03-06 23:56:00+00:00,5.393141488951869e-09,7.636633085894573e-07
2026-03-06 23:57:00+00:00,4.828816457802532e-09,7.522643841184617e-07
2026-03-06 23:58:00+00:00,4.179758761324592e-09,7.485899118364614e-07
2026-03-06 23:59:00+00:00,2.2949679934214373e-09,7.419629355354118e-07
2026-03-07 00:00:00+00:00,2.4871753545596675e-09,7.342490562223247e-07
2026-03-07 00:01:00+00:00,2.158949463648696e-09,7.257785910042003e-07
2026-03-07 00:02:00+00:00,2.217967365325535e-09,7.186455945884518e-07
2026-03-07 00:03:00+00:00,2.7923396928031252e-09,7.164586008912011e-07
2026-03-07 00:04:00+00:00,4.251098584262536e-09,7.162716428865679e-07
2026-03-07 00:05:00+00:00,1.3447464253246721e-09,7.146949201342068e-07
2026-03-07 00:06:00+00:00,9.999999717180685e-10,7.142888307498652e-07
2026-03-07 00:07:00+00:00,1.751513045711306e-09,7.099174581526313e-07
2026-03-07 00:08:00+00:00,1.7874947078055925e-09,7.065771683301136e-07
2026-03-07 00:09:00+00:00,9.999999717180685e-10,7.053278068269719e-07
2026-03-07 00:10:00+00:00,1.5991202806375782e-09,7.039755018922733e-07
2026-03-07 00:11:00+00:00,9.999999717180685e-10,7.060303346406727e-07
2026-03-07 00:12:00+00:00,1.8794759082396695e-09,7.04848730492813e-07
2026-03-07 00:13:00+00:00,1.2619409961445172e-09,7.058225151013175e-07
2026-03-07 00:14:00+00:00,9.999999717180685e-10,7.068392733344808e-07
2026-03-07 00:15:00+00:00,1.5887785531631948e-09,7.088016218403936e-07
2026-03-07 00:16:00+00:00,1.2478338362598151e-09,7.09408311649895e-07
2026-03-07 00:17:00+00:00,1.602540100620331e-09,7.118087523849681e-07
2026-03-07 00:18:00+00:00,9.999999717180685e-10,7.102345307430369e-07
2026-03-07 00:19:00+00:00,1.0258572880061934e-09,7.072376888572762e-07
2026-03-07 00:20:00+00:00,9.999999717180685e-10,6.995726948844094e-07
2026-03-07 00:21:00+00:00,1.6020857973586544e-09,7.010694389464334e-07
2026-03-07 00:22:00+00:00,9.999999717180685e-10,7.035814633127302e-07
2026-03-07 00:23:00+00:00,1.5054700819305822e-09,7.032052735667094e-07
2026-03-07 00:24:00+00:00,1.0698842922707286e-09,7.039185447865748e-07
2026-03-07 00:25:00+00:00,1.973927687970445e-09,6.991375016696111e-07
2026-03-07 00:26:00+00:00,1.620199863161531e-09,6.922963962097128e-07
2026-03-07 00:27:00+00:00,1.875282817920265e-09,6.945177801753744e-07
2026-03-07 00:28:00+00:00,2.049222791455918e-09,7.090490043992759e-07
2026-03-07 00:29:00+00:00,1.4718986030004544e-09,7.059222753014183e-07
2026-03-07 00:30:00+00:00,2.4057433822832763e-09,7.032461439848703e-07
2026-03-07 00:31:00+00:00,2.2289126100361045e-09,6.95795733918203e-07
2026-03-07 00:32:00+00:00,2.3490238643120165e-09,6.971327479732281e-07
2026-03-07 00:33:00+00:00,3.287184968669976e-09,7.125983074729447e-07
2026-03-07 00:34:00+00:00,4.677127130037206e-09,7.329580853365769e-07
2026-03-07 00:35:00+00:00,4.660360986008527e-09,7.421399459417444e-07
2026-03-07 00:36:00+00:00,4.908813355797292e-09,7.34691639081575e-07
2026-03-07 00:37:00+00:00,2.417153366351954e-09,7.321028192563972e-07
2026-03-07 00:38:00+00:00,4.263801756110297e-09,7.320392683141108e-07
2026-03-07 00:39:00+00:00,2.8776954152931467e-09,7.300325250980677e-07
2026-03-07 00:40:00+00:00,3.2046760800596985e-09,7.280329441528011e-07
2026-03-07 00:41:00+00:00,1.1888611206600785e-09,7.242487640723994e-07
2026-03-07 00:42:00+00:00,3.3051583692156328e-09,7.176778353823465e-07
2026-03-07 00:43:00+00:00,3.4411342664242284e-09,7.215158461804094e-07
2026-03-07 00:44:00+00:00,4.62033877823842e-09,7.385587537100946e-07
2026-03-07 00:45:00+00:00,9.015864499417603e-09,7.81627306878363e-07
2026-03-07 00:46:00+00:00,1.6116313616976186e-08,8.430861271335743e-07
2026-03-07 00:47:00+00:00,2.0058209315720887e-08,8.967235771706328e-07
2026-03-07 00:48:00+00:00,2.2349615491634722e-08,9.249696972801758e-07
2026-03-07 00:49:00+00:00,1.9412537355378845e-08,9.347570539830485e-07
2026-03-07 00:50:00+00:00,1.7180626699087043e-08,9.280444714931946e-07
2026-03-07 00:51:00+00:00,1.6182459816604933e-08,9.22636104405683e-07
2026-03-07 00:52:00+00:00,1.5808907960490615e-08,9.212810141434602e-07
2026-03-07 00:53:00+00:00,1.7964204346299084e-08,9.362747732666321e-07
2026-03-07 00:54:00+00:00,1.8219932229612823e-08,9.51607489696471e-07
2026-03-07 00:55:00+00:00,1.709459240828437e-08,9.53839276007784e-07
2026-03-07 00:56:00+00:00,2.0434715253259128e-08,9.66386437539768e-07
2026-03-07 00:57:00+00:00,2.1509430681021513e-08,9.718779665490729e-07
2026-03-07 00:58:00+00:00,1.8992668771034005e-08,9.68059111983166e-07
2026-03-07 00:59:00+00:00,1.7506723182236783e-08,9.569819212629227e-07
2026-03-07 01:00:00+00:00,1.615237188445917e-08,9.416124839844997e-07
2026-03-07 01:01:00+00:00,1.5269014497221178e-08,9.228168096342415e-07
2026-03-07 01:02:00+00:00,1.3129349163421011e-08,9.036534720507916e-07
2026-03-07 01:03:00+00:00,1.2102326252261264e-08,8.83828022324451e-07
2026-03-07 01:04:00+00:00,9.794635325022227e-09,8.663965900268522e-07
2026-03-07 01:05:00+00:00,9.242508980378261e-09,8.540893645658798e-07
2026-03-07 01:06:00+00:00,8.533708850677613e-09,8.442262355856656e-07
2026-03-07 01:07:00+00:00,6.703446686628922e-09,8.333767596013786e-07
2026-03-07 01:08:00+00:00,4.7575907657915195e-09,8.224541261370177e-07
2026-03-07 01:09:00+00:00,5.850116835404151e-09,8.123325301312434e-07
2026-03-07 01:10:00+00:00,4.9758335229910244e-09,8.085280001068895e-07
2026-03-07 01:11:00+00:00,5.071288278202246e-09,8.070672947724233e-07
2026-03-07 01:12:00+00:00,5.233768085588508e-09,8.071519914665259e-07
2026-03-07 01:13:00+00:00,5.798207691753987e-09,8.070664421211404e-07
2026-03-07 01:14:00+00:00,3.58402241218414e-09,8.003073048712395e-07
2026-03-07 01:15:00+00:00,2.924598119236066e-09,7.911288548712037e-07
2026-03-07 01:16:00+00:00,2.931090481439469e-09,7.850498491279723e-07
2026-03-07 01:17:00+00:00,2.5700837014142053e-09,7.798935257596895e-07
2026-03-07 01:18:00+00:00,3.6542904258141107e-09,7.759308573440649e-07
2026-03-07 01:19:00+00:00,3.504817547295147e-09,7.707685085733829e-07
2026-03-07 01:20:00+00:00,3.800571413137277e-09,7.69120617860608e-07
2026-03-07 01:21:00+00:00,5.741458863894877e-09,7.727998081463738e-07
2026-03-07 01:22:00+00:00,7.3084471807760565e-09,7.770065053591679e-07
2026-03-07 01:23:00+00:00,5.307781325569749e-09,7.769151011416398e-07
2026-03-07 01:24:00+00:00,7.062821882897197e-09,7.853212196096138e-07
2026-03-07 01:25:00+00:00,8.000455409273854e-09,8.049904636209249e-07
2026-03-07 01:26:00+00:00,7.043369887327344e-09,8.130762694236182e-07
2026-03-07 01:27:00+00:00,6.700204835397017e-09,8.180225563592103e-07
2026-03-07 01:28:00+00:00,9.617910912140815e-09,8.260229833467747e-07
2026-03-07 01:29:00+00:00,9.329611749819833e-09,8.37370578210539e-07
2026-03-07 01:30:00+00:00,1.1191541915422931e-08,8.513104035046126e-07
2026-03-07 01:31:00+00:00,1.0907005076887799e-08,8.596065868005098e-07
2026-03-07 01:32:00+00:00,8.853586308532613e-09,8.682173415763828e-07
2026-03-07 01:33:00+00:00,1.1005231392857695e-08,8.727948852538248e-07
2026-03-07 01:34:00+00:00,1.0635234914957437e-08,8.734822358746896e-07
2026-03-07 01:35:00+00:00,1.0288316865114666e-08,8.721590916138666e-07
2026-03-07 01:36:00+00:00,9.393403388457955e-09,8.707025358489773e-07
2026-03-07 01:37:00+00:00,1.0074140632809758e-08,8.722088864487887e-07
2026-03-07 01:38:00+00:00,9.584413263041824e-09,8.72023747433559e-07
2026-03-07 01:39:00+00:00,9.86653958534589e-09,8.766983796704153e-07
2026-03-07 01:40:00+00:00,1.0655439197648775e-08,8.763316259319254e-07
2026-03-07 01:41:00+00:00,1.0189898702606115e-08,8.732130254429649e-07
2026-03-07 01:42:00+00:00,1.04576347581542e-08,8.743140256228799e-07
2026-03-07 01:43:00+00:00,9.206593709620847e-09,8.708996688255866e-07
2026-03-07 01:44:00+00:00,9.805830814002547e-09,8.6885268046899e-07
2026-03-07 01:45:00+00:00,9.273715129154425e-09,8.67304493112897e-07
2026-03-07 01:46:00+00:00,9.476284645870692e-09,8.647203344480658e-07
2026-03-07 01:47:00+00:00,9.015064250661453e-09,8.58111036450282e-07
2026-03-07 01:48:00+00:00,7.50264295135139e-09,8.535584470337199e-07
2026-03-07 01:49:00+00:00,6.138031416469403e-09,8.512659519510635e-07
2026-03-07 01:50:00+00:00,6.118524797926739e-09,8.448422477158601e-07
2026-03-07 01:51:00+00:00,7.940479385126764e-09,8.365194048565172e-07
2026-03-07 01:52:00+00:00,4.937470876598127e-09,8.259312949121522e-07
2026-03-07 01:53:00+00:00,6.149363684926357e-09,8.142714023051667e-07
2026-03-07 01:54:00+00:00,6.034500898977058e-09,8.073753861026489e-07
2026-03-07 01:55:00+00:00,6.649929051860681e-09,7.971094078129681e-07
2026-03-07 01:56:00+00:00,5.953652681967014e-09,7.891829341133416e-07
2026-03-07 01:57:00+00:00,4.517811014181916e-09,7.830631147953682e-07
2026-03-07 01:58:00+00:00,4.8514126049781225e-09,7.751637554065383e-07
2026-03-07 01:59:00+00:00,3.969574446927027e-09,7.715211722825188e-07
2026-03-07 02:00:00+00:00,4.127879815740698e-09,7.725438422312436e-07
2026-03-07 02:01:00+00:00,2.8245481509259207e-09,7.705473876740143e-07
2026-03-07 02:02:00+00:00,2.928842723903813e-09,7.6258038461674e-07
2026-03-07 02:03:00+00:00,3.74642050715579e-09,7.628649427715573e-07
2026-03-07 02:04:00+00:00,4.131297526299704e-09,7.640690000698669e-07
2026-03-07 02:05:00+00:00,3.069910770037154e-09,7.70433587149455e-07
2026-03-07 02:06:00+00:00,4.3423185047686275e-09,7.906110681688006e-07
2026-03-07 02:07:00+00:00,4.707389589242439e-09,7.936624797366676e-07
2026-03-07 02:08:00+00:00,3.7156666632398583e-09,7.80986567860964e-07
2026-03-07 02:09:00+00:00,3.710833418324455e-09,7.662592906854115e-07
2026-03-07 02:10:00+00:00,3.740662890550084e-09,7.574207643301634e-07
2026-03-07 02:11:00+00:00,2.503372176221319e-09,7.564053134956339e-07
2026-03-07 02:12:00+00:00,2.413415689517251e-09,7.599975901939615e-07
2026-03-07 02:13:00+00:00,1.7641078597918636e-09,7.598219440296816e-07
2026-03-07 02:14:00+00:00,2.220224226689993e-09,7.597726039421104e-07
2026-03-07 02:15:00+00:00,3.878092069697914e-09,7.575483778055059e-07
2026-03-07 02:16:00+00:00,4.581475199216811e-09,7.581804197798192e-07
2026-03-07 02:17:00+00:00,2.3090724887708802e-09,7.595494366796629e-07
2026-03-07 02:18:00+00:00,4.36393143843361e-09,7.53897381855495e-07
2026-03-07 02:19:00+00:00,2.8755124947821287e-09,7.641013439751987e-07
2026-03-07 02:20:00+00:00,5.575751416131425e-09,7.768394993945549e-07
2026-03-07 02:21:00+00:00,4.889470162083853e-09,7.723558042016521e-07
2026-03-07 02:22:00+00:00,5.333153474396113e-09,7.610227612531162e-07
2026-03-07 02:23:00+00:00,4.746040449532529e-09,7.446323024851154e-07
2026-03-07 02:24:00+00:00,3.3294158541252727e-09,7.313092282856815e-07
2026-03-07 02:25:00+00:00,4.216605287155062e-09,7.19890238087828e-07
2026-03-07 02:26:00+00:00,4.166435640939881e-09,7.101384653651621e-07
2026-03-07 02:27:00+00:00,2.521653108544797e-09,7.035150133560819e-07
2026-03-07 02:28:00+00:00,2.7962478998944107e-09,7.045342158562562e-07
2026-03-07 02:29:00+00:00,3.2275386807611994e-09,6.998463959462242e-07
2026-03-07 02:30:00+00:00,4.1600682898490504e-09,7.043257710392936e-07
2026-03-07 02:31:00+00:00,3.989769403744958e-09,7.028471031844674e-07
2026-03-07 02:32:00+00:00,2.7254523082831383e-09,6.957494065318315e-07
2026-03-07 02:33:00+00:00,1.9970698428295464e-09,6.918494932506292e-07
2026-03-07 02:34:00+00:00,3.346240839974257e-09,6.888239454383438e-07
2026-03-07 02:35:00+00:00,3.1311460091387744e-09,6.84453368648974e-07
2026-03-07 02:36:00+00:00,1.9897887781894497e-09,6.813700110797072e-07
2026-03-07 02:37:00+00:00,2.09385109251059e-09,6.771125526938704e-07
2026-03-07 02:38:00+00:00,2.757775785511285e-09,6.754921173524053e-07
2026-03-07 02:39:00+00:00,1.361770252117367e-09,6.718344138789689e-07
2026-03-07 02:40:00+00:00,1.4708431139709433e-09,6.70940437430545e-07
2026-03-07 02:41:00+00:00,9.999999717180685e-10,6.695382808175054e-07
2026-03-07 02:42:00+00:00,1.2953258465842055e-09,6.739956575074757e-07
2026-03-07 02:43:00+00:00,2.2583894754291123e-09,6.722985403939674e-07
2026-03-07 02:44:00+00:00,1.231590052164222e-09,6.644293080171337e-07
2026-03-07 02:45:00+00:00,1.6265729874120893e-09,6.618201382480038e-07
2026-03-07 02:46:00+00:00,1.5813578224666003e-09,6.602651865250664e-07
2026-03-07 02:47:00+00:00,1.3238315998975736e-09,6.613379923692264e-07
2026-03-07 02:48:00+00:00,1.396027848876713e-09,6.633938482991653e-07
2026-03-07 02:49:00+00:00,1.4331356101848769e-09,6.561617738043424e-07
2026-03-07 02:50:00+00:00,1.5636846262268023e-09,6.555579830092029e-07
2026-03-07 02:51:00+00:00,9.999999717180685e-10,6.493482374025916e-07
2026-03-07 02:52:00+00:00,9.999999717180685e-10,6.47329841285682e-07
2026-03-07 02:53:00+00:00,9.999999717180685e-10,6.432288159885502e-07
2026-03-07 02:54:00+00:00,9.999999717180685e-10,6.407905175365158e-07
2026-03-07 02:55:00+00:00,9.999999717180685e-10,6.402833605534397e-07
2026-03-07 02:56:00+00:00,9.999999717180685e-10,6.441420055125491e-07
2026-03-07 02:57:00+00:00,9.999999717180685e-10,6.478248906205408e-07
2026-03-07 02:58:00+00:00,9.999999717180685e-10,6.477034162344353e-07
2026-03-07 02:59:00+00:00,9.999999717180685e-10,6.462825012931717e-07
2026-03-07 03:00:00+00:00,9.999999717180685e-10,6.43805549316312e-07
2026-03-07 03:01:00+00:00,9.999999717180685e-10,6.426868139897124e-07
2026-03-07 03:02:00+00:00,9.999999717180685e-10,6.420157205866417e-07
2026-03-07 03:03:00+00:00,9.999999717180685e-10,6.405456360880635e-07
2026-03-07 03:04:00+00:00,9.999999717180685e-10,6.394320735125802e-07
2026-03-07 03:05:00+00:00,9.999999717180685e-10,6.432775876419328e-07
2026-03-07 03:06:00+00:00,2.8060762602422074e-09,6.717132237099577e-07
2026-03-07 03:07:00+00:00,6.7513443724465105e-09,7.345232688749093e-07
2026-03-07 03:08:00+00:00,7.658739420435268e-09,7.562592827525805e-07
2026-03-07 03:09:00+00:00,8.176293420092406e-09,7.523605631831742e-07
2026-03-07 03:10:00+00:00,4.794014518694212e-09,7.305659437406575e-07
2026-03-07 03:11:00+00:00,4.1985361853846825e-09,7.094130296536605e-07
2026-03-07 03:12:00+00:00,2.6234971972627363e-09,6.937635816939292e-07
2026-03-07 03:13:00+00:00,1.0834179109409092e-09,6.869470894343976e-07
2026-03-07 03:14:00+00:00,1.8189010297930963e-09,6.791140094719594e-07
2026-03-07 03:15:00+00:00,1.8711712179708684e-09,6.773832978979044e-07
2026-03-07 03:16:00+00:00,1.298497642743257e-09,6.719676548527787e-07
2026-03-07 03:17:00+00:00,2.3425754669403887e-09,6.683554261144309e-07
2026-03-07 03:18:00+00:00,2.2222137463501213e-09,6.662858709205466e-07
2026-03-07 03:19:00+00:00,2.0863804017778875e-09,6.657362519035814e-07
2026-03-07 03:20:00+00:00,1.7440375810195974e-09,6.627840889450454e-07
2026-03-07 03:21:00+00:00,1.3977488055871845e-09,6.591441206182935e-07
2026-03-07 03:22:00+00:00,9.999999717180685e-10,6.585507321688056e-07
2026-03-07 03:23:00+00:00,2.5096533740054383e-09,6.592891850232263e-07
2026-03-07 03:24:00+00:00,2.4904509565715216e-09,6.586826089005626e-07
2026-03-07 03:25:00+00:00,9.999999717180685e-10,6.575558586519037e-07
2026-03-07 03:26:00+00:00,1.8292517500739791e-09,6.616453447350068e-07
2026-03-07 03:27:00+00:00,1.5380776652307304e-09,6.638691729676793e-07
2026-03-07 03:28:00+00:00,1.650721670465316e-09,6.621315833399422e-07
2026-03-07 03:29:00+00:00,9.999999717180685e-10,6.577766384907591e-07
2026-03-07 03:30:00+00:00,1.8495353026892758e-09,6.554826086357934e-07
2026-03-07 03:31:00+00:00,9.999999717180685e-10,6.537682679663703e-07
2026-03-07 03:32:00+00:00,9.999999717180685e-10,6.547219300045981e-07
2026-03-07 03:33:00+00:00,9.999999717180685e-10,6.57609632526146e-07
2026-03-07 03:34:00+00:00,9.999999717180685e-10,6.59641727907001e-07
2026-03-07 03:35:00+00:00,2.074330263113211e-09,6.591294550162274e-07
2026-03-07 03:36:00+00:00,1.844755681545962e-09,6.600629376407596e-07
2026-03-07 03:37:00+00:00,2.776130658688203e-09,6.611904268538638e-07
2026-03-07 03:38:00+00:00,4.12360989798799e-09,6.649952979387308e-07
2026-03-07 03:39:00+00:00,4.2967207569688526e-09,6.65475056393916e-07
2026-03-07 03:40:00+00:00,2.176859803526554e-09,6.64021627017064e-07
2026-03-07 03:41:00+00:00,9.999999717180685e-10,6.610259219996806e-07
2026-03-07 03:42:00+00:00,1.4503709344637628e-09,6.614370136048819e-07
2026-03-07 03:43:00+00:00,9.999999717180685e-10,6.585987080143241e-07
2026-03-07 03:44:00+00:00,1.4938105197259688e-09,6.579518867511069e-07
2026-03-07 03:45:00+00:00,9.999999717180685e-10,6.62247202853905e-07
2026-03-07 03:46:00+00:00,3.862724362591052e-09,6.958821927582903e-07
2026-03-07 03:47:00+00:00,4.248239093840311e-09,7.298763762264571e-07
2026-03-07 03:48:00+00:00,3.1897664509727974e-09,7.173880476329941e-07
2026-03-07 03:49:00+00:00,3.0365741032767346e-09,6.968810453145124e-07
2026-03-07 03:50:00+00:00,2.1689858797913075e-09,6.892909709677042e-07
2026-03-07 03:51:00+00:00,2.6774311656652117e-09,6.873513598293357e-07
2026-03-07 03:52:00+00:00,3.903166234664468e-09,6.723081469317549e-07
2026-03-07 03:53:00+00:00,2.5353086297030814e-09,6.57093437439471e-07
2026-03-07 03:54:00+00:00,1.77617287544507e-09,6.487073846983549e-07
2026-03-07 03:55:00+00:00,2.2050221648584056e-09,6.452627872022276e-07
2026-03-07 03:56:00+00:00,9.999999717180685e-10,6.412769266717078e-07
2026-03-07 03:57:00+00:00,1.3602269310908355e-09,6.399972676263133e-07
2026-03-07 03:58:00+00:00,1.5117131990649568e-09,6.37217510757182e-07
2026-03-07 03:59:00+00:00,2.56758170280591e-09,6.389247459992475e-07
2026-03-07 04:00:00+00:00,2.8493036818844075e-09,6.396334697456041e-07
2026-03-07 04:01:00+00:00,1.688865713944665e-09,6.409212573998957e-07
2026-03-07 04:02:00+00:00,9.999999717180685e-10,6.366038860505796e-07
2026-03-07 04:03:00+00:00,1.491575307710491e-09,6.347498811010155e-07
2026-03-07 04:04:00+00:00,9.999999717180685e-10,6.334956879072706e-07
2026-03-07 04:05:00+00:00,9.999999717180685e-10,6.31168575182528e-07
2026-03-07 04:06:00+00:00,1.7608920988010368e-09,6.295883849816164e-07
2026-03-07 04:07:00+00:00,9.999999717180685e-10,6.295963430602569e-07
2026-03-07 04:08:00+00:00,1.0821827878260137e-09,6.289531597758469e-07
2026-03-07 04:09:00+00:00,9.999999717180685e-10,6.269723371588043e-07
2026-03-07 04:10:00+00:00,2.4080655247615823e-09,6.256796041270718e-07
2026-03-07 04:11:00+00:00,9.999999717180685e-10,6.251684681046754e-07
2026-03-07 04:12:00+00:00,9.999999717180685e-10,6.226495088412776e-07
2026-03-07 04:13:00+00:00,9.999999717180685e-10,6.236038530005317e-07
2026-03-07 04:14:00+00:00,9.999999717180685e-10,6.229439009075577e-07
2026-03-07 04:15:00+00:00,9.999999717180685e-10,6.243363941393909e-07
2026-03-07 04:16:00+00:00,9.999999717180685e-10,6.235094360818039e-07
2026-03-07 04:17:00+00:00,9.999999717180685e-10,6.210533456396661e-07
2026-03-07 04:18:00+00:00,9.999999717180685e-10,6.227230073818646e-07
2026-03-07 04:19:00+00:00,9.999999717180685e-10,6.187989924910653e-07
2026-03-07 04:20:00+00:00,9.999999717180685e-10,6.18617775671737e-07
2026-03-07 04:21:00+00:00,9.999999717180685e-10,6.191085617501813e-07
2026-03-07 04:22:00+00:00,9.999999717180685e-10,6.176147735459381e-07
2026-03-07 04:23:00+00:00,9.999999717180685e-10,6.177074283186812e-07
2026-03-07 04:24:00+00:00,9.999999717180685e-10,6.178182729854598e-07
2026-03-07 04:25:00+00:00,9.999999717180685e-10,6.156642484711483e-07
2026-03-07 04:26:00+00:00,9.999999717180685e-10,6.176481406328094e-07
2026-03-07 04:27:00+00:00,9.999999717180685e-10,6.148614488665771e-07
2026-03-07 04:28:00+00:00,1.874185029393516e-09,6.157223992886429e-07
2026-03-07 04:29:00+00:00,2.7179960504497558e-09,6.180267178024224e-07
2026-03-07 04:30:00+00:00,9.999999717180685e-10,6.162353543004429e-07
2026-03-07 04:31:00+00:00,9.999999717180685e-10,6.123548246250721e-07
2026-03-07 04:32:00+00:00,9.999999717180685e-10,6.108838306317921e-07
2026-03-07 04:33:00+00:00,9.999999717180685e-10,6.131396048658644e-07
2026-03-07 04:34:00+00:00,9.999999717180685e-10,6.134718546491058e-07
2026-03-07 04:35:00+00:00,9.999999717180685e-10,6.104533554207592e-07
2026-03-07 04:36:00+00:00,9.999999717180685e-10,6.116722488513915e-07
2026-03-07 04:37:00+00:00,9.999999717180685e-10,6.137028094599373e-07
2026-03-07 04:38:00+00:00,9.999999717180685e-10,6.151976208457199e-07
2026-03-07 04:39:00+00:00,9.999999717180685e-10,6.213850838321378e-07
2026-03-07 04:40:00+00:00,9.999999717180685e-10,6.302637984845205e-07
2026-03-07 04:41:00+00:00,9.999999717180685e-10,6.399282597158162e-07
2026-03-07 04:42:00+00:00,1.1916150288726612e-09,6.617760845983867e-07
2026-03-07 04:43:00+00:00,1.867768606444997e-09,6.804618237765681e-07
2026-03-07 04:44:00+00:00,2.854944280983318e-09,6.851759621895326e-07
2026-03-07 04:45:00+00:00,3.1173166270548336e-09,6.897379307702067e-07
2026-03-07 04:46:00+00:00,2.3463218035146838e-09,6.915242352079076e-07
2026-03-07 04:47:00+00:00,3.1104272490978246e-09,6.950366469027358e-07
2026-03-07 04:48:00+00:00,2.979820834525526e-09,6.956014431125368e-07
2026-03-07 04:49:00+00:00,2.3909279001088635e-09,6.86872226651758e-07
2026-03-07 04:50:00+00:00,1.2554864925462539e-09,6.747071097379376e-07
2026-03-07 04:51:00+00:00,9.999999717180685e-10,6.621834245379432e-07
2026-03-07 04:52:00+00:00,9.999999717180685e-10,6.533052214763302e-07
2026-03-07 04:53:00+00:00,9.999999717180685e-10,6.441761684072844e-07
2026-03-07 04:54:00+00:00,9.999999717180685e-10,6.376475880642829e-07
2026-03-07 04:55:00+00:00,9.999999717180685e-10,6.316285521279497e-07
2026-03-07 04:56:00+00:00,9.999999717180685e-10,6.24486233391508e-07
2026-03-07 04:57:00+00:00,9.999999717180685e-10,6.187891585796024e-07
2026-03-07 04:58:00+00:00,9.999999717180685e-10,6.148934517113958e-07
2026-03-07 04:59:00+00:00,9.999999717180685e-10,6.106685646045662e-07
2026-03-07 05:00:00+00:00,9.999999717180685e-10,6.075060241528263e-07
2026-03-07 05:01:00+00:00,9.999999717180685e-10,6.071257985240663e-07
2026-03-07 05:02:00+00:00,9.999999717180685e-10,6.037840307726583e-07
2026-03-07 05:03:00+00:00,9.999999717180685e-10,6.034867965354351e-07
2026-03-07 05:04:00+00:00,9.999999717180685e-10,6.039875870555989e-07
2026-03-07 05:05:00+00:00,9.999999717180685e-10,6.024823733241647e-07
2026-03-07 05:06:00+00:00,9.999999717180685e-10,6.027987637935439e-07
2026-03-07 05:07:00+00:00,9.999999717180685e-10,6.019110969646135e-07
2026-03-07 05:08:00+00:00,9.999999717180685e-10,6.005381010254496e-07
2026-03-07 05:09:00+00:00,9.999999717180685e-10,6.010897095620749e-07
2026-03-07 05:10:00+00:00,9.999999717180685e-10,6.009018420627399e-07
2026-03-07 05:11:00+00:00,9.999999717180685e-10,6.08321272466128e-07
2026-03-07 05:12:00+00:00,9.999999717180685e-10,6.133762440185819e-07
2026-03-07 05:13:00+00:00,9.999999717180685e-10,6.323917318695749e-07
2026-03-07 05:14:00+00:00,1.5405930975376236e-09,6.456303935920005e-07
2026-03-07 05:15:00+00:00,3.821898797440326e-09,6.872823519188387e-07
2026-03-07 05:16:00+00:00,7.567644288997144e-09,7.183135721788858e-07
2026-03-07 05:17:00+00:00,5.0700879050680214e-09,7.084124149514537e-07
2026-03-07 05:18:00+00:00,1.5207931580718537e-09,6.758763220204855e-07
2026-03-07 05:19:00+00:00,1.0362515290296415e-09,6.486443453468382e-07
2026-03-07 05:20:00+00:00,9.999999717180685e-10,6.339146807476936e-07
2026-03-07 05:21:00+00:00,9.999999717180685e-10,6.233498766050616e-07
2026-03-07 05:22:00+00:00,9.999999717180685e-10,6.156272434054699e-07
2026-03-07 05:23:00+00:00,9.999999717180685e-10,6.078225851524621e-07
2026-03-07 05:24:00+00:00,2.227462436721339e-09,5.996064942337398e-07
2026-03-07 05:25:00+00:00,1.028205742770183e-09,5.967281140328851e-07
2026-03-07 05:26:00+00:00,9.999999717180685e-10,5.939673428656533e-07
2026-03-07 05:27:00+00:00,1.518307368719718e-09,5.925647883486818e-07
2026-03-07 05:28:00+00:00,9.999999717180685e-10,5.922556169934978e-07
2026-03-07 05:29:00+00:00,9.999999717180685e-10,5.919043815083569e-07
2026-03-07 05:30:00+00:00,3.0049329691195226e-09,5.915575229664682e-07
2026-03-07 05:31:00+00:00,1.3441581181439233e-09,5.897173309676873e-07
2026-03-07 05:32:00+00:00,9.999999717180685e-10,5.889908720746462e-07
2026-03-07 05:33:00+00:00,9.999999717180685e-10,5.867194090569683e-07
2026-03-07 05:34:00+00:00,1.4694413463800515e-09,5.844952397637826e-07
2026-03-07 05:35:00+00:00,9.999999717180685e-10,5.843243116032681e-07
2026-03-07 05:36:00+00:00,9.999999717180685e-10,5.83479845772672e-07
2026-03-07 05:37:00+00:00,9.999999717180685e-10,5.814781047774886e-07
2026-03-07 05:38:00+00:00,9.999999717180685e-10,5.80151549911534e-07
2026-03-07 05:39:00+00:00,1.0842333697524964e-09,5.81166773372388e-07
2026-03-07 05:40:00+00:00,1.7950221309348535e-09,5.822479351991205e-07
2026-03-07 05:41:00+00:00,1.3128694797970297e-09,5.849821036463254e-07
2026-03-07 05:42:00+00:00,9.999999717180685e-10,5.871917210242827e-07
2026-03-07 05:43:00+00:00,1.0024265861829917e-09,5.875648980691039e-07
2026-03-07 05:44:00+00:00,9.999999717180685e-10,5.9141223118786e-07
2026-03-07 05:45:00+00:00,1.393924864423468e-09,5.907564855078817e-07
2026-03-07 05:46:00+00:00,9.999999717180685e-10,5.928773703089973e-07
2026-03-07 05:47:00+00:00,1.250301417954347e-09,6.041670417289424e-07
2026-03-07 05:48:00+00:00,1.5051191404324982e-09,6.162121053421288e-07
2026-03-07 05:49:00+00:00,9.999999717180685e-10,6.136745014373446e-07
2026-03-07 05:50:00+00:00,1.2670383631174786e-09,6.092445801186841e-07
2026-03-07 05:51:00+00:00,9.999999717180685e-10,6.047906140338455e-07
2026-03-07 05:52:00+00:00,9.999999717180685e-10,6.050881893315818e-07
2026-03-07 05:53:00+00:00,9.999999717180685e-10,6.042092195457371e-07
2026-03-07 05:54:00+00:00,9.999999717180685e-10,6.049946250641369e-07
2026-03-07 05:55:00+00:00,9.999999717180685e-10,6.064976787456544e-07
2026-03-07 05:56:00+00:00,9.999999717180685e-10,6.063486921448202e-07
2026-03-07 05:57:00+00:00,9.999999717180685e-10,6.092811304370116e-07
2026-03-07 05:58:00+00:00,9.999999717180685e-10,6.119274758020765e-07
2026-03-07 05:59:00+00:00,9.999999717180685e-10,6.117595034993428e-07
2026-03-07 06:00:00+00:00,2.0083210650057026e-09,6.103616669861367e-07
2026-03-07 06:01:00+00:00,9.999999717180685e-10,6.098127300901979e-07
2026-03-07 06:02:00+00:00,1.7333491308946236e-09,6.108490424594493e-07
2026-03-07 06:03:00+00:00,1.0291403285123124e-09,6.106497494329233e-07
2026-03-07 06:04:00+00:00,1.6405632408122983e-09,6.103783789512818e-07
2026-03-07 06:05:00+00:00,2.1416688422704055e-09,6.080784373807546e-07
2026-03-07 06:06:00+00:00,9.999999717180685e-10,6.061550834601803e-07
2026-03-07 06:07:00+00:00,9.999999717180685e-10,6.06336129749252e-07
2026-03-07 06:08:00+00:00,9.999999717180685e-10,6.055175845176564e-07
2026-03-07 06:09:00+00:00,1.5894184857145888e-09,6.045260647624673e-07
2026-03-07 06:10:00+00:00,1.4426665417843765e-09,6.068003699510882e-07
2026-03-07 06:11:00+00:00,2.772661877870064e-09,6.081656351852871e-07
2026-03-07 06:12:00+00:00,1.9875268097990784e-09,6.09180517585628e-07
2026-03-07 06:13:00+00:00,2.8309941058068944e-09,6.079808372305706e-07
2026-03-07 06:14:00+00:00,3.737567144668219e-09,6.062929855943366e-07
2026-03-07 06:15:00+00:00,2.4210133897639707e-09,6.073556164665206e-07
2026-03-07 06:16:00+00:00,9.999999717180685e-10,6.082042318666936e-07
2026-03-07 06:17:00+00:00,2.012280342356121e-09,6.097858999964956e-07
2026-03-07 06:18:00+00:00,1.7218274583896687e-09,6.108678007876733e-07
2026-03-07 06:19:00+00:00,1.7983567968116176e-09,6.134293926152168e-07
2026-03-07 06:20:00+00:00,3.1314444370877936e-09,6.160053089843132e-07
2026-03-07 06:21:00+00:00,4.380057205821686e-09,6.161296823847806e-07
2026-03-07 06:22:00+00:00,2.006503851958996e-09,6.148405304884363e-07
2026-03-07 06:23:00+00:00,2.0686539148329075e-09,6.108896855039347e-07
2026-03-07 06:24:00+00:00,2.7891782217182026e-09,6.081897367948841e-07
2026-03-07 06:25:00+00:00,3.5503926465452196e-09,6.071596772017074e-07
2026-03-07 06:26:00+00:00,4.139057097063414e-09,6.042513973625319e-07
2026-03-07 06:27:00+00:00,3.4261402603874558e-09,6.037941489012155e-07
2026-03-07 06:28:00+00:00,2.4497579520499357e-09,6.00915257109591e-07
2026-03-07 06:29:00+00:00,2.532347664896406e-09,5.979203479000716e-07
2026-03-07 06:30:00+00:00,2.626056927468312e-09,5.954834705335088e-07
2026-03-07 06:31:00+00:00,3.07328429371978e-09,5.943444421063759e-07
2026-03-07 06:32:00+00:00,2.716846081440849e-09,5.927153097218252e-07
2026-03-07 06:33:00+00:00,1.6337278196942862e-09,5.936167895015387e-07
2026-03-07 06:34:00+00:00,3.5566651845897468e-09,5.960614544164855e-07
2026-03-07 06:35:00+00:00,2.501912232943937e-09,5.959690838608367e-07
2026-03-07 06:36:00+00:00,3.163511674841857e-09,5.930992301728111e-07
2026-03-07 06:37:00+00:00,2.8634814519534757e-09,5.969853873466491e-07
2026-03-07 06:38:00+00:00,3.5885199256568967e-09,5.960256999060221e-07
2026-03-07 06:39:00+00:00,2.6240158934598412e-09,5.94575169543532e-07
2026-03-07 06:40:00+00:00,2.219566086480995e-09,5.988874818285694e-07
2026-03-07 06:41:00+00:00,3.171146456537599e-09,6.038329729562975e-07
2026-03-07 06:42:00+00:00,2.6819777509956566e-09,6.034332500348683e-07
2026-03-07 06:43:00+00:00,2.075994487427124e-09,6.023263381393917e-07
2026-03-07 06:44:00+00:00,3.34405525492798e-09,5.995452170282078e-07
2026-03-07 06:45:00+00:00,2.9054809669304404e-09,6.003714361213497e-07
2026-03-07 06:46:00+00:00,1.430249141343154e-09,5.967467586742714e-07
2026-03-07 06:47:00+00:00,1.6474748232297998e-09,5.944227154941473e-07
2026-03-07 06:48:00+00:00,2.2712292047089022e-09,5.925912773818709e-07
2026-03-07 06:49:00+00:00,1.1600277405321435e-09,5.87784597883001e-07
2026-03-07 06:50:00+00:00,3.267530912509642e-09,5.845943746862758e-07
2026-03-07 06:51:00+00:00,2.62943955497974e-09,5.789211172668729e-07
2026-03-07 06:52:00+00:00,9.999999717180685e-10,5.772951681137783e-07
2026-03-07 06:53:00+00:00,1.5853165447055062e-09,5.757563599217974e-07
2026-03-07 06:54:00+00:00,9.999999717180685e-10,5.738812092204171e-07
2026-03-07 06:55:00+00:00,9.999999717180685e-10,5.740542974308482e-07
2026-03-07 06:56:00+00:00,1.4609369269891204e-09,5.751422804678441e-07
2026-03-07 06:57:00+00:00,9.999999717180685e-10,5.754291123594157e-07
2026-03-07 06:58:00+00:00,1.8646013622003466e-09,5.748245257564122e-07
2026-03-07 06:59:00+00:00,2.2395074683601024e-09,5.708046728614136e-07
2026-03-07 07:00:00+00:00,1.750178446613404e-09,5.706730803467508e-07
2026-03-07 07:01:00+00:00,1.6570931293813373e-09,5.677291596839495e-07
2026-03-07 07:02:00+00:00,1.5647584339362197e-09,5.65441609978734e-07
2026-03-07 07:03:00+00:00,1.231927782008313e-09,5.657968813466141e-07
2026-03-07 07:04:00+00:00,1.5015306775723047e-09,5.65824677778437e-07
2026-03-07 07:05:00+00:00,1.3582898139574695e-09,5.663359274876711e-07
2026-03-07 07:06:00+00:00,1.2821377293192882e-09,5.690038165084843e-07
2026-03-07 07:07:00+00:00,2.499853435367072e-09,5.765277819591574e-07
2026-03-07 07:08:00+00:00,2.3917041680476814e-09,5.733297143706295e-07
2026-03-07 07:09:00+00:00,1.5554199039868877e-09,5.661612476615119e-07
2026-03-07 07:10:00+00:00,1.316997289002586e-09,5.635972684103763e-07
2026-03-07 07:11:00+00:00,2.8766999893292677e-09,5.648727210427751e-07
2026-03-07 07:12:00+00:00,3.783462876327803e-09,5.60983323794062e-07
2026-03-07 07:13:00+00:00,2.3580033481351848e-09,5.596291998699598e-07
2026-03-07 07:14:00+00:00,2.162205303690712e-09,5.606274839919934e-07
2026-03-07 07:15:00+00:00,1.5781715934082285e-09,5.588472618001106e-07
2026-03-07 07:16:00+00:00,1.6404806402192662e-09,5.57659518563014e-07
2026-03-07 07:17:00+00:00,9.999999717180685e-10,5.557201916417398e-07
2026-03-07 07:18:00+00:00,1.5514082241097071e-09,5.549140382754558e-07
2026-03-07 07:19:00+00:00,2.425993850252439e-09,5.522761057363823e-07
2026-03-07 07:20:00+00:00,9.999999717180685e-10,5.514978056453401e-07
2026-03-07 07:21:00+00:00,1.1931003962573072e-09,5.511100198418717e-07
2026-03-07 07:22:00+00:00,9.999999717180685e-10,5.479557785292855e-07
2026-03-07 07:23:00+00:00,1.639115732032792e-09,5.487203793563822e-07
2026-03-07 07:24:00+00:00,1.3637743156991178e-09,5.483574909703748e-07
2026-03-07 07:25:00+00:00,1.2936779425487543e-09,5.482925757860357e-07
2026-03-07 07:26:00+00:00,2.6920750073600175e-09,5.446291311272944e-07
2026-03-07 07:27:00+00:00,4.589351565442712e-09,5.445122042146977e-07
2026-03-07 07:28:00+00:00,2.121591791137689e-09,5.445550073090999e-07
2026-03-07 07:29:00+00:00,1.888593947896311e-09,5.469757411447063e-07
2026-03-07 07:30:00+00:00,1.68798452993002e-09,5.489587238116655e-07
2026-03-07 07:31:00+00:00,1.519372183622636e-09,5.500527890944795e-07
2026-03-07 07:32:00+00:00,1.3883408866988134e-09,5.486744498739426e-07
2026-03-07 07:33:00+00:00,1.730636522978557e-09,5.506777824848541e-07
2026-03-07 07:34:00+00:00,3.1862570359919573e-09,5.510474920811248e-07
2026-03-07 07:35:00+00:00,9.999999717180685e-10,5.526067639038956e-07
2026-03-07 07:36:00+00:00,2.376202790088655e-09,5.595073844233411e-07
2026-03-07 07:37:00+00:00,1.4686574179023637e-09,5.647415264320443e-07
2026-03-07 07:38:00+00:00,3.2050988529874758e-09,5.702793828277208e-07
2026-03-07 07:39:00+00:00,1.9362800252054058e-09,5.729606300519663e-07
2026-03-07 07:40:00+00:00,1.299174545721371e-09,5.752386300628132e-07
2026-03-07 07:41:00+00:00,9.999999717180685e-10,5.741329687225516e-07
2026-03-07 07:42:00+00:00,1.772701652136277e-09,5.651701826536737e-07
2026-03-07 07:43:00+00:00,1.1274450262277469e-09,5.638813718178426e-07
2026-03-07 07:44:00+00:00,1.1902167029731459e-09,5.662848820975341e-07
2026-03-07 07:45:00+00:00,2.6398603303334767e-09,5.702065664081601e-07
2026-03-07 07:46:00+00:00,2.8849518329820967e-09,5.731953365284426e-07
2026-03-07 07:47:00+00:00,1.933012416799329e-09,5.730250904889544e-07
2026-03-07 07:48:00+00:00,2.5384716551002384e-09,5.745362159359502e-07
2026-03-07 07:49:00+00:00,4.042214118982201e-09,5.790657837678737e-07
2026-03-07 07:50:00+00:00,2.6179964862649285e-09,5.802858140668832e-07
2026-03-07 07:51:00+00:00,3.6856855345490658e-09,5.810518928228703e-07
2026-03-07 07:52:00+00:00,3.7625489390791245e-09,5.815235795125773e-07
2026-03-07 07:53:00+00:00,3.6851679485749855e-09,5.828461553392117e-07
2026-03-07 07:54:00+00:00,2.4578390434015773e-09,5.865135221938544e-07
2026-03-07 07:55:00+00:00,1.9893915403912388e-09,5.861030558662605e-07
2026-03-07 07:56:00+00:00,1.7141992270097717e-09,5.823520723424735e-07
2026-03-07 07:57:00+00:00,1.846886532597125e-09,5.800952180834429e-07
2026-03-07 07:58:00+00:00,2.0953756507680055e-09,5.755094321102661e-07
2026-03-07 07:59:00+00:00,1.1743435113231726e-09,5.756926384492544e-07
2026-03-07 08:00:00+00:00,1.1074121619714106e-09,5.744329882872989e-07
2026-03-07 08:01:00+00:00,1.1961301948915093e-09,5.735420245400746e-07
2026-03-07 08:02:00+00:00,2.3353039502183037e-09,5.717298563467921e-07
2026-03-07 08:03:00+00:00,9.999999717180685e-10,5.734219712394406e-07
2026-03-07 08:04:00+00:00,1.6513121980921142e-09,5.7044309187404e-07
2026-03-07 08:05:00+00:00,2.4903621387295516e-09,5.699253620150557e-07
2026-03-07 08:06:00+00:00,3.052895047872539e-09,5.725945015910838e-07
2026-03-07 08:07:00+00:00,2.401105536620207e-09,5.751898584094306e-07
2026-03-07 08:08:00+00:00,1.49614687305899e-09,5.784035010947264e-07
2026-03-07 08:09:00+00:00,1.3181549185503627e-09,5.897528012610564e-07
2026-03-07 08:10:00+00:00,1.3571339607665323e-09,5.971417635919352e-07
2026-03-07 08:11:00+00:00,2.7638424882070467e-09,5.887696374884399e-07
2026-03-07 08:12:00+00:00,2.072124249963281e-09,5.814905534862191e-07
2026-03-07 08:13:00+00:00,9.999999717180685e-10,5.772326971964503e-07
2026-03-07 08:14:00+00:00,9.999999717180685e-10,5.728685437134118e-07
2026-03-07 08:15:00+00:00,1.1612638628477612e-09,5.708977255380887e-07
2026-03-07 08:16:00+00:00,1.232025259589875e-09,5.741565587413788e-07
2026-03-07 08:17:00+00:00,1.9066503931242096e-09,5.753590244239604e-07
2026-03-07 08:18:00+00:00,1.8562006376399154e-09,5.74772343497898e-07
2026-03-07 08:19:00+00:00,1.8634815912577096e-09,5.713924338124343e-07
2026-03-07 08:20:00+00:00,2.4752684346651677e-09,5.681547463609604e-07
2026-03-07 08:21:00+00:00,2.035332125061018e-09,5.687252269126475e-07
2026-03-07 08:22:00+00:00,2.53797804994349e-09,5.749158731305215e-07
2026-03-07 08:23:00+00:00,9.999999717180685e-10,5.853378297615563e-07
2026-03-07 08:24:00+00:00,9.999999717180685e-10,5.673916234627541e-07
2026-03-07 08:25:00+00:00,9.999999717180685e-10,5.664223863277584e-07
2026-03-07 08:26:00+00:00,9.999999717180685e-10,5.645364922202134e-07
2026-03-07 08:27:00+00:00,9.999999717180685e-10,5.626720849249978e-07
2026-03-07 08:28:00+00:00,1.6918432210744072e-09,5.642079941026168e-07
2026-03-07 08:29:00+00:00,1.962008333578069e-09,5.622671892524522e-07
2026-03-07 08:30:00+00:00,1.3820027344735308e-09,5.654795813825331e-07
2026-03-07 08:31:00+00:00,3.2112095205150126e-09,5.651791070704348e-07
2026-03-07 08:32:00+00:00,3.2024098928218336e-09,5.670149221259635e-07
2026-03-07 08:33:00+00:00,2.064689530456576e-09,5.661095769937674e-07
2026-03-07 08:34:00+00:00,2.2440127533940313e-09,5.676285468325659e-07
2026-03-07 08:35:00+00:00,2.412677835295085e-09,5.701777467947977e-07
2026-03-07 08:36:00+00:00,1.7413114283826303e-09,5.732765657739947e-07
2026-03-07 08:37:00+00:00,9.999999717180685e-10,5.740020014854963e-07
2026-03-07 08:38:00+00:00,9.999999717180685e-10,5.745916382693395e-07
2026-03-07 08:39:00+00:00,1.3356680206300098e-09,5.744316240452463e-07
2026-03-07 08:40:00+00:00,2.277814159512559e-09,5.778122726951551e-07
2026-03-07 08:41:00+00:00,1.3937661025309467e-09,5.796876507702109e-07
2026-03-07 08:42:00+00:00,1.1578762393327224e-09,5.794795470137615e-07
2026-03-07 08:43:00+00:00,1.2374183899765967e-09,5.768661708316358e-07
2026-03-07 08:44:00+00:00,3.9428917908423955e-09,5.820641604259436e-07
2026-03-07 08:45:00+00:00,3.3258007459124883e-09,5.770056645815203e-07
2026-03-07 08:46:00+00:00,2.4375852447633406e-09,5.732406407332746e-07
2026-03-07 08:47:00+00:00,3.4331721909808266e-09,5.739498192269821e-07
2026-03-07 08:48:00+00:00,3.393950676056079e-09,5.672537781720166e-07
2026-03-07 08:49:00+00:00,9.999999717180685e-10,3.6368621181281924e-07
2026-03-07 08:50:00+00:00,9.999999717180685e-10,7.868374751751617e-08
2026-03-07 08:51:00+00:00,9.999999717180685e-10,1.5256732766033565e-08
2026-03-07 08:52:00+00:00,9.999999717180685e-10,1.1732419480381395e-08
2026-03-07 08:53:00+00:00,0.0,0.0
2026-03-07 08:54:00+00:00,0.0,0.0
2026-03-07 08:55:00+00:00,0.0,0.0
2026-03-07 08:56:00+00:00,0.0,0.0
2026-03-07 08:57:00+00:00,0.0,0.0
2026-03-07 08:58:00+00:00,0.0,0.0
2026-03-07 08:59:00+00:00,0.0,0.0
2026-03-07 09:00:00+00:00,0.0,0.0
2026-03-07 09:01:00+00:00,0.0,0.0
2026-03-07 09:02:00+00:00,0.0,0.0
2026-03-07 09:03:00+00:00,0.0,0.0
2026-03-07 09:04:00+00:00,0.0,0.0
2026-03-07 09:05:00+00:00,0.0,0.0
2026-03-07 09:06:00+00:00,0.0,0.0
2026-03-07 09:07:00+00:00,0.0,0.0
2026-03-07 09:08:00+00:00,0.0,0.0
2026-03-07 09:09:00+00:00,0.0,0.0
2026-03-07 09:10:00+00:00,0.0,0.0
2026-03-07 09:11:00+00:00,0.0,0.0
2026-03-07 09:12:00+00:00,0.0,0.0
2026-03-07 09:13:00+00:00,0.0,0.0
2026-03-07 09:14:00+00:00,0.0,0.0
2026-03-07 09:15:00+00:00,0.0,0.0
2026-03-07 09:16:00+00:00,0.0,0.0
2026-03-07 09:17:00+00:00,0.0,0.0
2026-03-07 09:18:00+00:00,0.0,0.0
2026-03-07 09:19:00+00:00,0.0,0.0
2026-03-07 09:20:00+00:00,0.0,0.0
2026-03-07 09:21:00+00:00,0.0,0.0
2026-03-07 09:22:00+00:00,0.0,0.0
2026-03-07 09:23:00+00:00,0.0,0.0
2026-03-07 09:24:00+00:00,0.0,0.0
2026-03-07 09:25:00+00:00,0.0,0.0
2026-03-07 09:26:00+00:00,0.0,0.0
2026-03-07 09:27:00+00:00,0.0,0.0
2026-03-07 09:28:00+00:00,0.0,0.0
2026-03-07 09:29:00+00:00,0.0,0.0
2026-03-07 09:30:00+00:00,0.0,0.0
2026-03-07 09:31:00+00:00,0.0,0.0
2026-03-07 09:32:00+00:00,0.0,0.0
2026-03-07 09:33:00+00:00,0.0,0.0
2026-03-07 09:34:00+00:00,0.0,0.0
2026-03-07 09:35:00+00:00,0.0,0.0
2026-03-07 09:36:00+00:00,0.0,0.0
2026-03-07 09:37:00+00:00,0.0,0.0
2026-03-07 09:38:00+00:00,0.0,0.0
2026-03-07 09:39:00+00:00,0.0,0.0
2026-03-07 09:40:00+00:00,0.0,0.0
2026-03-07 09:41:00+00:00,0.0,0.0
2026-03-07 09:42:00+00:00,0.0,0.0
2026-03-07 09:43:00+00:00,0.0,0.0
2026-03-07 09:44:00+00:00,0.0,0.0
2026-03-07 09:45:00+00:00,9.999999717180685e-10,6.9236163469099665e-09
2026-03-07 09:46:00+00:00,9.999999717180685e-10,4.9780165767288054e-08
2026-03-07 09:47:00+00:00,9.999999717180685e-10,2.9925007538622594e-07
2026-03-07 09:48:00+00:00,3.519650348948744e-09,4.919641014566878e-07
2026-03-07 09:49:00+00:00,3.750000754365601e-09,5.910628715355415e-07
2026-03-07 09:50:00+00:00,3.973852358285512e-09,6.139944730421121e-07
2026-03-07 09:51:00+00:00,3.263413095311307e-09,6.168504569359357e-07
2026-03-07 09:52:00+00:00,2.2174622138493305e-09,6.117041948527913e-07
2026-03-07 09:53:00+00:00,2.6926134655269607e-09,6.068660809432913e-07
2026-03-07 09:54:00+00:00,3.164150719214831e-09,6.12771827945835e-07
2026-03-07 09:55:00+00:00,3.2692082374552456e-09,6.144369422145246e-07
2026-03-07 09:56:00+00:00,2.369263674140143e-09,6.070949325476249e-07
2026-03-07 09:57:00+00:00,2.1644950276566988e-09,6.08287393788487e-07
2026-03-07 09:58:00+00:00,2.42217068624484e-09,6.083919856791908e-07
2026-03-07 09:59:00+00:00,4.144230292268958e-09,6.167906576592941e-07
2026-03-07 10:00:00+00:00,3.948129378983367e-09,6.204072064974753e-07
2026-03-07 10:01:00+00:00,3.6624856480926837e-09,6.165391823742539e-07
2026-03-07 10:02:00+00:00,5.288462112673642e-09,6.178872240525379e-07
2026-03-07 10:03:00+00:00,5.545187420352704e-09,6.278556270444824e-07
2026-03-07 10:04:00+00:00,7.46351780378518e-09,6.500177960333531e-07
2026-03-07 10:05:00+00:00,7.47145456614362e-09,6.73967349484883e-07
2026-03-07 10:06:00+00:00,8.602810908087122e-09,7.039949991849426e-07
2026-03-07 10:07:00+00:00,9.403294143339735e-09,7.34760646992072e-07
2026-03-07 10:08:00+00:00,1.1657880882864902e-08,7.69261532695964e-07
2026-03-07 10:09:00+00:00,1.4785495494606948e-08,8.059049037001387e-07
2026-03-07 10:10:00+00:00,1.5165749545076324e-08,8.319786388710781e-07
2026-03-07 10:11:00+00:00,1.732206023064009e-08,8.52743255563837e-07
2026-03-07 10:12:00+00:00,1.9990709532180517e-08,8.825800819067808e-07
2026-03-07 10:13:00+00:00,2.080565408846269e-08,9.174434580927482e-07
2026-03-07 10:14:00+00:00,2.2546061018147157e-08,9.43987913615274e-07
2026-03-07 10:15:00+00:00,2.3390805736767106e-08,9.632988167140866e-07
2026-03-07 10:16:00+00:00,2.3604599164173123e-08,9.838521464189398e-07
2026-03-07 10:17:00+00:00,2.3807393390029574e-08,9.981473567677313e-07
2026-03-07 10:18:00+00:00,2.3809286986420375e-08,1.0025727306128829e-06
2026-03-07 10:19:00+00:00,2.0667997091550205e-08,1.0050760010926751e-06
2026-03-07 10:20:00+00:00,2.0026162061981267e-08,1.0063374702440342e-06
2026-03-07 10:21:00+00:00,2.0160049629680543e-08,9.973169881050126e-07
2026-03-07 10:22:00+00:00,1.7184417444582323e-08,9.81075913841778e-07
2026-03-07 10:23:00+00:00,1.7873510671506665e-08,9.646745411373558e-07
2026-03-07 10:24:00+00:00,1.6134951152935173e-08,9.55270706981537e-07
2026-03-07 10:25:00+00:00,1.5494634908463922e-08,9.497292694504722e-07
2026-03-07 10:26:00+00:00,1.6111284750763843e-08,9.440529993298696e-07
2026-03-07 10:27:00+00:00,1.460878795711551e-08,9.291617857343226e-07
2026-03-07 10:28:00+00:00,1.3521042951936124e-08,9.031268177750462e-07
2026-03-07 10:29:00+00:00,1.0744067857615391e-08,8.792314361016906e-07
2026-03-07 10:30:00+00:00,9.022572911021598e-09,8.564329618820921e-07
2026-03-07 10:31:00+00:00,9.603746242703437e-09,8.336447763213073e-07
2026-03-07 10:32:00+00:00,1.0602244415736095e-08,8.131320896609395e-07
2026-03-07 10:33:00+00:00,1.0311420162167906e-08,7.981067824402999e-07
2026-03-07 10:34:00+00:00,8.364851922237904e-09,7.884946171543561e-07
2026-03-07 10:35:00+00:00,9.398472222699183e-09,7.84764893069223e-07
2026-03-07 10:36:00+00:00,9.132463674177416e-09,7.773550123602035e-07
2026-03-07 10:37:00+00:00,7.665830636938153e-09,7.666187684662873e-07
2026-03-07 10:38:00+00:00,8.141447516152311e-09,7.542749926869874e-07
2026-03-07 10:39:00+00:00,7.109730582044449e-09,7.451130841218401e-07
2026-03-07 10:40:00+00:00,6.071003255669893e-09,7.359960250141739e-07
2026-03-07 10:41:00+00:00,7.168348581387818e-09,7.280116847141471e-07
2026-03-07 10:42:00+00:00,7.046940364574539e-09,7.20919786090235e-07
2026-03-07 10:43:00+00:00,5.5763860196123005e-09,7.115986591088586e-07
2026-03-07 10:44:00+00:00,4.770817962906904e-09,6.992484031798085e-07
2026-03-07 10:45:00+00:00,5.1414428270391e-09,6.901907454448519e-07
2026-03-07 10:46:00+00:00,4.466877090436583e-09,6.803023211432446e-07
2026-03-07 10:47:00+00:00,3.6481873078031413e-09,6.682655566692119e-07
2026-03-07 10:48:00+00:00,4.0005794232911285e-09,6.595180366275599e-07
2026-03-07 10:49:00+00:00,3.9909799909310095e-09,6.530792120429396e-07
2026-03-07 10:50:00+00:00,3.3262288479107838e-09,6.474784868260031e-07
2026-03-07 10:51:00+00:00,3.16052539695022e-09,6.393075864252751e-07
2026-03-07 10:52:00+00:00,3.825712191485309e-09,6.333194164653833e-07
2026-03-07 10:53:00+00:00,4.313712054226926e-09,6.313082963060879e-07
2026-03-07 10:54:00+00:00,3.8636245314194184e-09,6.300925292634929e-07
2026-03-07 10:55:00+00:00,3.378196833381253e-09,6.289266707426577e-07
2026-03-07 10:56:00+00:00,3.1370892550341978e-09,6.237886509552482e-07
2026-03-07 10:57:00+00:00,2.334533455439214e-09,6.235425757949997e-07
2026-03-07 10:58:00+00:00,3.398961556655422e-09,6.290924829954747e-07
2026-03-07 10:59:00+00:00,2.172778401643427e-09,6.341196012726869e-07
2026-03-07 11:00:00+00:00,3.578140672644281e-09,6.316953431451111e-07
2026-03-07 11:01:00+00:00,3.7081009374162477e-09,6.320411785054603e-07
2026-03-07 11:02:00+00:00,3.456285702085893e-09,6.334918225547881e-07
2026-03-07 11:03:00+00:00,3.6714220552624965e-09,6.319464205262193e-07
2026-03-07 11:04:00+00:00,4.002047582218893e-09,6.281503033278568e-07
2026-03-07 11:05:00+00:00,3.482105936924995e-09,6.252277557905472e-07
2026-03-07 11:06:00+00:00,3.4569587192834206e-09,6.289837983786128e-07
2026-03-07 11:07:00+00:00,4.91844653893736e-09,6.365928584273206e-07
2026-03-07 11:08:00+00:00,6.4680603095723654e-09,6.454400249822356e-07
2026-03-07 11:09:00+00:00,4.193212443937e-09,6.500250151475484e-07
2026-03-07 11:10:00+00:00,4.539138398484965e-09,6.51530456252658e-07
2026-03-07 11:11:00+00:00,4.931665742446967e-09,6.54855114134989e-07
2026-03-07 11:12:00+00:00,3.746343235633276e-09,6.622955197599367e-07
2026-03-07 11:13:00+00:00,5.439414252350616e-09,6.713220841447765e-07
2026-03-07 11:14:00+00:00,4.853502932888887e-09,6.817838880124327e-07
2026-03-07 11:15:00+00:00,6.386021933479924e-09,6.944928259144945e-07
2026-03-07 11:16:00+00:00,7.397207735237998e-09,7.011907996457012e-07
2026-03-07 11:17:00+00:00,6.342425695748943e-09,6.990089786995668e-07
2026-03-07 11:18:00+00:00,5.584963158611345e-09,6.939658874216548e-07
2026-03-07 11:19:00+00:00,5.83779780072291e-09,6.878811404931184e-07
2026-03-07 11:20:00+00:00,6.794166118595513e-09,6.854671710243565e-07
2026-03-07 11:21:00+00:00,5.176822082120225e-09,6.876838369862526e-07
2026-03-07 11:22:00+00:00,3.920169522331207e-09,6.848843554507766e-07
2026-03-07 11:23:00+00:00,4.275714005075315e-09,6.794011255806254e-07
2026-03-07 11:24:00+00:00,4.600899217166443e-09,6.729646884195972e-07
2026-03-07 11:25:00+00:00,3.3157983025944304e-09,6.669625349786656e-07
2026-03-07 11:26:00+00:00,3.908324774926086e-09,6.617636358896561e-07
2026-03-07 11:27:00+00:00,3.641642321028371e-09,6.558713607773825e-07
2026-03-07 11:28:00+00:00,2.9619069419339894e-09,6.4925251308523e-07
2026-03-07 11:29:00+00:00,4.1803622785607786e-09,6.451802505580417e-07
2026-03-07 11:30:00+00:00,2.9470117457464085e-09,6.410624564523459e-07
2026-03-07 11:31:00+00:00,2.605869520166948e-09,6.382795731951774e-07
2026-03-07 11:32:00+00:00,2.7742066421865275e-09,6.34148932476819e-07
2026-03-07 11:33:00+00:00,4.876796744213152e-09,6.367946525642765e-07
2026-03-07 11:34:00+00:00,6.288484843963715e-09,6.381273465194681e-07
2026-03-07 11:35:00+00:00,5.446811446319089e-09,6.358613404700009e-07
2026-03-07 11:36:00+00:00,5.9911342553675695e-09,6.344729399643256e-07
2026-03-07 11:37:00+00:00,4.931116404094382e-09,6.377190402417909e-07
2026-03-07 11:38:00+00:00,7.127063827994107e-09,6.486768029390078e-07
2026-03-07 11:39:00+00:00,6.033658905835182e-09,6.496337618955295e-07
2026-03-07 11:40:00+00:00,4.2952548184871375e-09,6.467990942837787e-07
2026-03-07 11:41:00+00:00,4.196213154727957e-09,6.4413796962981e-07
2026-03-07 11:42:00+00:00,2.0204138362345248e-09,6.389577151821868e-07
2026-03-07 11:43:00+00:00,2.8804465479481678e-09,6.319975227597752e-07
2026-03-07 11:44:00+00:00,2.2019246426197014e-09,6.259127758312388e-07
2026-03-07 11:45:00+00:00,2.527214881808959e-09,6.19457011907798e-07
2026-03-07 11:46:00+00:00,3.966742934125023e-09,6.178817670843273e-07
2026-03-07 11:47:00+00:00,3.2708611374943075e-09,6.107848093961366e-07
2026-03-07 11:48:00+00:00,3.0090590019682395e-09,6.045563054613012e-07
2026-03-07 11:49:00+00:00,4.4085450845443575e-09,6.029395080986433e-07
2026-03-07 11:50:00+00:00,3.4583447217073626e-09,6.017136229274911e-07
2026-03-07 11:51:00+00:00,2.05654693274937e-09,5.961799729448103e-07
2026-03-07 11:52:00+00:00,3.618167099261882e-09,5.960505404800642e-07
2026-03-07 11:53:00+00:00,3.2840978825277034e-09,5.927777806391532e-07
2026-03-07 11:54:00+00:00,2.2219526218947294e-09,5.895931849408953e-07
2026-03-07 11:55:00+00:00,2.347437577654432e-09,5.888925898034358e-07
2026-03-07 11:56:00+00:00,2.2346524630734166e-09,5.919409886701033e-07
2026-03-07 11:57:00+00:00,3.0500411085654378e-09,5.994490948069142e-07
2026-03-07 11:58:00+00:00,2.2863215765056566e-09,6.000790904181486e-07
2026-03-07 11:59:00+00:00,4.00060429228688e-09,5.982823836347961e-07
2026-03-07 12:00:00+00:00,2.1557498008917264e-09,5.965017635389813e-07
2026-03-07 12:01:00+00:00,2.150988276383714e-09,5.930985480517847e-07
2026-03-07 12:02:00+00:00,1.379659719802362e-09,5.906999263061152e-07
2026-03-07 12:03:00+00:00,2.7640496558234418e-09,5.87663294027152e-07
2026-03-07 12:04:00+00:00,1.2743079924604217e-09,5.847637112310622e-07
2026-03-07 12:05:00+00:00,2.918608688062818e-09,5.849265107826795e-07
2026-03-07 12:06:00+00:00,2.7110418354681087e-09,5.829417091263167e-07
2026-03-07 12:07:00+00:00,3.6689187243865717e-09,5.798100346510182e-07
2026-03-07 12:08:00+00:00,3.3781115682529617e-09,5.779715479548031e-07
2026-03-07 12:09:00+00:00,3.8333811680502095e-09,5.748626676904678e-07
2026-03-07 12:10:00+00:00,2.4400732545615256e-09,5.729263534703932e-07
2026-03-07 12:11:00+00:00,3.766032818930398e-09,5.721653906221036e-07
2026-03-07 12:12:00+00:00,2.70050914963349e-09,5.71493842471682e-07
2026-03-07 12:13:00+00:00,4.075959569860288e-09,5.7073549442066e-07
2026-03-07 12:14:00+00:00,2.733414161681935e-09,5.733916168537689e-07
2026-03-07 12:15:00+00:00,3.755227684365536e-09,5.75900685362285e-07
2026-03-07 12:16:00+00:00,4.717169321821757e-09,5.713786208616511e-07
2026-03-07 12:17:00+00:00,3.67849062321568e-09,5.703781198462821e-07
2026-03-07 12:18:00+00:00,5.725178997550984e-09,5.68638427012047e-07
2026-03-07 12:19:00+00:00,5.6297286832318605e-09,5.6887080290835e-07
2026-03-07 12:20:00+00:00,5.548633108531931e-09,5.669340907843434e-07
2026-03-07 12:21:00+00:00,3.848372731596328e-09,5.635000093207054e-07
2026-03-07 12:22:00+00:00,4.8809303265784365e-09,5.637808726532967e-07
2026-03-07 12:23:00+00:00,5.359942711891108e-09,5.632424517898471e-07
2026-03-07 12:24:00+00:00,4.952901644372787e-09,5.697655183212191e-07
2026-03-07 12:25:00+00:00,5.560162996687268e-09,5.902149382563948e-07
2026-03-07 12:26:00+00:00,7.808003132936392e-09,6.061884505470516e-07
2026-03-07 12:27:00+00:00,7.012147307250416e-09,6.103048804106948e-07
2026-03-07 12:28:00+00:00,7.67034258331023e-09,6.103158511905349e-07
2026-03-07 12:29:00+00:00,6.780615180446148e-09,6.103944656388194e-07
2026-03-07 12:30:00+00:00,6.7172862827646895e-09,6.050088359188521e-07
2026-03-07 12:31:00+00:00,6.378039429932869e-09,6.014907967255567e-07
2026-03-07 12:32:00+00:00,5.914603917744898e-09,5.95787639667833e-07
2026-03-07 12:33:00+00:00,4.857768409749497e-09,5.907888294132135e-07
2026-03-07 12:34:00+00:00,4.348203130888351e-09,5.863350907020504e-07
2026-03-07 12:35:00+00:00,4.734448832977023e-09,5.848910404893104e-07
2026-03-07 12:36:00+00:00,5.222657861736479e-09,5.854707296748529e-07
2026-03-07 12:37:00+00:00,4.736107950265023e-09,5.853165703229024e-07
2026-03-07 12:38:00+00:00,2.378599095465006e-09,5.811306209579925e-07
2026-03-07 12:39:00+00:00,2.811772370492349e-09,5.808008154417621e-07
2026-03-07 12:40:00+00:00,4.165030098590705e-09,5.776001330559666e-07
2026-03-07 12:41:00+00:00,3.794269343160295e-09,5.772811846327386e-07
2026-03-07 12:42:00+00:00,3.370640433431049e-09,5.767211632701219e-07
2026-03-07 12:43:00+00:00,3.0030673503489425e-09,5.76208208258322e-07
2026-03-07 12:44:00+00:00,4.127740371728805e-09,5.786262704532419e-07
2026-03-07 12:45:00+00:00,3.5295000255786135e-09,5.783974188489083e-07
2026-03-07 12:46:00+00:00,4.369059336539749e-09,5.755820211561513e-07
2026-03-07 12:47:00+00:00,3.311819041229569e-09,5.739663038184517e-07
2026-03-07 12:48:00+00:00,4.198007719224961e-09,5.70472479921591e-07
2026-03-07 12:49:00+00:00,6.534639940269926e-09,5.695737854694016e-07
2026-03-07 12:50:00+00:00,5.18361797929856e-09,5.692745048690995e-07
2026-03-07 12:51:00+00:00,5.4544178063054005e-09,5.681151264980144e-07
2026-03-07 12:52:00+00:00,6.328443546976814e-09,5.684408961315057e-07
2026-03-07 12:53:00+00:00,6.5051835029805716e-09,5.658253598994634e-07
2026-03-07 12:54:00+00:00,5.450092377401461e-09,5.673097689395945e-07
2026-03-07 12:55:00+00:00,5.1808779488737855e-09,5.6704902817728e-07
2026-03-07 12:56:00+00:00,5.9512474948064664e-09,5.693224238711991e-07
2026-03-07 12:57:00+00:00,5.846126693853648e-09,5.733873535973544e-07
2026-03-07 12:58:00+00:00,5.088360843785722e-09,5.732393901780597e-07
2026-03-07 12:59:00+00:00,6.116287476487514e-09,5.738762638429762e-07
2026-03-07 13:00:00+00:00,6.480827874355555e-09,5.731536134589987e-07
2026-03-07 13:01:00+00:00,4.3727483856059735e-09,5.730405518988846e-07
2026-03-07 13:02:00+00:00,3.896372557932182e-09,5.733919579142821e-07
2026-03-07 13:03:00+00:00,3.792521408030325e-09,5.726450922338699e-07
2026-03-07 13:04:00+00:00,3.4675444737786165e-09,5.707541390620463e-07
2026-03-07 13:05:00+00:00,3.4244995728016647e-09,5.698177005797334e-07
2026-03-07 13:06:00+00:00,3.394326375527612e-09,5.677050580743526e-07
2026-03-07 13:07:00+00:00,3.990036745449288e-09,5.674199883287656e-07
2026-03-07 13:08:00+00:00,2.9704447790379618e-09,5.657909696310526e-07
2026-03-07 13:09:00+00:00,2.9517306376902752e-09,5.63637399864092e-07
2026-03-07 13:10:00+00:00,2.809886767707326e-09,5.628122607959085e-07
2026-03-07 13:11:00+00:00,2.8978976995830408e-09,5.626422989735147e-07
2026-03-07 13:12:00+00:00,3.045233620824206e-09,5.651030505759991e-07
2026-03-07 13:13:00+00:00,2.2833896995422265e-09,5.682959454134107e-07
2026-03-07 13:14:00+00:00,2.6722364321329906e-09,5.701225518350839e-07
2026-03-07 13:15:00+00:00,3.6391589741668895e-09,5.718157467526908e-07
2026-03-07 13:16:00+00:00,3.7837613042768226e-09,5.694326432603702e-07
2026-03-07 13:17:00+00:00,1.9332657696935485e-09,5.692373292731645e-07
2026-03-07 13:18:00+00:00,3.1459008731360427e-09,5.67985864563525e-07
2026-03-07 13:19:00+00:00,2.1259793925310078e-09,5.6851553154047e-07
2026-03-07 13:20:00+00:00,2.95672175631978e-09,5.705933290300891e-07
2026-03-07 13:21:00+00:00,1.8795323075693204e-09,5.697709752894298e-07
2026-03-07 13:22:00+00:00,2.8160327403270458e-09,5.676873797710869e-07
2026-03-07 13:23:00+00:00,3.112541113736711e-09,5.669089091497881e-07
2026-03-07 13:24:00+00:00,3.0251035010309124e-09,5.658571353706066e-07
2026-03-07 13:25:00+00:00,2.4643449503258807e-09,5.670050882145006e-07
2026-03-07 13:26:00+00:00,1.8460418749199903e-09,5.67829829378752e-07
2026-03-07 13:27:00+00:00,2.3116639713549603e-09,5.700492238247534e-07
2026-03-07 13:28:00+00:00,3.092901490475697e-09,5.696317657566397e-07
2026-03-07 13:29:00+00:00,4.0684557944814514e-09,5.688960982297431e-07
2026-03-07 13:30:00+00:00,5.520337964526334e-09,5.702140697394498e-07
2026-03-07 13:31:00+00:00,3.8324095008590575e-09,5.727375764763565e-07
2026-03-07 13:32:00+00:00,3.3451323933064714e-09,5.701464829144243e-07
2026-03-07 13:33:00+00:00,3.901948542051059e-09,5.720737590309e-07
2026-03-07 13:34:00+00:00,3.734286657675057e-09,5.762629484706849e-07
2026-03-07 13:35:00+00:00,4.899094463439724e-09,5.820000978928874e-07
2026-03-07 13:36:00+00:00,6.102337746227704e-09,5.851744049323315e-07
2026-03-07 13:37:00+00:00,6.064305058117725e-09,6.019809575263935e-07
2026-03-07 13:38:00+00:00,6.5357319556369475e-09,6.359222766150197e-07
2026-03-07 13:39:00+00:00,1.4927614699900005e-08,7.409054774143442e-07
2026-03-07 13:40:00+00:00,8.240807147785745e-09,6.845951929790317e-07
2026-03-07 13:41:00+00:00,6.319707424040644e-09,6.35064964171761e-07
2026-03-07 13:42:00+00:00,3.8910035193850945e-09,6.119786348790512e-07
2026-03-07 13:43:00+00:00,2.7427424775794407e-09,5.98555232045328e-07
2026-03-07 13:44:00+00:00,3.6123519731035003e-09,5.917024736845633e-07
2026-03-07 13:45:00+00:00,4.232792338854097e-09,5.90254899179854e-07
2026-03-07 13:46:00+00:00,5.745207865004431e-09,5.876702857676719e-07
2026-03-07 13:47:00+00:00,2.7090674148411154e-09,5.84078520660114e-07
2026-03-07 13:48:00+00:00,2.602145832142355e-09,5.815495569549967e-07
2026-03-07 13:49:00+00:00,1.8604088269924546e-09,5.808558967146382e-07
2026-03-07 13:50:00+00:00,3.271223958378755e-09,5.838447805217584e-07
2026-03-07 13:51:00+00:00,3.2094742419275235e-09,5.835843239765381e-07
2026-03-07 13:52:00+00:00,2.8455859890641477e-09,5.841600909661793e-07
2026-03-07 13:53:00+00:00,3.1965137203826544e-09,5.867948402737966e-07
2026-03-07 13:54:00+00:00,2.6130300145865704e-09,5.867972276973887e-07
2026-03-07 13:55:00+00:00,2.2779078623358373e-09,5.867651111657324e-07
2026-03-07 13:56:00+00:00,1.8550369018655033e-09,5.86507155730942e-07
2026-03-07 13:57:00+00:00,1.5209187242959388e-09,5.883843527954014e-07
2026-03-07 13:58:00+00:00,2.2484303308090148e-09,5.897518917663547e-07
2026-03-07 13:59:00+00:00,3.4139444604619484e-09,5.905114903725917e-07
2026-03-07 14:00:00+00:00,2.760675466007001e-09,5.891920409339946e-07
2026-03-07 14:01:00+00:00,3.5511249496522623e-09,5.873432655789657e-07
2026-03-07 14:02:00+00:00,4.298885691866872e-09,5.890487955184653e-07
2026-03-07 14:03:00+00:00,3.725635799867177e-09,5.895573167435941e-07
2026-03-07 14:04:00+00:00,4.4321861736307255e-09,5.945457246525621e-07
2026-03-07 14:05:00+00:00,5.449847240157624e-09,6.171949280542322e-07
2026-03-07 14:06:00+00:00,3.856999608586875e-09,6.218365342647303e-07
2026-03-07 14:07:00+00:00,3.0541833506703142e-09,6.098779294916312e-07
2026-03-07 14:08:00+00:00,3.679545335089074e-09,6.052958951840992e-07
2026-03-07 14:09:00+00:00,4.345583004550235e-09,6.095516482673702e-07
2026-03-07 14:10:00+00:00,4.005674014706528e-09,6.2532342326449e-07
2026-03-07 14:11:00+00:00,4.399140607347363e-09,6.437940669457021e-07
2026-03-07 14:12:00+00:00,6.140100428098094e-09,6.659738005510007e-07
2026-03-07 14:13:00+00:00,5.725928176048001e-09,6.733234840794466e-07
2026-03-07 14:14:00+00:00,5.5357971540104245e-09,6.720219403177907e-07
2026-03-07 14:15:00+00:00,6.64886723455993e-09,6.80223763538379e-07
2026-03-07 14:16:00+00:00,6.381763562046672e-09,6.84296537656337e-07
2026-03-07 14:17:00+00:00,5.794275725889975e-09,6.760895985280513e-07
2026-03-07 14:18:00+00:00,5.3330331262202435e-09,6.671516530332156e-07
2026-03-07 14:19:00+00:00,6.412678388301174e-09,6.593981538571825e-07
2026-03-07 14:20:00+00:00,5.4381308345341495e-09,6.509336571980384e-07
2026-03-07 14:21:00+00:00,4.5507779766751355e-09,6.482149501607637e-07
2026-03-07 14:22:00+00:00,3.38181838088758e-09,6.475894451796194e-07
2026-03-07 14:23:00+00:00,4.190176650098465e-09,6.446456950470747e-07
2026-03-07 14:24:00+00:00,4.284233412477079e-09,6.437132924475009e-07
2026-03-07 14:25:00+00:00,5.6554076977022305e-09,6.400219376700989e-07
2026-03-07 14:26:00+00:00,6.160741250482715e-09,6.364620617205219e-07
2026-03-07 14:27:00+00:00,5.545003123330616e-09,6.319050953607075e-07
2026-03-07 14:28:00+00:00,4.782583662432671e-09,6.281023843257572e-07
2026-03-07 14:29:00+00:00,4.264898212369417e-09,6.321587875390833e-07
2026-03-07 14:30:00+00:00,5.631068944467188e-09,6.435442401198088e-07
2026-03-07 14:31:00+00:00,5.326399321603503e-09,6.552207310051017e-07
2026-03-07 14:32:00+00:00,6.619700343435397e-09,6.454150707213557e-07
2026-03-07 14:33:00+00:00,3.4739358056867786e-09,6.34006426025735e-07
2026-03-07 14:34:00+00:00,4.4483163819108995e-09,6.238603305064316e-07
2026-03-07 14:35:00+00:00,4.651668827904132e-09,6.198799269441224e-07
2026-03-07 14:36:00+00:00,4.4826560241517655e-09,6.19744525920396e-07
2026-03-07 14:37:00+00:00,4.4820724909300225e-09,6.232548344087263e-07
2026-03-07 14:38:00+00:00,3.0175502097051776e-09,6.253590072446968e-07
2026-03-07 14:39:00+00:00,4.325837021923462e-09,6.309193167908234e-07
2026-03-07 14:40:00+00:00,4.419973276270639e-09,6.328432391455863e-07
2026-03-07 14:41:00+00:00,4.3890886480824065e-09,6.460529107243929e-07
2026-03-07 14:42:00+00:00,5.613384868041749e-09,6.648288604083064e-07
2026-03-07 14:43:00+00:00,5.515043977055711e-09,6.750929628651647e-07
2026-03-07 14:44:00+00:00,5.672194269834563e-09,6.621930310757307e-07
2026-03-07 14:45:00+00:00,3.307020435272534e-09,6.467018920375267e-07
2026-03-07 14:46:00+00:00,3.4321148145721736e-09,6.37899916000606e-07
2026-03-07 14:47:00+00:00,2.994722692051255e-09,6.363917464113911e-07
2026-03-07 14:48:00+00:00,3.3124190057520764e-09,6.365691547216557e-07
2026-03-07 14:49:00+00:00,3.818111160569515e-09,6.364297178151901e-07
2026-03-07 14:50:00+00:00,3.5333511672064333e-09,6.418715088329918e-07
2026-03-07 14:51:00+00:00,4.0110701426954165e-09,6.469281288445927e-07
2026-03-07 14:52:00+00:00,3.118613145502991e-09,6.533315399792627e-07
2026-03-07 14:53:00+00:00,4.516560903056188e-09,6.625060677833972e-07
2026-03-07 14:54:00+00:00,5.345889064756193e-09,6.832275971646595e-07
2026-03-07 14:55:00+00:00,8.17107093098457e-09,7.134548241083394e-07
2026-03-07 14:56:00+00:00,8.923715100195295e-09,7.480095405298925e-07
2026-03-07 14:57:00+00:00,9.072659068465327e-09,7.728511377536051e-07
2026-03-07 14:58:00+00:00,1.1268082467097429e-08,7.897684781710268e-07
2026-03-07 14:59:00+00:00,1.0006106165860729e-08,8.093182373158925e-07
2026-03-07 15:00:00+00:00,9.854642435414007e-09,8.176091341738356e-07
2026-03-07 15:01:00+00:00,1.3636619833334862e-08,8.641555382382649e-07
2026-03-07 15:02:00+00:00,2.0429119729215017e-08,9.349204788122734e-07
2026-03-07 15:03:00+00:00,2.1082719570131303e-08,9.592191645424464e-07
2026-03-07 15:04:00+00:00,1.8770293763736845e-08,9.587446356817964e-07
2026-03-07 15:05:00+00:00,1.682062134022999e-08,9.491847663412045e-07
2026-03-07 15:06:00+00:00,1.3920712582660144e-08,9.32370710415853e-07
2026-03-07 15:07:00+00:00,1.2096690760188267e-08,9.159596174868057e-07
2026-03-07 15:08:00+00:00,1.3419953148741115e-08,8.918389653445047e-07
2026-03-07 15:09:00+00:00,1.2081049938217348e-08,8.710071597306523e-07
2026-03-07 15:10:00+00:00,9.777007647926439e-09,8.56033977925108e-07
2026-03-07 15:11:00+00:00,1.0393556237886514e-08,8.398171189583081e-07
2026-03-07 15:12:00+00:00,8.958903841005394e-09,8.203941206375021e-07
2026-03-07 15:13:00+00:00,6.739348634710041e-09,8.036429335334105e-07
2026-03-07 15:14:00+00:00,8.100619730555536e-09,7.899302545411047e-07
2026-03-07 15:15:00+00:00,7.84109044360548e-09,7.708616180934769e-07
2026-03-07 15:16:00+00:00,6.0574643079291945e-09,7.541171953562298e-07
2026-03-07 15:17:00+00:00,4.242604934034944e-09,7.426621664308186e-07
2026-03-07 15:18:00+00:00,5.343878228813992e-09,7.317598260669911e-07
2026-03-07 15:19:00+00:00,4.43205472322461e-09,7.2401121542498e-07
2026-03-07 15:20:00+00:00,3.1107836306887293e-09,7.151936642912915e-07
2026-03-07 15:21:00+00:00,3.759478062193011e-09,7.100988455022161e-07
2026-03-07 15:22:00+00:00,4.569962630540658e-09,7.042588094918756e-07
2026-03-07 15:23:00+00:00,3.5021914257526987e-09,7.011686307123455e-07
2026-03-07 15:24:00+00:00,3.736539966325836e-09,6.986652465457155e-07
2026-03-07 15:25:00+00:00,4.347843862717582e-09,6.978842748139868e-07
2026-03-07 15:26:00+00:00,4.814168619304837e-09,6.926089781700284e-07
2026-03-07 15:27:00+00:00,5.204979114381558e-09,6.914437449268007e-07
2026-03-07 15:28:00+00:00,5.353377297012685e-09,6.874946620882838e-07
2026-03-07 15:29:00+00:00,5.9615694603110114e-09,6.853075547041954e-07
2026-03-07 15:30:00+00:00,5.047601003838054e-09,6.982301670177549e-07
2026-03-07 15:31:00+00:00,5.608368880416492e-09,7.200906111393124e-07
2026-03-07 15:32:00+00:00,7.797556378363879e-09,7.172811820055358e-07
2026-03-07 15:33:00+00:00,1.471618560344723e-08,8.00507621079305e-07
2026-03-07 15:34:00+00:00,1.4999786301927998e-08,8.236340249823115e-07
2026-03-07 15:35:00+00:00,9.159443870032646e-09,7.669548267585924e-07
2026-03-07 15:36:00+00:00,5.773269418085647e-09,7.400416279779165e-07
2026-03-07 15:37:00+00:00,5.584394280333527e-09,7.154110335250152e-07
2026-03-07 15:38:00+00:00,4.441725209858305e-09,6.953761726435914e-07
2026-03-07 15:39:00+00:00,3.890849864518486e-09,6.830993015682907e-07
2026-03-07 15:40:00+00:00,4.200161107803524e-09,6.751527621418063e-07
2026-03-07 15:41:00+00:00,4.0916230403809095e-09,6.671034498140216e-07
2026-03-07 15:42:00+00:00,3.215687272017931e-09,6.6210225213581e-07
2026-03-07 15:43:00+00:00,4.606646619720323e-09,6.578873126272811e-07
2026-03-07 15:44:00+00:00,6.015031139838811e-09,6.547013526869705e-07
2026-03-07 15:45:00+00:00,5.37901145847286e-09,6.55310032016132e-07
2026-03-07 15:46:00+00:00,6.694890863911951e-09,6.535703960253159e-07
2026-03-07 15:47:00+00:00,6.294629262271201e-09,6.486596930699307e-07
2026-03-07 15:48:00+00:00,6.3837530817068e-09,6.42596319266886e-07
2026-03-07 15:49:00+00:00,6.206075209291839e-09,6.409699153664405e-07
2026-03-07 15:50:00+00:00,6.039955202652436e-09,6.388264068846183e-07
2026-03-07 15:51:00+00:00,5.96130611540957e-09,6.37721882412734e-07
2026-03-07 15:52:00+00:00,6.551787112840657e-09,6.41566373360547e-07
2026-03-07 15:53:00+00:00,7.4437256358805826e-09,6.376346277647826e-07
2026-03-07 15:54:00+00:00,5.898423527384011e-09,6.297438517322007e-07
2026-03-07 15:55:00+00:00,6.67857413816364e-09,6.259750762183103e-07
2026-03-07 15:56:00+00:00,4.871333558753577e-09,6.24896642875683e-07
2026-03-07 15:57:00+00:00,4.152663102274801e-09,6.244540031730139e-07
2026-03-07 15:58:00+00:00,4.406200293516349e-09,6.23167977664707e-07
2026-03-07 15:59:00+00:00,5.947993653165895e-09,6.266647574193485e-07
2026-03-07 16:00:00+00:00,6.70025546156694e-09,6.255111770769872e-07
2026-03-07 16:01:00+00:00,5.814679404636536e-09,6.231752536223212e-07
2026-03-07 16:02:00+00:00,6.316382528126496e-09,6.198632718223962e-07
2026-03-07 16:03:00+00:00,4.866294478489408e-09,6.177551767905243e-07
2026-03-07 16:04:00+00:00,3.876579945938374e-09,6.166831099108094e-07
2026-03-07 16:05:00+00:00,4.969641587138085e-09,6.217252916940197e-07
2026-03-07 16:06:00+00:00,4.544621567958984e-09,6.237687557586469e-07
2026-03-07 16:07:00+00:00,5.5439479673680125e-09,6.220867021511367e-07
2026-03-07 16:08:00+00:00,5.756992216277013e-09,6.197599304869073e-07
2026-03-07 16:09:00+00:00,3.047756269580759e-09,6.172051030262082e-07
2026-03-07 16:10:00+00:00,3.6547262993735785e-09,6.134726504569699e-07
2026-03-07 16:11:00+00:00,4.046075474661848e-09,6.135089734016219e-07
2026-03-07 16:12:00+00:00,4.463098335349969e-09,6.154782568046357e-07
2026-03-07 16:13:00+00:00,4.725062119348422e-09,6.106496925895044e-07
2026-03-07 16:14:00+00:00,5.588867590944346e-09,6.081245373934507e-07
2026-03-07 16:15:00+00:00,5.036359329579909e-09,6.025069296811125e-07
2026-03-07 16:16:00+00:00,4.175021661723122e-09,6.007911679262179e-07
2026-03-07 16:17:00+00:00,2.014504119074445e-09,5.980072614875098e-07
2026-03-07 16:18:00+00:00,2.175811308902098e-09,5.965104037386482e-07
2026-03-07 16:19:00+00:00,2.371558949221253e-09,5.951765729150793e-07
2026-03-07 16:20:00+00:00,2.7001167968165873e-09,5.947134127382014e-07
2026-03-07 16:21:00+00:00,2.7555859816175143e-09,5.942591769780847e-07
2026-03-07 16:22:00+00:00,2.643902652366137e-09,5.917608518757334e-07
2026-03-07 16:23:00+00:00,4.4055181724900194e-09,6.084152914809238e-07
2026-03-07 16:24:00+00:00,6.9502430477541566e-09,6.452189609262859e-07
2026-03-07 16:25:00+00:00,5.746495279623787e-09,6.523164870486653e-07
2026-03-07 16:26:00+00:00,5.177141826351317e-09,6.432114787457976e-07
2026-03-07 16:27:00+00:00,3.806719384158441e-09,6.331919166768785e-07
2026-03-07 16:28:00+00:00,4.5872914355982175e-09,6.281896958171274e-07
2026-03-07 16:29:00+00:00,3.219332578296985e-09,6.248648674045398e-07
2026-03-07 16:30:00+00:00,4.189537605725491e-09,6.232767759684066e-07
2026-03-07 16:31:00+00:00,4.293553068634992e-09,6.278317528085609e-07
2026-03-07 16:32:00+00:00,5.2711457421139585e-09,6.365979743350181e-07
2026-03-07 16:33:00+00:00,5.937218716667303e-09,6.448782414736343e-07
2026-03-07 16:34:00+00:00,7.364575616009006e-09,6.572934125870233e-07
2026-03-07 16:35:00+00:00,9.10448960667054e-09,6.722453349539137e-07
2026-03-07 16:36:00+00:00,6.680193731511963e-09,6.860218491056003e-07
2026-03-07 16:37:00+00:00,7.638170096413432e-09,7.001801805017749e-07
2026-03-07 16:38:00+00:00,7.281166336525757e-09,7.058806090753933e-07
2026-03-07 16:39:00+00:00,7.205149810118883e-09,7.095506475707225e-07
2026-03-07 16:40:00+00:00,9.692581848241844e-09,7.352228408308292e-07
2026-03-07 16:41:00+00:00,9.53294865269072e-09,7.450951784448989e-07
2026-03-07 16:42:00+00:00,8.270622409156658e-09,7.547948825958883e-07
2026-03-07 16:43:00+00:00,7.854046302213646e-09,7.502866310460377e-07
2026-03-07 16:44:00+00:00,7.146169878069486e-09,7.4075649081351e-07
2026-03-07 16:45:00+00:00,6.087645942898234e-09,7.289738164217852e-07
2026-03-07 16:46:00+00:00,7.286023784303097e-09,7.210782086986001e-07
2026-03-07 16:47:00+00:00,7.316115713251747e-09,7.223720785987098e-07
2026-03-07 16:48:00+00:00,8.778972215850445e-09,7.391204803752771e-07
2026-03-07 16:49:00+00:00,8.248653315945376e-09,7.463269184881938e-07
2026-03-07 16:50:00+00:00,8.288610686690845e-09,7.460020583494043e-07
2026-03-07 16:51:00+00:00,1.0317228849032745e-08,7.456719117726607e-07
2026-03-07 16:52:00+00:00,1.0205202016777548e-08,7.489202857868804e-07
2026-03-07 16:53:00+00:00,1.0578502518399091e-08,7.608448413520819e-07
2026-03-07 16:54:00+00:00,1.4250337798671353e-08,7.824950785106921e-07
2026-03-07 16:55:00+00:00,1.8801086909547848e-08,8.151232009367959e-07
2026-03-07 16:56:00+00:00,2.316857106166026e-08,8.505397204316978e-07
2026-03-07 16:57:00+00:00,2.7737831587160144e-08,8.890962135410518e-07
2026-03-07 16:58:00+00:00,3.13948831376365e-08,9.254285942006391e-07
2026-03-07 16:59:00+00:00,3.173867924033402e-08,9.4888360990808e-07
2026-03-07 17:00:00+00:00,3.2201395328002036e-08,9.68909830589837e-07
2026-03-07 17:01:00+00:00,3.270780624120562e-08,9.829888085732819e-07
2026-03-07 17:02:00+00:00,3.250354296824298e-08,9.882156746243709e-07
2026-03-07 17:03:00+00:00,3.156283412408811e-08,9.84660232461465e-07
2026-03-07 17:04:00+00:00,2.9611875618229533e-08,9.850908782027545e-07
2026-03-07 17:05:00+00:00,2.8137582930298777e-08,9.71232225310814e-07
2026-03-07 17:06:00+00:00,2.456015302243486e-08,9.459866987526766e-07
2026-03-07 17:07:00+00:00,2.3111724090085772e-08,9.290437787967676e-07
2026-03-07 17:08:00+00:00,2.2760419327028103e-08,9.38256675908633e-07
2026-03-07 17:09:00+00:00,2.2829432566595642e-08,9.367067832499743e-07
2026-03-07 17:10:00+00:00,2.0132887357249274e-08,9.16026863251318e-07
2026-03-07 17:11:00+00:00,1.920152570278333e-08,9.005124184113811e-07
2026-03-07 17:12:00+00:00,1.8756944442088752e-08,8.916356932786584e-07
2026-03-07 17:13:00+00:00,1.8950103708448296e-08,8.950496521720197e-07
2026-03-07 17:14:00+00:00,1.888172995734294e-08,8.79241895290761e-07
2026-03-07 17:15:00+00:00,1.6602117014485884e-08,8.604744721196766e-07
2026-03-07 17:16:00+00:00,1.7411254660260056e-08,8.490138156957983e-07
2026-03-07 17:17:00+00:00,1.5595182034644495e-08,8.346028153027873e-07
2026-03-07 17:18:00+00:00,1.557129536422508e-08,8.17337820535613e-07
2026-03-07 17:19:00+00:00,1.4282443672186673e-08,7.991458232936566e-07
2026-03-07 17:20:00+00:00,1.2893958789561566e-08,7.825124157534447e-07
2026-03-07 17:21:00+00:00,1.3874364768184932e-08,7.689337166993937e-07
2026-03-07 17:22:00+00:00,1.4454457186729996e-08,7.562654218418174e-07
2026-03-07 17:23:00+00:00,1.3027779743879364e-08,7.40565781143232e-07
2026-03-07 17:24:00+00:00,1.204235910989837e-08,7.260447887347254e-07
2026-03-07 17:25:00+00:00,1.2766037116307416e-08,7.141973128454993e-07
2026-03-07 17:26:00+00:00,1.1577836467324687e-08,7.044874337225338e-07
2026-03-07 17:27:00+00:00,1.1873675376250503e-08,6.985665663705731e-07
2026-03-07 17:28:00+00:00,1.1089849039080946e-08,6.895648425597756e-07
2026-03-07 17:29:00+00:00,9.85306325418378e-09,6.867531965326634e-07
2026-03-07 17:30:00+00:00,8.729114320260578e-09,6.793245574954199e-07
2026-03-07 17:31:00+00:00,9.749462570596279e-09,6.735251076861459e-07
2026-03-07 17:32:00+00:00,1.0188447419068325e-08,6.705528221573331e-07
2026-03-07 17:33:00+00:00,9.365647812842326e-09,6.655803304056462e-07
2026-03-07 17:34:00+00:00,9.316209137466558e-09,6.610562195419334e-07
2026-03-07 17:35:00+00:00,8.567559994787644e-09,6.542449000335182e-07
2026-03-07 17:36:00+00:00,9.034303971588997e-09,6.501678626591456e-07
2026-03-07 17:37:00+00:00,8.430247611102004e-09,6.467689672717825e-07
2026-03-07 17:38:00+00:00,9.667332712126608e-09,6.447857572311477e-07
2026-03-07 17:39:00+00:00,8.98687524397701e-09,6.423382501452579e-07
2026-03-07 17:40:00+00:00,9.287663083057396e-09,6.39732320451003e-07
2026-03-07 17:41:00+00:00,8.69981775508677e-09,6.405322210412123e-07
2026-03-07 17:42:00+00:00,9.436134540408148e-09,6.432012469304027e-07
2026-03-07 17:43:00+00:00,8.30319901723442e-09,6.46072066956549e-07
2026-03-07 17:44:00+00:00,9.177340665189604e-09,6.455088055190572e-07
2026-03-07 17:45:00+00:00,9.895569696993789e-09,6.489414658972237e-07
2026-03-07 17:46:00+00:00,1.1163079349785221e-08,6.725239813931694e-07
2026-03-07 17:47:00+00:00,1.048446751639176e-08,6.759605639672372e-07
2026-03-07 17:48:00+00:00,1.0714770404263163e-08,6.663635190307104e-07
2026-03-07 17:49:00+00:00,9.145019852496716e-09,6.588305154764384e-07
2026-03-07 17:50:00+00:00,9.936425016121575e-09,6.497144795503118e-07
2026-03-07 17:51:00+00:00,1.049640463435253e-08,6.485479389084503e-07
2026-03-07 17:52:00+00:00,9.704730352666502e-09,6.463619115493202e-07
2026-03-07 17:53:00+00:00,9.773691189707279e-09,6.378581360877433e-07
2026-03-07 17:54:00+00:00,9.97201254904212e-09,6.330929522846418e-07
2026-03-07 17:55:00+00:00,1.0575086584196924e-08,6.318929308690713e-07
2026-03-07 17:56:00+00:00,9.890014140978565e-09,6.292938792284986e-07
2026-03-07 17:57:00+00:00,9.388918975616889e-09,6.29504029348027e-07
2026-03-07 17:58:00+00:00,9.618474017258904e-09,6.251426043490937e-07
2026-03-07 17:59:00+00:00,1.0714686915491711e-08,6.223077662070864e-07
2026-03-07 18:00:00+00:00,1.0164685093627668e-08,6.213498977558629e-07
2026-03-07 18:01:00+00:00,1.0101447678323439e-08,6.187448207128909e-07
2026-03-07 18:02:00+00:00,9.705025227901842e-09,6.186756422721373e-07
2026-03-07 18:03:00+00:00,1.0329604727132846e-08,6.196100343913713e-07
2026-03-07 18:04:00+00:00,1.1268978639122906e-08,6.218527346391056e-07
2026-03-07 18:05:00+00:00,1.171866248483866e-08,6.286428515522857e-07
2026-03-07 18:06:00+00:00,1.4187039099056165e-08,6.343534550978802e-07
2026-03-07 18:07:00+00:00,1.4391434710603335e-08,6.431311021515285e-07
2026-03-07 18:08:00+00:00,1.2126632142894778e-08,6.654391881966149e-07
2026-03-07 18:09:00+00:00,1.005678118559672e-08,6.745615905856539e-07
2026-03-07 18:10:00+00:00,8.571219289876808e-09,6.814945550104312e-07
2026-03-07 18:11:00+00:00,8.763431758040952e-09,6.85226837049413e-07
2026-03-07 18:12:00+00:00,7.798540480052907e-09,6.872701305837836e-07
2026-03-07 18:13:00+00:00,9.883913243413645e-09,7.080616342136636e-07
2026-03-07 18:14:00+00:00,9.472725714942953e-09,7.172328082560853e-07
2026-03-07 18:15:00+00:00,7.043024830011291e-09,7.179793897194031e-07
2026-03-07 18:16:00+00:00,7.911829413842497e-09,7.272554398696229e-07
2026-03-07 18:17:00+00:00,8.670923534737085e-09,7.318415669033129e-07
2026-03-07 18:18:00+00:00,9.021435154465962e-09,7.337563943110581e-07
2026-03-07 18:19:00+00:00,1.1027177393430065e-08,7.418925065394433e-07
2026-03-07 18:20:00+00:00,1.0342835921051119e-08,7.476513133042317e-07
2026-03-07 18:21:00+00:00,1.2684702177523377e-08,7.70547501360852e-07
2026-03-07 18:22:00+00:00,2.005671895233263e-08,8.5325456211649e-07
2026-03-07 18:23:00+00:00,2.4804551301826905e-08,9.260682531930797e-07
2026-03-07 18:24:00+00:00,2.0650816168199526e-08,9.066448569683416e-07
2026-03-07 18:25:00+00:00,1.6767286226127e-08,8.618725928499771e-07
2026-03-07 18:26:00+00:00,1.2416907502199592e-08,8.16761996702553e-07
2026-03-07 18:27:00+00:00,1.1821595258254547e-08,7.75820126364124e-07
2026-03-07 18:28:00+00:00,8.966281050959424e-09,7.45936006296688e-07
2026-03-07 18:29:00+00:00,1.0634881419946396e-08,7.192430757640977e-07
2026-03-07 18:30:00+00:00,1.0070058564792816e-08,7.061752853587677e-07
2026-03-07 18:31:00+00:00,1.0826370022698484e-08,6.963881560295704e-07
2026-03-07 18:32:00+00:00,9.731565775439321e-09,6.866401349725493e-07
2026-03-07 18:33:00+00:00,1.0912114767336334e-08,6.837640853518678e-07
2026-03-07 18:34:00+00:00,1.0725579535630914e-08,6.806837973272195e-07
2026-03-07 18:35:00+00:00,9.406370793385577e-09,6.768751745767076e-07
2026-03-07 18:36:00+00:00,1.0432681385452724e-08,6.806265560044267e-07
2026-03-07 18:37:00+00:00,1.0748083312250856e-08,6.786978588024795e-07
2026-03-07 18:38:00+00:00,7.639193277952927e-09,6.724985155415197e-07
2026-03-07 18:39:00+00:00,8.204994905725016e-09,6.643733740929747e-07
2026-03-07 18:40:00+00:00,7.569441073940197e-09,6.65951233713713e-07
2026-03-07 18:41:00+00:00,7.232462184703081e-09,6.661998099843913e-07
2026-03-07 18:42:00+00:00,8.809963425449041e-09,6.644278869316622e-07
2026-03-07 18:43:00+00:00,8.963617403878743e-09,6.624067623306473e-07
2026-03-07 18:44:00+00:00,7.858469430743753e-09,6.592387080672779e-07
2026-03-07 18:45:00+00:00,8.764055259291581e-09,6.640477181463211e-07
2026-03-07 18:46:00+00:00,9.992302985040169e-09,6.647944132964767e-07
2026-03-07 18:47:00+00:00,1.160566753810599e-08,6.578392799383437e-07
2026-03-07 18:48:00+00:00,9.771509823508495e-09,6.481798209279077e-07
2026-03-07 18:49:00+00:00,8.593890044039654e-09,6.392857017090137e-07
2026-03-07 18:50:00+00:00,8.640820503558189e-09,6.398053074008203e-07
2026-03-07 18:51:00+00:00,8.269258167103999e-09,6.38263372820802e-07
2026-03-07 18:52:00+00:00,7.951015845719667e-09,6.343333325276035e-07
2026-03-07 18:53:00+00:00,7.512514166307938e-09,6.284089977270924e-07
2026-03-07 18:54:00+00:00,6.969828714176174e-09,6.250780302252679e-07
2026-03-07 18:55:00+00:00,8.126823658471949e-09,6.201965447871771e-07
2026-03-07 18:56:00+00:00,5.9017133402505806e-09,6.211935783539957e-07
2026-03-07 18:57:00+00:00,6.049635459248748e-09,6.246364137041382e-07
2026-03-07 18:58:00+00:00,7.317036754272976e-09,6.342585265883827e-07
2026-03-07 18:59:00+00:00,7.97712829125885e-09,6.47373155970854e-07
2026-03-07 19:00:00+00:00,8.360492742554015e-09,6.603111728509248e-07
2026-03-07 19:01:00+00:00,1.0993150389992934e-08,6.705968758069503e-07
2026-03-07 19:02:00+00:00,8.688195940464993e-09,6.88696047745907e-07
2026-03-07 19:03:00+00:00,1.1507845343317058e-08,7.082722390805429e-07
2026-03-07 19:04:00+00:00,1.323606557690482e-08,7.19579873020848e-07
2026-03-07 19:05:00+00:00,1.2174174557344486e-08,7.321787052205764e-07
2026-03-07 19:06:00+00:00,1.2130373150398555e-08,7.469267870874319e-07
2026-03-07 19:07:00+00:00,1.2577284991266424e-08,7.559659138678398e-07
2026-03-07 19:08:00+00:00,1.5139470121994236e-08,7.66747916713939e-07
2026-03-07 19:09:00+00:00,1.3592698522302271e-08,7.791944653945393e-07
2026-03-07 19:10:00+00:00,1.2893446310613399e-08,7.905407528596697e-07
2026-03-07 19:11:00+00:00,1.3248286023781475e-08,7.975070843713183e-07
2026-03-07 19:12:00+00:00,1.5088165383758678e-08,7.979061251717212e-07
2026-03-07 19:13:00+00:00,1.4900699341069412e-08,8.051118243201927e-07
2026-03-07 19:14:00+00:00,1.566290563914663e-08,8.196869885068736e-07
2026-03-07 19:15:00+00:00,1.4879992349392523e-08,8.340323915945191e-07
2026-03-07 19:16:00+00:00,1.7528284601553423e-08,8.489912488585105e-07
2026-03-07 19:17:00+00:00,1.8102225496363644e-08,8.685730108481948e-07
2026-03-07 19:18:00+00:00,1.8760960784902636e-08,8.83648738181364e-07
2026-03-07 19:19:00+00:00,2.1312228426495494e-08,9.05996614619653e-07
2026-03-07 19:20:00+00:00,2.2430370449910697e-08,9.237259632755013e-07
2026-03-07 19:21:00+00:00,2.4982622193192583e-08,9.347987202090735e-07
2026-03-07 19:22:00+00:00,2.47136959785621e-08,9.404367915522016e-07
2026-03-07 19:23:00+00:00,2.9590760064479582e-08,9.710273616292397e-07
2026-03-07 19:24:00+00:00,3.120612745988183e-08,1.0077025081045576e-06
2026-03-07 19:25:00+00:00,3.4757960065689986e-08,1.0378258821219788e-06
2026-03-07 19:26:00+00:00,3.918997037999361e-08,1.0643431096468703e-06
2026-03-07 19:27:00+00:00,4.140761333815135e-08,1.0842645679076668e-06
2026-03-07 19:28:00+00:00,4.1416484464207315e-08,1.1018991017408553e-06
2026-03-07 19:29:00+00:00,3.892690259021947e-08,1.102513806472416e-06
2026-03-07 19:30:00+00:00,3.5329893677271684e-08,1.0872257689698017e-06
2026-03-07 19:31:00+00:00,3.505368795231334e-08,1.0863748229894554e-06
2026-03-07 19:32:00+00:00,3.5083761673604386e-08,1.0828083532032906e-06
2026-03-07 19:33:00+00:00,3.1840379222103365e-08,1.0724872936407337e-06
2026-03-07 19:34:00+00:00,3.1221567553529894e-08,1.0661773330866708e-06
2026-03-07 19:35:00+00:00,3.075322396739466e-08,1.0535471801631502e-06
2026-03-07 19:36:00+00:00,2.823418476793904e-08,1.033147782436572e-06
2026-03-07 19:37:00+00:00,2.5950445348144058e-08,1.0111129995493684e-06
2026-03-07 19:38:00+00:00,2.538778431926403e-08,9.969021448341664e-07
2026-03-07 19:39:00+00:00,2.492289219446775e-08,9.88020019576652e-07
2026-03-07 19:40:00+00:00,2.4809681420379093e-08,9.781635981198633e-07
2026-03-07 19:41:00+00:00,2.5135900472150752e-08,9.721778724269825e-07
2026-03-07 19:42:00+00:00,2.256654596521912e-08,9.68548761193233e-07
2026-03-07 19:43:00+00:00,2.634848073057583e-08,9.638185929361498e-07
2026-03-07 19:44:00+00:00,2.511221097734051e-08,9.683088819656405e-07
2026-03-07 19:45:00+00:00,2.637847806852278e-08,9.630963404561044e-07
2026-03-07 19:46:00+00:00,2.5427569383396076e-08,9.578376420904533e-07
2026-03-07 19:47:00+00:00,2.310476787670268e-08,9.511929306427191e-07
2026-03-07 19:48:00+00:00,2.458989456499694e-08,9.395776601195394e-07
2026-03-07 19:49:00+00:00,2.1039644693132686e-08,9.273226737605e-07
2026-03-07 19:50:00+00:00,2.0194866223732788e-08,9.13408314318076e-07
2026-03-07 19:51:00+00:00,1.952503758673174e-08,9.009502832668659e-07
2026-03-07 19:52:00+00:00,1.9736063450181973e-08,8.861340461407963e-07
2026-03-07 19:53:00+00:00,1.8954752434297006e-08,8.714963541933685e-07
2026-03-07 19:54:00+00:00,1.7044365918650328e-08,8.549037602278986e-07
2026-03-07 19:55:00+00:00,1.5743333747764154e-08,8.388379910684307e-07
2026-03-07 19:56:00+00:00,1.6089691357024094e-08,8.254464205492695e-07
2026-03-07 19:57:00+00:00,1.5492503280256642e-08,8.150343546731165e-07
2026-03-07 19:58:00+00:00,1.4529132563723124e-08,8.112607474686229e-07
2026-03-07 19:59:00+00:00,1.4904454559427904e-08,8.101345656541525e-07
2026-03-07 20:00:00+00:00,1.7098017224270734e-08,8.139318765643111e-07
2026-03-07 20:01:00+00:00,1.4161192218864471e-08,8.140706313497503e-07
2026-03-07 20:02:00+00:00,1.4076967147502728e-08,8.099981414488866e-07
2026-03-07 20:03:00+00:00,1.506165325793063e-08,8.015883281586866e-07
2026-03-07 20:04:00+00:00,1.4353529032007373e-08,7.933594474707206e-07
2026-03-07 20:05:00+00:00,1.4660065161820057e-08,7.888678510425962e-07
2026-03-07 20:06:00+00:00,1.356314438538675e-08,7.77697039211489e-07
2026-03-07 20:07:00+00:00,1.2864544096657937e-08,7.721082511125132e-07
2026-03-07 20:08:00+00:00,1.2824537876099384e-08,7.615419690409908e-07
2026-03-07 20:09:00+00:00,1.4327779851441846e-08,7.576746838822146e-07
2026-03-07 20:10:00+00:00,1.28519186404219e-08,7.549780889348767e-07
2026-03-07 20:11:00+00:00,1.5153432286751922e-08,7.533070629506256e-07
2026-03-07 20:12:00+00:00,1.2289215867156145e-08,7.487973334718845e-07
2026-03-07 20:13:00+00:00,1.2472431087928726e-08,7.501541290366731e-07
2026-03-07 20:14:00+00:00,1.2796546045024115e-08,7.49156924939598e-07
2026-03-07 20:15:00+00:00,1.2709785224274128e-08,7.440996796503896e-07
2026-03-07 20:16:00+00:00,1.2892913403561579e-08,7.444736525030748e-07
2026-03-07 20:17:00+00:00,1.1541037459039671e-08,7.425300623253861e-07
2026-03-07 20:18:00+00:00,1.258582660312868e-08,7.388948688458186e-07
2026-03-07 20:19:00+00:00,1.031306862131487e-08,7.329069262596022e-07
2026-03-07 20:20:00+00:00,1.1712364411664566e-08,7.309387228815467e-07
2026-03-07 20:21:00+00:00,1.1367589536348532e-08,7.331465781135194e-07
2026-03-07 20:22:00+00:00,1.1622838691494053e-08,7.324421176235774e-07
2026-03-07 20:23:00+00:00,1.1065554694766888e-08,7.316738788176735e-07
2026-03-07 20:24:00+00:00,1.1962739243642773e-08,7.249833515743376e-07
2026-03-07 20:25:00+00:00,1.0508109049567338e-08,7.234963845803577e-07
2026-03-07 20:26:00+00:00,1.1244678077559911e-08,7.284613161573361e-07
2026-03-07 20:27:00+00:00,1.0156329999233549e-08,7.243110076160519e-07
2026-03-07 20:28:00+00:00,9.426487146413365e-09,7.179243652899459e-07
2026-03-07 20:29:00+00:00,9.996838912229578e-09,7.080589057295583e-07
2026-03-07 20:30:00+00:00,7.736270291047731e-09,6.949530302335916e-07
2026-03-07 20:31:00+00:00,7.482065633723778e-09,6.863991757199983e-07
2026-03-07 20:32:00+00:00,9.347494334122075e-09,6.752193257852923e-07
2026-03-07 20:33:00+00:00,7.877097196740124e-09,6.664424176960893e-07
2026-03-07 20:34:00+00:00,7.186510497803056e-09,6.559419603036076e-07
2026-03-07 20:35:00+00:00,9.307887793852387e-09,6.576622695320111e-07
2026-03-07 20:36:00+00:00,6.6573835333372244e-09,6.509655463560193e-07
2026-03-07 20:37:00+00:00,8.054182210059935e-09,6.463960176006367e-07
2026-03-07 20:38:00+00:00,7.011762281905476e-09,6.436899298023491e-07
2026-03-07 20:39:00+00:00,6.252677042795085e-09,6.385531605701544e-07
2026-03-07 20:40:00+00:00,7.2974377651746636e-09,6.325415142782731e-07
2026-03-07 20:41:00+00:00,6.181906986313379e-09,6.300331847342022e-07
2026-03-07 20:42:00+00:00,5.900965049931983e-09,6.263679210860573e-07
2026-03-07 20:43:00+00:00,6.050787870748309e-09,6.272770178838982e-07
2026-03-07 20:44:00+00:00,6.596037049888537e-09,6.218923545020516e-07
2026-03-07 20:45:00+00:00,4.785496887649288e-09,6.150623903522501e-07
2026-03-07 20:46:00+00:00,5.541653802509927e-09,6.098922540331841e-07
2026-03-07 20:47:00+00:00,5.702336824953136e-09,6.106365617597476e-07
2026-03-07 20:48:00+00:00,7.286457215371911e-09,6.071580287425604e-07
2026-03-07 20:49:00+00:00,8.105771165389797e-09,6.056427537259879e-07
2026-03-07 20:50:00+00:00,6.341704494872147e-09,6.011877644596098e-07
2026-03-07 20:51:00+00:00,6.634859328613629e-09,6.031729640199046e-07
2026-03-07 20:52:00+00:00,6.355505011157447e-09,6.092040507610363e-07
2026-03-07 20:53:00+00:00,8.015152097584632e-09,6.23723394710396e-07
2026-03-07 20:54:00+00:00,7.733984119795423e-09,6.380714694387279e-07
2026-03-07 20:55:00+00:00,7.467363616342482e-09,6.328450581349898e-07
2026-03-07 20:56:00+00:00,6.950772846181508e-09,6.248587283153029e-07
2026-03-07 20:57:00+00:00,7.043219341085205e-09,6.179767524372437e-07
2026-03-07 20:58:00+00:00,7.58231610831217e-09,6.092149646974576e-07
2026-03-07 20:59:00+00:00,5.2981459219836324e-09,6.063718274162966e-07
2026-03-07 21:00:00+00:00,7.4282975326411815e-09,6.042489530955208e-07
2026-03-07 21:01:00+00:00,6.716686318242182e-09,6.004698320793977e-07
2026-03-07 21:02:00+00:00,7.1185879413349085e-09,5.98963197262492e-07
2026-03-07 21:03:00+00:00,6.858510648299898e-09,5.977307750981709e-07
2026-03-07 21:04:00+00:00,4.894962657431279e-09,5.939888865214016e-07
2026-03-07 21:05:00+00:00,6.757725046213636e-09,5.922206014474796e-07
2026-03-07 21:06:00+00:00,6.152155673788684e-09,5.937803280176013e-07
2026-03-07 21:07:00+00:00,6.2639542441900176e-09,5.963050853097229e-07
2026-03-07 21:08:00+00:00,6.225328696984889e-09,6.071827556297649e-07
2026-03-07 21:09:00+00:00,1.1287692558425988e-08,6.647560439887457e-07
2026-03-07 21:10:00+00:00,9.822930024938614e-09,6.787157644794206e-07
2026-03-07 21:11:00+00:00,9.154274671629992e-09,6.727771051373566e-07
2026-03-07 21:12:00+00:00,8.227353021084127e-09,6.607212981180055e-07
2026-03-07 21:13:00+00:00,9.670907630265901e-09,6.450268301705364e-07
2026-03-07 21:14:00+00:00,8.837619525081664e-09,6.291939484981413e-07
2026-03-07 21:15:00+00:00,6.043435085700821e-09,6.175025646371068e-07
2026-03-07 21:16:00+00:00,7.337211282987255e-09,6.127680194367713e-07
2026-03-07 21:17:00+00:00,6.505563643344203e-09,6.098711651247868e-07
2026-03-07 21:18:00+00:00,7.120468215049414e-09,6.276703174989962e-07
2026-03-07 21:19:00+00:00,1.0943708161903487e-08,6.64318520193774e-07
2026-03-07 21:20:00+00:00,1.1326015680879209e-08,6.743181302226731e-07
2026-03-07 21:21:00+00:00,1.0212506396101162e-08,6.655790230070124e-07
2026-03-07 21:22:00+00:00,8.373739923683843e-09,6.50494826004433e-07
2026-03-07 21:23:00+00:00,6.129615037764324e-09,6.308936235654983e-07
2026-03-07 21:24:00+00:00,8.022569275567548e-09,6.15060798736522e-07
2026-03-07 21:25:00+00:00,8.077272184436879e-09,6.135119861028215e-07
2026-03-07 21:26:00+00:00,8.46482439698093e-09,6.127448273218761e-07
2026-03-07 21:27:00+00:00,7.477183316950686e-09,6.094082891650032e-07
2026-03-07 21:28:00+00:00,1.029005058938992e-08,6.070195581742155e-07
2026-03-07 21:29:00+00:00,8.680725471776896e-09,6.048969680705341e-07
2026-03-07 21:30:00+00:00,8.746895652222975e-09,6.094767854847305e-07
2026-03-07 21:31:00+00:00,7.940118784688366e-09,6.26006624315778e-07
2026-03-07 21:32:00+00:00,1.0732740918228956e-08,6.717165206282516e-07
2026-03-07 21:33:00+00:00,1.848401787185594e-08,7.733572715551418e-07
2026-03-07 21:34:00+00:00,1.8456185912896217e-08,7.934696668598917e-07
2026-03-07 21:35:00+00:00,1.1819754952568928e-08,7.322234978346387e-07
2026-03-07 21:36:00+00:00,1.1190593340870691e-08,6.968795673856221e-07
2026-03-07 21:37:00+00:00,8.398386874830521e-09,6.897403750372177e-07
2026-03-07 21:38:00+00:00,8.77238015561943e-09,6.915136054885807e-07
2026-03-07 21:39:00+00:00,1.0085758894717856e-08,6.881295462335402e-07
2026-03-07 21:40:00+00:00,1.0732944311087067e-08,6.832366352682584e-07
2026-03-07 21:41:00+00:00,9.902874076317403e-09,6.85974157477176e-07
2026-03-07 21:42:00+00:00,1.1466028126960737e-08,6.785288633182063e-07
2026-03-07 21:43:00+00:00,7.143928559827373e-09,6.696748187096091e-07
2026-03-07 21:44:00+00:00,7.381795175120942e-09,6.676764314761385e-07
2026-03-07 21:45:00+00:00,9.287039581806766e-09,6.670185825896624e-07
2026-03-07 21:46:00+00:00,7.745409646986445e-09,6.682581101813412e-07
2026-03-07 21:47:00+00:00,6.8868124536436426e-09,6.689217570965411e-07
2026-03-07 21:48:00+00:00,9.747163076667675e-09,6.703945700792246e-07
2026-03-07 21:49:00+00:00,7.545859936897159e-09,6.736211730640207e-07
2026-03-07 21:50:00+00:00,7.749050290328796e-09,6.71645693728351e-07
2026-03-07 21:51:00+00:00,8.485032232385947e-09,6.717268661304843e-07
2026-03-07 21:52:00+00:00,9.258871891404397e-09,6.70650479150936e-07
2026-03-07 21:53:00+00:00,8.949760044174582e-09,6.703347139591642e-07
2026-03-07 21:54:00+00:00,8.571190868167378e-09,6.665141540906916e-07
2026-03-07 21:55:00+00:00,7.863791395834596e-09,6.703938879581983e-07
2026-03-07 21:56:00+00:00,8.061922684987621e-09,6.779624754926772e-07
2026-03-07 21:57:00+00:00,8.09178413163636e-09,6.884541789986542e-07
2026-03-07 21:58:00+00:00,9.988978533215231e-09,6.925533853063826e-07
2026-03-07 21:59:00+00:00,9.192499206278626e-09,6.875768576719565e-07
2026-03-07 22:00:00+00:00,7.52091988687198e-09,6.824472507105384e-07
2026-03-07 22:01:00+00:00,7.66753061043346e-09,6.781274350942113e-07
2026-03-07 22:02:00+00:00,9.279721879806857e-09,6.773415748284606e-07
2026-03-07 22:03:00+00:00,1.0290921004241227e-08,6.810400918766391e-07
2026-03-07 22:04:00+00:00,1.2653074143997856e-08,6.943771495571127e-07
2026-03-07 22:05:00+00:00,1.3456600278516362e-08,7.03390014678007e-07
2026-03-07 22:06:00+00:00,1.3148706123899956e-08,7.197162403826951e-07
2026-03-07 22:07:00+00:00,1.5692148025436836e-08,7.446817562595243e-07
2026-03-07 22:08:00+00:00,1.8949302571513726e-08,7.741874696876039e-07
2026-03-07 22:09:00+00:00,1.864863641287684e-08,7.855866215322749e-07
2026-03-07 22:10:00+00:00,1.771929802885097e-08,7.904440053607686e-07
2026-03-07 22:11:00+00:00,1.7709485433670125e-08,7.893934252933832e-07
2026-03-07 22:12:00+00:00,1.6705669736438722e-08,7.90939225225884e-07
2026-03-07 22:13:00+00:00,1.5303493583473937e-08,7.917758466646774e-07
2026-03-07 22:14:00+00:00,1.504145075159613e-08,7.916400477370189e-07
2026-03-07 22:15:00+00:00,1.356254930584555e-08,7.901934395704302e-07
2026-03-07 22:16:00+00:00,1.1920138653920276e-08,7.80911022957298e-07
2026-03-07 22:17:00+00:00,1.4325830299810605e-08,7.705899633947411e-07
2026-03-07 22:18:00+00:00,1.0752677859215964e-08,7.57652856009372e-07
2026-03-07 22:19:00+00:00,1.0763596236529338e-08,7.480923613911727e-07
2026-03-07 22:20:00+00:00,1.3661374254070324e-08,7.334660381275171e-07
2026-03-07 22:21:00+00:00,1.2272113103506399e-08,7.230926257761894e-07
2026-03-07 22:22:00+00:00,1.1192805793314164e-08,7.110016895239823e-07
2026-03-07 22:23:00+00:00,1.0537497985296795e-08,7.021070587143186e-07
2026-03-07 22:24:00+00:00,1.0892596158385004e-08,6.92505011556932e-07
2026-03-07 22:25:00+00:00,9.616937468592823e-09,6.861404813207628e-07
2026-03-07 22:26:00+00:00,1.1800819876839341e-08,6.806620262977958e-07
2026-03-07 22:27:00+00:00,8.694363451411391e-09,6.729637789248955e-07
2026-03-07 22:28:00+00:00,9.231469810799808e-09,6.694402827633894e-07
2026-03-07 22:29:00+00:00,8.66720739622906e-09,6.623220087931259e-07
2026-03-07 22:30:00+00:00,6.289209597554191e-09,6.563307124451967e-07
2026-03-07 22:31:00+00:00,7.940844426457261e-09,6.485323069682636e-07
2026-03-07 22:32:00+00:00,9.107372633820887e-09,6.461469297391886e-07
2026-03-07 22:33:00+00:00,8.788665795123052e-09,6.398063305823598e-07
2026-03-07 22:34:00+00:00,8.463866940644493e-09,6.358190489663684e-07
2026-03-07 22:35:00+00:00,1.047955144883872e-08,6.322848662421165e-07
2026-03-07 22:36:00+00:00,7.910676558253726e-09,6.244260930543533e-07
2026-03-07 22:37:00+00:00,7.0244992045331855e-09,6.204816713761829e-07
2026-03-07 22:38:00+00:00,5.895805177402735e-09,6.139050015008252e-07
2026-03-07 22:39:00+00:00,5.7377316231566056e-09,6.083564585424028e-07
2026-03-07 22:40:00+00:00,4.461921943033076e-09,6.061986255190277e-07
2026-03-07 22:41:00+00:00,5.7031761535597525e-09,6.023067840033036e-07
2026-03-07 22:42:00+00:00,7.169372651105732e-09,6.008301056681375e-07
2026-03-07 22:43:00+00:00,4.770034589540728e-09,5.956592303846264e-07
2026-03-07 22:44:00+00:00,5.862385243915469e-09,5.956764539405413e-07
2026-03-07 22:45:00+00:00,5.679180681283924e-09,5.965560490039934e-07
2026-03-07 22:46:00+00:00,4.981218548749666e-09,5.952152832833235e-07
2026-03-07 22:47:00+00:00,4.714153511997665e-09,5.922585728512786e-07
2026-03-07 22:48:00+00:00,5.241336253902773e-09,5.884361371499836e-07
2026-03-07 22:49:00+00:00,4.293933653087834e-09,5.887857241759775e-07
2026-03-07 22:50:00+00:00,4.9766391008176925e-09,5.899377129026107e-07
2026-03-07 22:51:00+00:00,6.803846375191824e-09,5.852427307218022e-07
2026-03-07 22:52:00+00:00,5.1822315327854085e-09,5.851869673278998e-07
2026-03-07 22:53:00+00:00,3.4960336847689177e-09,5.81552683343034e-07
2026-03-07 22:54:00+00:00,4.398375441638791e-09,5.79649622522993e-07
2026-03-07 22:55:00+00:00,4.889559868104243e-09,5.766565323028772e-07
2026-03-07 22:56:00+00:00,4.661287356100274e-09,5.767238917542272e-07
2026-03-07 22:57:00+00:00,5.1149711133291476e-09,5.789325427940639e-07
2026-03-07 22:58:00+00:00,5.333673946950057e-09,5.778159675173811e-07
2026-03-07 22:59:00+00:00,5.9851603673166665e-09,5.746431384068273e-07
2026-03-07 23:00:00+00:00,5.3284066048320256e-09,5.765986657024769e-07
2026-03-07 23:01:00+00:00,4.695128286158479e-09,5.739092330259155e-07
2026-03-07 23:02:00+00:00,4.195915614957357e-09,5.758682277701155e-07
2026-03-07 23:03:00+00:00,4.016460053435367e-09,5.805986802442931e-07
2026-03-07 23:04:00+00:00,5.821435777875195e-09,5.836976129103277e-07
2026-03-07 23:05:00+00:00,5.856739537790645e-09,5.842845780534844e-07
2026-03-07 23:06:00+00:00,4.663412322969407e-09,5.852029971720185e-07
2026-03-07 23:07:00+00:00,6.239431638022097e-09,5.865924777026521e-07
2026-03-07 23:08:00+00:00,5.735768748849068e-09,5.863196861355391e-07
2026-03-07 23:09:00+00:00,6.37661567992609e-09,5.888085183869407e-07
2026-03-07 23:10:00+00:00,6.049119871676112e-09,5.87252884542977e-07
2026-03-07 23:11:00+00:00,5.33511590461444e-09,5.879800255570444e-07
2026-03-07 23:12:00+00:00,5.665249158681718e-09,5.846704880241305e-07
2026-03-07 23:13:00+00:00,6.3176521791774576e-09,5.872895485481422e-07
2026-03-07 23:14:00+00:00,5.87630255566296e-09,5.875199917682039e-07
2026-03-07 23:15:00+00:00,7.911032717800026e-09,5.842368295816414e-07
2026-03-07 23:16:00+00:00,6.5270477911383296e-09,5.848297632837784e-07
2026-03-07 23:17:00+00:00,5.83083803462614e-09,5.816382326884195e-07
2026-03-07 23:18:00+00:00,6.29522478590161e-09,5.785810799352475e-07
2026-03-07 23:19:00+00:00,7.155775527678543e-09,5.734790988753957e-07
2026-03-07 23:20:00+00:00,6.211099634612083e-09,5.706306751562806e-07
2026-03-07 23:21:00+00:00,6.406594810215438e-09,5.688154942617984e-07
2026-03-07 23:22:00+00:00,5.770228739265804e-09,5.678756451743538e-07
2026-03-07 23:23:00+00:00,6.1457923195007425e-09,5.675601641996764e-07
2026-03-07 23:24:00+00:00,4.047279844598961e-09,5.647769398819946e-07
2026-03-07 23:25:00+00:00,4.934713526694168e-09,5.608573587778665e-07
2026-03-07 23:26:00+00:00,6.251874129503676e-09,5.594333742919844e-07
2026-03-07 23:27:00+00:00,7.2915646853743965e-09,5.563974241340475e-07
2026-03-07 23:28:00+00:00,5.724078988578185e-09,5.569819450101932e-07
2026-03-07 23:29:00+00:00,5.506981981540093e-09,5.584409450420935e-07
2026-03-07 23:30:00+00:00,6.110891348498626e-09,5.578071977652144e-07
2026-03-07 23:31:00+00:00,6.089616366722339e-09,5.56100303583662e-07
2026-03-07 23:32:00+00:00,6.380091566171586e-09,5.576430339715444e-07
2026-03-07 23:33:00+00:00,6.003775698815161e-09,5.6022497574304e-07
2026-03-07 23:34:00+00:00,5.797713864552634e-09,5.57610519535956e-07
2026-03-07 23:35:00+00:00,3.6062799413372204e-09,5.5983127822401e-07
2026-03-07 23:36:00+00:00,3.924145897116205e-09,5.594842491518648e-07
2026-03-07 23:37:00+00:00,4.573122769357951e-09,5.596911023530993e-07
2026-03-07 23:38:00+00:00,3.2454903209355734e-09,5.609684308183205e-07
2026-03-07 23:39:00+00:00,3.0533360284579203e-09,5.666612992172304e-07
2026-03-07 23:40:00+00:00,4.182966861776549e-09,5.65293817089696e-07
2026-03-07 23:41:00+00:00,5.765283361824913e-09,5.659025532622763e-07
2026-03-07 23:42:00+00:00,2.1272532624294627e-09,5.640321774080803e-07
2026-03-07 23:43:00+00:00,1.8502795962049845e-09,5.609819595520094e-07
2026-03-07 23:44:00+00:00,1.7619612435737508e-09,5.575763566412206e-07
2026-03-07 23:45:00+00:00,5.337888797640744e-09,5.582684821092698e-07
2026-03-07 23:46:00+00:00,3.103548307237247e-09,5.560011686611688e-07
2026-03-07 23:47:00+00:00,6.034872601645702e-09,5.524813673218887e-07
2026-03-07 23:48:00+00:00,8.681685592648591e-09,5.592914362750889e-07
2026-03-07 23:49:00+00:00,8.597759837414287e-09,5.832177407683048e-07
2026-03-07 23:50:00+00:00,1.0297500629974365e-08,5.9157190435144e-07
2026-03-07 23:51:00+00:00,7.91543275369122e-09,5.862474949935859e-07
2026-03-07 23:52:00+00:00,7.412826796837635e-09,5.726648737436335e-07
2026-03-07 23:53:00+00:00,3.32033112115937e-09,5.643642566610652e-07
2026-03-07 23:54:00+00:00,4.794604269164893e-09,5.599828796221118e-07
2026-03-07 23:55:00+00:00,5.646206169274137e-09,5.602427108897245e-07
2026-03-07 23:56:00+00:00,4.9972386229057975e-09,5.581420623457234e-07
2026-03-07 23:57:00+00:00,5.448463014090521e-09,5.591759304479638e-07
2026-03-07 23:58:00+00:00,5.344324982559101e-09,5.622417234008026e-07
2026-03-07 23:59:00+00:00,6.135238539428656e-09,5.560617637456744e-07
2026-03-08 00:00:00+00:00,5.2342943313021806e-09,5.590362661678228e-07
2026-03-08 00:01:00+00:00,4.842375833646884e-09,5.600639951808262e-07
2026-03-08 00:02:00+00:00,5.6918767477043275e-09,5.619135095003003e-07
2026-03-08 00:03:00+00:00,5.126450819403772e-09,5.714593385164335e-07
2026-03-08 00:04:00+00:00,6.002583763375924e-09,5.759581540587533e-07
2026-03-08 00:05:00+00:00,6.344908154432005e-09,5.749780598307552e-07
2026-03-08 00:06:00+00:00,4.087015614828715e-09,5.784200993730337e-07
2026-03-08 00:07:00+00:00,6.766770255239862e-09,5.871062285223161e-07
2026-03-08 00:08:00+00:00,6.973231769791255e-09,5.938473464084382e-07
2026-03-08 00:09:00+00:00,4.303517098236398e-09,5.99064492234902e-07
2026-03-08 00:10:00+00:00,4.955451604615746e-09,5.992898763906851e-07
2026-03-08 00:11:00+00:00,6.719497847029743e-09,6.03619980665826e-07
2026-03-08 00:12:00+00:00,5.795497859395482e-09,6.053757033441798e-07
2026-03-08 00:13:00+00:00,5.9355911297132025e-09,6.053810466255527e-07
2026-03-08 00:14:00+00:00,5.7719171664416535e-09,6.033066028976464e-07
2026-03-08 00:15:00+00:00,4.299428812970518e-09,6.008644959365483e-07
2026-03-08 00:16:00+00:00,7.296823589797441e-09,6.059462407392857e-07
2026-03-08 00:17:00+00:00,6.36589225777584e-09,6.122489821791532e-07
2026-03-08 00:18:00+00:00,5.528224988893271e-09,6.207162073224026e-07
2026-03-08 00:19:00+00:00,8.632647485740108e-09,6.233613589756715e-07
2026-03-08 00:20:00+00:00,1.4855957575221623e-09,6.083953962843225e-07
2026-03-08 00:21:00+00:00,9.195356476254801e-09,6.055614676370169e-07
2026-03-08 00:22:00+00:00,2.9799382961215315e-09,5.981012236588867e-07
2026-03-08 00:23:00+00:00,3.603728648826632e-09,5.938822482676187e-07
2026-03-08 00:24:00+00:00,3.042513796458479e-09,5.930854740654468e-07
2026-03-08 00:25:00+00:00,6.4646363817644215e-09,6.043158009561012e-07
2026-03-08 00:26:00+00:00,6.760392246007996e-09,6.053190304555756e-07
2026-03-08 00:27:00+00:00,2.899301243530772e-09,6.025396714903763e-07
2026-03-08 00:28:00+00:00,6.481232883714938e-09,6.018058229528833e-07
2026-03-08 00:29:00+00:00,4.574017609115799e-09,5.968095706521126e-07
2026-03-08 00:30:00+00:00,4.9068287211184725e-09,5.988500220155402e-07
2026-03-08 00:31:00+00:00,2.8899660442505137e-09,6.036488571226073e-07
2026-03-08 00:32:00+00:00,2.762630346708761e-09,6.092772082411102e-07
2026-03-08 00:33:00+00:00,5.004807235309272e-09,6.100671612330189e-07
2026-03-08 00:34:00+00:00,2.3225743550625566e-09,6.110432195782778e-07
2026-03-08 00:35:00+00:00,4.702310540949384e-09,6.07581284839398e-07
2026-03-08 00:36:00+00:00,4.943240039523289e-09,6.068182756280294e-07
2026-03-08 00:37:00+00:00,4.952540155755969e-09,6.100206064729718e-07
2026-03-08 00:38:00+00:00,3.2201816768662184e-09,6.161807277749176e-07
2026-03-08 00:39:00+00:00,6.034659882914184e-09,6.253252990973124e-07
2026-03-08 00:40:00+00:00,4.6809267573166835e-09,6.241019150365901e-07
2026-03-08 00:41:00+00:00,4.4042800517729574e-09,6.328173185465857e-07
2026-03-08 00:42:00+00:00,5.2951274476242816e-09,6.373942937898391e-07
2026-03-08 00:43:00+00:00,3.974331086453731e-09,6.37246102996869e-07
2026-03-08 00:44:00+00:00,2.9406528323505654e-09,6.303277473307389e-07
2026-03-08 00:45:00+00:00,3.2673692640372565e-09,6.222811634870595e-07
2026-03-08 00:46:00+00:00,3.514242008506585e-09,6.124578817434667e-07
2026-03-08 00:47:00+00:00,5.4505999713683195e-09,6.089055659685982e-07
2026-03-08 00:48:00+00:00,4.230297889762369e-09,6.084089818614302e-07
2026-03-08 00:49:00+00:00,6.62105481552544e-09,6.031871748746198e-07
2026-03-08 00:50:00+00:00,5.294463534255556e-09,6.006487183185527e-07
2026-03-08 00:51:00+00:00,3.930364922410945e-09,5.994086222926853e-07
2026-03-08 00:52:00+00:00,5.025860172480634e-09,5.968959158053622e-07
2026-03-08 00:53:00+00:00,3.843617424337253e-09,5.975005592517846e-07
2026-03-08 00:54:00+00:00,4.662678243505525e-09,6.004169108564383e-07
2026-03-08 00:55:00+00:00,4.7092272303927984e-09,6.045580676072859e-07
2026-03-08 00:56:00+00:00,6.65550059508746e-09,6.088536679271783e-07
2026-03-08 00:57:00+00:00,5.639781530675236e-09,6.054413006495452e-07
2026-03-08 00:58:00+00:00,5.82944581495326e-09,6.015399662828713e-07
2026-03-08 00:59:00+00:00,6.91572710209698e-09,6.016918518980674e-07
2026-03-08 01:00:00+00:00,9.574133486012215e-09,5.998785468364076e-07
2026-03-08 01:01:00+00:00,6.193013213362519e-09,5.985277766740182e-07
2026-03-08 01:02:00+00:00,4.7781787415601684e-09,5.999220320518361e-07
2026-03-08 01:03:00+00:00,6.060422830245216e-09,6.001926067256136e-07
2026-03-08 01:04:00+00:00,7.340136054523327e-09,5.979928232591192e-07
2026-03-08 01:05:00+00:00,6.057838675133098e-09,6.024897629686166e-07
2026-03-08 01:06:00+00:00,6.25396667786049e-09,6.065278626010695e-07
2026-03-08 01:07:00+00:00,8.561980457955087e-09,6.09663231898594e-07
2026-03-08 01:08:00+00:00,8.59399040820108e-09,6.182023071232834e-07
2026-03-08 01:09:00+00:00,8.53869153161213e-09,6.353711228257453e-07
2026-03-08 01:10:00+00:00,1.0699992003537773e-08,6.412093398466823e-07
2026-03-08 01:11:00+00:00,1.069810640075275e-08,6.336841806842131e-07
2026-03-08 01:12:00+00:00,9.61377910613237e-09,6.287302198870748e-07
2026-03-08 01:13:00+00:00,1.1130937060954693e-08,6.287064024945721e-07
2026-03-08 01:14:00+00:00,1.0793024252109262e-08,6.192831847329217e-07
2026-03-08 01:15:00+00:00,8.530415485097365e-09,6.106823207119305e-07
2026-03-08 01:16:00+00:00,8.362098569136833e-09,6.057539394532796e-07
2026-03-08 01:17:00+00:00,7.790633915760736e-09,6.106606633693445e-07
2026-03-08 01:18:00+00:00,8.224373182486033e-09,6.452939942391822e-07
2026-03-08 01:19:00+00:00,1.1591225757001666e-08,6.792882345507678e-07
2026-03-08 01:20:00+00:00,1.2139425464852138e-08,6.952313356123341e-07
2026-03-08 01:21:00+00:00,1.3567222012511593e-08,7.069258458614058e-07
2026-03-08 01:22:00+00:00,1.3253266928359153e-08,7.190695328063157e-07
2026-03-08 01:23:00+00:00,1.1139186462116868e-08,7.128314791771118e-07
2026-03-08 01:24:00+00:00,1.0955097273779302e-08,7.054240427351033e-07
2026-03-08 01:25:00+00:00,8.404218654334272e-09,6.997972263889096e-07
2026-03-08 01:26:00+00:00,9.680996448935275e-09,6.922103921169764e-07
2026-03-08 01:27:00+00:00,9.044119231305103e-09,6.801220138186181e-07
2026-03-08 01:28:00+00:00,9.638757347829596e-09,6.749685326212784e-07
2026-03-08 01:29:00+00:00,7.693965464738994e-09,6.78201445225568e-07
2026-03-08 01:30:00+00:00,8.782401472728907e-09,6.71214877456805e-07
2026-03-08 01:31:00+00:00,9.260678446310067e-09,6.62366460346675e-07
2026-03-08 01:32:00+00:00,8.682753183109071e-09,6.574134090442385e-07
2026-03-08 01:33:00+00:00,9.704154813050536e-09,6.517246902149054e-07
2026-03-08 01:34:00+00:00,7.125997125712047e-09,6.479099852185755e-07
2026-03-08 01:35:00+00:00,6.476946534661465e-09,6.460331292146293e-07
2026-03-08 01:36:00+00:00,8.06041722256623e-09,6.471856295320322e-07
2026-03-08 01:37:00+00:00,6.475996183752386e-09,6.468639526246989e-07
2026-03-08 01:38:00+00:00,7.910662347399011e-09,6.483361971731938e-07
2026-03-08 01:39:00+00:00,7.297243254100749e-09,6.467672051257978e-07
2026-03-08 01:40:00+00:00,6.9419532344738855e-09,6.437025490413362e-07
2026-03-08 01:41:00+00:00,7.368985421862817e-09,6.393159424078476e-07
2026-03-08 01:42:00+00:00,6.120985496238518e-09,6.344696430460317e-07
2026-03-08 01:43:00+00:00,5.98651217487145e-09,6.326026777969673e-07
2026-03-08 01:44:00+00:00,8.951611008001237e-09,6.338300408970099e-07
2026-03-08 01:45:00+00:00,8.758619607363016e-09,6.422081355594855e-07
2026-03-08 01:46:00+00:00,8.753459290744559e-09,6.607862701457634e-07
2026-03-08 01:47:00+00:00,1.316939801654371e-08,7.015895562290098e-07
2026-03-08 01:48:00+00:00,1.3420091704574588e-08,7.52854816710169e-07
2026-03-08 01:49:00+00:00,1.5608042858161753e-08,7.943887680994521e-07
2026-03-08 01:50:00+00:00,1.5454999058306385e-08,8.069548016464978e-07
2026-03-08 01:51:00+00:00,1.7908636351648966e-08,8.053495434978686e-07
2026-03-08 01:52:00+00:00,1.5425591470830113e-08,8.014561103664164e-07
2026-03-08 01:53:00+00:00,1.4989550933819373e-08,7.936853307910496e-07
2026-03-08 01:54:00+00:00,1.4282568017165431e-08,7.787543836457189e-07
2026-03-08 01:55:00+00:00,1.3319159997138286e-08,7.676313202864549e-07
2026-03-08 01:56:00+00:00,1.2806294691358744e-08,7.555655088253843e-07
2026-03-08 01:57:00+00:00,1.1470841165817092e-08,7.477806320821401e-07
2026-03-08 01:58:00+00:00,1.1328104676522344e-08,7.395716465907753e-07
2026-03-08 01:59:00+00:00,1.0647468684510386e-08,7.302101039385889e-07
2026-03-08 02:00:00+00:00,1.0308252029744835e-08,7.234900181174453e-07
2026-03-08 02:01:00+00:00,9.433526848567908e-09,7.220881457215e-07
2026-03-08 02:02:00+00:00,1.1332701888022712e-08,7.20064235792961e-07
2026-03-08 02:03:00+00:00,1.2164878882003904e-08,7.135202508834482e-07
2026-03-08 02:04:00+00:00,1.1455796311565791e-08,7.13672250185482e-07
2026-03-08 02:05:00+00:00,1.1526333665301536e-08,7.117981226656411e-07
2026-03-08 02:06:00+00:00,1.0188061061455755e-08,7.122196734599129e-07
2026-03-08 02:07:00+00:00,1.3241972851574246e-08,7.163760074035963e-07
2026-03-08 02:08:00+00:00,1.4284329274971697e-08,7.265686576829467e-07
2026-03-08 02:09:00+00:00,1.339606470196486e-08,7.421727445944271e-07
2026-03-08 02:10:00+00:00,1.4085242305839074e-08,7.599773539368471e-07
2026-03-08 02:11:00+00:00,1.6595530283325388e-08,7.689212679906632e-07
2026-03-08 02:12:00+00:00,1.6523333812301644e-08,7.792645533299947e-07
2026-03-08 02:13:00+00:00,1.712758468386255e-08,7.878899737079337e-07
2026-03-08 02:14:00+00:00,2.0084556240362872e-08,7.883742227932089e-07
2026-03-08 02:15:00+00:00,1.6984778028472647e-08,7.809979365447361e-07
2026-03-08 02:16:00+00:00,1.931054249837416e-08,7.783968385410844e-07
2026-03-08 02:17:00+00:00,1.681146777343656e-08,7.782540478729061e-07
2026-03-08 02:18:00+00:00,1.5346444115493796e-08,7.744581012048002e-07
2026-03-08 02:19:00+00:00,1.5751279391906792e-08,7.732958806627721e-07
2026-03-08 02:20:00+00:00,1.923422487948301e-08,7.8367128253376e-07
2026-03-08 02:21:00+00:00,2.0712919379661798e-08,8.080553470790619e-07
2026-03-08 02:22:00+00:00,2.023410772267198e-08,8.012272019186639e-07
2026-03-08 02:23:00+00:00,1.9271059414904812e-08,7.816817628736317e-07
2026-03-08 02:24:00+00:00,1.713096331457109e-08,7.700709829805419e-07
2026-03-08 02:25:00+00:00,1.747456579437312e-08,7.592464044137159e-07
2026-03-08 02:26:00+00:00,1.292018936283057e-08,7.468938179044926e-07
2026-03-08 02:27:00+00:00,1.0984875231656588e-08,7.312606271625555e-07
2026-03-08 02:28:00+00:00,1.079297362593934e-08,7.19686454431212e-07
2026-03-08 02:29:00+00:00,1.0140783324175118e-08,7.120449367903348e-07
2026-03-08 02:30:00+00:00,1.1299971625078342e-08,7.017324605840258e-07
2026-03-08 02:31:00+00:00,9.919520316259423e-09,6.987226583987649e-07
2026-03-08 02:32:00+00:00,9.325253458314364e-09,6.895670594531111e-07
2026-03-08 02:33:00+00:00,8.904696535694256e-09,6.842579978183494e-07
2026-03-08 02:34:00+00:00,8.836994247474195e-09,6.773121299374907e-07
2026-03-08 02:35:00+00:00,8.470282253369987e-09,6.687792506454571e-07
2026-03-08 02:36:00+00:00,5.6697784245329785e-09,6.664285479018872e-07
2026-03-08 02:37:00+00:00,6.454568435287911e-09,6.627969924011268e-07
2026-03-08 02:38:00+00:00,5.146517434440057e-09,6.598310164918075e-07
2026-03-08 02:39:00+00:00,6.8293326549451194e-09,6.580659146493417e-07
2026-03-08 02:40:00+00:00,7.583754069173665e-09,6.557901883752493e-07
2026-03-08 02:41:00+00:00,1.0569095820756047e-08,6.530862606268784e-07
2026-03-08 02:42:00+00:00,9.695329872272396e-09,6.520660917885834e-07
2026-03-08 02:43:00+00:00,9.193067640467234e-09,6.494129820566741e-07
2026-03-08 02:44:00+00:00,1.0000007932831068e-08,6.48024126803648e-07
2026-03-08 02:45:00+00:00,9.81405801070423e-09,6.419841156457551e-07
2026-03-08 02:46:00+00:00,8.47459613595447e-09,6.395131322278758e-07
2026-03-08 02:47:00+00:00,9.314678806049415e-09,6.389516329363687e-07
2026-03-08 02:48:00+00:00,1.1394978294276825e-08,6.378151624630846e-07
2026-03-08 02:49:00+00:00,1.039750685549734e-08,6.38020821952523e-07
2026-03-08 02:50:00+00:00,8.860440381397439e-09,6.402887606782315e-07
2026-03-08 02:51:00+00:00,8.281270780230443e-09,6.388754627550952e-07
2026-03-08 02:52:00+00:00,9.542589829436565e-09,6.336703677334299e-07
2026-03-08 02:53:00+00:00,1.1077349704180506e-08,6.3028278418642e-07
2026-03-08 02:54:00+00:00,7.851436834016567e-09,6.308430329227122e-07
2026-03-08 02:55:00+00:00,8.591724665052425e-09,6.27960332622024e-07
2026-03-08 02:56:00+00:00,1.0043133435999607e-08,6.306638624664629e-07
2026-03-08 02:57:00+00:00,1.0725848653692083e-08,6.279666422415175e-07
2026-03-08 02:58:00+00:00,9.94387505670602e-09,6.245839472285297e-07
2026-03-08 02:59:00+00:00,9.939812528614311e-09,6.25755490091251e-07
2026-03-08 03:00:00+00:00,9.028411795952707e-09,6.270926746765326e-07
2026-03-08 03:01:00+00:00,7.241858224205089e-09,6.247230430744821e-07
2026-03-08 03:02:00+00:00,7.933127044168486e-09,6.247734631870117e-07
2026-03-08 03:03:00+00:00,7.198390772344965e-09,6.241523351491196e-07
2026-03-08 03:04:00+00:00,7.898370846248781e-09,6.238954028958688e-07
2026-03-08 03:05:00+00:00,9.533854594678814e-09,6.233965450519463e-07
2026-03-08 03:06:00+00:00,9.39726607640523e-09,6.22077209300187e-07
2026-03-08 03:07:00+00:00,8.999115230778898e-09,6.212870289346029e-07
2026-03-08 03:08:00+00:00,8.572448528809673e-09,6.222819592949236e-07
2026-03-08 03:09:00+00:00,8.793732853007441e-09,6.290412670750811e-07
2026-03-08 03:10:00+00:00,6.9138836877868926e-09,6.299088681771536e-07
2026-03-08 03:11:00+00:00,7.974630733542654e-09,6.335953912639525e-07
2026-03-08 03:12:00+00:00,7.128855283866642e-09,6.355617756526044e-07
2026-03-08 03:13:00+00:00,6.784594663855614e-09,6.402724466170184e-07
2026-03-08 03:14:00+00:00,9.629116171083751e-09,6.525862659145787e-07
2026-03-08 03:15:00+00:00,1.1541587241481466e-08,6.710781121910259e-07
2026-03-08 03:16:00+00:00,1.2818081707166584e-08,6.81092785725923e-07
2026-03-08 03:17:00+00:00,1.299171703550428e-08,7.011874458839884e-07
2026-03-08 03:18:00+00:00,1.5914734419197885e-08,7.329405207201489e-07
2026-03-08 03:19:00+00:00,1.9419696073441628e-08,7.749505357423914e-07
2026-03-08 03:20:00+00:00,2.263315401762611e-08,7.984082230905187e-07
2026-03-08 03:21:00+00:00,2.3686659744726057e-08,8.13753445072507e-07
2026-03-08 03:22:00+00:00,2.1605348621278608e-08,8.260096819867613e-07
2026-03-08 03:23:00+00:00,2.1821637830043983e-08,8.347217317350442e-07
2026-03-08 03:24:00+00:00,2.1957667684091575e-08,8.459338118882442e-07
2026-03-08 03:25:00+00:00,2.2742499439232233e-08,8.586432613810757e-07
2026-03-08 03:26:00+00:00,2.1548794748582623e-08,8.602257253187418e-07
2026-03-08 03:27:00+00:00,2.055567094316757e-08,8.488969456266204e-07
2026-03-08 03:28:00+00:00,1.9546890328570043e-08,8.433782454631e-07
2026-03-08 03:29:00+00:00,1.7613393410442768e-08,8.356619787264208e-07
2026-03-08 03:30:00+00:00,1.6273656200382902e-08,8.311913006764371e-07
2026-03-08 03:31:00+00:00,1.5306135026094125e-08,8.243389970630233e-07
2026-03-08 03:32:00+00:00,1.6192371887768786e-08,8.123942052407074e-07
2026-03-08 03:33:00+00:00,1.4091743771871279e-08,8.018720905056398e-07
2026-03-08 03:34:00+00:00,1.4219387445280063e-08,7.952170903990918e-07
2026-03-08 03:35:00+00:00,1.3959529532314718e-08,7.867681688367156e-07
2026-03-08 03:36:00+00:00,1.4458249708582116e-08,7.783760906932002e-07
2026-03-08 03:37:00+00:00,1.3883923344337745e-08,7.697420301155944e-07
2026-03-08 03:38:00+00:00,1.3813192367706506e-08,7.63391028613114e-07
2026-03-08 03:39:00+00:00,1.307971242425765e-08,7.565564033029659e-07
2026-03-08 03:40:00+00:00,1.2344771427308388e-08,7.508806447731331e-07
2026-03-08 03:41:00+00:00,1.2886548717006008e-08,7.535979875683552e-07
2026-03-08 03:42:00+00:00,1.269784188906442e-08,7.595513693559042e-07
2026-03-08 03:43:00+00:00,1.4637176803944385e-08,7.650789370927669e-07
2026-03-08 03:44:00+00:00,1.4047172314235468e-08,7.694564487792377e-07
2026-03-08 03:45:00+00:00,1.4143639148755938e-08,7.703576443418569e-07
2026-03-08 03:46:00+00:00,1.5266367725530472e-08,7.767202419017849e-07
2026-03-08 03:47:00+00:00,1.4260185032810568e-08,7.8804583836245e-07
2026-03-08 03:48:00+00:00,1.6221697762830445e-08,8.179173960343178e-07
2026-03-08 03:49:00+00:00,1.3968153744770007e-08,8.000241678018938e-07
2026-03-08 03:50:00+00:00,1.1358438634090362e-08,7.771684522595024e-07
2026-03-08 03:51:00+00:00,1.1616671180547655e-08,7.613710977238952e-07
2026-03-08 03:52:00+00:00,8.726853018004022e-09,7.480929866687802e-07
2026-03-08 03:53:00+00:00,9.198177330915769e-09,7.415846425828931e-07
2026-03-08 03:54:00+00:00,8.949590402096419e-09,7.405645874314359e-07
2026-03-08 03:55:00+00:00,1.0097035207934368e-08,7.410054649881204e-07
2026-03-08 03:56:00+00:00,1.0227076074897923e-08,7.437479894178978e-07
2026-03-08 03:57:00+00:00,1.0767999825134211e-08,7.488133064725844e-07
2026-03-08 03:58:00+00:00,8.92032225863204e-09,7.535377335443627e-07
2026-03-08 03:59:00+00:00,1.0673257833104799e-08,7.56164752147015e-07
2026-03-08 04:00:00+00:00,1.0516304271845911e-08,7.590515451738611e-07
2026-03-08 04:01:00+00:00,1.2622223266589572e-08,7.606364533785381e-07
2026-03-08 04:02:00+00:00,1.2398829518645016e-08,7.612842978232948e-07
2026-03-08 04:03:00+00:00,1.0647997150670108e-08,7.615468575750128e-07
2026-03-08 04:04:00+00:00,9.878844409172416e-09,7.558525680906314e-07
2026-03-08 04:05:00+00:00,1.0825885077281328e-08,7.492848226320348e-07
2026-03-08 04:06:00+00:00,1.049338305136871e-08,7.478279258066323e-07
2026-03-08 04:07:00+00:00,1.050357045784267e-08,7.435198767780093e-07
2026-03-08 04:08:00+00:00,1.1267706767625896e-08,7.456319508492015e-07
2026-03-08 04:09:00+00:00,9.553422941621648e-09,7.507450732191501e-07
2026-03-08 04:10:00+00:00,1.2111348368648578e-08,7.422569296977599e-07
2026-03-08 04:11:00+00:00,1.1168079794288133e-08,7.374461006293132e-07
2026-03-08 04:12:00+00:00,1.2248405845127763e-08,7.35423839159921e-07
2026-03-08 04:13:00+00:00,1.3919905228476637e-08,7.310780461011746e-07
2026-03-08 04:14:00+00:00,1.4221751776233305e-08,7.307158966796123e-07
2026-03-08 04:15:00+00:00,1.2122947090631442e-08,7.300179163394205e-07
2026-03-08 04:16:00+00:00,1.4182999663603368e-08,7.262041776812111e-07
2026-03-08 04:17:00+00:00,1.224900625373948e-08,7.253437388499151e-07
2026-03-08 04:18:00+00:00,1.2186053055529555e-08,7.262763688231644e-07
2026-03-08 04:19:00+00:00,1.4091898314916307e-08,7.286621439561713e-07
2026-03-08 04:20:00+00:00,1.4310665541472645e-08,7.260001098075008e-07
2026-03-08 04:21:00+00:00,1.3127522180411688e-08,7.242653623507067e-07
2026-03-08 04:22:00+00:00,1.4472318454750166e-08,7.255294462993334e-07
2026-03-08 04:23:00+00:00,1.2962890316714493e-08,7.234422696456022e-07
2026-03-08 04:24:00+00:00,1.2550335881655883e-08,7.242445576594037e-07
2026-03-08 04:25:00+00:00,1.3058008008215438e-08,7.259227459144313e-07
2026-03-08 04:26:00+00:00,1.3209081828335911e-08,7.283272793756623e-07
2026-03-08 04:27:00+00:00,1.4597373088065524e-08,7.363369718405011e-07
2026-03-08 04:28:00+00:00,1.4214456278693888e-08,7.410008038277738e-07
2026-03-08 04:29:00+00:00,1.3209566773753068e-08,7.431011681546806e-07
2026-03-08 04:30:00+00:00,1.416288597511084e-08,7.469047886843327e-07
2026-03-08 04:31:00+00:00,1.3171615798057701e-08,7.447001166838163e-07
2026-03-08 04:32:00+00:00,1.0860032872983538e-08,7.421718350997253e-07
2026-03-08 04:33:00+00:00,1.136250205036049e-08,7.432577717736422e-07
2026-03-08 04:34:00+00:00,9.836827352671662e-09,7.357782578765182e-07
2026-03-08 04:35:00+00:00,9.696849545548503e-09,7.311044782909448e-07
2026-03-08 04:36:00+00:00,9.454007354747773e-09,7.26823770946794e-07
2026-03-08 04:37:00+00:00,8.791843697508739e-09,7.189361213022494e-07
2026-03-08 04:38:00+00:00,7.744424657118998e-09,7.150422902668652e-07
2026-03-08 04:39:00+00:00,8.110493610047342e-09,7.119875249372853e-07
2026-03-08 04:40:00+00:00,1.6772311539625662e-08,7.834673283468874e-07
2026-03-08 04:41:00+00:00,4.319748470038576e-08,1.038976620293397e-06
2026-03-08 04:42:00+00:00,5.388545432083447e-08,1.2053872069373028e-06
2026-03-08 04:43:00+00:00,5.1802352629692905e-08,1.2419836821209174e-06
2026-03-08 04:44:00+00:00,4.1806057282656184e-08,1.1922987823709263e-06
2026-03-08 04:45:00+00:00,3.38009478184631e-08,1.117747274292924e-06
2026-03-08 04:46:00+00:00,2.684852162815332e-08,1.0554468872214784e-06
2026-03-08 04:47:00+00:00,2.429682233184849e-08,1.0119731541635701e-06
2026-03-08 04:48:00+00:00,2.2357307116749325e-08,9.78011030383641e-07
2026-03-08 04:49:00+00:00,2.0383156495995536e-08,9.501141562395787e-07
2026-03-08 04:50:00+00:00,2.0924666443988826e-08,9.383049928146647e-07
2026-03-08 04:51:00+00:00,1.9814665463968595e-08,9.277568437937589e-07
2026-03-08 04:52:00+00:00,2.038879820531747e-08,9.226600354850234e-07
2026-03-08 04:53:00+00:00,1.828906626144544e-08,9.181861742035835e-07
2026-03-08 04:54:00+00:00,1.6174753980635614e-08,9.174203796646907e-07
2026-03-08 04:55:00+00:00,1.6833753946343677e-08,9.069319730770076e-07
2026-03-08 04:56:00+00:00,1.536497151732874e-08,8.948384788709518e-07
2026-03-08 04:57:00+00:00,1.594415444117203e-08,8.865406471159076e-07
2026-03-08 04:58:00+00:00,1.5382230600380353e-08,8.761363119447196e-07
2026-03-08 04:59:00+00:00,1.5863586000364194e-08,8.689355013302702e-07
2026-03-08 05:00:00+00:00,1.345737388191992e-08,8.585043360653799e-07
2026-03-08 05:01:00+00:00,1.019450390771226e-08,8.474529522572993e-07
2026-03-08 05:02:00+00:00,1.0587009491302979e-08,8.356963121514127e-07
2026-03-08 05:03:00+00:00,9.86455450657786e-09,8.239336466431268e-07
2026-03-08 05:04:00+00:00,9.313708027036682e-09,8.162415383594634e-07
2026-03-08 05:05:00+00:00,7.4168293728860135e-09,8.063481118369964e-07
2026-03-08 05:06:00+00:00,8.169789289524942e-09,7.984958756424021e-07
2026-03-08 05:07:00+00:00,8.187348576882414e-09,7.947842846078856e-07
2026-03-08 05:08:00+00:00,9.787596511046104e-09,7.903171308498713e-07
2026-03-08 05:09:00+00:00,8.601296563881533e-09,7.860233495193825e-07
2026-03-08 05:10:00+00:00,6.750385583842444e-09,7.776297934469767e-07
2026-03-08 05:11:00+00:00,6.207446556771856e-09,7.725153636783944e-07
2026-03-08 05:12:00+00:00,6.0429869996880825e-09,7.713784384577593e-07
2026-03-08 05:13:00+00:00,4.893155214347189e-09,7.682772888983891e-07
2026-03-08 05:14:00+00:00,2.1837058827856026e-09,7.589005122099479e-07
2026-03-08 05:15:00+00:00,1.9398891382138572e-09,7.523713634327578e-07
2026-03-08 05:16:00+00:00,2.0288353219655164e-09,7.493015345971799e-07
2026-03-08 05:17:00+00:00,3.4098606160881673e-09,7.465267799489084e-07
2026-03-08 05:18:00+00:00,2.942863286392594e-09,7.423086572089233e-07
2026-03-08 05:19:00+00:00,1.3490215611255962e-09,7.348646704485873e-07
2026-03-08 05:20:00+00:00,2.161005818734907e-09,7.287109724529728e-07
2026-03-08 05:21:00+00:00,2.4392141639850706e-09,7.226689149320009e-07
2026-03-08 05:22:00+00:00,9.999999717180685e-10,7.170590947680466e-07
2026-03-08 05:23:00+00:00,9.999999717180685e-10,7.100256880221423e-07
2026-03-08 05:24:00+00:00,9.999999717180685e-10,7.045185270726506e-07
2026-03-08 05:25:00+00:00,9.999999717180685e-10,7.00237706041662e-07
2026-03-08 05:26:00+00:00,9.999999717180685e-10,6.95238327352854e-07
2026-03-08 05:27:00+00:00,9.999999717180685e-10,6.906899443492875e-07
2026-03-08 05:28:00+00:00,9.999999717180685e-10,6.887909762554045e-07
2026-03-08 05:29:00+00:00,9.999999717180685e-10,6.831445489297039e-07
2026-03-08 05:30:00+00:00,9.999999717180685e-10,6.798251206419081e-07
2026-03-08 05:31:00+00:00,9.999999717180685e-10,6.752262606823933e-07
2026-03-08 05:32:00+00:00,9.999999717180685e-10,6.714868732160539e-07
2026-03-08 05:33:00+00:00,9.999999717180685e-10,6.675831514257879e-07
2026-03-08 05:34:00+00:00,9.999999717180685e-10,6.634543296968332e-07
2026-03-08 05:35:00+00:00,9.999999717180685e-10,6.622714749937586e-07
2026-03-08 05:36:00+00:00,9.999999717180685e-10,6.615359779971186e-07
2026-03-08 05:37:00+00:00,9.999999717180685e-10,6.583564982065582e-07
2026-03-08 05:38:00+00:00,9.999999717180685e-10,6.591037617909024e-07
2026-03-08 05:39:00+00:00,9.999999717180685e-10,6.581333877875295e-07
2026-03-08 05:40:00+00:00,9.999999717180685e-10,6.54372399822023e-07
2026-03-08 05:41:00+00:00,9.999999717180685e-10,6.526627203129465e-07
2026-03-08 05:42:00+00:00,9.999999717180685e-10,6.548450528498506e-07
2026-03-08 05:43:00+00:00,9.999999717180685e-10,6.599967719012056e-07
2026-03-08 05:44:00+00:00,9.999999717180685e-10,6.593700163648464e-07
2026-03-08 05:45:00+00:00,9.999999717180685e-10,6.579974183296144e-07
2026-03-08 05:46:00+00:00,9.999999717180685e-10,6.59806744351954e-07
2026-03-08 05:47:00+00:00,9.999999717180685e-10,6.647098871326307e-07
2026-03-08 05:48:00+00:00,1.5357466409682274e-09,6.636278726546152e-07
2026-03-08 05:49:00+00:00,3.2814206907261223e-09,6.676037287434156e-07
2026-03-08 05:50:00+00:00,3.953962490754748e-09,6.640094625254278e-07
2026-03-08 05:51:00+00:00,4.708675227504955e-09,6.623850481446425e-07
2026-03-08 05:52:00+00:00,4.496508054785409e-09,6.58726548863342e-07
2026-03-08 05:53:00+00:00,7.169310922705563e-09,6.599217385883094e-07
2026-03-08 05:54:00+00:00,6.027981225287249e-09,6.610119385186408e-07
2026-03-08 05:55:00+00:00,4.5144274984920685e-09,6.571959829670959e-07
2026-03-08 05:56:00+00:00,4.090017213798092e-09,6.542304049617087e-07
2026-03-08 05:57:00+00:00,4.061275760136596e-09,6.511701258204994e-07
2026-03-08 05:58:00+00:00,1.5384411522489927e-09,6.407591399693047e-07
2026-03-08 05:59:00+00:00,9.999999717180685e-10,6.357851134453085e-07
2026-03-08 06:00:00+00:00,1.7456934786608258e-09,6.326523021016328e-07
2026-03-08 06:01:00+00:00,1.9398798123404504e-09,6.331628696898406e-07
2026-03-08 06:02:00+00:00,9.999999717180685e-10,6.333114583867427e-07
2026-03-08 06:03:00+00:00,1.4293802808040823e-09,6.306734121608315e-07
2026-03-08 06:04:00+00:00,1.2128927862065098e-09,6.287148721639824e-07
2026-03-08 06:05:00+00:00,1.160051610327173e-09,6.27910935691034e-07
2026-03-08 06:06:00+00:00,9.999999717180685e-10,6.272748578339815e-07
2026-03-08 06:07:00+00:00,1.4799641512297512e-09,6.271839652072231e-07
2026-03-08 06:08:00+00:00,3.333855191911539e-09,6.285395102167968e-07
2026-03-08 06:09:00+00:00,3.2226536994528487e-09,6.249579769246338e-07
2026-03-08 06:10:00+00:00,4.291333954853371e-09,6.309944637905573e-07
2026-03-08 06:11:00+00:00,3.5214908766789677e-09,6.253354740692885e-07
2026-03-08 06:12:00+00:00,9.999999717180685e-10,6.193258741404861e-07
2026-03-08 06:13:00+00:00,9.999999717180685e-10,6.121987325968803e-07
2026-03-08 06:14:00+00:00,9.999999717180685e-10,6.048459795238159e-07
2026-03-08 06:15:00+00:00,9.999999717180685e-10,5.973174665996339e-07
2026-03-08 06:16:00+00:00,9.999999717180685e-10,5.956933364359429e-07
2026-03-08 06:17:00+00:00,9.999999717180685e-10,5.932571980338253e-07
2026-03-08 06:18:00+00:00,9.999999717180685e-10,5.931288455940376e-07
2026-03-08 06:19:00+00:00,9.999999717180685e-10,5.921325509916642e-07
2026-03-08 06:20:00+00:00,9.999999717180685e-10,5.904565227865533e-07
2026-03-08 06:21:00+00:00,9.999999717180685e-10,5.92666765442118e-07
2026-03-08 06:22:00+00:00,1.1686076550887492e-09,5.983957294120046e-07
2026-03-08 06:23:00+00:00,9.999999717180685e-10,5.998762730996532e-07
2026-03-08 06:24:00+00:00,9.999999717180685e-10,5.997582661620982e-07
2026-03-08 06:25:00+00:00,9.999999717180685e-10,6.00892803959141e-07
2026-03-08 06:26:00+00:00,9.999999717180685e-10,6.08045183980721e-07
2026-03-08 06:27:00+00:00,9.999999717180685e-10,6.113095309956407e-07
2026-03-08 06:28:00+00:00,9.999999717180685e-10,6.157368375170336e-07
2026-03-08 06:29:00+00:00,9.999999717180685e-10,6.145456268313865e-07
2026-03-08 06:30:00+00:00,9.999999717180685e-10,6.193303079271573e-07
2026-03-08 06:31:00+00:00,9.999999717180685e-10,6.238483933884709e-07
2026-03-08 06:32:00+00:00,9.999999717180685e-10,6.262103511289752e-07
2026-03-08 06:33:00+00:00,9.999999717180685e-10,6.365466447277868e-07
2026-03-08 06:34:00+00:00,9.999999717180685e-10,6.507559646706795e-07
2026-03-08 06:35:00+00:00,9.999999717180685e-10,6.606026090594241e-07
2026-03-08 06:36:00+00:00,9.999999717180685e-10,6.648209023296658e-07
2026-03-08 06:37:00+00:00,9.999999717180685e-10,6.685390303573513e-07
2026-03-08 06:38:00+00:00,9.999999717180685e-10,6.723697083543811e-07
2026-03-08 06:39:00+00:00,9.999999717180685e-10,6.737026296832482e-07
2026-03-08 06:40:00+00:00,9.999999717180685e-10,6.722382295265561e-07
2026-03-08 06:41:00+00:00,9.999999717180685e-10,6.675606414319191e-07
2026-03-08 06:42:00+00:00,9.999999717180685e-10,6.672385666206537e-07
2026-03-08 06:43:00+00:00,9.999999717180685e-10,6.6671981358013e-07
2026-03-08 06:44:00+00:00,9.999999717180685e-10,6.676260682070279e-07
2026-03-08 06:45:00+00:00,9.999999717180685e-10,6.691857947771496e-07
2026-03-08 06:46:00+00:00,9.999999717180685e-10,6.730413133482216e-07
2026-03-08 06:47:00+00:00,3.5588543223497027e-09,6.79630772992823e-07
2026-03-08 06:48:00+00:00,3.7009848519176103e-09,6.887993322379771e-07
2026-03-08 06:49:00+00:00,9.999999717180685e-10,6.843611117801629e-07
2026-03-08 06:50:00+00:00,9.999999717180685e-10,6.816495101702458e-07
2026-03-08 06:51:00+00:00,9.999999717180685e-10,6.877675104988157e-07
2026-03-08 06:52:00+00:00,9.999999717180685e-10,6.901112783452845e-07
2026-03-08 06:53:00+00:00,9.999999717180685e-10,6.92907690336142e-07
2026-03-08 06:54:00+00:00,9.999999717180685e-10,6.930029599061527e-07
2026-03-08 06:55:00+00:00,9.999999717180685e-10,6.910254910508229e-07
2026-03-08 06:56:00+00:00,9.999999717180685e-10,6.918677399880835e-07
2026-03-08 06:57:00+00:00,9.999999717180685e-10,6.906207090651151e-07
2026-03-08 06:58:00+00:00,9.999999717180685e-10,6.92283663283888e-07
2026-03-08 06:59:00+00:00,9.999999717180685e-10,7.010187914602284e-07
2026-03-08 07:00:00+00:00,9.999999717180685e-10,7.27535166333837e-07
2026-03-08 07:01:00+00:00,3.3918432507107354e-09,7.619756274834799e-07
2026-03-08 07:02:00+00:00,4.948633502976918e-09,7.880809107518871e-07
2026-03-08 07:03:00+00:00,5.7404005993078044e-09,8.062813208198349e-07
2026-03-08 07:04:00+00:00,6.936504259869025e-09,8.187041657947702e-07
2026-03-08 07:05:00+00:00,6.39115782519184e-09,8.239894668804482e-07
2026-03-08 07:06:00+00:00,5.1814792456639225e-09,8.210379291995196e-07
2026-03-08 07:07:00+00:00,3.919121915885171e-09,8.110351359391643e-07
2026-03-08 07:08:00+00:00,5.175981421245979e-09,7.988002721504017e-07
2026-03-08 07:09:00+00:00,1.5669033848197955e-09,7.849765211176418e-07
2026-03-08 07:10:00+00:00,3.57531559913582e-09,7.755222100058745e-07
2026-03-08 07:11:00+00:00,9.999999717180685e-10,7.621404165547574e-07
2026-03-08 07:12:00+00:00,9.999999717180685e-10,7.429929382851697e-07
2026-03-08 07:13:00+00:00,9.999999717180685e-10,7.316601795537281e-07
2026-03-08 07:14:00+00:00,9.999999717180685e-10,7.261791097334935e-07
2026-03-08 07:15:00+00:00,1.1420792089822385e-09,7.264816872520896e-07
2026-03-08 07:16:00+00:00,1.6348352671613497e-09,7.31864417957695e-07
2026-03-08 07:17:00+00:00,2.5727397989783185e-09,7.226150842143397e-07
2026-03-08 07:18:00+00:00,1.8681025615308045e-09,7.187654773588292e-07
2026-03-08 07:19:00+00:00,1.876698796365872e-09,7.15519774985296e-07
2026-03-08 07:20:00+00:00,1.1731390303637568e-09,7.101518804120133e-07
2026-03-08 07:21:00+00:00,1.6016509229999087e-09,7.054003958728572e-07
2026-03-08 07:22:00+00:00,1.1364140739544837e-09,6.981432534303167e-07
2026-03-08 07:23:00+00:00,2.449591196551637e-09,6.949280191292928e-07
2026-03-08 07:24:00+00:00,9.999999717180685e-10,6.882297611809918e-07
2026-03-08 07:25:00+00:00,9.999999717180685e-10,6.852343972241215e-07
2026-03-08 07:26:00+00:00,9.999999717180685e-10,6.795912668167148e-07
2026-03-08 07:27:00+00:00,9.999999717180685e-10,6.744922984580626e-07
2026-03-08 07:28:00+00:00,9.999999717180685e-10,6.703622830173117e-07
2026-03-08 07:29:00+00:00,9.999999717180685e-10,6.738843012499274e-07
2026-03-08 07:30:00+00:00,1.1102830876907888e-09,6.768087814634782e-07
2026-03-08 07:31:00+00:00,3.6095406663605445e-09,6.82395921103307e-07
2026-03-08 07:32:00+00:00,3.870628706437174e-09,6.948197892597818e-07
2026-03-08 07:33:00+00:00,2.5435680228724777e-09,7.054380830595619e-07
2026-03-08 07:34:00+00:00,4.2803951494363446e-09,7.13065787749656e-07
2026-03-08 07:35:00+00:00,2.615326399890705e-09,7.171140055106662e-07
2026-03-08 07:36:00+00:00,3.949019333759907e-09,7.175817131610529e-07
2026-03-08 07:37:00+00:00,2.750160765785381e-09,7.14593568318378e-07
2026-03-08 07:38:00+00:00,2.87849943880758e-09,7.129982009246305e-07
2026-03-08 07:39:00+00:00,1.6088340659692335e-09,7.087111839609861e-07
2026-03-08 07:40:00+00:00,2.26562368865757e-09,7.07023787072103e-07
2026-03-08 07:41:00+00:00,9.999999717180685e-10,7.031371751509141e-07
2026-03-08 07:42:00+00:00,9.999999717180685e-10,6.994130217208294e-07
2026-03-08 07:43:00+00:00,9.999999717180685e-10,6.941058927623089e-07
2026-03-08 07:44:00+00:00,9.999999717180685e-10,6.843457072136516e-07
2026-03-08 07:45:00+00:00,9.999999717180685e-10,6.812813353462843e-07
2026-03-08 07:46:00+00:00,9.999999717180685e-10,6.80429991462006e-07
2026-03-08 07:47:00+00:00,1.23837839982599e-09,6.831133418927493e-07
2026-03-08 07:48:00+00:00,2.1356472146294436e-09,6.802162602070894e-07
2026-03-08 07:49:00+00:00,1.784366876478316e-09,6.806901637901319e-07
2026-03-08 07:50:00+00:00,1.556621165299532e-09,6.758314157195855e-07
2026-03-08 07:51:00+00:00,9.999999717180685e-10,6.792483873141464e-07
2026-03-08 07:52:00+00:00,9.999999717180685e-10,6.817521125412895e-07
2026-03-08 07:53:00+00:00,9.999999717180685e-10,6.874715836602263e-07
2026-03-08 07:54:00+00:00,9.999999717180685e-10,6.861317274342582e-07
2026-03-08 07:55:00+00:00,1.3757011085857584e-09,6.894281909808342e-07
2026-03-08 07:56:00+00:00,9.999999717180685e-10,6.855152037132939e-07
2026-03-08 07:57:00+00:00,9.999999717180685e-10,6.878734666315722e-07
2026-03-08 07:58:00+00:00,9.999999717180685e-10,6.986044240875344e-07
2026-03-08 07:59:00+00:00,1.794574822078232e-09,7.01327678598318e-07
2026-03-08 08:00:00+00:00,9.999999717180685e-10,7.013894673946197e-07
2026-03-08 08:01:00+00:00,1.397365556599084e-09,7.000337518547894e-07
2026-03-08 08:02:00+00:00,1.3608807414300372e-09,7.042268634904758e-07
2026-03-08 08:03:00+00:00,9.999999717180685e-10,7.128725769689481e-07
2026-03-08 08:04:00+00:00,9.999999717180685e-10,7.131653205760813e-07
2026-03-08 08:05:00+00:00,1.1734407889818499e-09,7.116946676433145e-07
2026-03-08 08:06:00+00:00,3.508730639367741e-09,7.08918264535896e-07
2026-03-08 08:07:00+00:00,1.7798446050321104e-09,7.086779874043714e-07
2026-03-08 08:08:00+00:00,1.0584456644480156e-09,7.055823516566306e-07
2026-03-08 08:09:00+00:00,9.999999717180685e-10,7.035183671177947e-07
2026-03-08 08:10:00+00:00,9.999999717180685e-10,6.987063443375519e-07
2026-03-08 08:11:00+00:00,9.999999717180685e-10,6.970510639803251e-07
2026-03-08 08:12:00+00:00,9.999999717180685e-10,6.95832113706274e-07
2026-03-08 08:13:00+00:00,9.999999717180685e-10,6.973438644308771e-07
2026-03-08 08:14:00+00:00,9.999999717180685e-10,7.009779210420675e-07
2026-03-08 08:15:00+00:00,9.999999717180685e-10,7.022472914286482e-07
2026-03-08 08:16:00+00:00,1.6643241229630235e-09,7.053305921544961e-07
2026-03-08 08:17:00+00:00,1.2790097869697092e-09,7.037245381980028e-07
2026-03-08 08:18:00+00:00,9.999999717180685e-10,6.967245553823886e-07
2026-03-08 08:19:00+00:00,9.999999717180685e-10,6.888269581395434e-07
2026-03-08 08:20:00+00:00,9.999999717180685e-10,6.89188937030849e-07
2026-03-08 08:21:00+00:00,9.999999717180685e-10,6.873434017506952e-07
2026-03-08 08:22:00+00:00,9.999999717180685e-10,6.839294997007528e-07
2026-03-08 08:23:00+00:00,9.999999717180685e-10,6.799589868933253e-07
2026-03-08 08:24:00+00:00,9.999999717180685e-10,6.764018394278537e-07
2026-03-08 08:25:00+00:00,9.999999717180685e-10,6.75546175443742e-07
2026-03-08 08:26:00+00:00,9.999999717180685e-10,6.751035357410728e-07
2026-03-08 08:27:00+00:00,9.999999717180685e-10,6.77071852805966e-07
2026-03-08 08:28:00+00:00,9.999999717180685e-10,6.775482006560196e-07
2026-03-08 08:29:00+00:00,9.999999717180685e-10,6.772512506358908e-07
2026-03-08 08:30:00+00:00,9.999999717180685e-10,6.711023843308794e-07
2026-03-08 08:31:00+00:00,9.999999717180685e-10,6.684315962957044e-07
2026-03-08 08:32:00+00:00,9.999999717180685e-10,6.657469953097461e-07
2026-03-08 08:33:00+00:00,2.188872860742208e-09,6.646304200330633e-07
2026-03-08 08:34:00+00:00,9.999999717180685e-10,6.612116294490988e-07
2026-03-08 08:35:00+00:00,1.2269879556825458e-09,6.638430818384222e-07
2026-03-08 08:36:00+00:00,1.3407227550388257e-09,6.670004495390458e-07
2026-03-08 08:37:00+00:00,9.999999717180685e-10,6.643049346166663e-07
2026-03-08 08:38:00+00:00,9.999999717180685e-10,6.639980369982368e-07
2026-03-08 08:39:00+00:00,9.999999717180685e-10,6.651286525993783e-07
2026-03-08 08:40:00+00:00,9.999999717180685e-10,6.68747816234827e-07
2026-03-08 08:41:00+00:00,9.999999717180685e-10,6.666103899988229e-07
2026-03-08 08:42:00+00:00,9.999999717180685e-10,6.633700877500814e-07
2026-03-08 08:43:00+00:00,9.999999717180685e-10,6.637601472903043e-07
2026-03-08 08:44:00+00:00,9.999999717180685e-10,6.627830657635059e-07
2026-03-08 08:45:00+00:00,9.999999717180685e-10,6.63079902096797e-07
2026-03-08 08:46:00+00:00,9.999999717180685e-10,6.603305564567563e-07
2026-03-08 08:47:00+00:00,9.999999717180685e-10,6.207247338352317e-07
2026-03-08 08:48:00+00:00,9.999999717180685e-10,3.0805301776126726e-07
2026-03-08 08:49:00+00:00,9.999999717180685e-10,9.266908307381527e-08
2026-03-08 08:50:00+00:00,9.999999717180685e-10,2.1387213777757097e-08
2026-03-08 08:51:00+00:00,9.999999717180685e-10,1.5466335767655437e-08
2026-03-08 08:52:00+00:00,0.0,0.0
2026-03-08 08:53:00+00:00,0.0,0.0
2026-03-08 08:54:00+00:00,0.0,0.0
2026-03-08 08:55:00+00:00,0.0,0.0
2026-03-08 08:56:00+00:00,0.0,0.0
2026-03-08 08:57:00+00:00,0.0,0.0
2026-03-08 08:58:00+00:00,0.0,0.0
2026-03-08 08:59:00+00:00,0.0,0.0
2026-03-08 09:00:00+00:00,0.0,0.0
2026-03-08 09:01:00+00:00,0.0,0.0
2026-03-08 09:02:00+00:00,0.0,0.0
2026-03-08 09:03:00+00:00,0.0,0.0
2026-03-08 09:04:00+00:00,0.0,0.0
2026-03-08 09:05:00+00:00,0.0,0.0
2026-03-08 09:06:00+00:00,0.0,0.0
2026-03-08 09:07:00+00:00,0.0,0.0
2026-03-08 09:08:00+00:00,0.0,0.0
2026-03-08 09:09:00+00:00,0.0,0.0
2026-03-08 09:10:00+00:00,0.0,0.0
2026-03-08 09:11:00+00:00,0.0,0.0
2026-03-08 09:12:00+00:00,0.0,0.0
2026-03-08 09:13:00+00:00,0.0,0.0
2026-03-08 09:14:00+00:00,0.0,0.0
2026-03-08 09:15:00+00:00,0.0,0.0
2026-03-08 09:16:00+00:00,0.0,0.0
2026-03-08 09:17:00+00:00,0.0,0.0
2026-03-08 09:18:00+00:00,0.0,0.0
2026-03-08 09:19:00+00:00,0.0,0.0
2026-03-08 09:20:00+00:00,0.0,0.0
2026-03-08 09:21:00+00:00,0.0,0.0
2026-03-08 09:22:00+00:00,0.0,0.0
2026-03-08 09:23:00+00:00,0.0,0.0
2026-03-08 09:24:00+00:00,0.0,0.0
2026-03-08 09:25:00+00:00,0.0,0.0
2026-03-08 09:26:00+00:00,0.0,0.0
2026-03-08 09:27:00+00:00,0.0,0.0
2026-03-08 09:28:00+00:00,0.0,0.0
2026-03-08 09:29:00+00:00,0.0,0.0
2026-03-08 09:30:00+00:00,0.0,0.0
2026-03-08 09:31:00+00:00,0.0,0.0
2026-03-08 09:32:00+00:00,0.0,0.0
2026-03-08 09:33:00+00:00,0.0,0.0
2026-03-08 09:34:00+00:00,0.0,0.0
2026-03-08 09:35:00+00:00,0.0,0.0
2026-03-08 09:36:00+00:00,0.0,0.0
2026-03-08 09:37:00+00:00,0.0,0.0
2026-03-08 09:38:00+00:00,0.0,0.0
2026-03-08 09:39:00+00:00,0.0,0.0
2026-03-08 09:40:00+00:00,0.0,0.0
2026-03-08 09:41:00+00:00,0.0,0.0
2026-03-08 09:42:00+00:00,0.0,0.0
2026-03-08 09:43:00+00:00,0.0,0.0
2026-03-08 09:44:00+00:00,0.0,0.0
2026-03-08 09:45:00+00:00,0.0,0.0
2026-03-08 09:46:00+00:00,9.999999717180685e-10,2.12110897734874e-08
2026-03-08 09:47:00+00:00,9.999999717180685e-10,8.701410791900344e-08
2026-03-08 09:48:00+00:00,9.999999717180685e-10,3.5659277841659787e-07
2026-03-08 09:49:00+00:00,9.999999717180685e-10,4.5825623828932294e-07
2026-03-08 09:50:00+00:00,2.1696973107054873e-09,6.808163561800029e-07
2026-03-08 09:51:00+00:00,2.755417671806981e-09,6.848974862805335e-07
2026-03-08 09:52:00+00:00,1.1198275640111888e-09,6.784663355574594e-07
2026-03-08 09:53:00+00:00,1.8092598530472515e-09,6.759099164810323e-07
2026-03-08 09:54:00+00:00,2.3920065927995893e-09,6.759008215340145e-07
2026-03-08 09:55:00+00:00,1.350294653867934e-09,6.705176929244772e-07
2026-03-08 09:56:00+00:00,1.1092938789758477e-09,6.648162980127381e-07
2026-03-08 09:57:00+00:00,9.999999717180685e-10,6.541414450111915e-07
2026-03-08 09:58:00+00:00,1.0873200118055593e-09,6.463439490289602e-07
2026-03-08 09:59:00+00:00,9.999999717180685e-10,6.408579338312848e-07
2026-03-08 10:00:00+00:00,1.4408445547786641e-09,6.383391450981435e-07
2026-03-08 10:01:00+00:00,9.999999717180685e-10,6.318016403383808e-07
2026-03-08 10:02:00+00:00,2.4511508378566305e-09,6.247803980841127e-07
2026-03-08 10:03:00+00:00,9.999999717180685e-10,6.182536367305147e-07
2026-03-08 10:04:00+00:00,9.999999717180685e-10,6.109999617365247e-07
2026-03-08 10:05:00+00:00,9.999999717180685e-10,6.068615903132013e-07
2026-03-08 10:06:00+00:00,1.1965095580990237e-09,6.02628006163286e-07
2026-03-08 10:07:00+00:00,1.1532281796178268e-09,5.969415610707074e-07
2026-03-08 10:08:00+00:00,9.999999717180685e-10,5.927789175075304e-07
2026-03-08 10:09:00+00:00,9.999999717180685e-10,5.891857881579199e-07
2026-03-08 10:10:00+00:00,9.999999717180685e-10,5.842478003614815e-07
2026-03-08 10:11:00+00:00,9.999999717180685e-10,5.788387511529436e-07
2026-03-08 10:12:00+00:00,9.999999717180685e-10,5.743805786551093e-07
2026-03-08 10:13:00+00:00,9.999999717180685e-10,5.730236125600641e-07
2026-03-08 10:14:00+00:00,9.999999717180685e-10,5.691633191418077e-07
2026-03-08 10:15:00+00:00,9.999999717180685e-10,5.662028002006991e-07
2026-03-08 10:16:00+00:00,9.999999717180685e-10,5.641264237965515e-07
2026-03-08 10:17:00+00:00,9.999999717180685e-10,5.611750566458795e-07
2026-03-08 10:18:00+00:00,9.999999717180685e-10,5.602661303782952e-07
2026-03-08 10:19:00+00:00,9.999999717180685e-10,5.593554419647262e-07
2026-03-08 10:20:00+00:00,1.2071086352705152e-09,5.579129265242955e-07
2026-03-08 10:21:00+00:00,9.999999717180685e-10,5.562368983191845e-07
2026-03-08 10:22:00+00:00,9.999999717180685e-10,5.54503117200511e-07
2026-03-08 10:23:00+00:00,9.999999717180685e-10,5.553908408728603e-07
2026-03-08 10:24:00+00:00,9.999999717180685e-10,5.533966032089666e-07
2026-03-08 10:25:00+00:00,9.999999717180685e-10,5.528461315407185e-07
2026-03-08 10:26:00+00:00,9.999999717180685e-10,5.528680731003988e-07
2026-03-08 10:27:00+00:00,9.999999717180685e-10,5.536117555493547e-07
2026-03-08 10:28:00+00:00,9.999999717180685e-10,5.577593356065336e-07
2026-03-08 10:29:00+00:00,9.999999717180685e-10,5.615516442958324e-07
2026-03-08 10:30:00+00:00,9.999999717180685e-10,5.686003419214103e-07
2026-03-08 10:31:00+00:00,9.999999717180685e-10,5.71301882246189e-07
2026-03-08 10:32:00+00:00,1.2056426967888e-09,5.720905278394639e-07
2026-03-08 10:33:00+00:00,9.999999717180685e-10,5.746159672526119e-07
2026-03-08 10:34:00+00:00,9.999999717180685e-10,5.863902288183453e-07
2026-03-08 10:35:00+00:00,1.0363979674465895e-09,5.917630119256501e-07
2026-03-08 10:36:00+00:00,9.999999717180685e-10,5.877609510207549e-07
2026-03-08 10:37:00+00:00,9.999999717180685e-10,5.878125648450805e-07
2026-03-08 10:38:00+00:00,2.9532816192556766e-09,5.920752528254525e-07
2026-03-08 10:39:00+00:00,9.999999717180685e-10,5.948976991021482e-07
2026-03-08 10:40:00+00:00,1.7697926457671542e-09,5.966617209196556e-07
2026-03-08 10:41:00+00:00,2.1906021441253642e-09,6.091278805797629e-07
2026-03-08 10:42:00+00:00,3.6992806595748107e-09,6.322462695607101e-07
2026-03-08 10:43:00+00:00,3.762629763315317e-09,6.481982381956186e-07
2026-03-08 10:44:00+00:00,2.9412889901436756e-09,6.415648954316566e-07
2026-03-08 10:45:00+00:00,2.207067639758975e-09,6.331845270324266e-07
2026-03-08 10:46:00+00:00,1.2610270605506457e-09,6.329582333819417e-07
2026-03-08 10:47:00+00:00,1.929771897835053e-09,6.284270170908712e-07
2026-03-08 10:48:00+00:00,1.9617916180436623e-09,6.219968895493366e-07
2026-03-08 10:49:00+00:00,1.5319043811246047e-09,6.1702837683697e-07
2026-03-08 10:50:00+00:00,1.6492538446044591e-09,6.129733947091154e-07
2026-03-08 10:51:00+00:00,2.9408595558777506e-09,6.164227102090081e-07
2026-03-08 10:52:00+00:00,1.8984551708456365e-09,6.201738074196328e-07
2026-03-08 10:53:00+00:00,1.3976104717983162e-09,6.202310487424256e-07
2026-03-08 10:54:00+00:00,3.6803349257041873e-09,6.193681656441186e-07
2026-03-08 10:55:00+00:00,2.208711435969235e-09,6.172851385599643e-07
2026-03-08 10:56:00+00:00,2.82807510743055e-09,6.206784064488602e-07
2026-03-08 10:57:00+00:00,2.865873760526938e-09,6.203118800840457e-07
2026-03-08 10:58:00+00:00,2.581262981138366e-09,6.271234269661363e-07
2026-03-08 10:59:00+00:00,3.1698386138145906e-09,6.358118298521731e-07
2026-03-08 11:00:00+00:00,4.1185166388402195e-09,6.485745416284772e-07
2026-03-08 11:01:00+00:00,4.5047570118583735e-09,6.673336656604079e-07
2026-03-08 11:02:00+00:00,7.619744835096753e-09,6.954381888135686e-07
2026-03-08 11:03:00+00:00,8.203427270814245e-09,7.229093057503633e-07
2026-03-08 11:04:00+00:00,9.561494707099882e-09,7.563598387605452e-07
2026-03-08 11:05:00+00:00,1.2405589444597354e-08,7.824514796084259e-07
2026-03-08 11:06:00+00:00,1.364237256495926e-08,8.054551017266931e-07
2026-03-08 11:07:00+00:00,1.407722827195812e-08,8.177530617103912e-07
2026-03-08 11:08:00+00:00,1.560849760551264e-08,8.2951657986996e-07
2026-03-08 11:09:00+00:00,1.4239958545658737e-08,8.400463116231549e-07
2026-03-08 11:10:00+00:00,1.4613461551959972e-08,8.396393127441115e-07
2026-03-08 11:11:00+00:00,1.1985591186203237e-08,8.241927389462944e-07
2026-03-08 11:12:00+00:00,1.0793807625475438e-08,8.026439672903507e-07
2026-03-08 11:13:00+00:00,9.08070596494781e-09,7.774360142320802e-07
2026-03-08 11:14:00+00:00,5.809001724088603e-09,7.483369017791119e-07
2026-03-08 11:15:00+00:00,4.017415289325754e-09,7.211326078504499e-07
2026-03-08 11:16:00+00:00,3.7940095509725325e-09,7.017334837655653e-07
2026-03-08 11:17:00+00:00,3.3896061513161158e-09,6.88319914843305e-07
2026-03-08 11:18:00+00:00,4.614064241792448e-09,6.771582548026345e-07
2026-03-08 11:19:00+00:00,3.7157747989624568e-09,6.649262331848149e-07
2026-03-08 11:20:00+00:00,1.922675574306254e-09,6.539304990837991e-07
2026-03-08 11:21:00+00:00,1.4120657976235407e-09,6.455079528677743e-07
2026-03-08 11:22:00+00:00,1.6332344365821427e-09,6.396534217856242e-07
2026-03-08 11:23:00+00:00,9.999999717180685e-10,6.349694103846559e-07
2026-03-08 11:24:00+00:00,9.999999717180685e-10,6.310519324870256e-07
2026-03-08 11:25:00+00:00,9.999999717180685e-10,6.280592401708418e-07
2026-03-08 11:26:00+00:00,1.0340783784812402e-09,6.267669618864602e-07
2026-03-08 11:27:00+00:00,1.037267272074871e-09,6.266544119171158e-07
2026-03-08 11:28:00+00:00,9.999999717180685e-10,6.237042953216587e-07
2026-03-08 11:29:00+00:00,1.1393801457870723e-09,6.218622843334742e-07
2026-03-08 11:30:00+00:00,9.999999717180685e-10,6.21218362084619e-07
2026-03-08 11:31:00+00:00,9.999999717180685e-10,6.186492100823671e-07
2026-03-08 11:32:00+00:00,1.4562365757697648e-09,6.211634513419995e-07
2026-03-08 11:33:00+00:00,2.5284339066899975e-09,6.213938945620612e-07
2026-03-08 11:34:00+00:00,2.8067874691117822e-09,6.208316563061089e-07
2026-03-08 11:35:00+00:00,2.883119964991465e-09,6.213979304448003e-07
2026-03-08 11:36:00+00:00,1.9538171081023847e-09,6.253841888792522e-07
2026-03-08 11:37:00+00:00,1.70708069902048e-09,6.260483473852219e-07
2026-03-08 11:38:00+00:00,2.056698367169929e-09,6.251207764762512e-07
2026-03-08 11:39:00+00:00,1.6971164473744693e-09,6.269880259424099e-07
2026-03-08 11:40:00+00:00,1.6690797632890053e-09,6.30574788829108e-07
2026-03-08 11:41:00+00:00,1.051984388489302e-09,6.278917794588779e-07
2026-03-08 11:42:00+00:00,1.6220622622853398e-09,6.262993679229112e-07
2026-03-08 11:43:00+00:00,2.7852431472297212e-09,6.271432084758999e-07
2026-03-08 11:44:00+00:00,3.2229747759515703e-09,6.255213520489633e-07
2026-03-08 11:45:00+00:00,1.8041643734534318e-09,6.286749112405232e-07
2026-03-08 11:46:00+00:00,1.5511321116434829e-09,6.321881187432155e-07
2026-03-08 11:47:00+00:00,2.470810445132088e-09,6.432583745663578e-07
2026-03-08 11:48:00+00:00,2.7040434336100816e-09,6.593953116862394e-07
2026-03-08 11:49:00+00:00,4.2352303886161735e-09,6.743065341652255e-07
2026-03-08 11:50:00+00:00,5.4367417234857385e-09,6.909336889293627e-07
2026-03-08 11:51:00+00:00,3.948322557789652e-09,7.094187139955466e-07
2026-03-08 11:52:00+00:00,6.152357734379166e-09,7.170027060965367e-07
2026-03-08 11:53:00+00:00,6.0766391918321006e-09,7.254304250636778e-07
2026-03-08 11:54:00+00:00,6.17763973309593e-09,7.247795679177216e-07
2026-03-08 11:55:00+00:00,7.279946867555509e-09,7.217820439109346e-07
2026-03-08 11:56:00+00:00,5.6485363053582205e-09,7.181059800132061e-07
2026-03-08 11:57:00+00:00,4.437726630612815e-09,7.163894224504475e-07
2026-03-08 11:58:00+00:00,6.103332950146978e-09,7.155658749979921e-07
2026-03-08 11:59:00+00:00,4.147505894280812e-09,7.144004143810889e-07
2026-03-08 12:00:00+00:00,4.8582782241624045e-09,7.129938239813782e-07
2026-03-08 12:01:00+00:00,4.172163059479317e-09,7.067943101901619e-07
2026-03-08 12:02:00+00:00,3.334405640487148e-09,6.956847755645867e-07
2026-03-08 12:03:00+00:00,2.9321938210813414e-09,6.838528747721284e-07
2026-03-08 12:04:00+00:00,2.4484470007024584e-09,6.741203151250375e-07
2026-03-08 12:05:00+00:00,3.021233041522464e-09,6.663809699603007e-07
2026-03-08 12:06:00+00:00,2.3194057785502764e-09,6.590782959392527e-07
2026-03-08 12:07:00+00:00,4.317161739209041e-09,6.590216798940673e-07
2026-03-08 12:08:00+00:00,2.055490666563742e-09,6.577442377420084e-07
2026-03-08 12:09:00+00:00,2.906249241263481e-09,6.535900638482417e-07
2026-03-08 12:10:00+00:00,1.4526577718498856e-09,6.482923708972521e-07
2026-03-08 12:11:00+00:00,1.458295928458142e-09,6.4479911543458e-07
2026-03-08 12:12:00+00:00,1.3118287567337461e-09,6.419522264877742e-07
2026-03-08 12:13:00+00:00,9.999999717180685e-10,6.411603408196243e-07
2026-03-08 12:14:00+00:00,2.987646574581504e-09,6.453001333284192e-07
2026-03-08 12:15:00+00:00,1.4388152891342543e-09,6.468437163675844e-07
2026-03-08 12:16:00+00:00,1.0131220307130206e-09,6.503823328785074e-07
2026-03-08 12:17:00+00:00,1.7357704162890286e-09,6.50293486614828e-07
2026-03-08 12:18:00+00:00,2.215221339696427e-09,6.469643381024071e-07
2026-03-08 12:19:00+00:00,2.336846049999508e-09,6.472463951467944e-07
2026-03-08 12:20:00+00:00,3.3931497611661143e-09,6.435336672439007e-07
2026-03-08 12:21:00+00:00,2.999155812588583e-09,6.399544076884922e-07
2026-03-08 12:22:00+00:00,3.5305389722850578e-09,6.397220886356081e-07
2026-03-08 12:23:00+00:00,1.5880329273798566e-09,6.390246767296048e-07
2026-03-08 12:24:00+00:00,2.099091123142216e-09,6.452035563597747e-07
2026-03-08 12:25:00+00:00,4.226070604573806e-09,6.49480796255375e-07
2026-03-08 12:26:00+00:00,2.6051716339736686e-09,6.476636826846516e-07
2026-03-08 12:27:00+00:00,2.4037969392765035e-09,6.4531207044638e-07
2026-03-08 12:28:00+00:00,1.224807699706787e-09,6.440416768782598e-07
2026-03-08 12:29:00+00:00,1.3976854118524784e-09,6.457904078160936e-07
2026-03-08 12:30:00+00:00,9.999999717180685e-10,6.444126370297454e-07
2026-03-08 12:31:00+00:00,1.7272194785533657e-09,6.443276561185485e-07
2026-03-08 12:32:00+00:00,1.5828223176583833e-09,6.39085044440435e-07
2026-03-08 12:33:00+00:00,1.600357402153918e-09,6.403966494872293e-07
2026-03-08 12:34:00+00:00,1.7670441776473922e-09,6.413392839021981e-07
2026-03-08 12:35:00+00:00,1.6363250754380942e-09,6.472388918155048e-07
2026-03-08 12:36:00+00:00,9.999999717180685e-10,6.5305823682138e-07
2026-03-08 12:37:00+00:00,1.8104862054002524e-09,6.552695595019031e-07
2026-03-08 12:38:00+00:00,1.502301283373697e-09,6.58285500776401e-07
2026-03-08 12:39:00+00:00,2.2182820025307137e-09,6.67735037040984e-07
2026-03-08 12:40:00+00:00,3.125140590753972e-09,6.854208436379849e-07
2026-03-08 12:41:00+00:00,3.869801812328433e-09,6.984180345170898e-07
2026-03-08 12:42:00+00:00,3.5048106639123944e-09,6.985658842495468e-07
2026-03-08 12:43:00+00:00,5.77527536904654e-09,6.967533181523322e-07
2026-03-08 12:44:00+00:00,6.007641051297696e-09,6.910300385243318e-07
2026-03-08 12:45:00+00:00,3.1442604075948566e-09,6.888036523378105e-07
2026-03-08 12:46:00+00:00,4.416157661779607e-09,6.860270218567166e-07
2026-03-08 12:47:00+00:00,4.061076808170583e-09,6.803866199334152e-07
2026-03-08 12:48:00+00:00,4.239719242349338e-09,6.771660991944373e-07
2026-03-08 12:49:00+00:00,4.53589743543148e-09,6.730298878210306e-07
2026-03-08 12:50:00+00:00,3.9380223526563896e-09,6.685932021355256e-07
2026-03-08 12:51:00+00:00,1.723767795169806e-09,6.650456043644226e-07
2026-03-08 12:52:00+00:00,9.999999717180685e-10,6.606435363210039e-07
2026-03-08 12:53:00+00:00,2.966928258629764e-09,6.639680236730783e-07
2026-03-08 12:54:00+00:00,2.314407998582624e-09,6.70566350891022e-07
2026-03-08 12:55:00+00:00,2.599308768225228e-09,6.739180093973118e-07
2026-03-08 12:56:00+00:00,4.59199389624132e-09,6.719438943036948e-07
2026-03-08 12:57:00+00:00,2.9751940910927033e-09,6.698465426779876e-07
2026-03-08 12:58:00+00:00,3.5898173322834737e-09,6.652675210716552e-07
2026-03-08 12:59:00+00:00,4.563533995138869e-09,6.634698479501822e-07
2026-03-08 13:00:00+00:00,1.9381265481399623e-09,6.596974913009035e-07
2026-03-08 13:01:00+00:00,2.872766025063811e-09,6.562156045220036e-07
2026-03-08 13:02:00+00:00,5.530891300509211e-09,6.556231824106362e-07
2026-03-08 13:03:00+00:00,4.492325178517831e-09,6.534028216265142e-07
2026-03-08 13:04:00+00:00,3.914361279555578e-09,6.544159987242892e-07
2026-03-08 13:05:00+00:00,2.2869564020311373e-09,6.566168053723231e-07
2026-03-08 13:06:00+00:00,2.5028383809910792e-09,6.571210064976185e-07
2026-03-08 13:07:00+00:00,4.006784681820363e-09,6.567535706381022e-07
2026-03-08 13:08:00+00:00,3.7798844054748315e-09,6.549021804858057e-07
2026-03-08 13:09:00+00:00,3.805512793775279e-09,6.52297842407279e-07
2026-03-08 13:10:00+00:00,2.5319915053501063e-09,6.507877401418227e-07
2026-03-08 13:11:00+00:00,5.737374131342676e-09,6.511716605928086e-07
2026-03-08 13:12:00+00:00,4.939168185558174e-09,6.57350710753235e-07
2026-03-08 13:13:00+00:00,4.005586529132188e-09,6.63908906517463e-07
2026-03-08 13:14:00+00:00,4.621278915095672e-09,6.626240747209522e-07
2026-03-08 13:15:00+00:00,6.639913063821723e-09,6.646317274316971e-07
2026-03-08 13:16:00+00:00,7.531749446343383e-09,6.757597930118209e-07
2026-03-08 13:17:00+00:00,5.6604578801966454e-09,6.824523666182358e-07
2026-03-08 13:18:00+00:00,5.1848911830632005e-09,6.898867468407843e-07
2026-03-08 13:19:00+00:00,7.451838257566124e-09,6.945738277863711e-07
2026-03-08 13:20:00+00:00,9.138388712415235e-09,6.979231557124876e-07
2026-03-08 13:21:00+00:00,8.796019912438169e-09,6.989905614318559e-07
2026-03-08 13:22:00+00:00,7.923095957096393e-09,7.017139864728961e-07
2026-03-08 13:23:00+00:00,9.69214575263777e-09,7.084669846335601e-07
2026-03-08 13:24:00+00:00,8.085200065011122e-09,7.101962182787247e-07
2026-03-08 13:25:00+00:00,7.928384171407288e-09,7.11563359345746e-07
2026-03-08 13:26:00+00:00,8.710821397528434e-09,7.140214961509628e-07
2026-03-08 13:27:00+00:00,8.644676086078107e-09,7.147197607082489e-07
2026-03-08 13:28:00+00:00,8.76225225709959e-09,7.107732358235808e-07
2026-03-08 13:29:00+00:00,7.640709398515355e-09,7.08745517385978e-07
2026-03-08 13:30:00+00:00,6.999090196302404e-09,7.060504003675305e-07
2026-03-08 13:31:00+00:00,7.176999439195697e-09,7.067433784868626e-07
2026-03-08 13:32:00+00:00,6.275927777465995e-09,7.03387172507064e-07
2026-03-08 13:33:00+00:00,6.952290299011565e-09,7.003818041084742e-07
2026-03-08 13:34:00+00:00,8.56363246981573e-09,6.98464134529786e-07
2026-03-08 13:35:00+00:00,8.03091637635589e-09,6.976515578571707e-07
2026-03-08 13:36:00+00:00,8.151014974089321e-09,6.962391694287362e-07
2026-03-08 13:37:00+00:00,7.451688155413194e-09,6.95576432008238e-07
2026-03-08 13:38:00+00:00,8.220477631937229e-09,6.928554512342089e-07
2026-03-08 13:39:00+00:00,8.107129190193518e-09,6.919308930264378e-07
2026-03-08 13:40:00+00:00,4.2676830958043865e-09,6.900546054566803e-07
2026-03-08 13:41:00+00:00,4.0511674015419885e-09,6.879636771373043e-07
2026-03-08 13:42:00+00:00,5.278734782621086e-09,6.912878234288655e-07
2026-03-08 13:43:00+00:00,5.70730041005163e-09,6.883789751555014e-07
2026-03-08 13:44:00+00:00,5.842917261134062e-09,6.918229473740212e-07
2026-03-08 13:45:00+00:00,7.16197501304805e-09,7.063063662826607e-07
2026-03-08 13:46:00+00:00,6.42915898296792e-09,7.183463708315685e-07
2026-03-08 13:47:00+00:00,7.257775713753745e-09,7.269509296747856e-07
2026-03-08 13:48:00+00:00,7.88276555141465e-09,7.370392154371075e-07
2026-03-08 13:49:00+00:00,7.719493488878015e-09,7.400829531434283e-07
2026-03-08 13:50:00+00:00,8.11515210585867e-09,7.437174645019695e-07
2026-03-08 13:51:00+00:00,6.745703551302995e-09,7.458599498022522e-07
2026-03-08 13:52:00+00:00,6.716284417507268e-09,7.527103207394248e-07
2026-03-08 13:53:00+00:00,7.661701495464968e-09,7.635784413650981e-07
2026-03-08 13:54:00+00:00,5.553132176316922e-09,7.627644436070113e-07
2026-03-08 13:55:00+00:00,5.901322097656703e-09,7.539638886555622e-07
2026-03-08 13:56:00+00:00,6.595035628720325e-09,7.375533641607035e-07
2026-03-08 13:57:00+00:00,6.2927698607495586e-09,7.226752245514945e-07
2026-03-08 13:58:00+00:00,4.48794423846266e-09,7.205622978290194e-07
2026-03-08 13:59:00+00:00,6.631500237830323e-09,7.170382332333247e-07
2026-03-08 14:00:00+00:00,5.234417344013309e-09,7.143871698644944e-07
2026-03-08 14:01:00+00:00,6.449080380832584e-09,7.117178597582097e-07
2026-03-08 14:02:00+00:00,4.80006079328632e-09,7.135996611395967e-07
2026-03-08 14:03:00+00:00,7.130300350155494e-09,7.160732025113248e-07
2026-03-08 14:04:00+00:00,4.969084699268933e-09,7.15000282980327e-07
2026-03-08 14:05:00+00:00,5.656780821539087e-09,7.228893537103431e-07
2026-03-08 14:06:00+00:00,6.742931546455111e-09,7.296194439732062e-07
2026-03-08 14:07:00+00:00,7.850696981392957e-09,7.346723691625812e-07
2026-03-08 14:08:00+00:00,6.1049072463958964e-09,7.445481173817825e-07
2026-03-08 14:09:00+00:00,7.130758650220059e-09,7.494651299566613e-07
2026-03-08 14:10:00+00:00,7.383572420138762e-09,7.555798333669372e-07
2026-03-08 14:11:00+00:00,6.157105492121673e-09,7.614801802446891e-07
2026-03-08 14:12:00+00:00,8.798777706431338e-09,7.657224045942712e-07
2026-03-08 14:13:00+00:00,9.82323911102867e-09,7.732431868134881e-07
2026-03-08 14:14:00+00:00,1.0323471855144817e-08,7.770291290398745e-07
2026-03-08 14:15:00+00:00,9.8312069596318e-09,7.81844164521317e-07
2026-03-08 14:16:00+00:00,9.095737496522815e-09,7.871183811403171e-07
2026-03-08 14:17:00+00:00,8.843987764350913e-09,7.99074598489824e-07
2026-03-08 14:18:00+00:00,1.0185719823141426e-08,8.084445539680019e-07
2026-03-08 14:19:00+00:00,8.950553187503374e-09,8.152206874001422e-07
2026-03-08 14:20:00+00:00,8.938815909687037e-09,8.204373784792551e-07
2026-03-08 14:21:00+00:00,8.040046850510407e-09,8.271018714367528e-07
2026-03-08 14:22:00+00:00,9.053525928948147e-09,8.318592108480516e-07
2026-03-08 14:23:00+00:00,9.229998987336785e-09,8.443793149126577e-07
2026-03-08 14:24:00+00:00,1.1422134349459157e-08,8.542092473362572e-07
2026-03-08 14:25:00+00:00,1.2311493158279063e-08,8.724883855393273e-07
2026-03-08 14:26:00+00:00,1.7065783453062977e-08,9.036376127369294e-07
2026-03-08 14:27:00+00:00,2.1108370162892243e-08,9.400869203091133e-07
2026-03-08 14:28:00+00:00,2.676755173069978e-08,9.761774890648667e-07
2026-03-08 14:29:00+00:00,2.6776262984640198e-08,9.98596306089894e-07
2026-03-08 14:30:00+00:00,2.5226906785746905e-08,1.0030339581135195e-06
2026-03-08 14:31:00+00:00,2.371926477451325e-08,1.0044615237347898e-06
2026-03-08 14:32:00+00:00,2.4591807701312973e-08,1.0055692882815492e-06
2026-03-08 14:33:00+00:00,2.5339952358649498e-08,1.0057888175651897e-06
2026-03-08 14:34:00+00:00,2.362724238480496e-08,9.953481594493496e-07
2026-03-08 14:35:00+00:00,2.3310956720479226e-08,9.865141237241914e-07
2026-03-08 14:36:00+00:00,2.4018193656161202e-08,9.61189357440162e-07
2026-03-08 14:37:00+00:00,2.3911827184974754e-08,9.436385539629555e-07
2026-03-08 14:38:00+00:00,2.150597033789836e-08,9.437424068892142e-07
2026-03-08 14:39:00+00:00,2.1828086005371006e-08,9.387948693984072e-07
2026-03-08 14:40:00+00:00,2.176774493989342e-08,9.271861927118152e-07
2026-03-08 14:41:00+00:00,2.0375788167825704e-08,9.163222784991376e-07
2026-03-08 14:42:00+00:00,2.1220651902353893e-08,9.162021683550847e-07
2026-03-08 14:43:00+00:00,1.7005222119337304e-08,9.049988989318081e-07
2026-03-08 14:44:00+00:00,1.794019865997143e-08,8.967281246441416e-07
2026-03-08 14:45:00+00:00,1.820948902775399e-08,8.950634651228029e-07
2026-03-08 14:46:00+00:00,1.654295544994966e-08,8.918427738535684e-07
2026-03-08 14:47:00+00:00,1.5950071485804074e-08,8.890686444829043e-07
2026-03-08 14:48:00+00:00,1.5147698206874338e-08,8.865672498359345e-07
2026-03-08 14:49:00+00:00,1.285473238965551e-08,8.80575271366979e-07
2026-03-08 14:50:00+00:00,1.0136222527989958e-08,8.728952707315329e-07
2026-03-08 14:51:00+00:00,1.255602910532616e-08,8.622938025837357e-07
2026-03-08 14:52:00+00:00,1.2781051772492447e-08,8.514934961567633e-07
2026-03-08 14:53:00+00:00,1.3007920962593289e-08,8.476760058329091e-07
2026-03-08 14:54:00+00:00,1.3362072337486097e-08,8.514739420206752e-07
2026-03-08 14:55:00+00:00,1.2551478967282037e-08,8.537112989870366e-07
2026-03-08 14:56:00+00:00,1.4524045077735082e-08,8.538534643776075e-07
2026-03-08 14:57:00+00:00,1.4731657671518406e-08,8.492207825838705e-07
2026-03-08 14:58:00+00:00,1.5120257046419283e-08,8.437966130259156e-07
2026-03-08 14:59:00+00:00,1.3832622158815866e-08,8.426084150414681e-07
2026-03-08 15:00:00+00:00,1.5064900438233053e-08,8.431941296294099e-07
2026-03-08 15:01:00+00:00,1.4055436814430777e-08,8.318358482028998e-07
2026-03-08 15:02:00+00:00,1.4758678723580942e-08,8.297441240756598e-07
2026-03-08 15:03:00+00:00,1.4384595736771644e-08,8.506586368639546e-07
2026-03-08 15:04:00+00:00,2.0968037972579623e-08,9.361794468532025e-07
2026-03-08 15:05:00+00:00,5.030019423202248e-08,1.2309413932598545e-06
2026-03-08 15:06:00+00:00,1.0383345738773642e-07,1.8175315972257522e-06
2026-03-08 15:07:00+00:00,1.1962302437495964e-07,2.077231556540937e-06
2026-03-08 15:08:00+00:00,1.1541959565875004e-07,2.056455969068338e-06
2026-03-08 15:09:00+00:00,9.351923324629752e-08,1.9287581380922347e-06
2026-03-08 15:10:00+00:00,6.826103060575406e-08,1.7173218793686829e-06
2026-03-08 15:11:00+00:00,4.807169418086232e-08,1.5107224271559971e-06
2026-03-08 15:12:00+00:00,3.885779520373944e-08,1.370566792502359e-06
2026-03-08 15:13:00+00:00,3.3052305781211544e-08,1.2636253359232796e-06
2026-03-08 15:14:00+00:00,2.6641115979941787e-08,1.1775792927437578e-06
2026-03-08 15:15:00+00:00,2.3623492495516984e-08,1.1074855592596577e-06
2026-03-08 15:16:00+00:00,2.189485925896406e-08,1.0707552746680449e-06
2026-03-08 15:17:00+00:00,2.0726616867250414e-08,1.053100049830391e-06
2026-03-08 15:18:00+00:00,2.1446078690701142e-08,1.0402022780908737e-06
2026-03-08 15:19:00+00:00,2.207784177699068e-08,1.030398607326788e-06
2026-03-08 15:20:00+00:00,1.9964973674291286e-08,1.0000533166021341e-06
2026-03-08 15:21:00+00:00,1.896830248426795e-08,9.739379720485886e-07
2026-03-08 15:22:00+00:00,1.724079012888069e-08,9.490779575571651e-07
2026-03-08 15:23:00+00:00,1.6826968263217168e-08,9.310616064794885e-07
2026-03-08 15:24:00+00:00,1.7335947788410522e-08,9.178770028483996e-07
2026-03-08 15:25:00+00:00,1.894381185252314e-08,9.083060490411299e-07
2026-03-08 15:26:00+00:00,1.706372998455663e-08,9.02571514416195e-07
2026-03-08 15:27:00+00:00,1.679014260957956e-08,9.003749141811568e-07
2026-03-08 15:28:00+00:00,1.8156217862497215e-08,9.000557383842533e-07
2026-03-08 15:29:00+00:00,1.6866778196344967e-08,8.997837426250044e-07
2026-03-08 15:30:00+00:00,1.7966778287359375e-08,8.968780775830965e-07
2026-03-08 15:31:00+00:00,1.827129736398092e-08,8.915816351873218e-07
2026-03-08 15:32:00+00:00,1.699656060338839e-08,8.880901987140533e-07
2026-03-08 15:33:00+00:00,1.6092021937197387e-08,8.842059173730377e-07
2026-03-08 15:34:00+00:00,1.5446637746663328e-08,8.853800181896077e-07
2026-03-08 15:35:00+00:00,1.5664065600162758e-08,8.811225598037709e-07
2026-03-08 15:36:00+00:00,1.5882779536013913e-08,8.776959248280036e-07
2026-03-08 15:37:00+00:00,1.6095160759732607e-08,8.722404913896753e-07
2026-03-08 15:38:00+00:00,1.4632295375349713e-08,8.689182777743554e-07
2026-03-08 15:39:00+00:00,1.5936354458290225e-08,8.665980431032949e-07
2026-03-08 15:40:00+00:00,1.4656897917575407e-08,8.577018775213219e-07
2026-03-08 15:41:00+00:00,1.2393672754740237e-08,8.552946155759855e-07
2026-03-08 15:42:00+00:00,1.3035558410479098e-08,8.471151318190095e-07
2026-03-08 15:43:00+00:00,1.3788696406891177e-08,8.405663720623124e-07
2026-03-08 15:44:00+00:00,1.4485027399757655e-08,8.385308092329069e-07
2026-03-08 15:45:00+00:00,1.130335380850056e-08,8.373887112611555e-07
2026-03-08 15:46:00+00:00,9.780197096631582e-09,8.326995839524898e-07
2026-03-08 15:47:00+00:00,1.2692614959064485e-08,8.288375283882488e-07
2026-03-08 15:48:00+00:00,1.2532974658086005e-08,8.254476142610656e-07
2026-03-08 15:49:00+00:00,1.4005002491046525e-08,8.287626087621902e-07
2026-03-08 15:50:00+00:00,1.3874356774579155e-08,8.266826512226544e-07
2026-03-08 15:51:00+00:00,1.3903940221382527e-08,8.193732128347619e-07
2026-03-08 15:52:00+00:00,1.3951444444160188e-08,8.172377192749991e-07
2026-03-08 15:53:00+00:00,1.3630521600305201e-08,8.173612400241836e-07
2026-03-08 15:54:00+00:00,1.264610016704637e-08,8.148597885337949e-07
2026-03-08 15:55:00+00:00,1.2713606167835678e-08,8.114187721730559e-07
2026-03-08 15:56:00+00:00,1.2935633009192316e-08,8.154297006512934e-07
2026-03-08 15:57:00+00:00,1.2090739964776276e-08,8.105684514703171e-07
2026-03-08 15:58:00+00:00,1.0281888229712877e-08,8.069697514656582e-07
2026-03-08 15:59:00+00:00,1.032888441443447e-08,8.001172773219878e-07
2026-03-08 16:00:00+00:00,1.1719205161853097e-08,7.997404054549406e-07
2026-03-08 16:01:00+00:00,1.4975526596572308e-08,7.977970426509273e-07
2026-03-08 16:02:00+00:00,1.6420383275317363e-08,7.954085958772339e-07
2026-03-08 16:03:00+00:00,1.5242665796222354e-08,7.880181556174648e-07
2026-03-08 16:04:00+00:00,1.48413219491772e-08,7.837604698579526e-07
2026-03-08 16:05:00+00:00,1.4689092608932697e-08,7.866341320550418e-07
2026-03-08 16:06:00+00:00,1.613990363580342e-08,7.906539849500405e-07
2026-03-08 16:07:00+00:00,1.6341369146744e-08,7.992219934749301e-07
2026-03-08 16:08:00+00:00,1.5371879769077168e-08,7.930977972137043e-07
2026-03-08 16:09:00+00:00,1.2174863783798173e-08,7.907912049631705e-07
2026-03-08 16:10:00+00:00,1.113894576576513e-08,7.856571642150811e-07
2026-03-08 16:11:00+00:00,1.5141404574592343e-08,7.788167408762092e-07
2026-03-08 16:12:00+00:00,1.3607536430981781e-08,7.732529638815322e-07
2026-03-08 16:13:00+00:00,1.0635911706913248e-08,7.640429089406098e-07
2026-03-08 16:14:00+00:00,1.0844111386631994e-08,7.583738010907837e-07
2026-03-08 16:15:00+00:00,9.221762908850906e-09,7.503475671910564e-07
2026-03-08 16:16:00+00:00,8.431817022369614e-09,7.439455771418579e-07
2026-03-08 16:17:00+00:00,9.181837512528546e-09,7.356359219556907e-07
2026-03-08 16:18:00+00:00,1.0908102865414548e-08,7.303776783373905e-07
2026-03-08 16:19:00+00:00,9.74972547140851e-09,7.25761537978542e-07
2026-03-08 16:20:00+00:00,8.983542798546296e-09,7.191865734057501e-07
2026-03-08 16:21:00+00:00,1.1145687928149073e-08,7.183292041190725e-07
2026-03-08 16:22:00+00:00,1.3241269414265844e-08,7.135957389436953e-07
2026-03-08 16:23:00+00:00,1.1371824371053663e-08,7.116030360521108e-07
2026-03-08 16:24:00+00:00,8.763592518334917e-09,7.081467288116983e-07
2026-03-08 16:25:00+00:00,1.2282844963351636e-08,7.016474796728289e-07
2026-03-08 16:26:00+00:00,1.2566955476245312e-08,6.976741246944584e-07
2026-03-08 16:27:00+00:00,1.2362106893704095e-08,6.959511438253685e-07
2026-03-08 16:28:00+00:00,1.0488188983970304e-08,6.905252121214289e-07
2026-03-08 16:29:00+00:00,1.034446395209443e-08,6.876376232867187e-07
2026-03-08 16:30:00+00:00,1.3031194789903111e-08,6.864802912787127e-07
2026-03-08 16:31:00+00:00,1.4035655304667216e-08,6.848540579085238e-07
2026-03-08 16:32:00+00:00,1.530306725783248e-08,6.85823465573776e-07
2026-03-08 16:33:00+00:00,1.4710428430930733e-08,6.842536208750971e-07
2026-03-08 16:34:00+00:00,1.5175229961528203e-08,6.788486643927172e-07
2026-03-08 16:35:00+00:00,1.6559111415404004e-08,6.783808998989116e-07
2026-03-08 16:36:00+00:00,1.6335997443661654e-08,6.736872819601558e-07
2026-03-08 16:37:00+00:00,1.6854523110509945e-08,6.728661787747114e-07
2026-03-08 16:38:00+00:00,1.5277294096449623e-08,6.709443027830275e-07
2026-03-08 16:39:00+00:00,1.5974714884237073e-08,6.690016789434594e-07
2026-03-08 16:40:00+00:00,1.6480536046969974e-08,6.712548383802641e-07
2026-03-08 16:41:00+00:00,1.7826112141960948e-08,6.769455467292573e-07
2026-03-08 16:42:00+00:00,1.8791048717048398e-08,6.796882985327102e-07
2026-03-08 16:43:00+00:00,1.7284079945056874e-08,6.842283823971229e-07
2026-03-08 16:44:00+00:00,1.631646284749877e-08,6.90342233156116e-07
2026-03-08 16:45:00+00:00,1.8986066052661954e-08,6.955406206543557e-07
2026-03-08 16:46:00+00:00,2.2323694892634194e-08,7.026702064649726e-07
2026-03-08 16:47:00+00:00,2.1498577140732777e-08,7.089357723089051e-07
2026-03-08 16:48:00+00:00,2.1763758795145804e-08,7.166439104366873e-07
2026-03-08 16:49:00+00:00,2.2229867724377073e-08,7.208599299701746e-07
2026-03-08 16:50:00+00:00,2.4501149553657342e-08,7.228255185509624e-07
2026-03-08 16:51:00+00:00,2.424525114008702e-08,7.23365189969627e-07
2026-03-08 16:52:00+00:00,2.3768878421037698e-08,7.23214498066227e-07
2026-03-08 16:53:00+00:00,2.3852773978205732e-08,7.243352797559055e-07
2026-03-08 16:54:00+00:00,2.8146464714495778e-08,7.208367378552794e-07
2026-03-08 16:55:00+00:00,2.5050944429949595e-08,7.145181939449685e-07
2026-03-08 16:56:00+00:00,2.367720242091309e-08,7.188543804659275e-07
2026-03-08 16:57:00+00:00,2.412787303285313e-08,7.17309262654453e-07
2026-03-08 16:58:00+00:00,2.3763682577282452e-08,7.147839937715617e-07
2026-03-08 16:59:00+00:00,2.9167377846306408e-08,7.159654273891647e-07
2026-03-08 17:00:00+00:00,3.282532645698666e-08,7.306081215574523e-07
2026-03-08 17:01:00+00:00,3.0145415053084434e-08,7.459201469828258e-07
2026-03-08 17:02:00+00:00,3.291485839440611e-08,7.546146321146807e-07
2026-03-08 17:03:00+00:00,2.872437399048522e-08,7.652952831449511e-07
2026-03-08 17:04:00+00:00,2.6754177540055935e-08,7.778576787131897e-07
2026-03-08 17:05:00+00:00,3.211570387406937e-08,7.820300993444107e-07
2026-03-08 17:06:00+00:00,2.8143631425336935e-08,7.820113978596055e-07
2026-03-08 17:07:00+00:00,2.7032054816800155e-08,7.821338954272505e-07
2026-03-08 17:08:00+00:00,2.995226111579541e-08,7.951991847221507e-07
2026-03-08 17:09:00+00:00,3.029470718729499e-08,8.016405672606197e-07
2026-03-08 17:10:00+00:00,2.838491575118951e-08,7.999239528544422e-07
2026-03-08 17:11:00+00:00,2.726741854530701e-08,7.910923045528762e-07
2026-03-08 17:12:00+00:00,2.620942218811706e-08,7.873647405176598e-07
2026-03-08 17:13:00+00:00,2.4298101308772857e-08,7.876021754782414e-07
2026-03-08 17:14:00+00:00,2.412079957991864e-08,7.850047154533968e-07
2026-03-08 17:15:00+00:00,2.5907924694479334e-08,7.945341167214792e-07
2026-03-08 17:16:00+00:00,2.5147489424171e-08,8.046814627959975e-07
2026-03-08 17:17:00+00:00,2.8380453542808937e-08,8.28491522497643e-07
2026-03-08 17:18:00+00:00,3.037579077158625e-08,8.495536576447194e-07
2026-03-08 17:19:00+00:00,2.923102648821896e-08,8.631183732177306e-07
2026-03-08 17:20:00+00:00,3.278874416423605e-08,8.983694215203286e-07
2026-03-08 17:21:00+00:00,3.474761456345732e-08,9.609603921489906e-07
2026-03-08 17:22:00+00:00,4.024261102131277e-08,1.0206523484157515e-06
2026-03-08 17:23:00+00:00,4.615229798332621e-08,1.0782523531815968e-06
2026-03-08 17:24:00+00:00,5.800810853884286e-08,1.146438876276079e-06
2026-03-08 17:25:00+00:00,7.199610507768739e-08,1.1923598322027829e-06
2026-03-08 17:26:00+00:00,6.736838997767336e-08,1.217546696352656e-06
2026-03-08 17:27:00+00:00,6.34909227414937e-08,1.2351420082268305e-06
2026-03-08 17:28:00+00:00,6.11380670534345e-08,1.2538887403934496e-06
2026-03-08 17:29:00+00:00,6.144858133438902e-08,1.2617368838618859e-06
2026-03-08 17:30:00+00:00,6.452021494851579e-08,1.2653871408474515e-06
2026-03-08 17:31:00+00:00,6.474044766946463e-08,1.2649902600969654e-06
2026-03-08 17:32:00+00:00,6.479765346512067e-08,1.265007540496299e-06
2026-03-08 17:33:00+00:00,6.958087794828316e-08,1.2721241091639968e-06
2026-03-08 17:34:00+00:00,5.966731464468467e-08,1.2703948186754133e-06
2026-03-08 17:35:00+00:00,5.725622997942992e-08,1.2733501080219867e-06
2026-03-08 17:36:00+00:00,6.221869597311525e-08,1.266414415113104e-06
2026-03-08 17:37:00+00:00,6.13969675100634e-08,1.2591953009177814e-06
2026-03-08 17:38:00+00:00,5.2063640509913967e-08,1.2442975503290654e-06
2026-03-08 17:39:00+00:00,4.728133617959429e-08,1.2378737892504432e-06
2026-03-08 17:40:00+00:00,5.125985325094007e-08,1.2406947007548297e-06
2026-03-08 17:41:00+00:00,5.319264317904526e-08,1.2364124586383696e-06
2026-03-08 17:42:00+00:00,5.3579832126615656e-08,1.234383830706065e-06
2026-03-08 17:43:00+00:00,5.165785310623505e-08,1.2407253962010145e-06
2026-03-08 17:44:00+00:00,5.155966675829404e-08,1.2356753131825826e-06
2026-03-08 17:45:00+00:00,5.050728546507344e-08,1.2170490890639485e-06
2026-03-08 17:46:00+00:00,4.879051118678035e-08,1.1872493814735208e-06
2026-03-08 17:47:00+00:00,4.25550581439893e-08,1.1612453363341046e-06
2026-03-08 17:48:00+00:00,4.141813292335428e-08,1.1355289188941242e-06
2026-03-08 17:49:00+00:00,3.859052455368328e-08,1.1126553545182105e-06
2026-03-08 17:50:00+00:00,3.897001832342539e-08,1.1005071200997918e-06
2026-03-08 17:51:00+00:00,4.1090981284241934e-08,1.0834788781721727e-06
2026-03-08 17:52:00+00:00,4.121607588558618e-08,1.0621117780829081e-06
2026-03-08 17:53:00+00:00,3.769235590311837e-08,1.0359719908592524e-06
2026-03-08 17:54:00+00:00,3.4557302797111333e-08,1.0086107522511156e-06
2026-03-08 17:55:00+00:00,3.601576992195987e-08,9.923628567776177e-07
2026-03-08 17:56:00+00:00,3.6319853791155765e-08,9.836774097493617e-07
2026-03-08 17:57:00+00:00,3.5791252628314396e-08,9.60199827204633e-07
2026-03-08 17:58:00+00:00,3.571198803342668e-08,9.331018304692407e-07
2026-03-08 17:59:00+00:00,3.726243846813304e-08,9.11706194983708e-07
2026-03-08 18:00:00+00:00,3.615305388393608e-08,8.892710638974677e-07
2026-03-08 18:01:00+00:00,3.5194950953609805e-08,8.72487703418301e-07
2026-03-08 18:02:00+00:00,2.927595765811475e-08,8.57295503919886e-07
2026-03-08 18:03:00+00:00,3.1185553694967894e-08,8.490721938869683e-07
2026-03-08 18:04:00+00:00,3.664814940407268e-08,8.447127015642764e-07
2026-03-08 18:05:00+00:00,3.327365050154185e-08,8.420142307841161e-07
2026-03-08 18:06:00+00:00,3.3801526910792745e-08,8.359193088836037e-07
2026-03-08 18:07:00+00:00,3.14589172489832e-08,8.259073638328118e-07
2026-03-08 18:08:00+00:00,3.40167467527408e-08,8.16411613868695e-07
2026-03-08 18:09:00+00:00,3.9643236249276015e-08,8.098902526398888e-07
2026-03-08 18:10:00+00:00,3.7045793987999787e-08,8.056331353145652e-07
2026-03-08 18:11:00+00:00,4.0506876075596665e-08,8.058727303250635e-07
2026-03-08 18:12:00+00:00,3.9150062747239645e-08,7.986041623553319e-07
2026-03-08 18:13:00+00:00,3.3486983852526464e-08,7.958288392728718e-07
2026-03-08 18:14:00+00:00,2.4836975143216478e-08,7.818304652573715e-07
2026-03-08 18:15:00+00:00,2.2404796240493852e-08,7.744629328954034e-07
2026-03-08 18:16:00+00:00,2.0120536348144924e-08,7.779598831803014e-07
2026-03-08 18:17:00+00:00,2.5595264574462817e-08,7.971557920427585e-07
2026-03-08 18:18:00+00:00,2.8657387574071436e-08,8.101626463030698e-07
2026-03-08 18:19:00+00:00,3.30622178523754e-08,8.055985745158978e-07
2026-03-08 18:20:00+00:00,3.5407229148631814e-08,8.086227580861305e-07
2026-03-08 18:21:00+00:00,3.655529923207723e-08,8.085341960395453e-07
2026-03-08 18:22:00+00:00,3.7464893409833167e-08,8.067013936852163e-07
2026-03-08 18:23:00+00:00,3.657597602568785e-08,8.031660172491684e-07
2026-03-08 18:24:00+00:00,3.537626369620739e-08,7.917529387668765e-07
2026-03-08 18:25:00+00:00,3.18744604044241e-08,7.781586646160576e-07
2026-03-08 18:26:00+00:00,2.9794872347110868e-08,7.724861461610999e-07
2026-03-08 18:27:00+00:00,2.93154318597999e-08,7.621681561431615e-07
2026-03-08 18:28:00+00:00,2.8242348903972925e-08,7.507120471927919e-07
2026-03-08 18:29:00+00:00,3.1076172746224984e-08,7.414726042043185e-07
2026-03-08 18:30:00+00:00,2.7685237213859182e-08,7.379294970633055e-07
2026-03-08 18:31:00+00:00,2.8688221576089745e-08,7.329538789235812e-07
2026-03-08 18:32:00+00:00,2.965636980434283e-08,7.331956908274151e-07
2026-03-08 18:33:00+00:00,2.7878838793071736e-08,7.365645160462009e-07
2026-03-08 18:34:00+00:00,2.946527288827383e-08,7.420937322422105e-07
2026-03-08 18:35:00+00:00,2.9109447297059887e-08,7.428474759763048e-07
2026-03-08 18:36:00+00:00,3.185544983352884e-08,7.487014954676852e-07
2026-03-08 18:37:00+00:00,2.924177344709733e-08,7.552911256425432e-07
2026-03-08 18:38:00+00:00,2.7510477451642146e-08,7.551710154984903e-07
2026-03-08 18:39:00+00:00,2.5177882889693137e-08,7.568689852632815e-07
2026-03-08 18:40:00+00:00,2.627579220870757e-08,7.578098006888467e-07
2026-03-08 18:41:00+00:00,3.2783663783675365e-08,7.647296911272861e-07
2026-03-08 18:42:00+00:00,3.144433335933172e-08,7.606086001032963e-07
2026-03-08 18:43:00+00:00,3.043364316113184e-08,7.547306495325756e-07
2026-03-08 18:44:00+00:00,2.6632855920638576e-08,7.468588592018932e-07
2026-03-08 18:45:00+00:00,2.593957049157325e-08,7.418269092340779e-07
2026-03-08 18:46:00+00:00,2.5315769036637903e-08,7.387753271359543e-07
2026-03-08 18:47:00+00:00,2.0333050798626573e-08,7.33575120648311e-07
2026-03-08 18:48:00+00:00,1.8500173837310285e-08,7.263054158102022e-07
2026-03-08 18:49:00+00:00,1.817729256003986e-08,7.211461365841387e-07
2026-03-08 18:50:00+00:00,2.0226620378593907e-08,7.202438041531423e-07
2026-03-08 18:51:00+00:00,2.2579564884495085e-08,7.202276606221858e-07
2026-03-08 18:52:00+00:00,2.5195781461206934e-08,7.173155722739466e-07
2026-03-08 18:53:00+00:00,2.2447002478998e-08,7.124286867110641e-07
2026-03-08 18:54:00+00:00,2.3623837108743828e-08,7.092203304637223e-07
2026-03-08 18:55:00+00:00,2.275918653538156e-08,7.080611794663128e-07
2026-03-08 18:56:00+00:00,1.950510508663683e-08,7.070439096423797e-07
2026-03-08 18:57:00+00:00,2.2256005038912008e-08,7.05495210695517e-07
2026-03-08 18:58:00+00:00,2.5068246145565354e-08,7.044280323498242e-07
2026-03-08 18:59:00+00:00,3.1647530818190717e-08,7.105332997525693e-07
2026-03-08 19:00:00+00:00,3.8872542518220143e-08,7.178163059506915e-07
2026-03-08 19:01:00+00:00,4.5254331837440986e-08,7.359162736975122e-07
2026-03-08 19:02:00+00:00,4.2317587656270916e-08,7.667939598832163e-07
2026-03-08 19:03:00+00:00,4.227886662988567e-08,8.098926969068998e-07
2026-03-08 19:04:00+00:00,4.38763301247036e-08,8.220382596846321e-07
2026-03-08 19:05:00+00:00,4.051002377991608e-08,8.333659025083762e-07
2026-03-08 19:06:00+00:00,3.940643011901557e-08,8.340154522556986e-07
2026-03-08 19:07:00+00:00,3.8798582124854875e-08,8.284063142127707e-07
2026-03-08 19:08:00+00:00,3.6264232505800464e-08,8.317255719703098e-07
2026-03-08 19:09:00+00:00,3.5705934209318e-08,8.326643410327961e-07
2026-03-08 19:10:00+00:00,3.710779594712221e-08,8.327796194862458e-07
2026-03-08 19:11:00+00:00,3.6658921231946806e-08,8.573179002269171e-07
2026-03-08 19:12:00+00:00,3.9913231830723817e-08,8.955703378887847e-07
2026-03-08 19:13:00+00:00,3.9028510201433164e-08,9.042623787536286e-07
2026-03-08 19:14:00+00:00,3.7233871097441806e-08,9.113953183259582e-07
2026-03-08 19:15:00+00:00,4.132325770456191e-08,9.249462777916051e-07
2026-03-08 19:16:00+00:00,4.248746776625012e-08,9.292341474065324e-07
2026-03-08 19:17:00+00:00,4.276424903082443e-08,9.271255976273096e-07
2026-03-08 19:18:00+00:00,4.076219184412366e-08,9.179657922686602e-07
2026-03-08 19:19:00+00:00,3.797627101675971e-08,9.003155128084472e-07
2026-03-08 19:20:00+00:00,3.5871753567562337e-08,8.941936471273948e-07
2026-03-08 19:21:00+00:00,3.462780284735345e-08,8.866232406035124e-07
2026-03-08 19:22:00+00:00,3.3626395889996274e-08,8.747893502913939e-07
2026-03-08 19:23:00+00:00,2.8645757765843882e-08,8.584637498643133e-07
2026-03-08 19:24:00+00:00,2.6848073986229792e-08,8.461034894935437e-07
2026-03-08 19:25:00+00:00,2.6312235945624707e-08,8.323491442752129e-07
2026-03-08 19:26:00+00:00,2.4340929272170797e-08,8.243458182732866e-07
2026-03-08 19:27:00+00:00,2.5788969182372057e-08,8.152606483236013e-07
2026-03-08 19:28:00+00:00,2.6338016212434923e-08,8.094558552329545e-07
2026-03-08 19:29:00+00:00,2.6482524617676972e-08,8.061977609941096e-07
2026-03-08 19:30:00+00:00,2.635706763953749e-08,7.9664675922686e-07
2026-03-08 19:31:00+00:00,2.749751715214188e-08,7.923745783955383e-07
2026-03-08 19:32:00+00:00,2.73635887282353e-08,7.82627864737151e-07
2026-03-08 19:33:00+00:00,2.9706475501711793e-08,7.793274789946736e-07
2026-03-08 19:34:00+00:00,2.8479943736670066e-08,7.728689865871274e-07
2026-03-08 19:35:00+00:00,2.5316536422792524e-08,7.682458544877591e-07
2026-03-08 19:36:00+00:00,2.4620200989033947e-08,7.658269964849751e-07
2026-03-08 19:37:00+00:00,2.2306281266537553e-08,7.602872074130573e-07
2026-03-08 19:38:00+00:00,2.4329564141112314e-08,7.559773962384497e-07
2026-03-08 19:39:00+00:00,2.3365833712318818e-08,7.563436952295888e-07
2026-03-08 19:40:00+00:00,2.506562601922724e-08,7.67892629482958e-07
2026-03-08 19:41:00+00:00,2.3431745432844764e-08,7.75485261783615e-07
2026-03-08 19:42:00+00:00,2.1910546266212805e-08,7.850831025280058e-07
2026-03-08 19:43:00+00:00,2.4173534285409914e-08,7.78582034399733e-07
2026-03-08 19:44:00+00:00,2.1293063312555205e-08,7.660536311959731e-07
2026-03-08 19:45:00+00:00,1.835215357459674e-08,7.559626737929648e-07
2026-03-08 19:46:00+00:00,2.0309666837192708e-08,7.491339033549593e-07
2026-03-08 19:47:00+00:00,2.0540728229434535e-08,7.404201483041106e-07
2026-03-08 19:48:00+00:00,2.0082717711034093e-08,7.355257594099385e-07
2026-03-08 19:49:00+00:00,2.1497246649460067e-08,7.330917810577375e-07
2026-03-08 19:50:00+00:00,2.2708258384795954e-08,7.287850962711673e-07
2026-03-08 19:51:00+00:00,2.3176914609734922e-08,7.220947964015068e-07
2026-03-08 19:52:00+00:00,2.136590637746849e-08,7.224566616059747e-07
2026-03-08 19:53:00+00:00,1.919618775048093e-08,7.284249932126841e-07
2026-03-08 19:54:00+00:00,1.9638843440361597e-08,7.331376536967582e-07
2026-03-08 19:55:00+00:00,1.678952799011313e-08,7.386405513898353e-07
2026-03-08 19:56:00+00:00,1.855563702690688e-08,7.371269248324097e-07
2026-03-08 19:57:00+00:00,1.789754833225743e-08,7.319653718695918e-07
2026-03-08 19:58:00+00:00,1.8433617299251637e-08,7.261869541252963e-07
2026-03-08 19:59:00+00:00,1.9950515905975408e-08,7.299969979612797e-07
2026-03-08 20:00:00+00:00,1.5949506604329144e-08,7.337227998505114e-07
2026-03-08 20:01:00+00:00,1.4595038955178552e-08,7.315075549740868e-07
2026-03-08 20:02:00+00:00,1.815890193768155e-08,7.332030236284481e-07
2026-03-08 20:03:00+00:00,1.6504788646898305e-08,7.355102411565895e-07
2026-03-08 20:04:00+00:00,1.6204687369736348e-08,7.336166163440794e-07
2026-03-08 20:05:00+00:00,2.0043339432618268e-08,7.466815645784664e-07
2026-03-08 20:06:00+00:00,2.4904483808541045e-08,7.838531814741145e-07
2026-03-08 20:07:00+00:00,3.257039082882329e-08,8.541119314031675e-07
2026-03-08 20:08:00+00:00,3.870444231779402e-08,9.090319394999824e-07
2026-03-08 20:09:00+00:00,3.6434268935181535e-08,9.316510158896563e-07
2026-03-08 20:10:00+00:00,3.299006223755896e-08,9.27991607113654e-07
2026-03-08 20:11:00+00:00,3.0202969014681e-08,9.092065056393039e-07
2026-03-08 20:12:00+00:00,2.8222093106933244e-08,8.858467595018737e-07
2026-03-08 20:13:00+00:00,2.2242746311462724e-08,8.615174920123536e-07
2026-03-08 20:14:00+00:00,2.2018554091118858e-08,8.407122891185281e-07
2026-03-08 20:15:00+00:00,2.513865915432234e-08,8.463179028694867e-07
2026-03-08 20:16:00+00:00,2.7065485852517668e-08,8.687310923960467e-07
2026-03-08 20:17:00+00:00,2.5367407729959268e-08,8.597780833952129e-07
2026-03-08 20:18:00+00:00,1.9837445464077064e-08,8.38814173675928e-07
2026-03-08 20:19:00+00:00,2.28562697657253e-08,8.377555218430643e-07
2026-03-08 20:20:00+00:00,2.9144256785684775e-08,8.623225085102604e-07
2026-03-08 20:21:00+00:00,3.367140877230668e-08,9.010431654132844e-07
2026-03-08 20:22:00+00:00,3.112307922492619e-08,9.003198897516995e-07
2026-03-08 20:23:00+00:00,2.6875699887796145e-08,8.686175760885817e-07
2026-03-08 20:24:00+00:00,2.516857655621152e-08,8.370591331186006e-07
2026-03-08 20:25:00+00:00,2.0005382239673963e-08,8.133346227623406e-07
2026-03-08 20:26:00+00:00,1.9698022768466217e-08,8.02643455699581e-07
2026-03-08 20:27:00+00:00,1.8645428312424883e-08,7.965543318277923e-07
2026-03-08 20:28:00+00:00,1.9066067835638023e-08,7.870192462178238e-07
2026-03-08 20:29:00+00:00,2.047860725440387e-08,7.766354315208446e-07
2026-03-08 20:30:00+00:00,1.507663860422781e-08,7.599446121275832e-07
2026-03-08 20:31:00+00:00,1.6790156820434277e-08,7.493919156331685e-07
2026-03-08 20:32:00+00:00,2.5839423045681542e-08,8.051682698351215e-07
2026-03-08 20:33:00+00:00,3.472030840612206e-08,9.394710787091753e-07
2026-03-08 20:34:00+00:00,2.2255830955941747e-08,8.731242928661231e-07
2026-03-08 20:35:00+00:00,1.577222086268648e-08,8.064252483563905e-07
2026-03-08 20:36:00+00:00,1.3438728352355156e-08,7.654107321286574e-07
2026-03-08 20:37:00+00:00,1.0935705674341989e-08,7.430827508869697e-07
2026-03-08 20:38:00+00:00,1.128253312998595e-08,7.246525797199865e-07
2026-03-08 20:39:00+00:00,1.3245483820867321e-08,7.145113158912864e-07
2026-03-08 20:40:00+00:00,1.1567559354830337e-08,7.058405913085153e-07
2026-03-08 20:41:00+00:00,1.0500913028010928e-08,6.946551138753421e-07
2026-03-08 20:42:00+00:00,1.2519588032944284e-08,6.886641585879261e-07
2026-03-08 20:43:00+00:00,1.1096193297532864e-08,6.827374932072416e-07
2026-03-08 20:44:00+00:00,1.026644813606481e-08,6.803633709751011e-07
2026-03-08 20:45:00+00:00,1.241344893543328e-08,6.753296020178823e-07
2026-03-08 20:46:00+00:00,1.3152503974822594e-08,6.688447342639847e-07
2026-03-08 20:47:00+00:00,1.557700635146375e-08,6.70099154831405e-07
2026-03-08 20:48:00+00:00,1.9098603587508478e-08,6.741153129041777e-07
2026-03-08 20:49:00+00:00,1.9275045559652426e-08,6.774224061700806e-07
2026-03-08 20:50:00+00:00,1.8071860452550936e-08,6.825703735557909e-07
2026-03-08 20:51:00+00:00,1.9209760893090788e-08,6.925590128048498e-07
2026-03-08 20:52:00+00:00,1.7645886529749077e-08,6.901607321196934e-07
2026-03-08 20:53:00+00:00,1.5707708911349982e-08,6.880097771500004e-07
2026-03-08 20:54:00+00:00,1.3218126149183718e-08,6.863924681965727e-07
2026-03-08 20:55:00+00:00,1.369885183066799e-08,6.823607918704511e-07
2026-03-08 20:56:00+00:00,1.3417643884849895e-08,6.783771482332668e-07
2026-03-08 20:57:00+00:00,1.2505072533031125e-08,6.702349537590635e-07
2026-03-08 20:58:00+00:00,1.2104948154956219e-08,6.620301178372756e-07
2026-03-08 20:59:00+00:00,1.4432828265853459e-08,6.524604714286397e-07
2026-03-08 21:00:00+00:00,1.4466828623938e-08,6.45702868951048e-07
2026-03-08 21:01:00+00:00,1.6533187263689797e-08,6.386434279193054e-07
2026-03-08 21:02:00+00:00,1.1807893329773833e-08,6.325215053948341e-07
2026-03-08 21:03:00+00:00,7.77418307507105e-09,6.299796382336353e-07
2026-03-08 21:04:00+00:00,7.007466162889386e-09,6.262653755584324e-07
2026-03-08 21:05:00+00:00,6.619837122912031e-09,6.206412876963441e-07
2026-03-08 21:06:00+00:00,8.624599701079205e-09,6.214437462404021e-07
2026-03-08 21:07:00+00:00,9.48961709212881e-09,6.258788403101789e-07
2026-03-08 21:08:00+00:00,1.217102152395455e-08,6.243711254683149e-07
2026-03-08 21:09:00+00:00,1.1457052195851247e-08,6.242622703211964e-07
2026-03-08 21:10:00+00:00,1.375355918042942e-08,6.223240234248806e-07
2026-03-08 21:11:00+00:00,1.4847462814771006e-08,6.30065926543466e-07
2026-03-08 21:12:00+00:00,1.2146317729389011e-08,6.350740022753598e-07
2026-03-08 21:13:00+00:00,1.403813243427976e-08,6.342003757708881e-07
2026-03-08 21:14:00+00:00,1.1915489928071565e-08,6.361294140333484e-07
2026-03-08 21:15:00+00:00,9.150921798095624e-09,6.376440069288947e-07
2026-03-08 21:16:00+00:00,8.920991945160495e-09,6.410827495528792e-07
2026-03-08 21:17:00+00:00,1.1355833606785382e-08,6.460205668190611e-07
2026-03-08 21:18:00+00:00,1.0957520224508244e-08,6.497975846286863e-07
2026-03-08 21:19:00+00:00,1.1636129393366446e-08,6.596114872081671e-07
2026-03-08 21:20:00+00:00,1.063119636768306e-08,6.581128673133207e-07
2026-03-08 21:21:00+00:00,1.1387363052506316e-08,6.508429351015366e-07
2026-03-08 21:22:00+00:00,1.0212485967997509e-08,6.475862051047443e-07
2026-03-08 21:23:00+00:00,8.861702482931832e-09,6.426924983315985e-07
2026-03-08 21:24:00+00:00,9.65222390902909e-09,6.444818723139178e-07
2026-03-08 21:25:00+00:00,8.26812751597572e-09,6.401047016879602e-07
2026-03-08 21:26:00+00:00,7.774249688452528e-09,6.347406156237412e-07
2026-03-08 21:27:00+00:00,9.663785327518326e-09,6.29463158929866e-07
2026-03-08 21:28:00+00:00,9.125858291270106e-09,6.249160264815146e-07
2026-03-08 21:29:00+00:00,5.390500934510101e-09,6.247626629374281e-07
2026-03-08 21:30:00+00:00,6.265764795898576e-09,6.242973995540524e-07
2026-03-08 21:31:00+00:00,5.414505732659336e-09,6.189977739268215e-07
2026-03-08 21:32:00+00:00,7.596963058631445e-09,6.16348415860557e-07
2026-03-08 21:33:00+00:00,1.2842417795866368e-08,6.120362172623572e-07
2026-03-08 21:34:00+00:00,1.623267564809794e-08,6.134392265266797e-07
2026-03-08 21:35:00+00:00,1.3977760282557483e-08,6.07431388743862e-07
2026-03-08 21:36:00+00:00,1.2664796322781058e-08,5.983708319945436e-07
2026-03-08 21:37:00+00:00,1.2260947812592349e-08,5.966019784864329e-07
2026-03-08 21:38:00+00:00,9.783340360058901e-09,5.933992497375584e-07
2026-03-08 21:39:00+00:00,8.37339264592174e-09,5.917840439906286e-07
2026-03-08 21:40:00+00:00,1.0417959828146195e-08,5.881018410036631e-07
2026-03-08 21:41:00+00:00,1.1107781361374691e-08,5.843344297318254e-07
2026-03-08 21:42:00+00:00,1.2564487228416965e-08,5.836553214066953e-07
2026-03-08 21:43:00+00:00,1.2112177927292578e-08,5.867394747838262e-07
2026-03-08 21:44:00+00:00,1.398253601792021e-08,5.963838134448451e-07
2026-03-08 21:45:00+00:00,1.7123893414350277e-08,6.196977437866735e-07
2026-03-08 21:46:00+00:00,1.4120582036980522e-08,6.446177280849952e-07
2026-03-08 21:47:00+00:00,9.637957099073446e-09,6.551298952217621e-07
2026-03-08 21:48:00+00:00,2.089891992795856e-08,7.341045602515806e-07
2026-03-08 21:49:00+00:00,2.434263990380714e-08,7.613844559273275e-07
2026-03-08 21:50:00+00:00,2.4486515926014363e-08,7.561760071439494e-07
2026-03-08 21:51:00+00:00,2.2040520519794882e-08,7.42026145417185e-07
2026-03-08 21:52:00+00:00,2.157213963016602e-08,7.240984132295125e-07
2026-03-08 21:53:00+00:00,1.7741864866138712e-08,7.024244155218184e-07
2026-03-08 21:54:00+00:00,1.641085667358766e-08,6.775712790840771e-07
2026-03-08 21:55:00+00:00,1.7359433002184232e-08,6.58059661873267e-07
2026-03-08 21:56:00+00:00,1.4700797912325925e-08,6.420166300813435e-07
2026-03-08 21:57:00+00:00,9.90803794564954e-09,6.313832159321464e-07
2026-03-08 21:58:00+00:00,7.739312302135204e-09,6.21543449597084e-07
2026-03-08 21:59:00+00:00,7.01166236183326e-09,6.128403242655622e-07
2026-03-08 22:00:00+00:00,7.176081950888147e-09,6.082555614739249e-07
2026-03-08 22:01:00+00:00,1.1819214051911331e-08,6.034744615135423e-07
2026-03-08 22:02:00+00:00,1.0799690031149112e-08,5.967241349935648e-07
2026-03-08 22:03:00+00:00,7.048749584015468e-09,5.926811468270898e-07
2026-03-08 22:04:00+00:00,6.283666920126052e-09,5.869127335245139e-07
2026-03-08 22:05:00+00:00,6.225853166341722e-09,5.854805635863158e-07
2026-03-08 22:06:00+00:00,4.955196697409292e-09,5.811158985125076e-07
2026-03-08 22:07:00+00:00,5.087872345654887e-09,5.792583692709741e-07
2026-03-08 22:08:00+00:00,1.0951393569769152e-08,5.766954700447968e-07
2026-03-08 22:09:00+00:00,1.0326638211211048e-08,5.757110557169653e-07
2026-03-08 22:10:00+00:00,8.673577411855149e-09,5.741913469137216e-07
2026-03-08 22:11:00+00:00,6.629849558237311e-09,5.762070145465259e-07
2026-03-08 22:12:00+00:00,9.824494995314126e-09,5.760974772783811e-07
2026-03-08 22:13:00+00:00,1.0007159545466493e-08,5.753143454967358e-07
2026-03-08 22:14:00+00:00,1.1600001847966723e-08,5.736234243158833e-07
2026-03-08 22:15:00+00:00,1.0304719744169688e-08,5.690519628842594e-07
2026-03-08 22:16:00+00:00,1.0496189695174962e-08,5.695064828614704e-07
2026-03-08 22:17:00+00:00,1.0604312983275577e-08,5.708855042030336e-07
2026-03-08 22:18:00+00:00,8.415574903608558e-09,5.688696091965539e-07
2026-03-08 22:19:00+00:00,1.271570226890617e-08,5.696030029866961e-07
2026-03-08 22:20:00+00:00,1.2960099660119795e-08,5.687419388777926e-07
2026-03-08 22:21:00+00:00,1.1852187675742698e-08,5.685620294570981e-07
2026-03-08 22:22:00+00:00,8.973795928568506e-09,5.654102324115229e-07
2026-03-08 22:23:00+00:00,7.697052772925872e-09,5.649350782732654e-07
2026-03-08 22:24:00+00:00,5.603058017555895e-09,5.638324864776223e-07
2026-03-08 22:25:00+00:00,5.7389222263282136e-09,5.618003342533484e-07
2026-03-08 22:26:00+00:00,5.643653988585129e-09,5.61530953291367e-07
2026-03-08 22:27:00+00:00,8.378845173240279e-09,5.595353513854207e-07
2026-03-08 22:28:00+00:00,8.377364579814639e-09,5.548117769649252e-07
2026-03-08 22:29:00+00:00,4.7335495523270765e-09,5.531472311304242e-07
2026-03-08 22:30:00+00:00,3.6184875096267888e-09,5.506743150363036e-07
2026-03-08 22:31:00+00:00,3.121056080246376e-09,5.484268967848038e-07
2026-03-08 22:32:00+00:00,3.817756777380055e-09,5.470686232911248e-07
2026-03-08 22:33:00+00:00,3.0484521573725942e-09,5.45476666502509e-07
2026-03-08 22:34:00+00:00,4.219982141506762e-09,5.434313266050594e-07
2026-03-08 22:35:00+00:00,4.6516905882754145e-09,5.412791210801515e-07
2026-03-08 22:36:00+00:00,6.619718995182211e-09,5.424897153716302e-07
2026-03-08 22:37:00+00:00,9.102306464114918e-09,5.435639991446806e-07
2026-03-08 22:38:00+00:00,7.590911899058028e-09,5.473326041283144e-07
2026-03-08 22:39:00+00:00,5.345694553682279e-09,5.558228508562024e-07
2026-03-08 22:40:00+00:00,6.095348670243084e-09,5.616764156002318e-07
2026-03-08 22:41:00+00:00,4.681109277981932e-09,5.596075993707927e-07
2026-03-08 22:42:00+00:00,3.4264111548054643e-09,5.55935343982128e-07
2026-03-08 22:43:00+00:00,3.578274343496446e-09,5.53857887553022e-07
2026-03-08 22:44:00+00:00,4.351140781011509e-09,5.532925229090324e-07
2026-03-08 22:45:00+00:00,5.7578888323917e-09,5.540601364373288e-07
2026-03-08 22:46:00+00:00,7.394465040277964e-09,5.559373335017881e-07
2026-03-08 22:47:00+00:00,9.096172703948469e-09,5.592684715338692e-07
2026-03-08 22:48:00+00:00,6.393981344388067e-09,5.664987270392885e-07
2026-03-08 22:49:00+00:00,9.348255503027758e-09,5.765366495324997e-07
2026-03-08 22:50:00+00:00,4.693345267980931e-09,5.748191824750393e-07
2026-03-08 22:51:00+00:00,3.783438007332052e-09,5.702765975001967e-07
2026-03-08 22:52:00+00:00,3.4159968187452705e-09,5.643101985697285e-07
2026-03-08 22:53:00+00:00,4.770390304997818e-09,5.586598490481265e-07
2026-03-08 22:54:00+00:00,7.433553772528967e-09,5.494045467457909e-07
2026-03-08 22:55:00+00:00,7.804509039033292e-09,5.44089800769143e-07
2026-03-08 22:56:00+00:00,9.859340011075801e-09,5.399975293585157e-07
2026-03-08 22:57:00+00:00,6.440081357084182e-09,5.381295409279119e-07
2026-03-08 22:58:00+00:00,5.911879430442468e-09,5.362808224163018e-07
2026-03-08 22:59:00+00:00,5.199924490995045e-09,5.349328944248555e-07
2026-03-08 23:00:00+00:00,2.6518940376973887e-09,5.346261673366826e-07
2026-03-08 23:01:00+00:00,4.436011558084374e-09,5.335346600077173e-07
2026-03-08 23:02:00+00:00,3.818297678037652e-09,5.319470801623538e-07
2026-03-08 23:03:00+00:00,4.789692642503951e-09,5.330419412530318e-07
2026-03-08 23:04:00+00:00,2.4827320199705127e-09,5.351363370209583e-07
2026-03-08 23:05:00+00:00,9.999999717180685e-10,5.34600246737682e-07
2026-03-08 23:06:00+00:00,3.429877493132949e-09,5.357778718462214e-07
2026-03-08 23:07:00+00:00,5.4271276361816945e-09,5.325112510945473e-07
2026-03-08 23:08:00+00:00,6.169567523528485e-09,5.289321620693954e-07
2026-03-08 23:09:00+00:00,5.328914642888094e-09,5.287041062729259e-07
2026-03-08 23:10:00+00:00,4.905180261971509e-09,5.331585271051154e-07
2026-03-08 23:11:00+00:00,2.7038888905650538e-09,5.32655121787684e-07
2026-03-08 23:12:00+00:00,3.0579798693253224e-09,5.294830316415755e-07
2026-03-08 23:13:00+00:00,3.784662361283608e-09,5.277061632114055e-07
2026-03-08 23:14:00+00:00,9.999999717180685e-10,5.281873427520622e-07
2026-03-08 23:15:00+00:00,1.930838378072508e-09,5.321652452039416e-07
2026-03-08 23:16:00+00:00,3.693432448770295e-09,5.416291628534964e-07
2026-03-08 23:17:00+00:00,3.354827304846708e-09,5.475457669490424e-07
2026-03-08 23:18:00+00:00,5.0863007139412275e-09,5.596733672064147e-07
2026-03-08 23:19:00+00:00,6.619504056004644e-09,5.789198098682391e-07
2026-03-08 23:20:00+00:00,8.000953677367306e-09,5.990362410557282e-07
2026-03-08 23:21:00+00:00,6.365695970345087e-09,6.063862088012684e-07
2026-03-08 23:22:00+00:00,5.5362532336289405e-09,6.032653345755534e-07
2026-03-08 23:23:00+00:00,6.0337255192166594e-09,5.979385377941071e-07
2026-03-08 23:24:00+00:00,4.46786385666087e-09,5.96992776991101e-07
2026-03-08 23:25:00+00:00,3.396870340566238e-09,5.915589440519398e-07
2026-03-08 23:26:00+00:00,4.755620341967415e-09,5.88309376325924e-07
2026-03-08 23:27:00+00:00,6.614160330542518e-09,5.823099513690977e-07
2026-03-08 23:28:00+00:00,4.230746863953527e-09,5.774242595180112e-07
2026-03-08 23:29:00+00:00,5.168076189221438e-09,5.73501040435076e-07
2026-03-08 23:30:00+00:00,3.8277563341182486e-09,5.7030138123082e-07
2026-03-08 23:31:00+00:00,3.769566436773175e-09,5.680913659489306e-07
2026-03-08 23:32:00+00:00,3.7146035136714772e-09,5.635296815853508e-07
2026-03-08 23:33:00+00:00,3.622526945079585e-09,5.610245352727361e-07
2026-03-08 23:34:00+00:00,3.33097927018855e-09,5.588606200035429e-07
2026-03-08 23:35:00+00:00,3.3070963745274184e-09,5.583900133387942e-07
2026-03-08 23:36:00+00:00,2.1611930023368586e-09,5.588200338024762e-07
2026-03-08 23:37:00+00:00,1.8581587379884468e-09,5.535018772206968e-07
2026-03-08 23:38:00+00:00,3.2895006718547393e-09,5.57904968445655e-07
2026-03-08 23:39:00+00:00,1.4965072514527833e-09,5.681876587004808e-07
2026-03-08 23:40:00+00:00,5.31462163166907e-09,5.830144687024585e-07
2026-03-08 23:41:00+00:00,7.3673667166929135e-09,5.938630351920438e-07
2026-03-08 23:42:00+00:00,6.219329051759814e-09,5.92960418543953e-07
2026-03-08 23:43:00+00:00,4.264738784343081e-09,5.887613383492862e-07
2026-03-08 23:44:00+00:00,3.1240252607034336e-09,5.842790073984361e-07
2026-03-08 23:45:00+00:00,4.006389442423597e-09,5.777295655207126e-07
2026-03-08 23:46:00+00:00,9.999999717180685e-10,5.717990347875457e-07
2026-03-08 23:47:00+00:00,4.549241872098264e-09,5.681083052877511e-07
2026-03-08 23:48:00+00:00,4.676064424558035e-09,5.640834501718928e-07
2026-03-08 23:49:00+00:00,1.4873607900867114e-09,5.632027182400634e-07
2026-03-08 23:50:00+00:00,2.7935798119216315e-09,5.605813839792972e-07
2026-03-08 23:51:00+00:00,9.999999717180685e-10,5.593055902863853e-07
2026-03-08 23:52:00+00:00,3.872490772494075e-09,5.564710363614722e-07
2026-03-08 23:53:00+00:00,1.9461618983029894e-09,5.508434810508334e-07
2026-03-08 23:54:00+00:00,3.3055151948957473e-09,5.477461400005268e-07
2026-03-08 23:55:00+00:00,3.001976001115736e-09,5.465997787723609e-07
2026-03-08 23:56:00+00:00,9.999999717180685e-10,5.461740784085123e-07
2026-03-08 23:57:00+00:00,1.0728185007025104e-09,5.442225869956019e-07
2026-03-08 23:58:00+00:00,1.7316933442756977e-09,5.411484380601905e-07
2026-03-08 23:59:00+00:00,2.2373030095224067e-09,5.41430836165091e-07
2026-03-09 00:00:00+00:00,2.0198318573250162e-09,5.410730636867811e-07
2026-03-09 00:01:00+00:00,2.285251099465313e-09,5.439041501631436e-07
2026-03-09 00:02:00+00:00,3.158715511375476e-09,5.456303142636898e-07
2026-03-09 00:03:00+00:00,3.19101722823234e-09,5.444407520371897e-07
2026-03-09 00:04:00+00:00,4.113057450183533e-09,5.49640958524833e-07
2026-03-09 00:05:00+00:00,4.644660211994278e-09,5.82868494802824e-07
2026-03-09 00:06:00+00:00,8.480702362589909e-09,6.348989813886874e-07
2026-03-09 00:07:00+00:00,6.246410944044101e-09,6.359991289173195e-07
2026-03-09 00:08:00+00:00,7.384492572981571e-09,6.184873200254515e-07
2026-03-09 00:09:00+00:00,5.937293767743768e-09,6.055495305190561e-07
2026-03-09 00:10:00+00:00,4.079994120331776e-09,5.998034566800925e-07
2026-03-09 00:11:00+00:00,5.681597858853138e-09,5.94814480336936e-07
2026-03-09 00:12:00+00:00,6.5416441152876814e-09,5.892313765798463e-07
2026-03-09 00:13:00+00:00,5.553635329391682e-09,5.84402357617364e-07
2026-03-09 00:14:00+00:00,5.926777735254518e-09,5.791118837805698e-07
2026-03-09 00:15:00+00:00,6.852181932970325e-09,5.750261493631115e-07
2026-03-09 00:16:00+00:00,6.533067864467057e-09,5.747632485508802e-07
2026-03-09 00:17:00+00:00,5.6469873221942635e-09,5.73740749132412e-07
2026-03-09 00:18:00+00:00,4.373347017860851e-09,5.709198376280256e-07
2026-03-09 00:19:00+00:00,5.90432058800161e-09,5.685792530130129e-07
2026-03-09 00:20:00+00:00,5.63867441627508e-09,5.661861450789729e-07
2026-03-09 00:21:00+00:00,5.58876855905055e-09,5.650900902764988e-07
2026-03-09 00:22:00+00:00,5.263544267108955e-09,5.622949856842752e-07
2026-03-09 00:23:00+00:00,5.28014432177315e-09,5.650212528962584e-07
2026-03-09 00:24:00+00:00,6.280499675881401e-09,5.645585474667314e-07
2026-03-09 00:25:00+00:00,5.666116464908555e-09,5.652390200339141e-07
2026-03-09 00:26:00+00:00,4.261237585012623e-09,5.63690491617308e-07
2026-03-09 00:27:00+00:00,3.329053921419245e-09,5.601540919997205e-07
2026-03-09 00:28:00+00:00,2.9872873064107353e-09,5.590792397924815e-07
2026-03-09 00:29:00+00:00,6.257955043054153e-09,5.560736440202163e-07
2026-03-09 00:30:00+00:00,4.457263003132539e-09,5.567995344790688e-07
2026-03-09 00:31:00+00:00,5.4480708833182234e-09,5.625496442007716e-07
2026-03-09 00:32:00+00:00,3.135993242864288e-09,5.614861038338859e-07
2026-03-09 00:33:00+00:00,5.661502378018213e-09,5.61633896722924e-07
2026-03-09 00:34:00+00:00,5.416233239685653e-09,5.595691732196428e-07
2026-03-09 00:35:00+00:00,2.649648278563177e-09,5.57687712898769e-07
2026-03-09 00:36:00+00:00,4.427167077381e-09,5.56334327939112e-07
2026-03-09 00:37:00+00:00,7.381410149776002e-09,5.542690360016422e-07
2026-03-09 00:38:00+00:00,4.0888301633401625e-09,5.542394205804158e-07
2026-03-09 00:39:00+00:00,3.653616964527373e-09,5.523040726984618e-07
2026-03-09 00:40:00+00:00,2.240133634145991e-09,5.533911462407559e-07
2026-03-09 00:41:00+00:00,2.6327993118968607e-09,5.555664301937213e-07
2026-03-09 00:42:00+00:00,3.757535171899917e-09,5.564714911088231e-07
2026-03-09 00:43:00+00:00,4.0810466117591204e-09,5.615601139652426e-07
2026-03-09 00:44:00+00:00,6.358382709237276e-09,5.640420681629621e-07
2026-03-09 00:45:00+00:00,5.688905346801221e-09,5.604130137726315e-07
2026-03-09 00:46:00+00:00,7.063846396704321e-09,5.603637873718981e-07
2026-03-09 00:47:00+00:00,5.39542055477682e-09,5.552305424316728e-07
2026-03-09 00:48:00+00:00,5.810793624050348e-09,5.557246254284109e-07
2026-03-09 00:49:00+00:00,4.121079921759474e-09,5.529874442800065e-07
2026-03-09 00:50:00+00:00,6.1656728611581e-09,5.486394343279244e-07
2026-03-09 00:51:00+00:00,4.0299252823672305e-09,5.49882315681316e-07
2026-03-09 00:52:00+00:00,4.5456749475647484e-09,5.508953790922533e-07
2026-03-09 00:53:00+00:00,4.318779556200525e-09,5.49044727904402e-07
2026-03-09 00:54:00+00:00,3.6466283326319626e-09,5.500907036548597e-07
2026-03-09 00:55:00+00:00,4.4504990803773126e-09,5.507914124791569e-07
2026-03-09 00:56:00+00:00,5.182102302825342e-09,5.455955829347658e-07
2026-03-09 00:57:00+00:00,6.124768692217231e-09,5.451756237562222e-07
2026-03-09 00:58:00+00:00,3.105276036308169e-09,5.448216029435571e-07
2026-03-09 00:59:00+00:00,4.173656531492043e-09,5.42011150628241e-07
2026-03-09 01:00:00+00:00,3.3297513635233145e-09,5.397147901931021e-07
2026-03-09 01:01:00+00:00,9.999999717180685e-10,5.392743105403497e-07
2026-03-09 01:02:00+00:00,1.5573123901546637e-09,5.43398016361607e-07
2026-03-09 01:03:00+00:00,2.9469438000973014e-09,5.490456942425226e-07
2026-03-09 01:04:00+00:00,3.2746132472283307e-09,5.491301067195309e-07
2026-03-09 01:05:00+00:00,2.9968589831952386e-09,5.497705615198356e-07
2026-03-09 01:06:00+00:00,3.5978879875386838e-09,5.587029932030418e-07
2026-03-09 01:07:00+00:00,6.549593756233207e-09,5.934241471550195e-07
2026-03-09 01:08:00+00:00,1.0267421579612801e-08,6.339195124382968e-07
2026-03-09 01:09:00+00:00,1.067198240889411e-08,6.68291249894537e-07
2026-03-09 01:10:00+00:00,8.211071822472604e-09,6.73074623591674e-07
2026-03-09 01:11:00+00:00,7.136016222375474e-09,6.608689773202059e-07
2026-03-09 01:12:00+00:00,5.920114176660718e-09,6.423006198019721e-07
2026-03-09 01:13:00+00:00,3.6038334538801564e-09,6.218923545020516e-07
2026-03-09 01:14:00+00:00,5.605301556244058e-09,6.091561886023555e-07
2026-03-09 01:15:00+00:00,5.73333513997909e-09,6.158777523523895e-07
2026-03-09 01:16:00+00:00,6.4165037727548224e-09,6.374173153744778e-07
2026-03-09 01:17:00+00:00,1.0324095356395446e-08,6.477230272139423e-07
2026-03-09 01:18:00+00:00,8.100790260812119e-09,6.308293905021856e-07
2026-03-09 01:19:00+00:00,7.1444681282173406e-09,6.201914857228985e-07
2026-03-09 01:20:00+00:00,8.309336330114547e-09,6.097317282183212e-07
2026-03-09 01:21:00+00:00,4.567508149477817e-09,5.993076115373697e-07
2026-03-09 01:22:00+00:00,5.836380267965069e-09,5.914852749810962e-07
2026-03-09 01:23:00+00:00,5.220452070631154e-09,5.897345545236021e-07
2026-03-09 01:24:00+00:00,5.1121427091516125e-09,5.918113856751006e-07
2026-03-09 01:25:00+00:00,8.765404402311106e-09,6.028034249538905e-07
2026-03-09 01:26:00+00:00,8.060201395210242e-09,6.126068683443009e-07
2026-03-09 01:27:00+00:00,8.380522054096673e-09,6.207954470482946e-07
2026-03-09 01:28:00+00:00,1.1493697549269655e-08,6.27830445409927e-07
2026-03-09 01:29:00+00:00,9.920182897360519e-09,6.307293460849905e-07
2026-03-09 01:30:00+00:00,9.017631086294386e-09,6.286487064244284e-07
2026-03-09 01:31:00+00:00,9.491072816558699e-09,6.253741844375327e-07
2026-03-09 01:32:00+00:00,6.884429915032797e-09,6.212206358213734e-07
2026-03-09 01:33:00+00:00,7.370558829933316e-09,6.297538561739202e-07
2026-03-09 01:34:00+00:00,6.572238309132672e-09,6.3183262000166e-07
2026-03-09 01:35:00+00:00,4.6639319073449315e-09,6.22267066319182e-07
2026-03-09 01:36:00+00:00,5.293890659174849e-09,6.154022003102e-07
2026-03-09 01:37:00+00:00,6.001904306884853e-09,6.132021326266113e-07
2026-03-09 01:38:00+00:00,7.557364511967535e-09,6.093287083785981e-07
2026-03-09 01:39:00+00:00,6.2435860925802444e-09,6.015504254719417e-07
2026-03-09 01:40:00+00:00,4.099763195597461e-09,5.964880642750359e-07
2026-03-09 01:41:00+00:00,7.700259985199409e-09,5.930010047450196e-07
2026-03-09 01:42:00+00:00,8.384916760917349e-09,5.936341835877101e-07
2026-03-09 01:43:00+00:00,8.94582807831057e-09,5.884833740310569e-07
2026-03-09 01:44:00+00:00,7.025456660869622e-09,5.903311830479652e-07
2026-03-09 01:45:00+00:00,6.1539044970970735e-09,5.869180768058868e-07
2026-03-09 01:46:00+00:00,4.816221643721974e-09,5.848208388670173e-07
2026-03-09 01:47:00+00:00,3.6585048324155878e-09,5.848550586051715e-07
2026-03-09 01:48:00+00:00,3.966866390925361e-09,5.82932216275367e-07
2026-03-09 01:49:00+00:00,4.887272364584305e-09,5.818661747980514e-07
2026-03-09 01:50:00+00:00,5.1717705673581804e-09,5.785670396107889e-07
2026-03-09 01:51:00+00:00,5.635470756715222e-09,5.808922765027091e-07
2026-03-09 01:52:00+00:00,6.299290422617787e-09,5.793758646177594e-07
2026-03-09 01:53:00+00:00,5.68479086027196e-09,5.784196446256828e-07
2026-03-09 01:54:00+00:00,6.916295536285588e-09,5.783682013316138e-07
2026-03-09 01:55:00+00:00,5.6287334793125865e-09,5.77256912492885e-07
2026-03-09 01:56:00+00:00,3.834840001104567e-09,5.805242722090043e-07
2026-03-09 01:57:00+00:00,3.949213844833821e-09,5.81831613999384e-07
2026-03-09 01:58:00+00:00,7.1246715194206445e-09,5.824431923429074e-07
2026-03-09 01:59:00+00:00,7.180078753776797e-09,5.818457111672615e-07
2026-03-09 02:00:00+00:00,7.885998520862358e-09,5.856448410668236e-07
2026-03-09 02:01:00+00:00,5.6209170651300155e-09,5.940062237641541e-07
2026-03-09 02:02:00+00:00,5.108041989387857e-09,5.962447744423116e-07
2026-03-09 02:03:00+00:00,6.133366259319928e-09,5.946281476099102e-07
2026-03-09 02:04:00+00:00,4.731630642851314e-09,5.919392833675374e-07
2026-03-09 02:05:00+00:00,5.219193521810439e-09,5.880849585082615e-07
2026-03-09 02:06:00+00:00,5.421474824629513e-09,5.826079814141849e-07
2026-03-09 02:07:00+00:00,3.564371464648275e-09,5.783911660728336e-07
2026-03-09 02:08:00+00:00,4.92490270787016e-09,5.737193760069204e-07
2026-03-09 02:09:00+00:00,5.19007681276662e-09,5.784087306892616e-07
2026-03-09 02:10:00+00:00,4.807426901010103e-09,5.873278610124544e-07
2026-03-09 02:11:00+00:00,6.004748698273943e-09,5.887816314498195e-07
2026-03-09 02:12:00+00:00,6.447406608600659e-09,5.845230361956055e-07
2026-03-09 02:13:00+00:00,5.690024451610043e-09,5.856439884155407e-07
2026-03-09 02:14:00+00:00,5.036539629799108e-09,5.860088094777893e-07
2026-03-09 02:15:00+00:00,6.2578147108638404e-09,5.771318001279724e-07
2026-03-09 02:16:00+00:00,4.9928403633714424e-09,5.722362175220042e-07
2026-03-09 02:17:00+00:00,4.608209369649785e-09,5.67909069104644e-07
2026-03-09 02:18:00+00:00,5.473069553119103e-09,5.649992544931592e-07
2026-03-09 02:19:00+00:00,6.477610003940981e-09,5.591716671915492e-07
2026-03-09 02:20:00+00:00,7.522947598204155e-09,5.548290005208401e-07
2026-03-09 02:21:00+00:00,9.280625157259692e-09,5.514750682777958e-07
2026-03-09 02:22:00+00:00,7.133944102122314e-09,5.480951017489133e-07
2026-03-09 02:23:00+00:00,5.303451455773711e-09,5.463939487526659e-07
2026-03-09 02:24:00+00:00,5.000623470863275e-09,5.426206826086855e-07
2026-03-09 02:25:00+00:00,5.572813766008267e-09,5.397823201747087e-07
2026-03-09 02:26:00+00:00,5.669909430849884e-09,5.392956836658414e-07
2026-03-09 02:27:00+00:00,7.538876189983057e-09,5.368217443901813e-07
2026-03-09 02:28:00+00:00,5.0323629707804685e-09,5.349003799892671e-07
2026-03-09 02:29:00+00:00,5.5593614156634885e-09,5.360212185223645e-07
2026-03-09 02:30:00+00:00,4.861516078591421e-09,5.455932523545926e-07
2026-03-09 02:31:00+00:00,4.412316734203614e-09,5.50683523670159e-07
2026-03-09 02:32:00+00:00,5.627881716208094e-09,5.509829179572989e-07
2026-03-09 02:33:00+00:00,6.039621691655839e-09,5.571176870944328e-07
2026-03-09 02:34:00+00:00,6.976025535010422e-09,5.797167546006676e-07
2026-03-09 02:35:00+00:00,9.07555541829197e-09,6.058142503206909e-07
2026-03-09 02:36:00+00:00,1.1386959819503772e-08,6.269665391300805e-07
2026-03-09 02:37:00+00:00,1.093661960993586e-08,6.500346216853359e-07
2026-03-09 02:38:00+00:00,1.2462366250076684e-08,6.622871069339453e-07
2026-03-09 02:39:00+00:00,1.2079369504647275e-08,6.753337515874591e-07
2026-03-09 02:40:00+00:00,1.2307412866618961e-08,6.854266985101276e-07
2026-03-09 02:41:00+00:00,1.4346023924360907e-08,7.05220770669257e-07
2026-03-09 02:42:00+00:00,1.4623374511302245e-08,7.256143703671114e-07
2026-03-09 02:43:00+00:00,1.6718427531259294e-08,7.356497349064739e-07
2026-03-09 02:44:00+00:00,1.7464030221958637e-08,7.424242767228861e-07
2026-03-09 02:45:00+00:00,1.8407076751714158e-08,7.479973760382563e-07
2026-03-09 02:46:00+00:00,1.9566138931281785e-08,7.505443022637337e-07
2026-03-09 02:47:00+00:00,1.8059219897281764e-08,7.508783710363787e-07
2026-03-09 02:48:00+00:00,1.8255489564467098e-08,7.466904321518086e-07
2026-03-09 02:49:00+00:00,1.6676077407851153e-08,7.365004535131447e-07
2026-03-09 02:50:00+00:00,1.610288258291348e-08,7.374980555141519e-07
2026-03-09 02:51:00+00:00,3.134343629085379e-08,9.373136435897322e-07
2026-03-09 02:52:00+00:00,2.254199493734177e-08,8.45050578845985e-07
2026-03-09 02:53:00+00:00,3.8244039046730904e-08,8.887291187420487e-07
2026-03-09 02:54:00+00:00,7.522966427586653e-08,1.2935539643876837e-06
2026-03-09 02:55:00+00:00,3.033358808579578e-08,9.105889375859988e-07
2026-03-09 02:56:00+00:00,1.6400175439912346e-08,7.579222938147723e-07
2026-03-09 02:57:00+00:00,1.4809995008135957e-08,7.092065175129392e-07
2026-03-09 02:58:00+00:00,1.4673942949627872e-08,6.771849712094991e-07
2026-03-09 02:59:00+00:00,1.1031039193198922e-08,6.631501037190901e-07
2026-03-09 03:00:00+00:00,9.726494276662834e-09,6.58520718843647e-07
2026-03-09 03:01:00+00:00,9.010968859968216e-09,6.470269227065728e-07
2026-03-09 03:02:00+00:00,7.955190284292257e-09,6.461615384978359e-07
2026-03-09 03:03:00+00:00,8.695860920227005e-09,6.507706871161645e-07
2026-03-09 03:04:00+00:00,1.1163270308145457e-08,6.712946287734667e-07
2026-03-09 03:05:00+00:00,9.427913560955403e-09,6.5822467831822e-07
2026-03-09 03:06:00+00:00,9.862202610122495e-09,6.343142899822851e-07
2026-03-09 03:07:00+00:00,1.0924050997118684e-08,6.240301217985689e-07
2026-03-09 03:08:00+00:00,1.1083402640110762e-08,6.210037781784195e-07
2026-03-09 03:09:00+00:00,1.0356965951530128e-08,6.17355908616446e-07
2026-03-09 03:10:00+00:00,9.19681042432785e-09,6.138876074146538e-07
2026-03-09 03:11:00+00:00,6.194835755479744e-09,6.143333166619414e-07
2026-03-09 03:12:00+00:00,5.455262463982535e-09,6.097667437643395e-07
2026-03-09 03:13:00+00:00,6.999840707067051e-09,6.103549026192923e-07
2026-03-09 03:14:00+00:00,7.694803905167191e-09,6.110577146500873e-07
2026-03-09 03:15:00+00:00,7.1513417410074e-09,6.11986479270854e-07
2026-03-09 03:16:00+00:00,8.91608920028375e-09,6.13999418419553e-07
2026-03-09 03:17:00+00:00,1.0040149156509415e-08,6.14814950949949e-07
2026-03-09 03:18:00+00:00,1.1046499714950642e-08,6.185780421219533e-07
2026-03-09 03:19:00+00:00,1.173853814151471e-08,6.221819717211474e-07
2026-03-09 03:20:00+00:00,1.1061890958785625e-08,6.29218163794576e-07
2026-03-09 03:21:00+00:00,9.762406882884989e-09,6.330854489533522e-07
2026-03-09 03:22:00+00:00,1.0542795081391887e-08,6.353474191200803e-07
2026-03-09 03:23:00+00:00,1.0254464832826216e-08,6.390882845153101e-07
2026-03-09 03:24:00+00:00,1.0141916639838655e-08,6.373564360728778e-07
2026-03-09 03:25:00+00:00,1.0841056941046645e-08,6.315838163573062e-07
2026-03-09 03:26:00+00:00,1.1207461625417636e-08,6.279991566771059e-07
2026-03-09 03:27:00+00:00,1.0314167298020038e-08,6.245318218134344e-07
2026-03-09 03:28:00+00:00,1.1692441681532273e-08,6.231200586626073e-07
2026-03-09 03:29:00+00:00,1.0076141698789343e-08,6.239267236196611e-07
2026-03-09 03:30:00+00:00,1.140358119045004e-08,6.307607236522017e-07
2026-03-09 03:31:00+00:00,1.1668323196545316e-08,6.357626034514396e-07
2026-03-09 03:32:00+00:00,1.1578914715926203e-08,6.467182629421586e-07
2026-03-09 03:33:00+00:00,1.1845440184288236e-08,6.6327635295238e-07
2026-03-09 03:34:00+00:00,1.2218453804280216e-08,6.858523988739762e-07
2026-03-09 03:35:00+00:00,1.348231659648036e-08,7.043579444143688e-07
2026-03-09 03:36:00+00:00,1.3166839174516554e-08,7.124682497305912e-07
2026-03-09 03:37:00+00:00,1.337403165990736e-08,7.07471372152213e-07
2026-03-09 03:38:00+00:00,1.1010896194818542e-08,6.962317797842843e-07
2026-03-09 03:39:00+00:00,1.0002094263938943e-08,6.841842150606681e-07
2026-03-09 03:40:00+00:00,8.911133164701823e-09,6.741551032973803e-07
2026-03-09 03:41:00+00:00,9.86997683583013e-09,6.617492545046844e-07
2026-03-09 03:42:00+00:00,1.0884409817890628e-08,6.548863211719436e-07
2026-03-09 03:43:00+00:00,8.669471363020875e-09,6.465493811447232e-07
2026-03-09 03:44:00+00:00,7.248750488741962e-09,6.381631578733504e-07
2026-03-09 03:45:00+00:00,8.15702883016911e-09,6.311772153821948e-07
2026-03-09 03:46:00+00:00,5.962133009518311e-09,6.241008350116317e-07
2026-03-09 03:47:00+00:00,8.854584621076356e-09,6.204725195857463e-07
2026-03-09 03:48:00+00:00,9.117915311662728e-09,6.155175924504874e-07
2026-03-09 03:49:00+00:00,8.295935494118112e-09,6.13865040577366e-07
2026-03-09 03:50:00+00:00,7.382254807453137e-09,6.116555368862464e-07
2026-03-09 03:51:00+00:00,8.618783908787009e-09,6.104827434683102e-07
2026-03-09 03:52:00+00:00,8.562584419280483e-09,6.088972099860257e-07
2026-03-09 03:53:00+00:00,6.956465181673366e-09,6.071599045753828e-07
2026-03-09 03:54:00+00:00,7.779713762090523e-09,6.044639349056524e-07
2026-03-09 03:55:00+00:00,6.127949259138177e-09,6.066144351279945e-07
2026-03-09 03:56:00+00:00,5.098933719693832e-09,6.06608523412433e-07
2026-03-09 03:57:00+00:00,7.562557691187521e-09,6.118208943917125e-07
2026-03-09 03:58:00+00:00,7.512602095971488e-09,6.175831686050515e-07
2026-03-09 03:59:00+00:00,9.077026241754993e-09,6.289288876359933e-07
2026-03-09 04:00:00+00:00,5.7934115282876064e-09,6.34645516583987e-07
2026-03-09 04:01:00+00:00,8.55267057175979e-09,6.361768782880972e-07
2026-03-09 04:02:00+00:00,6.186856360557158e-09,6.366083198372507e-07
2026-03-09 04:03:00+00:00,8.726461331320934e-09,6.360750717249175e-07
2026-03-09 04:04:00+00:00,6.580025857516603e-09,6.366583988892671e-07
2026-03-09 04:05:00+00:00,6.0396283529939865e-09,6.334447562039713e-07
2026-03-09 04:06:00+00:00,8.69448246731963e-09,6.559436087627546e-07
2026-03-09 04:07:00+00:00,1.0169287634198554e-08,6.807036925238208e-07
2026-03-09 04:08:00+00:00,8.568124876262573e-09,6.736015620845137e-07
2026-03-09 04:09:00+00:00,9.219377261615591e-09,6.661003908448038e-07
2026-03-09 04:10:00+00:00,8.791806394015111e-09,6.645774988101039e-07
2026-03-09 04:11:00+00:00,7.848441896385339e-09,6.577413387276465e-07
2026-03-09 04:12:00+00:00,8.590380851103419e-09,6.534593239848618e-07
2026-03-09 04:13:00+00:00,6.217223180726705e-09,6.521376008095103e-07
2026-03-09 04:14:00+00:00,7.988867345432027e-09,6.488080543931574e-07
2026-03-09 04:15:00+00:00,9.248677379503079e-09,6.461708039751102e-07
2026-03-09 04:16:00+00:00,8.675584695083671e-09,6.41960070879577e-07
2026-03-09 04:17:00+00:00,9.034604175894856e-09,6.397831953108835e-07
2026-03-09 04:18:00+00:00,7.829161319250488e-09,6.379299861691834e-07
2026-03-09 04:19:00+00:00,5.2726503163569305e-09,6.347571570586297e-07
2026-03-09 04:20:00+00:00,7.231597098922293e-09,6.325457775346877e-07
2026-03-09 04:21:00+00:00,6.350201253724208e-09,6.289536145231978e-07
2026-03-09 04:22:00+00:00,7.367473742192487e-09,6.253181368265359e-07
2026-03-09 04:23:00+00:00,7.460845274920302e-09,6.259925839913194e-07
2026-03-09 04:24:00+00:00,5.479355191795321e-09,6.278640398704738e-07
2026-03-09 04:25:00+00:00,7.951826752616853e-09,6.293263936640869e-07
2026-03-09 04:26:00+00:00,7.685325265072152e-09,6.277930424403166e-07
2026-03-09 04:27:00+00:00,6.2454579285997625e-09,6.29060934898007e-07
2026-03-09 04:28:00+00:00,7.091253362290217e-09,6.349999353005842e-07
2026-03-09 04:29:00+00:00,7.311806715648572e-09,6.375238967848418e-07
2026-03-09 04:30:00+00:00,6.563361409916979e-09,6.401252221621689e-07
2026-03-09 04:31:00+00:00,8.283749686199826e-09,6.442470521506038e-07
2026-03-09 04:32:00+00:00,7.844346505692101e-09,6.592641739189276e-07
2026-03-09 04:33:00+00:00,8.30541857510525e-09,6.71573445742979e-07
2026-03-09 04:34:00+00:00,9.508302589722462e-09,6.743698008904175e-07
2026-03-09 04:35:00+00:00,1.0246231418875595e-08,6.749964427399391e-07
2026-03-09 04:36:00+00:00,7.038883698129439e-09,6.739267632838164e-07
2026-03-09 04:37:00+00:00,6.978799760304355e-09,6.703207304781245e-07
2026-03-09 04:38:00+00:00,8.863996647789918e-09,6.675380177512125e-07
2026-03-09 04:39:00+00:00,7.172713090142224e-09,6.657259632447676e-07
2026-03-09 04:40:00+00:00,6.201469560096484e-09,6.633191560467822e-07
2026-03-09 04:41:00+00:00,5.4913638081188765e-09,6.604237228202692e-07
2026-03-09 04:42:00+00:00,6.3084857337969424e-09,6.570573418684944e-07
2026-03-09 04:43:00+00:00,6.238689120863228e-09,6.538383559018257e-07
2026-03-09 04:44:00+00:00,6.692090881443846e-09,6.497619438050606e-07
2026-03-09 04:45:00+00:00,6.8299690347828346e-09,6.45908301066811e-07
2026-03-09 04:46:00+00:00,6.116554818191844e-09,6.472393465628556e-07
2026-03-09 04:47:00+00:00,6.395298957073692e-09,6.526423135255754e-07
2026-03-09 04:48:00+00:00,1.0087441992823187e-08,6.822130558248318e-07
2026-03-09 04:49:00+00:00,1.2868872190097136e-08,7.402168193948455e-07
2026-03-09 04:50:00+00:00,1.712658281860513e-08,7.814738296474388e-07
2026-03-09 04:51:00+00:00,2.2705650692955714e-08,8.295913858091808e-07
2026-03-09 04:52:00+00:00,2.5606798459421043e-08,8.632503636363253e-07
2026-03-09 04:53:00+00:00,2.7229100751924307e-08,8.778636697570619e-07
2026-03-09 04:54:00+00:00,2.6686937104614117e-08,8.890123694982321e-07
2026-03-09 04:55:00+00:00,2.614233274300659e-08,8.915716307456023e-07
2026-03-09 04:56:00+00:00,2.4979945223435607e-08,8.879930533112201e-07
2026-03-09 04:57:00+00:00,2.4559691169656617e-08,8.651648499835574e-07
2026-03-09 04:58:00+00:00,2.1709491093702127e-08,8.47483306642971e-07
2026-03-09 04:59:00+00:00,2.1538802741360996e-08,8.323136739818437e-07
2026-03-09 05:00:00+00:00,1.7928268647438017e-08,8.16476529053034e-07
2026-03-09 05:01:00+00:00,1.6669501334831693e-08,8.015104526748473e-07
2026-03-09 05:02:00+00:00,1.3598431714001435e-08,7.869747378208558e-07
2026-03-09 05:03:00+00:00,1.4008736393122945e-08,7.801965580256365e-07
2026-03-09 05:04:00+00:00,1.4126314340501267e-08,7.685375180699339e-07
2026-03-09 05:05:00+00:00,1.4078000987183259e-08,7.626463229826186e-07
2026-03-09 05:06:00+00:00,1.2790658310279923e-08,7.585822459077463e-07
2026-03-09 05:07:00+00:00,1.2461007337094543e-08,7.575542326776485e-07
2026-03-09 05:08:00+00:00,1.2768428980791668e-08,7.511470130339148e-07
2026-03-09 05:09:00+00:00,1.2020003659074519e-08,7.515946549574437e-07
2026-03-09 05:10:00+00:00,9.950667845259886e-09,7.495880822716572e-07
2026-03-09 05:11:00+00:00,1.1903210861419211e-08,7.488254709642206e-07
2026-03-09 05:12:00+00:00,1.1333641580790754e-08,7.47783929000434e-07
2026-03-09 05:13:00+00:00,1.133821303511695e-08,7.464357167918934e-07
2026-03-09 05:14:00+00:00,1.010929295830465e-08,7.465188218702679e-07
2026-03-09 05:15:00+00:00,1.1388415543933661e-08,7.700887749706453e-07
2026-03-09 05:16:00+00:00,1.164722540636376e-08,8.021410167202703e-07
2026-03-09 05:17:00+00:00,1.3089016981382429e-08,8.127868795781978e-07
2026-03-09 05:18:00+00:00,1.2822530592870862e-08,8.06689286036999e-07
2026-03-09 05:19:00+00:00,1.0120349891451497e-08,7.987171102286084e-07
2026-03-09 05:20:00+00:00,1.0914620318658308e-08,7.915964488347527e-07
2026-03-09 05:21:00+00:00,9.366423192602724e-09,7.837633688723145e-07
2026-03-09 05:22:00+00:00,9.827529900974241e-09,7.781894169056613e-07
2026-03-09 05:23:00+00:00,9.913076581824498e-09,7.707171789661516e-07
2026-03-09 05:24:00+00:00,1.0126926852649376e-08,7.673113486816874e-07
2026-03-09 05:25:00+00:00,1.0920979676143361e-08,7.575899303446931e-07
2026-03-09 05:26:00+00:00,9.605666484446829e-09,7.449343684129417e-07
2026-03-09 05:27:00+00:00,8.982476984442656e-09,7.416971357088187e-07
2026-03-09 05:28:00+00:00,9.320404004142802e-09,7.404876214422984e-07
2026-03-09 05:29:00+00:00,8.300450993203867e-09,7.327973889914574e-07
2026-03-09 05:30:00+00:00,6.900293225697851e-09,7.289222594408784e-07
2026-03-09 05:31:00+00:00,9.42451894303531e-09,7.235723273879557e-07
2026-03-09 05:32:00+00:00,8.858546785006638e-09,7.114464324331493e-07
2026-03-09 05:33:00+00:00,8.005448748349409e-09,7.045278493933438e-07
2026-03-09 05:34:00+00:00,4.9572359550609235e-09,6.978286251069221e-07
2026-03-09 05:35:00+00:00,6.8074772485715584e-09,6.91332559199509e-07
2026-03-09 05:36:00+00:00,6.598769974885954e-09,6.835627459622629e-07
2026-03-09 05:37:00+00:00,7.3718067206129945e-09,6.807915724493796e-07
2026-03-09 05:38:00+00:00,6.44805542293625e-09,6.746096232745913e-07
2026-03-09 05:39:00+00:00,6.571212907147128e-09,6.701358756799891e-07
2026-03-09 05:40:00+00:00,7.473875740515723e-09,6.6944124910151e-07
2026-03-09 05:41:00+00:00,7.794855427789571e-09,6.692152965115383e-07
2026-03-09 05:42:00+00:00,7.815168068248113e-09,6.819341251684818e-07
2026-03-09 05:43:00+00:00,8.379030802529996e-09,6.927800200173806e-07
2026-03-09 05:44:00+00:00,6.6630523321009605e-09,6.725226739945356e-07
2026-03-09 05:45:00+00:00,6.694171439391994e-09,6.683804940621485e-07
2026-03-09 05:46:00+00:00,8.542805574052181e-09,6.68525274249987e-07
2026-03-09 05:47:00+00:00,7.411007807434089e-09,6.685328912681143e-07
2026-03-09 05:48:00+00:00,6.333433777427899e-09,6.885897505526373e-07
2026-03-09 05:49:00+00:00,1.0489633162080736e-08,7.352773536695167e-07
2026-03-09 05:50:00+00:00,1.4232550249460019e-08,7.787656386426534e-07
2026-03-09 05:51:00+00:00,1.5364282290875053e-08,8.011590466594498e-07
2026-03-09 05:52:00+00:00,1.3801526144163745e-08,8.090722758424818e-07
2026-03-09 05:53:00+00:00,1.4341063447886881e-08,8.081044029495388e-07
2026-03-09 05:54:00+00:00,1.4489623723079603e-08,8.084140290520736e-07
2026-03-09 05:55:00+00:00,1.508782965231603e-08,8.066278951446293e-07
2026-03-09 05:56:00+00:00,1.3798035602974323e-08,8.054304885263264e-07
2026-03-09 05:57:00+00:00,1.3922423214296487e-08,8.038532541831955e-07
2026-03-09 05:58:00+00:00,1.3250952335397415e-08,8.00874317974376e-07
2026-03-09 05:59:00+00:00,1.3127483100561221e-08,7.920904181446531e-07
2026-03-09 06:00:00+00:00,1.223138301753579e-08,7.822212637620396e-07
2026-03-09 06:01:00+00:00,1.1731926541358462e-08,7.755558044664213e-07
2026-03-09 06:02:00+00:00,9.479284912572439e-09,7.709650731158035e-07
2026-03-09 06:03:00+00:00,9.301085235335904e-09,7.659108405277948e-07
2026-03-09 06:04:00+00:00,9.380729970587254e-09,7.57954239816172e-07
2026-03-09 06:05:00+00:00,9.769014042149138e-09,7.487431048502913e-07
2026-03-09 06:06:00+00:00,8.491591430015433e-09,7.380727424788347e-07
2026-03-09 06:07:00+00:00,7.715679650743823e-09,7.311970762202691e-07
2026-03-09 06:08:00+00:00,9.234446096684223e-09,7.309490683837794e-07
2026-03-09 06:09:00+00:00,7.596871576254216e-09,7.304467999347253e-07
2026-03-09 06:10:00+00:00,6.483423575787128e-09,7.22162894817302e-07
2026-03-09 06:11:00+00:00,6.4587424297712914e-09,7.185684580690577e-07
2026-03-09 06:12:00+00:00,5.539915637342574e-09,7.072287075970962e-07
2026-03-09 06:13:00+00:00,5.674288150459006e-09,7.002308279879799e-07
2026-03-09 06:14:00+00:00,5.8747429143579666e-09,7.026470143500774e-07
2026-03-09 06:15:00+00:00,5.404912073458945e-09,7.018167025307775e-07
2026-03-09 06:16:00+00:00,6.1318243815833284e-09,7.008271722952486e-07
2026-03-09 06:17:00+00:00,6.427378629325631e-09,7.145110885176109e-07
2026-03-09 06:18:00+00:00,5.065041275287285e-09,7.307147029678163e-07
2026-03-09 06:19:00+00:00,7.082983977113599e-09,7.377273618658364e-07
2026-03-09 06:20:00+00:00,7.289686632105941e-09,7.406142685795203e-07
2026-03-09 06:21:00+00:00,8.890805425210146e-09,7.416421112793614e-07
2026-03-09 06:22:00+00:00,7.121068179571921e-09,7.402405231005105e-07
2026-03-09 06:23:00+00:00,8.15468936821162e-09,7.460509436896245e-07
2026-03-09 06:24:00+00:00,1.3661367148642967e-08,8.010043757167296e-07
2026-03-09 06:25:00+00:00,2.5408445125663093e-08,9.17209945328068e-07
2026-03-09 06:26:00+00:00,4.3333294286185264e-08,1.0898086202359991e-06
2026-03-09 06:27:00+00:00,5.441535577688228e-08,1.242670691681269e-06
2026-03-09 06:28:00+00:00,6.324110302102781e-08,1.3390036883720313e-06
2026-03-09 06:29:00+00:00,8.117980598854047e-08,1.4977382534198114e-06
2026-03-09 06:30:00+00:00,8.982535604218356e-08,1.6145613699336536e-06
2026-03-09 06:31:00+00:00,8.762811631868317e-08,1.6483924127896898e-06
2026-03-09 06:32:00+00:00,7.917356725783975e-08,1.591042519066832e-06
2026-03-09 06:33:00+00:00,6.640433980464877e-08,1.5077508805916295e-06
2026-03-09 06:34:00+00:00,6.01770011599001e-08,1.4327458757179556e-06
2026-03-09 06:35:00+00:00,5.6338993914550883e-08,1.3761319905825076e-06
2026-03-09 06:36:00+00:00,5.237050970663404e-08,1.3391019137998228e-06
2026-03-09 06:37:00+00:00,5.000451253067695e-08,1.3050523648416856e-06
2026-03-09 06:38:00+00:00,4.933223607395121e-08,1.2892854783785879e-06
2026-03-09 06:39:00+00:00,4.653907481610986e-08,1.2675858442889876e-06
2026-03-09 06:40:00+00:00,4.474246395602677e-08,1.2527252692962065e-06
2026-03-09 06:41:00+00:00,4.091233307690345e-08,1.2312962098803837e-06
2026-03-09 06:42:00+00:00,3.8575020511188995e-08,1.2052549891450326e-06
2026-03-09 06:43:00+00:00,3.627593514465843e-08,1.1784007938331342e-06
2026-03-09 06:44:00+00:00,3.2884781120401385e-08,1.1605520739976782e-06
2026-03-09 06:45:00+00:00,3.1644930231777835e-08,1.1415219205446192e-06
2026-03-09 06:46:00+00:00,2.907739116153607e-08,1.1234665180381853e-06
2026-03-09 06:47:00+00:00,2.872617876903405e-08,1.1067576224377262e-06
2026-03-09 06:48:00+00:00,2.6774820582886605e-08,1.08861252101633e-06
2026-03-09 06:49:00+00:00,2.554597422488314e-08,1.0723072136897827e-06
2026-03-09 06:50:00+00:00,2.346800798136428e-08,1.0581333071968402e-06
2026-03-09 06:51:00+00:00,2.0962025004678253e-08,1.0473155498402775e-06
2026-03-09 06:52:00+00:00,2.0325229499462694e-08,1.0352770232202602e-06
2026-03-09 06:53:00+00:00,2.0789347132676994e-08,1.0255855613650056e-06
2026-03-09 06:54:00+00:00,1.9069972267971025e-08,1.0202595603914233e-06
2026-03-09 06:55:00+00:00,1.8551176594883145e-08,1.0156683174500358e-06
2026-03-09 06:56:00+00:00,1.718253272997572e-08,1.022194169308932e-06
2026-03-09 06:57:00+00:00,2.1618921763888466e-08,1.0712363973652828e-06
2026-03-09 06:58:00+00:00,3.832526473956932e-08,1.223749563905585e-06
2026-03-09 06:59:00+00:00,5.949723203002577e-08,1.4421449350265902e-06
2026-03-09 07:00:00+00:00,5.899481436699716e-08,1.4888590840200777e-06
2026-03-09 07:01:00+00:00,7.626910303315526e-08,1.6590935274507501e-06
2026-03-09 07:02:00+00:00,8.879561619323795e-08,1.8355317479290534e-06
2026-03-09 07:03:00+00:00,8.003637930187324e-08,1.8315553234060644e-06
2026-03-09 07:04:00+00:00,5.987779871929888e-08,1.7323703787042177e-06
2026-03-09 07:05:00+00:00,4.5436966189527084e-08,1.6168547745110118e-06
2026-03-09 07:06:00+00:00,3.45207418206428e-08,1.498906385677401e-06
2026-03-09 07:07:00+00:00,2.8707898280799782e-08,1.4109094763625762e-06
2026-03-09 07:08:00+00:00,2.4799755138360524e-08,1.341207848781778e-06
2026-03-09 07:09:00+00:00,2.200139803676393e-08,1.26517215903732e-06
2026-03-09 07:10:00+00:00,1.9068677303835102e-08,1.2038526620017365e-06
2026-03-09 07:11:00+00:00,2.310951430217756e-08,1.177294166154752e-06
2026-03-09 07:12:00+00:00,2.1616369139110247e-08,1.1583786090341164e-06
2026-03-09 07:13:00+00:00,2.0631897967859913e-08,1.1474520533738541e-06
2026-03-09 07:14:00+00:00,2.232788176570466e-08,1.1408689033487462e-06
2026-03-09 07:15:00+00:00,2.123158893141408e-08,1.1200974086023052e-06
2026-03-09 07:16:00+00:00,2.0136914358204194e-08,1.0939348840111052e-06
2026-03-09 07:17:00+00:00,1.6010307746228136e-08,1.0611014431560761e-06
2026-03-09 07:18:00+00:00,1.3293280254345063e-08,1.0337796538806288e-06
2026-03-09 07:19:00+00:00,1.2165392249130491e-08,1.0089170245919377e-06
2026-03-09 07:20:00+00:00,1.08652429275935e-08,9.805451099964557e-07
2026-03-09 07:21:00+00:00,9.32849619772469e-09,9.52012612742692e-07
2026-03-09 07:22:00+00:00,8.760766334603431e-09,9.334866035715095e-07
2026-03-09 07:23:00+00:00,6.99178714924642e-09,9.208937967741804e-07
2026-03-09 07:24:00+00:00,9.60293533580625e-09,9.112803240896028e-07
2026-03-09 07:25:00+00:00,8.04125299680436e-09,9.087017929232388e-07
2026-03-09 07:26:00+00:00,8.970738818447899e-09,9.058115324478422e-07
2026-03-09 07:27:00+00:00,1.0370031944262337e-08,9.036589290190022e-07
2026-03-09 07:28:00+00:00,1.030921747968705e-08,8.969620353127539e-07
2026-03-09 07:29:00+00:00,8.45857339726308e-09,8.868467489264731e-07
2026-03-09 07:30:00+00:00,7.971240556514658e-09,8.763866503613826e-07
2026-03-09 07:31:00+00:00,6.5543854788074896e-09,8.655545684632671e-07
2026-03-09 07:32:00+00:00,7.78863817885167e-09,8.543058811483206e-07
2026-03-09 07:33:00+00:00,6.047462974834161e-09,8.423049280281703e-07
2026-03-09 07:34:00+00:00,6.184271317266621e-09,8.319081530316907e-07
2026-03-09 07:35:00+00:00,5.4766258195115824e-09,8.217508593588718e-07
2026-03-09 07:36:00+00:00,4.206470283207864e-09,8.139354576996993e-07
2026-03-09 07:37:00+00:00,5.12832265542329e-09,8.076554536273761e-07
2026-03-09 07:38:00+00:00,4.8123016682666275e-09,8.006534244486829e-07
2026-03-09 07:39:00+00:00,3.598630504697553e-09,7.951959446472756e-07
2026-03-09 07:40:00+00:00,5.141898906657616e-09,7.872391165619774e-07
2026-03-09 07:41:00+00:00,4.586854451815725e-09,7.758390552226047e-07
2026-03-09 07:42:00+00:00,3.6933671676564472e-09,7.705068014729477e-07
2026-03-09 07:43:00+00:00,3.726638997392229e-09,7.637069074917235e-07
2026-03-09 07:44:00+00:00,4.307349144028194e-09,7.593379791615007e-07
2026-03-09 07:45:00+00:00,4.054501623329543e-09,7.548379699073848e-07
2026-03-09 07:46:00+00:00,5.61024249279285e-09,7.490364737350319e-07
2026-03-09 07:47:00+00:00,2.7923388046247055e-09,7.474010885744065e-07
2026-03-09 07:48:00+00:00,3.6372547196350524e-09,7.455226977981511e-07
2026-03-09 07:49:00+00:00,3.11186254542406e-09,7.41052986086288e-07
2026-03-09 07:50:00+00:00,3.2840117292209925e-09,7.384045375147252e-07
2026-03-09 07:51:00+00:00,2.4745103743839536e-09,7.342607091231912e-07
2026-03-09 07:52:00+00:00,2.917660779644393e-09,7.272722655216057e-07
2026-03-09 07:53:00+00:00,2.7144988479221865e-09,7.222499789349968e-07
2026-03-09 07:54:00+00:00,2.804499077413425e-09,7.171419724727457e-07
2026-03-09 07:55:00+00:00,3.3990084080670613e-09,7.120020200090948e-07
2026-03-09 07:56:00+00:00,3.496349432197121e-09,7.065110025905597e-07
2026-03-09 07:57:00+00:00,2.034035162523651e-09,7.060427265059843e-07
2026-03-09 07:58:00+00:00,2.6240567496671474e-09,7.037128284537175e-07
2026-03-09 07:59:00+00:00,1.6405198310920355e-09,7.028997401903325e-07
2026-03-09 08:00:00+00:00,3.154223326973238e-09,6.947756787667458e-07
2026-03-09 08:01:00+00:00,1.3086982608712106e-09,6.872802487123408e-07
2026-03-09 08:02:00+00:00,2.0840495995599895e-09,6.915747690072749e-07
2026-03-09 08:03:00+00:00,5.394074076292554e-09,6.959070333323325e-07
2026-03-09 08:04:00+00:00,9.726425886924517e-09,7.653014790776069e-07
2026-03-09 08:05:00+00:00,3.185197527955097e-08,9.72655925579602e-07
2026-03-09 08:06:00+00:00,1.18053264941409e-07,1.6871664456630242e-06
2026-03-09 08:07:00+00:00,1.1013052869657258e-07,1.7332212109977263e-06
2026-03-09 08:08:00+00:00,7.668440105135232e-08,1.553003471599368e-06
2026-03-09 08:09:00+00:00,4.911027673415447e-08,1.369584651911282e-06
2026-03-09 08:10:00+00:00,3.271076209898638e-08,1.2166660781076644e-06
2026-03-09 08:11:00+00:00,2.1914743797424308e-08,1.0939588719338644e-06
2026-03-09 08:12:00+00:00,1.5007520559606746e-08,9.845508657235769e-07
2026-03-09 08:13:00+00:00,9.135366241252996e-09,8.943634952629509e-07
2026-03-09 08:14:00+00:00,5.5239706142629075e-09,8.293854989460669e-07
2026-03-09 08:15:00+00:00,6.0882556773833585e-09,7.917795414869033e-07
2026-03-09 08:16:00+00:00,7.806791657571921e-09,7.740201226624777e-07
2026-03-09 08:17:00+00:00,4.309617551712108e-09,7.347615564867738e-07
2026-03-09 08:18:00+00:00,4.369633543888085e-09,6.925038746885548e-07
2026-03-09 08:19:00+00:00,3.006625837187471e-09,6.630295388276863e-07
2026-03-09 08:20:00+00:00,2.4316018087944258e-09,6.398578307198477e-07
2026-03-09 08:21:00+00:00,9.999999717180685e-10,6.243610073397576e-07
2026-03-09 08:22:00+00:00,9.999999717180685e-10,6.145389761513798e-07
2026-03-09 08:23:00+00:00,9.999999717180685e-10,6.074793077459617e-07
2026-03-09 08:24:00+00:00,1.276866168353763e-09,6.152960736471869e-07
2026-03-09 08:25:00+00:00,1.5988947943412768e-09,6.185081815601734e-07
2026-03-09 08:26:00+00:00,1.0720775378558756e-09,6.164668775454629e-07
2026-03-09 08:27:00+00:00,1.1552843126594325e-09,6.026549499438261e-07
2026-03-09 08:28:00+00:00,9.999999717180685e-10,5.925405162088282e-07
2026-03-09 08:29:00+00:00,9.999999717180685e-10,5.813057555315027e-07
2026-03-09 08:30:00+00:00,9.999999717180685e-10,5.751030016654113e-07
2026-03-09 08:31:00+00:00,9.999999717180685e-10,5.718813440580561e-07
2026-03-09 08:32:00+00:00,9.999999717180685e-10,5.70972758850985e-07
2026-03-09 08:33:00+00:00,9.999999717180685e-10,5.681875450136431e-07
2026-03-09 08:34:00+00:00,9.999999717180685e-10,5.668589437846094e-07
2026-03-09 08:35:00+00:00,9.999999717180685e-10,5.62518835067749e-07
2026-03-09 08:36:00+00:00,9.999999717180685e-10,5.574330543822725e-07
2026-03-09 08:37:00+00:00,9.999999717180685e-10,5.55791984879761e-07
2026-03-09 08:38:00+00:00,9.999999717180685e-10,5.52290543964773e-07
2026-03-09 08:39:00+00:00,9.999999717180685e-10,5.473997930494079e-07
2026-03-09 08:40:00+00:00,9.999999717180685e-10,5.503954980667913e-07
2026-03-09 08:41:00+00:00,9.999999717180685e-10,5.492127002071356e-07
2026-03-09 08:42:00+00:00,9.999999717180685e-10,5.486593863679445e-07
2026-03-09 08:43:00+00:00,9.999999717180685e-10,5.479242872752366e-07
2026-03-09 08:44:00+00:00,9.999999717180685e-10,5.551373760681599e-07
2026-03-09 08:45:00+00:00,9.999999717180685e-10,5.62363254630327e-07
2026-03-09 08:46:00+00:00,9.999999717180685e-10,5.053002496424597e-07
2026-03-09 08:47:00+00:00,9.999999717180685e-10,2.641922662860452e-07
2026-03-09 08:48:00+00:00,9.999999717180685e-10,6.171642752406115e-08
2026-03-09 08:49:00+00:00,9.999999717180685e-10,1.5595029267956306e-08
2026-03-09 08:50:00+00:00,0.0,0.0
2026-03-09 08:51:00+00:00,0.0,0.0
2026-03-09 08:52:00+00:00,0.0,0.0
2026-03-09 08:53:00+00:00,0.0,0.0
2026-03-09 08:54:00+00:00,0.0,0.0
2026-03-09 08:55:00+00:00,0.0,0.0
2026-03-09 08:56:00+00:00,0.0,0.0
2026-03-09 08:57:00+00:00,0.0,0.0
2026-03-09 08:58:00+00:00,0.0,0.0
2026-03-09 08:59:00+00:00,0.0,0.0
2026-03-09 09:00:00+00:00,0.0,0.0
2026-03-09 09:01:00+00:00,0.0,0.0
2026-03-09 09:02:00+00:00,0.0,0.0
2026-03-09 09:03:00+00:00,0.0,0.0
2026-03-09 09:04:00+00:00,0.0,0.0
2026-03-09 09:05:00+00:00,0.0,0.0
2026-03-09 09:06:00+00:00,0.0,0.0
2026-03-09 09:07:00+00:00,0.0,0.0
2026-03-09 09:08:00+00:00,0.0,0.0
2026-03-09 09:09:00+00:00,0.0,0.0
2026-03-09 09:10:00+00:00,0.0,0.0
2026-03-09 09:11:00+00:00,0.0,0.0
2026-03-09 09:12:00+00:00,0.0,0.0
2026-03-09 09:13:00+00:00,0.0,0.0
2026-03-09 09:14:00+00:00,0.0,0.0
2026-03-09 09:15:00+00:00,0.0,0.0
2026-03-09 09:16:00+00:00,0.0,0.0
2026-03-09 09:17:00+00:00,0.0,0.0
2026-03-09 09:18:00+00:00,0.0,0.0
2026-03-09 09:19:00+00:00,0.0,0.0
2026-03-09 09:20:00+00:00,0.0,0.0
2026-03-09 09:21:00+00:00,0.0,0.0
2026-03-09 09:22:00+00:00,0.0,0.0
2026-03-09 09:23:00+00:00,0.0,0.0
2026-03-09 09:24:00+00:00,0.0,0.0
2026-03-09 09:25:00+00:00,0.0,0.0
2026-03-09 09:26:00+00:00,0.0,0.0
2026-03-09 09:27:00+00:00,0.0,0.0
2026-03-09 09:28:00+00:00,0.0,0.0
2026-03-09 09:29:00+00:00,0.0,0.0
2026-03-09 09:30:00+00:00,0.0,0.0
2026-03-09 09:31:00+00:00,0.0,0.0
2026-03-09 09:32:00+00:00,0.0,0.0
2026-03-09 09:33:00+00:00,0.0,0.0
2026-03-09 09:34:00+00:00,0.0,0.0
2026-03-09 09:35:00+00:00,0.0,0.0
2026-03-09 09:36:00+00:00,0.0,0.0
2026-03-09 09:37:00+00:00,0.0,0.0
2026-03-09 09:38:00+00:00,0.0,0.0
2026-03-09 09:39:00+00:00,0.0,0.0
2026-03-09 09:40:00+00:00,0.0,0.0
2026-03-09 09:41:00+00:00,0.0,0.0
2026-03-09 09:42:00+00:00,0.0,0.0
2026-03-09 09:43:00+00:00,0.0,0.0
2026-03-09 09:44:00+00:00,0.0,0.0
2026-03-09 09:45:00+00:00,0.0,0.0
2026-03-09 09:46:00+00:00,0.0,0.0
2026-03-09 09:47:00+00:00,9.999999717180685e-10,1.9225316449933416e-08
2026-03-09 09:48:00+00:00,9.999999717180685e-10,2.0092717534225812e-07
2026-03-09 09:49:00+00:00,9.999999717180685e-10,3.780374129291886e-07
2026-03-09 09:50:00+00:00,9.999999717180685e-10,4.713392911526171e-07
2026-03-09 09:51:00+00:00,9.999999717180685e-10,6.018607905389217e-07
2026-03-09 09:52:00+00:00,1.7848195144054557e-09,6.231546194612747e-07
2026-03-09 09:53:00+00:00,4.775650097599282e-09,6.558490213137702e-07
2026-03-09 09:54:00+00:00,3.685533433994692e-09,6.527457685479021e-07
2026-03-09 09:55:00+00:00,3.0417983687414107e-09,6.53115819204686e-07
2026-03-09 09:56:00+00:00,4.071424974938509e-09,6.586931817764707e-07
2026-03-09 09:57:00+00:00,2.89415336141019e-09,6.630620532632747e-07
2026-03-09 09:58:00+00:00,1.2901337775872435e-09,6.608270837205055e-07
2026-03-09 09:59:00+00:00,2.0229555808271016e-09,6.54396103527688e-07
2026-03-09 10:00:00+00:00,9.999999717180685e-10,6.443179358939233e-07
2026-03-09 10:01:00+00:00,9.999999717180685e-10,6.420097520276613e-07
2026-03-09 10:02:00+00:00,1.150569084451547e-09,6.553523235197645e-07
2026-03-09 10:03:00+00:00,3.9286316422249e-09,6.822875207035395e-07
2026-03-09 10:04:00+00:00,4.141400999913003e-09,6.94681261848018e-07
2026-03-09 10:05:00+00:00,3.6346605725157133e-09,7.038007083792763e-07
2026-03-09 10:06:00+00:00,4.319709479005951e-09,7.119813858480484e-07
2026-03-09 10:07:00+00:00,4.927343422167496e-09,7.230879077724239e-07
2026-03-09 10:08:00+00:00,6.407880448477954e-09,7.307520490940078e-07
2026-03-09 10:09:00+00:00,6.215414405374986e-09,7.547834002252785e-07
2026-03-09 10:10:00+00:00,1.1170609326427439e-08,8.013393539840763e-07
2026-03-09 10:11:00+00:00,1.4156149141797414e-08,8.628870773463859e-07
2026-03-09 10:12:00+00:00,1.4785359603308734e-08,8.90280034582247e-07
2026-03-09 10:13:00+00:00,1.2120651149416517e-08,9.043544650921831e-07
2026-03-09 10:14:00+00:00,1.2410143135355156e-08,8.896403755898064e-07
2026-03-09 10:15:00+00:00,9.043267468200611e-09,8.550902634851809e-07
2026-03-09 10:16:00+00:00,8.305351961723773e-09,8.273185017060314e-07
2026-03-09 10:17:00+00:00,8.861965383744064e-09,8.100843160718796e-07
2026-03-09 10:18:00+00:00,8.224784409094354e-09,7.820181622264499e-07
2026-03-09 10:19:00+00:00,6.649083061915917e-09,7.523330509684456e-07
2026-03-09 10:20:00+00:00,4.103367867713814e-09,7.351973749791796e-07
2026-03-09 10:21:00+00:00,2.1742230238430693e-09,7.216239055196638e-07
2026-03-09 10:22:00+00:00,1.5686484333699013e-09,7.093758540577255e-07
2026-03-09 10:23:00+00:00,3.4143794458429966e-09,7.007279236859176e-07
2026-03-09 10:24:00+00:00,2.1100217129088605e-09,6.951442514946393e-07
2026-03-09 10:25:00+00:00,1.6268987268475144e-09,6.95101505243656e-07
2026-03-09 10:26:00+00:00,3.4315794650296993e-09,6.970704475861567e-07
2026-03-09 10:27:00+00:00,1.8929515732679647e-09,6.952296303097683e-07
2026-03-09 10:28:00+00:00,2.8417064257268976e-09,6.95713652021368e-07
2026-03-09 10:29:00+00:00,2.528002696067233e-09,7.064639930831618e-07
2026-03-09 10:30:00+00:00,2.3521788961033963e-09,7.07325568782835e-07
2026-03-09 10:31:00+00:00,1.1379136521938449e-09,6.985852678553783e-07
2026-03-09 10:32:00+00:00,1.7672320273831588e-09,6.89370267537015e-07
2026-03-09 10:33:00+00:00,2.3112127767177526e-09,6.859006020931702e-07
2026-03-09 10:34:00+00:00,1.9219492664035442e-09,6.928689799678978e-07
2026-03-09 10:35:00+00:00,2.2827033596684032e-09,6.884782806082512e-07
2026-03-09 10:36:00+00:00,9.999999717180685e-10,6.805282737332163e-07
2026-03-09 10:37:00+00:00,2.697686074526473e-09,6.777035537197662e-07
2026-03-09 10:38:00+00:00,3.1511404596784587e-09,6.772518190700794e-07
2026-03-09 10:39:00+00:00,3.3285163514307214e-09,6.832677286183753e-07
2026-03-09 10:40:00+00:00,5.38656452775399e-09,7.005144198046764e-07
2026-03-09 10:41:00+00:00,6.85083412221843e-09,7.000072059781814e-07
2026-03-09 10:42:00+00:00,5.7523279473059574e-09,7.060121447466372e-07
2026-03-09 10:43:00+00:00,6.258817020210472e-09,7.149942007345089e-07
2026-03-09 10:44:00+00:00,5.702868399737326e-09,7.13384736172884e-07
2026-03-09 10:45:00+00:00,4.623459837205246e-09,7.111774493751e-07
2026-03-09 10:46:00+00:00,5.8070770414531125e-09,7.09057928816037e-07
2026-03-09 10:47:00+00:00,5.886237719465726e-09,7.099836238921853e-07
2026-03-09 10:48:00+00:00,4.912008133572954e-09,7.134638053685194e-07
2026-03-09 10:49:00+00:00,8.061696199490598e-09,7.795208034622192e-07
2026-03-09 10:50:00+00:00,1.7909377092450995e-08,8.901245109882439e-07
2026-03-09 10:51:00+00:00,2.696166490068208e-08,1.0416385975986486e-06
2026-03-09 10:52:00+00:00,4.0007900992122813e-08,1.2323679356995854e-06
2026-03-09 10:53:00+00:00,6.083396897338389e-08,1.4786793371968088e-06
2026-03-09 10:54:00+00:00,7.962127313021483e-08,1.7214687204614165e-06
2026-03-09 10:55:00+00:00,6.623710646636027e-08,1.6908722955122357e-06
2026-03-09 10:56:00+00:00,4.674765463619224e-08,1.4956277709643473e-06
2026-03-09 10:57:00+00:00,3.453083508020427e-08,1.3136144616510137e-06
2026-03-09 10:58:00+00:00,2.5932832770081404e-08,1.1890434734596056e-06
2026-03-09 10:59:00+00:00,2.1795118598788576e-08,1.1257013738941168e-06
2026-03-09 11:00:00+00:00,1.97802929591262e-08,1.1122189107481972e-06
2026-03-09 11:01:00+00:00,1.9010656160389772e-08,1.0984513210132718e-06
2026-03-09 11:02:00+00:00,1.644654368249121e-08,1.0456052450535935e-06
2026-03-09 11:03:00+00:00,1.4774520273874714e-08,9.935084790413384e-07
2026-03-09 11:04:00+00:00,1.3849695612577761e-08,9.53897256295022e-07
2026-03-09 11:05:00+00:00,1.1718585213316146e-08,9.207127504851087e-07
2026-03-09 11:06:00+00:00,1.1515685294227751e-08,8.959033266364713e-07
2026-03-09 11:07:00+00:00,1.2183676290078438e-08,8.713648185221246e-07
2026-03-09 11:08:00+00:00,1.1439764691090204e-08,8.550887287128717e-07
2026-03-09 11:09:00+00:00,1.154489126520275e-08,8.528732564627717e-07
2026-03-09 11:10:00+00:00,1.214528566606532e-08,8.698777946847258e-07
2026-03-09 11:11:00+00:00,1.1618399575752392e-08,8.67257142544986e-07
2026-03-09 11:12:00+00:00,1.1144386746764212e-08,8.589902336098021e-07
2026-03-09 11:13:00+00:00,1.0693583796239636e-08,8.491898597640102e-07
2026-03-09 11:14:00+00:00,8.004553464502351e-09,8.323875135829439e-07
2026-03-09 11:15:00+00:00,6.810541020030314e-09,8.109693112601235e-07
2026-03-09 11:16:00+00:00,5.661643598386945e-09,7.874618859204929e-07
2026-03-09 11:17:00+00:00,5.084045184844399e-09,7.688083769608056e-07
2026-03-09 11:18:00+00:00,4.6342871762306e-09,7.590927566525352e-07
2026-03-09 11:19:00+00:00,4.114786733566689e-09,7.431905828525487e-07
2026-03-09 11:20:00+00:00,3.348628041521806e-09,7.26795178707107e-07
2026-03-09 11:21:00+00:00,2.6044459922047736e-09,7.143740390347375e-07
2026-03-09 11:22:00+00:00,4.12627532142551e-09,7.016705012574675e-07
2026-03-09 11:23:00+00:00,1.3759814398994763e-09,6.962295628909487e-07
2026-03-09 11:24:00+00:00,9.999999717180685e-10,6.897247999404499e-07
2026-03-09 11:25:00+00:00,9.999999717180685e-10,6.802315510867629e-07
2026-03-09 11:26:00+00:00,1.261086679527068e-09,6.708216915285448e-07
2026-03-09 11:27:00+00:00,9.999999717180685e-10,6.642428616032703e-07
2026-03-09 11:28:00+00:00,9.999999717180685e-10,6.673114398836333e-07
2026-03-09 11:29:00+00:00,9.999999717180685e-10,6.729348456246953e-07
2026-03-09 11:30:00+00:00,9.999999717180685e-10,6.756886250514071e-07
2026-03-09 11:31:00+00:00,9.999999717180685e-10,6.806731107644737e-07
2026-03-09 11:32:00+00:00,9.999999717180685e-10,6.794008413635311e-07
2026-03-09 11:33:00+00:00,9.999999717180685e-10,6.808866146457149e-07
2026-03-09 11:34:00+00:00,1.4109911017357035e-09,6.788509381294716e-07
2026-03-09 11:35:00+00:00,9.999999717180685e-10,6.760754445167549e-07
2026-03-09 11:36:00+00:00,9.999999717180685e-10,6.768358957742748e-07
2026-03-09 11:37:00+00:00,9.999999717180685e-10,6.770246159248927e-07
2026-03-09 11:38:00+00:00,9.999999717180685e-10,6.781505703656876e-07
2026-03-09 11:39:00+00:00,9.999999717180685e-10,6.688277949251642e-07
2026-03-09 11:40:00+00:00,1.29476473986756e-09,6.637209253312903e-07
2026-03-09 11:41:00+00:00,1.077666955673351e-09,6.60793375573121e-07
2026-03-09 11:42:00+00:00,2.839747992311459e-09,6.630179427702387e-07
2026-03-09 11:43:00+00:00,9.999999717180685e-10,6.61513354316412e-07
2026-03-09 11:44:00+00:00,9.999999717180685e-10,6.62121010464034e-07
2026-03-09 11:45:00+00:00,9.999999717180685e-10,6.575229463123833e-07
2026-03-09 11:46:00+00:00,9.999999717180685e-10,6.48234845357365e-07
2026-03-09 11:47:00+00:00,9.999999717180685e-10,6.428124379453948e-07
2026-03-09 11:48:00+00:00,9.999999717180685e-10,6.343902327898832e-07
2026-03-09 11:49:00+00:00,9.999999717180685e-10,6.279670401454496e-07
2026-03-09 11:50:00+00:00,9.999999717180685e-10,6.259820679588302e-07
2026-03-09 11:51:00+00:00,9.999999717180685e-10,6.232456826182897e-07
2026-03-09 11:52:00+00:00,9.999999717180685e-10,6.20976209120272e-07
2026-03-09 11:53:00+00:00,9.999999717180685e-10,6.178090643516043e-07
2026-03-09 11:54:00+00:00,9.999999717180685e-10,6.118413011790835e-07
2026-03-09 11:55:00+00:00,9.999999717180685e-10,6.158954874990741e-07
2026-03-09 11:56:00+00:00,9.999999717180685e-10,6.200100983733137e-07
2026-03-09 11:57:00+00:00,9.999999717180685e-10,6.165661829982128e-07
2026-03-09 11:58:00+00:00,9.999999717180685e-10,6.225621973499074e-07
2026-03-09 11:59:00+00:00,1.803252991372517e-09,6.426806749004754e-07
2026-03-09 12:00:00+00:00,2.4947990340251636e-09,6.621866077693994e-07
2026-03-09 12:01:00+00:00,2.8870281720827506e-09,6.761980557712377e-07
2026-03-09 12:02:00+00:00,2.919642971832559e-09,6.861147880954377e-07
2026-03-09 12:03:00+00:00,3.071161769341302e-09,6.674424071206886e-07
2026-03-09 12:04:00+00:00,3.788032110207951e-09,6.512091204058379e-07
2026-03-09 12:05:00+00:00,3.28572213881273e-09,6.492019224424439e-07
2026-03-09 12:06:00+00:00,4.166217149048634e-09,6.439992716877896e-07
2026-03-09 12:07:00+00:00,3.3282139266788136e-09,6.416791507035668e-07
2026-03-09 12:08:00+00:00,2.5206907672270518e-09,6.412371362785052e-07
2026-03-09 12:09:00+00:00,2.620225814098376e-09,6.356691528708325e-07
2026-03-09 12:10:00+00:00,3.883303900664714e-09,6.34046841696545e-07
2026-03-09 12:11:00+00:00,4.590257063341596e-09,6.320342436083592e-07
2026-03-09 12:12:00+00:00,3.9401459872578926e-09,6.30401643775258e-07
2026-03-09 12:13:00+00:00,6.598364521437361e-09,6.602864459637203e-07
2026-03-09 12:14:00+00:00,7.384282962874522e-09,6.848459292996267e-07
2026-03-09 12:15:00+00:00,1.160291240864808e-08,7.183185743997456e-07
2026-03-09 12:16:00+00:00,1.3696969780596646e-08,7.444511993526248e-07
2026-03-09 12:17:00+00:00,1.5943426134867877e-08,7.517058406847354e-07
2026-03-09 12:18:00+00:00,1.4508961143633314e-08,7.622660973538586e-07
2026-03-09 12:19:00+00:00,1.554659334601638e-08,7.808819759702601e-07
2026-03-09 12:20:00+00:00,1.4597998365672993e-08,8.204070809370023e-07
2026-03-09 12:21:00+00:00,1.8869124929210557e-08,8.739889381104149e-07
2026-03-09 12:22:00+00:00,2.0040650028363416e-08,9.050942253452376e-07
2026-03-09 12:23:00+00:00,1.886476397316983e-08,8.990405149233993e-07
2026-03-09 12:24:00+00:00,1.8821110003841568e-08,8.83530333339877e-07
2026-03-09 12:25:00+00:00,1.857870834953701e-08,8.731858542887494e-07
2026-03-09 12:26:00+00:00,1.7001511309899797e-08,8.635859103378607e-07
2026-03-09 12:27:00+00:00,1.4551767790749182e-08,8.390925927415083e-07
2026-03-09 12:28:00+00:00,1.3170645019044969e-08,8.176346000254853e-07
2026-03-09 12:29:00+00:00,1.0526246541076034e-08,7.937633768051455e-07
2026-03-09 12:30:00+00:00,9.49222656032589e-09,7.771819809931912e-07
2026-03-09 12:31:00+00:00,9.022425473403928e-09,7.605770520058286e-07
2026-03-09 12:32:00+00:00,5.995145713200145e-09,7.441515208483906e-07
2026-03-09 12:33:00+00:00,5.938642466674082e-09,7.271670483532944e-07
2026-03-09 12:34:00+00:00,8.122549743916352e-09,7.153749947974575e-07
2026-03-09 12:35:00+00:00,5.489777965550502e-09,7.093972271832172e-07
2026-03-09 12:36:00+00:00,7.908893095986969e-09,7.22302957001375e-07
2026-03-09 12:37:00+00:00,1.1706486446882991e-08,7.485162427656178e-07
2026-03-09 12:38:00+00:00,1.3444939384044119e-08,7.734741984677385e-07
2026-03-09 12:39:00+00:00,1.767931401275291e-08,8.075843425103812e-07
2026-03-09 12:40:00+00:00,2.181370639675606e-08,8.478828021907248e-07
2026-03-09 12:41:00+00:00,2.5490830779517637e-08,8.715045964891033e-07
2026-03-09 12:42:00+00:00,2.6713010470302834e-08,9.035097718879115e-07
2026-03-09 12:43:00+00:00,2.7470608898738647e-08,9.27050280097319e-07
2026-03-09 12:44:00+00:00,2.6424585186646254e-08,9.329095860266534e-07
2026-03-09 12:45:00+00:00,2.591196945900265e-08,9.318044362771616e-07
2026-03-09 12:46:00+00:00,2.105523932982578e-08,9.187533009935578e-07
2026-03-09 12:47:00+00:00,1.859179477037287e-08,9.030255228026363e-07
2026-03-09 12:48:00+00:00,1.4879442566950729e-08,8.941852911448223e-07
2026-03-09 12:49:00+00:00,1.7020472142803555e-08,8.967026019490731e-07
2026-03-09 12:50:00+00:00,2.2878154481986712e-08,9.463106493967643e-07
2026-03-09 12:51:00+00:00,3.2171929120750065e-08,1.0335154456697637e-06
2026-03-09 12:52:00+00:00,5.3993634452353945e-08,1.2420657640177524e-06
2026-03-09 12:53:00+00:00,9.984091065007306e-08,1.6052578075687052e-06
2026-03-09 12:54:00+00:00,1.5377547413208958e-07,2.084352217934793e-06
2026-03-09 12:55:00+00:00,1.8303269655461918e-07,2.3568125016026897e-06
2026-03-09 12:56:00+00:00,1.733906032086452e-07,2.3771415271767182e-06
2026-03-09 12:57:00+00:00,1.5265462138813746e-07,2.305343286934658e-06
2026-03-09 12:58:00+00:00,1.4046902663267247e-07,2.2201036244950956e-06
2026-03-09 12:59:00+00:00,1.26620903984076e-07,2.089712097586016e-06
2026-03-09 13:00:00+00:00,1.1622717011050554e-07,1.9726408027054276e-06
2026-03-09 13:01:00+00:00,1.0819048412713528e-07,1.8761978708425886e-06
2026-03-09 13:02:00+00:00,1.0149084772592687e-07,1.8067476048599929e-06
2026-03-09 13:03:00+00:00,9.318301863459055e-08,1.7579841369297355e-06
2026-03-09 13:04:00+00:00,8.801400497304712e-08,1.709734078758629e-06
2026-03-09 13:05:00+00:00,8.357135072856181e-08,1.6644569313939428e-06
2026-03-09 13:06:00+00:00,7.898233178593728e-08,1.6283280501738773e-06
2026-03-09 13:07:00+00:00,7.480363706235948e-08,1.596999595676607e-06
2026-03-09 13:08:00+00:00,7.179702521398212e-08,1.5692969554947922e-06
2026-03-09 13:09:00+00:00,6.898802951127436e-08,1.5521508203164558e-06
2026-03-09 13:10:00+00:00,6.728721047011277e-08,1.5459530686712242e-06
2026-03-09 13:11:00+00:00,6.460579982103809e-08,1.5419492456203443e-06
2026-03-09 13:12:00+00:00,6.200744451234641e-08,1.5423427157656988e-06
2026-03-09 13:13:00+00:00,6.001379659892336e-08,1.547247279631847e-06
2026-03-09 13:14:00+00:00,6.001176444669909e-08,1.5642107200619648e-06
2026-03-09 13:15:00+00:00,5.673176417531067e-08,1.562156853651686e-06
2026-03-09 13:16:00+00:00,5.2174911502334e-08,1.535704427624296e-06
2026-03-09 13:17:00+00:00,5.084758569751102e-08,1.5161085684667341e-06
2026-03-09 13:18:00+00:00,4.7140311210114305e-08,1.49074162436591e-06
2026-03-09 13:19:00+00:00,4.5467206888361034e-08,1.4641360621681088e-06
2026-03-09 13:20:00+00:00,4.1060417288463213e-08,1.4253423614718486e-06
2026-03-09 13:21:00+00:00,3.686253080559254e-08,1.3864224683857174e-06
2026-03-09 13:22:00+00:00,3.512740676114845e-08,1.3635009281642851e-06
2026-03-09 13:23:00+00:00,3.560158745585795e-08,1.3595657719633891e-06
2026-03-09 13:24:00+00:00,3.538943005310102e-08,1.3667066696143593e-06
2026-03-09 13:25:00+00:00,3.4057904940709705e-08,1.3530449223253527e-06
2026-03-09 13:26:00+00:00,3.0876336154506134e-08,1.3371002296480583e-06
2026-03-09 13:27:00+00:00,2.9701354264943802e-08,1.3050594134256244e-06
2026-03-09 13:28:00+00:00,2.694197576147417e-08,1.2693760709225899e-06
2026-03-09 13:29:00+00:00,2.7420639980846317e-08,1.2576441577039077e-06
2026-03-09 13:30:00+00:00,2.8340416236005694e-08,1.2493662779888837e-06
2026-03-09 13:31:00+00:00,2.3622753531071794e-08,1.2132643405493582e-06
2026-03-09 13:32:00+00:00,2.2193580306861804e-08,1.1851254839712055e-06
2026-03-09 13:33:00+00:00,2.076477123580389e-08,1.1695527746269363e-06
2026-03-09 13:34:00+00:00,1.9891249536385658e-08,1.1434643738539307e-06
2026-03-09 13:35:00+00:00,2.095169548965714e-08,1.1290082966297632e-06
2026-03-09 13:36:00+00:00,1.752432154944472e-08,1.1071159633502248e-06
2026-03-09 13:37:00+00:00,1.7279777608791846e-08,1.0797868981171632e-06
2026-03-09 13:38:00+00:00,1.5487932714108865e-08,1.04988566818065e-06
2026-03-09 13:39:00+00:00,1.4189271091424871e-08,1.0262682508255239e-06
2026-03-09 13:40:00+00:00,1.3083099936750386e-08,1.010165306070121e-06
2026-03-09 13:41:00+00:00,1.2601327092909287e-08,9.89586169453105e-07
2026-03-09 13:42:00+00:00,1.3951770405640218e-08,9.681090205049259e-07
2026-03-09 13:43:00+00:00,1.3696935141638278e-08,9.517989951746131e-07
2026-03-09 13:44:00+00:00,1.4684821358912359e-08,9.432318961444253e-07
2026-03-09 13:45:00+00:00,1.020069273494073e-08,9.339744337921729e-07
2026-03-09 13:46:00+00:00,1.2016514006063517e-08,9.416571629117243e-07
2026-03-09 13:47:00+00:00,1.6073865793941877e-08,9.669606697570998e-07
2026-03-09 13:48:00+00:00,1.7613292158102922e-08,9.821075082072639e-07
2026-03-09 13:49:00+00:00,1.7447453259933354e-08,9.90872990769276e-07
2026-03-09 13:50:00+00:00,1.8687755343194112e-08,1.0040541837952333e-06
2026-03-09 13:51:00+00:00,2.0738253780905325e-08,1.02070032426127e-06
2026-03-09 13:52:00+00:00,2.164660095616e-08,1.0257207350150566e-06
2026-03-09 13:53:00+00:00,1.984734865345672e-08,1.0164186505789985e-06
2026-03-09 13:54:00+00:00,2.1028188967875394e-08,1.004010982796899e-06
2026-03-09 13:55:00+00:00,1.6874553310231022e-08,9.829399232330616e-07
2026-03-09 13:56:00+00:00,1.5150046550616025e-08,9.618950116419e-07
2026-03-09 13:57:00+00:00,1.5997482449847666e-08,9.399835789736244e-07
2026-03-09 13:58:00+00:00,1.4073192389219003e-08,9.172375143862155e-07
2026-03-09 13:59:00+00:00,1.2019121697903756e-08,8.901895967028395e-07
2026-03-09 14:00:00+00:00,1.209395605883401e-08,8.645782259009138e-07
2026-03-09 14:01:00+00:00,1.0290744256735707e-08,8.44683029299631e-07
2026-03-09 14:02:00+00:00,1.0579199738458556e-08,8.254170893451374e-07
2026-03-09 14:03:00+00:00,1.1429746926694406e-08,8.088495633273851e-07
2026-03-09 14:04:00+00:00,9.854497662331596e-09,7.936798169794201e-07
2026-03-09 14:05:00+00:00,8.818447305714017e-09,7.807849442542647e-07
2026-03-09 14:06:00+00:00,8.857345967783203e-09,7.670553827665572e-07
2026-03-09 14:07:00+00:00,8.443257648593772e-09,7.589267170260428e-07
2026-03-09 14:08:00+00:00,7.51949524868678e-09,7.463053179890267e-07
2026-03-09 14:09:00+00:00,7.47006456691679e-09,7.358094080700539e-07
2026-03-09 14:10:00+00:00,6.818351216963947e-09,7.236279770950205e-07
2026-03-09 14:11:00+00:00,6.988213563374757e-09,7.142527351788885e-07
2026-03-09 14:12:00+00:00,5.6559139594014596e-09,7.049235932754527e-07
2026-03-09 14:13:00+00:00,7.040344751629846e-09,6.955532398933428e-07
2026-03-09 14:14:00+00:00,6.348224168561956e-09,6.867197726023733e-07
2026-03-09 14:15:00+00:00,6.159020848883756e-09,6.795013973714958e-07
2026-03-09 14:16:00+00:00,4.234129047375745e-09,6.71786210659775e-07
2026-03-09 14:17:00+00:00,5.103449218779588e-09,6.685905304948392e-07
2026-03-09 14:18:00+00:00,4.949802345777243e-09,6.663564136033528e-07
2026-03-09 14:19:00+00:00,3.043761243048948e-09,6.647203463217011e-07
2026-03-09 14:20:00+00:00,4.430473765637544e-09,6.599830726372602e-07
2026-03-09 14:21:00+00:00,4.526728769604915e-09,6.557604592671851e-07
2026-03-09 14:22:00+00:00,4.747367388091561e-09,6.507899001917394e-07
2026-03-09 14:23:00+00:00,2.870559123735461e-09,6.490444093287806e-07
2026-03-09 14:24:00+00:00,5.2572843856069085e-09,6.443460733862594e-07
2026-03-09 14:25:00+00:00,4.5930312886355296e-09,6.45684508526756e-07
2026-03-09 14:26:00+00:00,4.943733422635432e-09,6.482359822257422e-07
2026-03-09 14:27:00+00:00,3.674249127172402e-09,6.468231390499568e-07
2026-03-09 14:28:00+00:00,4.4708055035869165e-09,6.477232545876177e-07
2026-03-09 14:29:00+00:00,4.47372805467694e-09,6.447758664762659e-07
2026-03-09 14:30:00+00:00,6.418552356279861e-09,6.486316692644323e-07
2026-03-09 14:31:00+00:00,4.9557611347950115e-09,6.512628374366614e-07
2026-03-09 14:32:00+00:00,4.631173222691132e-09,6.50736183160916e-07
2026-03-09 14:33:00+00:00,5.98648375316202e-09,6.52200640161027e-07
2026-03-09 14:34:00+00:00,7.609021857035714e-09,6.547467705786403e-07
2026-03-09 14:35:00+00:00,6.254390338966687e-09,6.520072020066436e-07
2026-03-09 14:36:00+00:00,4.29702540216681e-09,6.494315130112227e-07
2026-03-09 14:37:00+00:00,6.565870958041842e-09,6.393241278601636e-07
2026-03-09 14:38:00+00:00,6.0162950177300445e-09,6.344953362713568e-07
2026-03-09 14:39:00+00:00,5.248977252847453e-09,6.295805405898136e-07
2026-03-09 14:40:00+00:00,5.448484330372594e-09,6.253983997339674e-07
2026-03-09 14:41:00+00:00,4.9926298650859735e-09,6.223983177733317e-07
2026-03-09 14:42:00+00:00,7.025775516922295e-09,6.251239028642885e-07
2026-03-09 14:43:00+00:00,6.4565921498171974e-09,6.282718345573812e-07
2026-03-09 14:44:00+00:00,8.459903888535791e-09,6.24865208465053e-07
2026-03-09 14:45:00+00:00,6.453624745716979e-09,6.207905585142726e-07
2026-03-09 14:46:00+00:00,7.796627343736873e-09,6.152855007712787e-07
2026-03-09 14:47:00+00:00,8.034931830991354e-09,6.11311861575814e-07
2026-03-09 14:48:00+00:00,7.36556948766065e-09,6.079202989894839e-07
2026-03-09 14:49:00+00:00,1.0006504069792754e-08,6.11894620305975e-07
2026-03-09 14:50:00+00:00,9.807723522214928e-09,6.162974273138389e-07
2026-03-09 14:51:00+00:00,1.0786496140724466e-08,6.095411890782998e-07
2026-03-09 14:52:00+00:00,8.909116999689104e-09,6.074340603845485e-07
2026-03-09 14:53:00+00:00,9.891316210541845e-09,6.045179361535702e-07
